rho,nesting,seed,rotation_diversity,d_noise,min_cluster_size,dr_method,condition,h,c,v,ari,nmi,within_g_ari,coarse_ari,noise_frac,n_clusters,frag_ratio
1,nested,0,1.0,10,15,UMAP,hierarchical,0.8854253178036737,0.8654901542559689,0.875344249470357,0.7626642226046862,0.8753442494703569,0.7058170991754307,1.0,0.2,14,1.1666666666666667
1,nested,0,1.0,10,15,UMAP,flat_full,0.7850708761838959,0.9880633070731232,0.8749475742261018,0.6544904228529225,0.8749475742261019,0.5660940947609143,1.0,0.001388888888888889,8,0.6666666666666666
1,nested,0,1.0,10,15,UMAP,flat_oracle_B,0.6786174112944232,0.9957952978692797,0.8071654300291649,0.44668445101303844,0.807165430029165,0.7052257375440553,0.38695637194787963,0.03194444444444444,7,0.5833333333333334
1,nested,0,1.0,10,15,UMAP,oracle_conditional,0.8603339466065922,0.9999999999999998,0.9249242031796653,0.7745932332686594,0.9249242031796653,0.7110119993666983,1.0,0.001388888888888889,9,0.75
1,nested,1,1.0,10,15,UMAP,hierarchical,1.0,0.9439172886792988,0.9711496411666755,0.9464926303559136,0.9711496411666755,0.9354977674446108,1.0,0.0375,15,1.25
1,nested,1,1.0,10,15,UMAP,flat_full,1.0,1.0,1.0,1.0,1.0,1.0,1.0,0.0,12,1.0
1,nested,1,1.0,10,15,UMAP,flat_oracle_B,0.8589177196031332,1.0,0.9241051505889207,0.7710884340487091,0.9241051505889207,1.0,0.4675642235937254,0.022222222222222223,9,0.75
1,nested,1,1.0,10,15,UMAP,oracle_conditional,1.0,1.0,1.0,1.0,1.0,1.0,1.0,0.0,12,1.0
1,nested,2,1.0,10,15,UMAP,hierarchical,0.7397603697925238,0.928507390231487,0.8234565059782131,0.6250002088588565,0.8234565059782132,0.5609698104350084,1.0,0.14444444444444443,9,0.75
1,nested,2,1.0,10,15,UMAP,flat_full,0.6164570678872795,0.981595281814763,0.757311047278695,0.47049661001566145,0.757311047278695,0.3176347897856697,1.0,0.0,5,0.4166666666666667
1,nested,2,1.0,10,15,UMAP,flat_oracle_B,0.29081727550133857,1.0,0.4505940244538306,0.11447997461108898,0.4505940244538306,0.23514755945463928,0.31135242099702204,0.009722222222222222,3,0.25
1,nested,2,1.0,10,15,UMAP,oracle_conditional,0.8055146700427681,0.9964856545582971,0.8908808752979334,0.703473859112174,0.8908808752979333,0.6221004888878582,1.0,0.03888888888888889,8,0.6666666666666666
1,nested,3,1.0,10,15,UMAP,hierarchical,0.8909461428363323,0.9004207912116756,0.8956584110290177,0.8111963918202042,0.8956584110290177,0.7620415819419314,1.0,0.1638888888888889,13,1.0833333333333333
1,nested,3,1.0,10,15,UMAP,flat_full,0.6684144184766945,0.9999999999999994,0.801257063082653,0.5096612866560581,0.801257063082653,0.33053221288515405,1.0,0.0,6,0.5
1,nested,3,1.0,10,15,UMAP,flat_oracle_B,0.3692291790722146,0.9999999999999998,0.5393241463381654,0.21191719724087307,0.5393241463381654,0.45884296156151777,0.15202464615065567,0.006944444444444444,3,0.25
1,nested,3,1.0,10,15,UMAP,oracle_conditional,0.8836984117279123,0.9968160794563133,0.9368550897426636,0.76364116641132,0.9368550897426635,0.77311388034996,1.0,0.025,10,0.8333333333333334
1,nested,4,1.0,10,15,UMAP,hierarchical,0.9944534655421691,0.9176037341556962,0.9544842210471096,0.9104620022275898,0.9544842210471095,0.8912264250060429,1.0,0.10694444444444444,16,1.3333333333333333
1,nested,4,1.0,10,15,UMAP,flat_full,0.8605285271744351,1.0000000000000002,0.9250366383592202,0.7751016578041914,0.9250366383592202,0.7117008443908324,1.0,0.0,9,0.75
1,nested,4,1.0,10,15,UMAP,flat_oracle_B,0.7851203804805372,0.9964435475872976,0.8782487396425637,0.6478467904635619,0.8782487396425636,0.9963590600392731,0.2701849223082613,0.05555555555555555,8,0.6666666666666666
1,nested,4,1.0,10,15,UMAP,oracle_conditional,0.9535095090581451,1.0,0.9762015538054537,0.9142925259268089,0.9762015538054537,0.9039002814636108,1.0,0.0,11,0.9166666666666666
1,nested,5,1.0,10,15,UMAP,hierarchical,0.8465787762103341,0.7437414658462941,0.7918351578783658,0.6339145642502091,0.7918351578783659,0.5376194042435157,1.0,0.28888888888888886,18,1.5
1,nested,5,1.0,10,15,UMAP,flat_full,0.7210570543488701,1.0000000000000002,0.8379234756068777,0.6213796735123749,0.8379234756068776,0.4968421052631579,1.0,0.0,6,0.5
1,nested,5,1.0,10,15,UMAP,flat_oracle_B,0.4975901931427778,0.9999999999999997,0.6645211693040758,0.3213289791367745,0.6645211693040758,0.567781853651895,0.30593877330256375,0.005555555555555556,4,0.3333333333333333
1,nested,5,1.0,10,15,UMAP,oracle_conditional,0.8599421478234917,1.0000000000000002,0.92469773732457,0.7735772832809189,0.9246977373245698,0.7096147890485275,1.0,0.004166666666666667,9,0.75
1,nested,6,1.0,10,15,UMAP,hierarchical,0.8845124645208223,0.868402994770977,0.8763837058205505,0.8255254875527789,0.8763837058205504,0.790412452258135,1.0,0.19027777777777777,13,1.0833333333333333
1,nested,6,1.0,10,15,UMAP,flat_full,0.8519911166642845,0.990089594203935,0.9158638207181634,0.7677132092691421,0.9158638207181633,0.7022283692817456,1.0,0.0,9,0.75
1,nested,6,1.0,10,15,UMAP,flat_oracle_B,0.8035686194958366,0.9964702647463641,0.8896832640901392,0.6996405142091305,0.8896832640901391,0.6908293690284141,0.7692535799993836,0.04027777777777778,8,0.6666666666666666
1,nested,6,1.0,10,15,UMAP,oracle_conditional,0.8605285271744351,1.0000000000000002,0.9250366383592202,0.7751016578041914,0.9250366383592202,0.7117008443908324,1.0,0.0,9,0.75
1,nested,7,1.0,10,15,UMAP,hierarchical,0.7053345191693415,0.9777891289003722,0.8195101124898316,0.609210155185283,0.8195101124898315,0.48140018658252304,1.0,0.06388888888888888,6,0.5
1,nested,7,1.0,10,15,UMAP,flat_full,0.44211410869774026,0.9999999999999998,0.6131471927654583,0.30441792970009673,0.6131471927654584,0.0,1.0,0.0,3,0.25
1,nested,7,1.0,10,15,UMAP,flat_oracle_B,0.4957682754859936,0.9940504223005822,0.6615820627600717,0.30084750936341165,0.6615820627600717,0.4939272769183141,0.22508060336607807,0.058333333333333334,4,0.3333333333333333
1,nested,7,1.0,10,15,UMAP,oracle_conditional,0.7210466193021219,1.0,0.8379164297065975,0.6213427869272938,0.8379164297065975,0.4967646567886114,1.0,0.019444444444444445,6,0.5
1,nested,8,1.0,10,15,UMAP,hierarchical,0.9766739217519991,0.9032737154982561,0.9385409089601615,0.8934034823066239,0.9385409089601614,0.8620437634054198,1.0,0.1388888888888889,16,1.3333333333333333
1,nested,8,1.0,10,15,UMAP,flat_full,0.8576765130501033,0.9966965314013118,0.9219754441310926,0.7726275689833941,0.9219754441310926,0.708528239719131,1.0,0.0,9,0.75
1,nested,8,1.0,10,15,UMAP,flat_oracle_B,0.7441190862797131,0.992184681539902,0.8504313269737748,0.6170838499654407,0.8504313269737748,0.9961225312829721,0.16056802948185642,0.034722222222222224,7,0.5833333333333334
1,nested,8,1.0,10,15,UMAP,oracle_conditional,0.9070190181162902,1.0000000000000002,0.9512427610839697,0.8400444938820912,0.9512427610839697,0.8078005629272216,1.0,0.0,10,0.8333333333333334
1,nested,9,1.0,10,15,UMAP,hierarchical,0.8701605924478768,0.8596594026787276,0.8648781228633686,0.7380997281283064,0.8648781228633685,0.6787718929787129,1.0,0.14583333333333334,14,1.1666666666666667
1,nested,9,1.0,10,15,UMAP,flat_full,0.8580662822809964,0.9966980270186699,0.9222012374430889,0.7736405809079814,0.9222012374430889,0.7098916683649601,1.0,0.0,9,0.75
1,nested,9,1.0,10,15,UMAP,flat_oracle_B,0.43144571979942953,0.9999999999999992,0.6028111493600784,0.22197313634906468,0.6028111493600783,0.4534297297365364,0.22880651912680147,0.013888888888888888,4,0.3333333333333333
1,nested,9,1.0,10,15,UMAP,oracle_conditional,0.8605285271744351,1.0000000000000002,0.9250366383592202,0.7751016578041914,0.9250366383592202,0.7117008443908324,1.0,0.0,9,0.75
1,nested,10,1.0,10,15,UMAP,hierarchical,0.6012870061472898,0.7412470977345708,0.6639715846673317,0.38023831905673394,0.6639715846673317,0.26885709210768244,1.0,0.2847222222222222,10,0.8333333333333334
1,nested,10,1.0,10,15,UMAP,flat_full,0.44211410869774026,0.9999999999999998,0.6131471927654583,0.30441792970009673,0.6131471927654584,0.0,1.0,0.0,3,0.25
1,nested,10,1.0,10,15,UMAP,flat_oracle_B,0.25615214493032035,0.9999999999999997,0.4078361780682694,0.1337963291049536,0.40783617806826944,0.0,0.5707462686567164,0.0,2,0.16666666666666666
1,nested,10,1.0,10,15,UMAP,oracle_conditional,0.7161942433644021,0.9908951131022931,0.8314425640268186,0.5587576249937335,0.8314425640268186,0.43326642764042184,1.0,0.2,7,0.5833333333333334
1,nested,11,1.0,10,15,UMAP,hierarchical,0.8882613571862739,0.8492549624877483,0.8683203225602761,0.7767359691044037,0.8683203225602761,0.7321075835660391,1.0,0.13194444444444445,15,1.25
1,nested,11,1.0,10,15,UMAP,flat_full,0.8580662822809962,0.9966980270186699,0.9222012374430888,0.7736405809079814,0.9222012374430889,0.7098916683649601,1.0,0.0,9,0.75
1,nested,11,1.0,10,15,UMAP,flat_oracle_B,0.578079787643827,0.9947494604325885,0.7312231223433402,0.39689007506294777,0.7312231223433401,0.709871953387066,0.2864068403280336,0.09722222222222222,5,0.4166666666666667
1,nested,11,1.0,10,15,UMAP,oracle_conditional,0.8572914019466712,0.9966950523267849,0.9217522563371553,0.7716166707571153,0.9217522563371553,0.7071714281966602,1.0,0.0,9,0.75
1,nested,12,1.0,10,15,UMAP,hierarchical,0.9697836859074515,0.9052128740907538,0.9363864406956025,0.887303968789633,0.9363864406956024,0.840703071465906,1.0,0.12916666666666668,16,1.3333333333333333
1,nested,12,1.0,10,15,UMAP,flat_full,0.8358162805988966,0.9932156007342947,0.90774335615565,0.7095188622924657,0.90774335615565,0.6716854936172881,1.0,0.004166666666666667,9,0.75
1,nested,12,1.0,10,15,UMAP,flat_oracle_B,0.7500047902981362,0.9999999999999999,0.8571459854922603,0.6213807574929463,0.8571459854922603,0.902514109149609,0.2707658603976148,0.011111111111111112,7,0.5833333333333334
1,nested,12,1.0,10,15,UMAP,oracle_conditional,0.9971347950735001,0.9971544020872724,0.9971445984840024,0.9970107265796819,0.9971445984840024,0.9962517647498635,1.0,0.011111111111111112,12,1.0
1,nested,13,1.0,10,15,UMAP,hierarchical,0.8706069727033141,0.839976428358619,0.8550174577649401,0.7423936232299718,0.8550174577649401,0.6565455593395845,1.0,0.1763888888888889,15,1.25
1,nested,13,1.0,10,15,UMAP,flat_full,0.8548291570532323,0.9933930270405108,0.9189169259365707,0.7701535662893836,0.9189169259365708,0.705362252170788,1.0,0.0,9,0.75
1,nested,13,1.0,10,15,UMAP,flat_oracle_B,0.7349203384306071,0.9961370611685441,0.8458198859110966,0.590461876863132,0.8458198859110966,0.716117915288749,0.635770060617114,0.030555555555555555,7,0.5833333333333334
1,nested,13,1.0,10,15,UMAP,oracle_conditional,0.8574872824856162,0.996691210276888,0.9218638234815271,0.7721304556321503,0.9218638234815271,0.7078394853388813,1.0,0.001388888888888889,9,0.75
1,nested,14,1.0,10,15,UMAP,hierarchical,0.8564536438580376,0.8581248835878713,0.8572884492247587,0.748955239963533,0.8572884492247586,0.6823833812661325,1.0,0.1986111111111111,13,1.0833333333333333
1,nested,14,1.0,10,15,UMAP,flat_full,0.6684144184766945,0.9999999999999994,0.801257063082653,0.5096612866560581,0.801257063082653,0.33053221288515405,1.0,0.0,6,0.5
1,nested,14,1.0,10,15,UMAP,flat_oracle_B,0.11543129118376834,1.0,0.20697158506511887,0.031780231618637224,0.20697158506511887,0.11017740429505135,0.029628699664166223,0.0,2,0.16666666666666666
1,nested,14,1.0,10,15,UMAP,oracle_conditional,0.7309546990440257,0.9999999999999997,0.8445682598715244,0.5773072203307358,0.8445682598715244,0.45550768491134,1.0,0.006944444444444444,7,0.5833333333333334
1,nested,15,1.0,10,15,UMAP,hierarchical,0.7242477057443187,0.8146457105733299,0.766791618732092,0.5553742314630316,0.766791618732092,0.4235893029832547,1.0,0.17083333333333334,11,0.9166666666666666
1,nested,15,1.0,10,15,UMAP,flat_full,0.7182096983519991,0.9960575705641768,0.8346168888220229,0.6192993339842674,0.834616888822023,0.4940761097623421,1.0,0.0,6,0.5
1,nested,15,1.0,10,15,UMAP,flat_oracle_B,0.7181950380665313,0.996029937611366,0.834597289279739,0.6192699380487968,0.8345972892797389,0.49404966751836416,1.0,0.006944444444444444,6,0.5
1,nested,15,1.0,10,15,UMAP,oracle_conditional,0.7182096983519991,0.9960575705641768,0.8346168888220229,0.6192993339842674,0.834616888822023,0.4940761097623421,1.0,0.0,6,0.5
1,nested,16,1.0,10,15,UMAP,hierarchical,0.9946262511117434,0.9234561186439729,0.9577208068181492,0.9263827645698328,0.9577208068181491,0.9088252723315859,1.0,0.08472222222222223,16,1.3333333333333333
1,nested,16,1.0,10,15,UMAP,flat_full,0.9922096359452639,0.992255860021046,0.9922327474448073,0.990897047964492,0.9922327474448072,0.9889055057061951,1.0,0.0,12,1.0
1,nested,16,1.0,10,15,UMAP,flat_oracle_B,0.7345325056050921,0.9878949111091293,0.8425793938136135,0.6014439385974223,0.8425793938136135,0.9924085380934725,0.25648072127326454,0.08611111111111111,7,0.5833333333333334
1,nested,16,1.0,10,15,UMAP,oracle_conditional,1.0,1.0,1.0,1.0,1.0,1.0,1.0,0.0,12,1.0
1,nested,17,1.0,10,15,UMAP,hierarchical,0.872000236021729,0.9049613214263373,0.8881750790462614,0.7692971851720879,0.8881750790462614,0.7175480613616161,1.0,0.13472222222222222,12,1.0
1,nested,17,1.0,10,15,UMAP,flat_full,0.7929649276795313,0.996434820864017,0.8831317499702582,0.6632678746134596,0.8831317499702582,0.5794266438921242,1.0,0.001388888888888889,8,0.6666666666666666
1,nested,17,1.0,10,15,UMAP,flat_oracle_B,0.7678163850362947,1.0,0.8686607857416491,0.5812957328871761,0.8686607857416491,0.7117246598992071,0.6421891182115582,0.005555555555555556,8,0.6666666666666666
1,nested,17,1.0,10,15,UMAP,oracle_conditional,0.8605349703463466,1.0,0.9250403610378302,0.7751097568504278,0.9250403610378304,0.7117246598992071,1.0,0.005555555555555556,9,0.75
1,nested,18,1.0,10,15,UMAP,hierarchical,0.9969944796341508,0.9427984431888395,0.9691393676176621,0.9459434321900004,0.9691393676176621,0.9292950960093681,1.0,0.04861111111111111,15,1.25
1,nested,18,1.0,10,15,UMAP,flat_full,0.9914293993666379,0.9914573428146598,0.991443370893755,0.9908458075330163,0.991443370893755,0.9888425212409239,1.0,0.002777777777777778,12,1.0
1,nested,18,1.0,10,15,UMAP,flat_oracle_B,0.7311915403826368,0.9999999999999998,0.8447263325016308,0.5779287329617847,0.8447263325016307,1.0,0.13698561586844102,0.006944444444444444,7,0.5833333333333334
1,nested,18,1.0,10,15,UMAP,oracle_conditional,1.0,1.0,1.0,1.0,1.0,1.0,1.0,0.0,12,1.0
1,nested,19,1.0,10,15,UMAP,hierarchical,0.8932347539308836,0.7940956098945927,0.8407527202837168,0.6933604492060566,0.840752720283717,0.6262268578325206,1.0,0.2625,18,1.5
1,nested,19,1.0,10,15,UMAP,flat_full,0.8605285271744351,1.0000000000000002,0.9250366383592202,0.7751016578041914,0.9250366383592202,0.7117008443908324,1.0,0.0,9,0.75
1,nested,19,1.0,10,15,UMAP,flat_oracle_B,0.6330754722703497,0.9954858065930382,0.7739563200067752,0.4198927290936125,0.7739563200067752,0.7091611471120277,0.2975370304421389,0.009722222222222222,6,0.5
1,nested,19,1.0,10,15,UMAP,oracle_conditional,0.8605285271744351,1.0000000000000002,0.9250366383592202,0.7751016578041914,0.9250366383592202,0.7117008443908324,1.0,0.0,9,0.75
1,non_nested,0,1.0,10,15,UMAP,hierarchical,0.9328162090382411,0.8855522886370173,0.908569995408099,0.9049071019126131,0.908569995408099,0.8743327642587078,0.8731718457998224,0.17777777777777778,15,1.25
1,non_nested,0,1.0,10,15,UMAP,flat_full,0.8140380362325802,1.0,0.8974872852425806,0.6213796735123749,0.8974872852425805,0.9039002814636108,0.5443021929268602,0.0,9,0.75
1,non_nested,0,1.0,10,15,UMAP,flat_oracle_B,0.6786174112944232,0.9957952978692797,0.8071654300291649,0.44668445101303844,0.807165430029165,0.7052257375440553,0.38695637194787963,0.03194444444444444,7,0.5833333333333334
1,non_nested,0,1.0,10,15,UMAP,oracle_conditional,0.8603339466065922,0.9999999999999998,0.9249242031796653,0.7745932332686594,0.9249242031796653,0.7110119993666983,1.0,0.001388888888888889,9,0.75
1,non_nested,1,1.0,10,15,UMAP,hierarchical,0.9949595946623522,0.9771795165120398,0.9859894062769268,0.979360865741308,0.9859894062769268,0.9775602790864281,0.9913130363321355,0.030555555555555555,13,1.0833333333333333
1,non_nested,1,1.0,10,15,UMAP,flat_full,0.9037818928885261,0.996864525603129,0.9480438856355061,0.8362533097704395,0.9480438856355061,0.9981506844015259,0.6342366226303547,0.0,10,0.8333333333333334
1,non_nested,1,1.0,10,15,UMAP,flat_oracle_B,0.8589177196031332,1.0,0.9241051505889207,0.7710884340487091,0.9241051505889207,1.0,0.4675642235937254,0.022222222222222223,9,0.75
1,non_nested,1,1.0,10,15,UMAP,oracle_conditional,1.0,1.0,1.0,1.0,1.0,1.0,1.0,0.0,12,1.0
1,non_nested,2,1.0,10,15,UMAP,hierarchical,0.991819874774783,0.9567978543857498,0.9739941435619324,0.9603252901652023,0.9739941435619325,0.9534332782444639,0.9910949665328298,0.04583333333333333,14,1.1666666666666667
1,non_nested,2,1.0,10,15,UMAP,flat_full,0.953444648868864,0.9999999999999998,0.976167560643147,0.9140709343043012,0.976167560643147,0.9039002814636108,1.0,0.001388888888888889,11,0.9166666666666666
1,non_nested,2,1.0,10,15,UMAP,flat_oracle_B,0.29081727550133857,1.0,0.4505940244538306,0.11447997461108898,0.4505940244538306,0.23514755945463928,0.31135242099702204,0.009722222222222222,3,0.25
1,non_nested,2,1.0,10,15,UMAP,oracle_conditional,0.8055146700427681,0.9964856545582971,0.8908808752979334,0.703473859112174,0.8908808752979333,0.6221004888878582,1.0,0.03888888888888889,8,0.6666666666666666
1,non_nested,3,1.0,10,15,UMAP,hierarchical,0.9887957510942196,0.911985985370627,0.9488389435697091,0.9137194504933775,0.948838943569709,0.8702745607928103,0.9793019751779474,0.17777777777777778,16,1.3333333333333333
1,non_nested,3,1.0,10,15,UMAP,flat_full,0.90701901811629,1.0,0.9512427610839694,0.8400444938820912,0.9512427610839695,1.0,0.6391166136857955,0.0,10,0.8333333333333334
1,non_nested,3,1.0,10,15,UMAP,flat_oracle_B,0.3692291790722146,0.9999999999999998,0.5393241463381654,0.21191719724087307,0.5393241463381654,0.45884296156151777,0.15202464615065567,0.006944444444444444,3,0.25
1,non_nested,3,1.0,10,15,UMAP,oracle_conditional,0.8836984117279123,0.9968160794563133,0.9368550897426636,0.76364116641132,0.9368550897426635,0.77311388034996,1.0,0.025,10,0.8333333333333334
1,non_nested,4,1.0,10,15,UMAP,hierarchical,0.9924531848011481,0.9258593636712797,0.9580003789113859,0.932530628555018,0.9580003789113857,0.9218403221483449,0.9861118505042848,0.11666666666666667,16,1.3333333333333333
1,non_nested,4,1.0,10,15,UMAP,flat_full,0.9505290048845474,0.9970198997523286,0.9732195488445224,0.9110500730590517,0.9732195488445223,0.9981667964006684,0.7785515591614024,0.002777777777777778,11,0.9166666666666666
1,non_nested,4,1.0,10,15,UMAP,flat_oracle_B,0.7851203804805372,0.9964435475872976,0.8782487396425637,0.6478467904635619,0.8782487396425636,0.9963590600392731,0.2701849223082613,0.05555555555555555,8,0.6666666666666666
1,non_nested,4,1.0,10,15,UMAP,oracle_conditional,0.9535095090581451,1.0,0.9762015538054537,0.9142925259268089,0.9762015538054537,0.9039002814636108,1.0,0.0,11,0.9166666666666666
1,non_nested,5,1.0,10,15,UMAP,hierarchical,0.988921649628723,0.9374497764891802,0.9624980591391069,0.9413972070995766,0.9624980591391071,0.9308243279092671,0.9783466033166236,0.07361111111111111,15,1.25
1,non_nested,5,1.0,10,15,UMAP,flat_full,0.950657494933813,0.9970186705640953,0.9732863076017566,0.9114611797138777,0.9732863076017565,0.9981506844015259,0.7797517851753654,0.0,11,0.9166666666666666
1,non_nested,5,1.0,10,15,UMAP,flat_oracle_B,0.4975901931427778,0.9999999999999997,0.6645211693040758,0.3213289791367745,0.6645211693040758,0.567781853651895,0.30593877330256375,0.005555555555555556,4,0.3333333333333333
1,non_nested,5,1.0,10,15,UMAP,oracle_conditional,0.8599421478234917,1.0000000000000002,0.92469773732457,0.7735772832809189,0.9246977373245698,0.7096147890485275,1.0,0.004166666666666667,9,0.75
1,non_nested,6,1.0,10,15,UMAP,hierarchical,0.9944363797272406,0.9296090700824279,0.9609306041141844,0.9392372082350888,0.9609306041141845,0.9244196558163814,1.0,0.12361111111111112,16,1.3333333333333333
1,non_nested,6,1.0,10,15,UMAP,flat_full,0.9535095090581451,1.0,0.9762015538054537,0.9142925259268089,0.9762015538054537,0.9039002814636108,1.0,0.0,11,0.9166666666666666
1,non_nested,6,1.0,10,15,UMAP,flat_oracle_B,0.8035686194958366,0.9964702647463641,0.8896832640901392,0.6996405142091305,0.8896832640901391,0.6908293690284141,0.7692535799993836,0.04027777777777778,8,0.6666666666666666
1,non_nested,6,1.0,10,15,UMAP,oracle_conditional,0.8605285271744351,1.0000000000000002,0.9250366383592202,0.7751016578041914,0.9250366383592202,0.7117008443908324,1.0,0.0,9,0.75
1,non_nested,7,1.0,10,15,UMAP,hierarchical,1.0,0.9294668072739106,0.9634442051761732,0.9336204472859699,0.9634442051761731,0.9185275505998328,1.0,0.08611111111111111,16,1.3333333333333333
1,non_nested,7,1.0,10,15,UMAP,flat_full,0.9041670039919584,0.9968658569075266,0.9482563229290877,0.8374038042366102,0.9482563229290875,0.9962806484260072,0.5443021929268602,0.0,10,0.8333333333333334
1,non_nested,7,1.0,10,15,UMAP,flat_oracle_B,0.4957682754859936,0.9940504223005822,0.6615820627600717,0.30084750936341165,0.6615820627600717,0.4939272769183141,0.22508060336607807,0.058333333333333334,4,0.3333333333333333
1,non_nested,7,1.0,10,15,UMAP,oracle_conditional,0.7210466193021219,1.0,0.8379164297065975,0.6213427869272938,0.8379164297065975,0.4967646567886114,1.0,0.019444444444444445,6,0.5
1,non_nested,8,1.0,10,15,UMAP,hierarchical,0.9656126714232824,0.8455219769043059,0.9015859043054287,0.8246111550643613,0.9015859043054286,0.8050343136036897,0.8661364866559779,0.14027777777777778,19,1.5833333333333333
1,non_nested,8,1.0,10,15,UMAP,flat_full,0.90701901811629,1.0,0.9512427610839694,0.8400444938820912,0.9512427610839695,1.0,0.6391166136857955,0.0,10,0.8333333333333334
1,non_nested,8,1.0,10,15,UMAP,flat_oracle_B,0.7441190862797131,0.992184681539902,0.8504313269737748,0.6170838499654407,0.8504313269737748,0.9961225312829721,0.16056802948185642,0.034722222222222224,7,0.5833333333333334
1,non_nested,8,1.0,10,15,UMAP,oracle_conditional,0.9070190181162902,1.0000000000000002,0.9512427610839697,0.8400444938820912,0.9512427610839697,0.8078005629272216,1.0,0.0,10,0.8333333333333334
1,non_nested,9,1.0,10,15,UMAP,hierarchical,0.9555520892000559,0.8821912170996701,0.917407406881932,0.8624875644153922,0.9174074068819319,0.8319211394140895,0.8377091995394454,0.14722222222222223,16,1.3333333333333333
1,non_nested,9,1.0,10,15,UMAP,flat_full,0.9070190181162902,1.0000000000000002,0.9512427610839697,0.8400444938820912,0.9512427610839697,1.0,0.6391166136857955,0.0,10,0.8333333333333334
1,non_nested,9,1.0,10,15,UMAP,flat_oracle_B,0.43144571979942953,0.9999999999999992,0.6028111493600784,0.22197313634906468,0.6028111493600783,0.4534297297365364,0.22880651912680147,0.013888888888888888,4,0.3333333333333333
1,non_nested,9,1.0,10,15,UMAP,oracle_conditional,0.8605285271744351,1.0000000000000002,0.9250366383592202,0.7751016578041914,0.9250366383592202,0.7117008443908324,1.0,0.0,9,0.75
1,non_nested,10,1.0,10,15,UMAP,hierarchical,0.9241947200798415,0.895262827185211,0.9094987450650214,0.8553646083292494,0.9094987450650215,0.8062055069189628,1.0,0.18194444444444444,14,1.1666666666666667
1,non_nested,10,1.0,10,15,UMAP,flat_full,0.7210570543488701,1.0,0.8379234756068777,0.5433470943156558,0.8379234756068777,0.47446722959388826,1.0,0.0,7,0.5833333333333334
1,non_nested,10,1.0,10,15,UMAP,flat_oracle_B,0.25615214493032035,0.9999999999999997,0.4078361780682694,0.1337963291049536,0.40783617806826944,0.0,0.5707462686567164,0.0,2,0.16666666666666666
1,non_nested,10,1.0,10,15,UMAP,oracle_conditional,0.7161942433644021,0.9908951131022931,0.8314425640268186,0.5587576249937335,0.8314425640268186,0.43326642764042184,1.0,0.2,7,0.5833333333333334
1,non_nested,11,1.0,10,15,UMAP,hierarchical,0.9938408188530446,0.9434157448269963,0.967972021812773,0.9508126243789566,0.9679720218127729,0.9387511728917235,0.9907932439417325,0.075,15,1.25
1,non_nested,11,1.0,10,15,UMAP,flat_full,0.950657494933813,0.9970186705640953,0.9732863076017566,0.9114611797138777,0.9732863076017565,0.9981506844015259,0.7793494690467441,0.0,11,0.9166666666666666
1,non_nested,11,1.0,10,15,UMAP,flat_oracle_B,0.578079787643827,0.9947494604325885,0.7312231223433402,0.39689007506294777,0.7312231223433401,0.709871953387066,0.2864068403280336,0.09722222222222222,5,0.4166666666666667
1,non_nested,11,1.0,10,15,UMAP,oracle_conditional,0.8572914019466712,0.9966950523267849,0.9217522563371553,0.7716166707571153,0.9217522563371553,0.7071714281966602,1.0,0.0,9,0.75
1,non_nested,12,1.0,10,15,UMAP,hierarchical,0.9999999999999998,0.9127524001801305,0.9543863597757591,0.9172517080680168,0.9543863597757593,0.8895793165047582,1.0,0.10555555555555556,17,1.4166666666666667
1,non_nested,12,1.0,10,15,UMAP,flat_full,1.0,1.0,1.0,1.0,1.0,1.0,1.0,0.0,12,1.0
1,non_nested,12,1.0,10,15,UMAP,flat_oracle_B,0.7500047902981362,0.9999999999999999,0.8571459854922603,0.6213807574929463,0.8571459854922603,0.902514109149609,0.2707658603976148,0.011111111111111112,7,0.5833333333333334
1,non_nested,12,1.0,10,15,UMAP,oracle_conditional,0.9971347950735001,0.9971544020872724,0.9971445984840024,0.9970107265796819,0.9971445984840024,0.9962517647498635,1.0,0.011111111111111112,12,1.0
1,non_nested,13,1.0,10,15,UMAP,hierarchical,0.9487171819144943,0.8596117647539782,0.901969138414122,0.8144575076301567,0.901969138414122,0.83723308444985,0.7798896274117251,0.12638888888888888,18,1.5
1,non_nested,13,1.0,10,15,UMAP,flat_full,0.9506574949338132,0.9970186705640955,0.9732863076017568,0.9114611797138777,0.9732863076017567,0.9962806484260072,0.782919991373733,0.0,11,0.9166666666666666
1,non_nested,13,1.0,10,15,UMAP,flat_oracle_B,0.7349203384306071,0.9961370611685441,0.8458198859110966,0.590461876863132,0.8458198859110966,0.716117915288749,0.635770060617114,0.030555555555555555,7,0.5833333333333334
1,non_nested,13,1.0,10,15,UMAP,oracle_conditional,0.8574872824856162,0.996691210276888,0.9218638234815271,0.7721304556321503,0.9218638234815271,0.7078394853388813,1.0,0.001388888888888889,9,0.75
1,non_nested,14,1.0,10,15,UMAP,hierarchical,1.0,0.9027168329640098,0.9488714424813047,0.9093065684176757,0.9488714424813047,0.8787164491705752,1.0,0.10138888888888889,18,1.5
1,non_nested,14,1.0,10,15,UMAP,flat_full,1.0,1.0,1.0,1.0,1.0,1.0,1.0,0.0,12,1.0
1,non_nested,14,1.0,10,15,UMAP,flat_oracle_B,0.11543129118376834,1.0,0.20697158506511887,0.031780231618637224,0.20697158506511887,0.11017740429505135,0.029628699664166223,0.0,2,0.16666666666666666
1,non_nested,14,1.0,10,15,UMAP,oracle_conditional,0.7309546990440257,0.9999999999999997,0.8445682598715244,0.5773072203307358,0.8445682598715244,0.45550768491134,1.0,0.006944444444444444,7,0.5833333333333334
1,non_nested,15,1.0,10,15,UMAP,hierarchical,0.9592131793855385,0.8529178247818024,0.902947983983613,0.8332450134019421,0.902947983983613,0.7843758131353537,0.9945630912186951,0.19583333333333333,18,1.5
1,non_nested,15,1.0,10,15,UMAP,flat_full,0.9013149898676263,0.9945917081102709,0.9456587882451637,0.8325212330869308,0.9456587882451636,0.8041547271281755,0.9916783378622624,0.0,10,0.8333333333333334
1,non_nested,15,1.0,10,15,UMAP,flat_oracle_B,0.7181950380665313,0.996029937611366,0.834597289279739,0.6192699380487968,0.8345972892797389,0.49404966751836416,1.0,0.006944444444444444,6,0.5
1,non_nested,15,1.0,10,15,UMAP,oracle_conditional,0.7182096983519991,0.9960575705641768,0.8346168888220229,0.6192993339842674,0.834616888822023,0.4940761097623421,1.0,0.0,6,0.5
1,non_nested,16,1.0,10,15,UMAP,hierarchical,0.9941028919607229,0.9468605297344261,0.9699067796655197,0.9555909795303446,0.9699067796655197,0.9409967938510703,0.9910022902825179,0.04583333333333333,15,1.25
1,non_nested,16,1.0,10,15,UMAP,flat_full,0.8866194587012329,0.9968040257015142,0.9384887180367127,0.7726275689833941,0.9384887180367129,0.9020509658651367,0.7793494690467441,0.0,10,0.8333333333333334
1,non_nested,16,1.0,10,15,UMAP,flat_oracle_B,0.7345325056050921,0.9878949111091293,0.8425793938136135,0.6014439385974223,0.8425793938136135,0.9924085380934725,0.25648072127326454,0.08611111111111111,7,0.5833333333333334
1,non_nested,16,1.0,10,15,UMAP,oracle_conditional,1.0,1.0,1.0,1.0,1.0,1.0,1.0,0.0,12,1.0
1,non_nested,17,1.0,10,15,UMAP,hierarchical,0.8355759765564245,0.9139775776850054,0.8730200972395467,0.6620893004571455,0.8730200972395467,0.7569839717230624,0.7528997167875753,0.09861111111111111,12,1.0
1,non_nested,17,1.0,10,15,UMAP,flat_full,0.7210570543488701,1.0000000000000002,0.8379234756068777,0.5433470943156558,0.8379234756068777,0.7117008443908324,0.5705411539839923,0.0,7,0.5833333333333334
1,non_nested,17,1.0,10,15,UMAP,flat_oracle_B,0.7678163850362947,1.0,0.8686607857416491,0.5812957328871761,0.8686607857416491,0.7117246598992071,0.6421891182115582,0.005555555555555556,8,0.6666666666666666
1,non_nested,17,1.0,10,15,UMAP,oracle_conditional,0.8605349703463466,1.0,0.9250403610378302,0.7751097568504278,0.9250403610378304,0.7117246598992071,1.0,0.005555555555555556,9,0.75
1,non_nested,18,1.0,10,15,UMAP,hierarchical,0.9486407302945341,0.9292892879752802,0.9388653040563919,0.8418823936961025,0.938865304056392,0.9105613343916957,0.7807009975893,0.09027777777777778,15,1.25
1,non_nested,18,1.0,10,15,UMAP,flat_full,0.9535095090581451,1.0,0.9762015538054537,0.9142925259268089,0.9762015538054537,1.0,0.782919991373733,0.0,11,0.9166666666666666
1,non_nested,18,1.0,10,15,UMAP,flat_oracle_B,0.7311915403826368,0.9999999999999998,0.8447263325016308,0.5779287329617847,0.8447263325016307,1.0,0.13698561586844102,0.006944444444444444,7,0.5833333333333334
1,non_nested,18,1.0,10,15,UMAP,oracle_conditional,1.0,1.0,1.0,1.0,1.0,1.0,1.0,0.0,12,1.0
1,non_nested,19,1.0,10,15,UMAP,hierarchical,0.9434554904613872,0.9000287656583541,0.9212306291357931,0.8020530115932635,0.9212306291357931,0.8792441761822424,0.7569121379941288,0.09861111111111111,16,1.3333333333333333
1,non_nested,19,1.0,10,15,UMAP,flat_full,0.84298098188371,1.0,0.9148016069293341,0.7178178963893249,0.914801606929334,0.9039002814636108,0.5968514125512184,0.0,9,0.75
1,non_nested,19,1.0,10,15,UMAP,flat_oracle_B,0.6330754722703497,0.9954858065930382,0.7739563200067752,0.4198927290936125,0.7739563200067752,0.7091611471120277,0.2975370304421389,0.009722222222222222,6,0.5
1,non_nested,19,1.0,10,15,UMAP,oracle_conditional,0.8605285271744351,1.0000000000000002,0.9250366383592202,0.7751016578041914,0.9250366383592202,0.7117008443908324,1.0,0.0,9,0.75
2,nested,0,1.0,10,15,UMAP,hierarchical,0.8548143847384152,0.8666493809191407,0.8606912002604333,0.7166652044486325,0.8606912002604336,0.6462930268567776,1.0,0.14166666666666666,14,1.1666666666666667
2,nested,0,1.0,10,15,UMAP,flat_full,0.796206569111593,0.9999999999999999,0.886542319578976,0.6662447662166051,0.8865423195789761,0.5839557888648056,1.0,0.001388888888888889,8,0.6666666666666666
2,nested,0,1.0,10,15,UMAP,flat_oracle_B,0.6786174112944232,0.9957952978692797,0.8071654300291649,0.44668445101303844,0.807165430029165,0.7052257375440553,0.38695637194787963,0.03194444444444444,7,0.5833333333333334
2,nested,0,1.0,10,15,UMAP,oracle_conditional,0.8603339466065922,0.9999999999999998,0.9249242031796653,0.7745932332686594,0.9249242031796653,0.7110119993666983,1.0,0.001388888888888889,9,0.75
2,nested,1,1.0,10,15,UMAP,hierarchical,1.0,0.8797210077567827,0.9360123168561298,0.872534215370896,0.9360123168561298,0.834793158663806,1.0,0.14583333333333334,19,1.5833333333333333
2,nested,1,1.0,10,15,UMAP,flat_full,1.0,1.0,1.0,1.0,1.0,1.0,1.0,0.0,12,1.0
2,nested,1,1.0,10,15,UMAP,flat_oracle_B,0.8589177196031332,1.0,0.9241051505889207,0.7710884340487091,0.9241051505889207,1.0,0.4675642235937254,0.022222222222222223,9,0.75
2,nested,1,1.0,10,15,UMAP,oracle_conditional,1.0,1.0,1.0,1.0,1.0,1.0,1.0,0.0,12,1.0
2,nested,2,1.0,10,15,UMAP,hierarchical,0.7217994778805462,0.8795955302616556,0.7929231591966442,0.5910822728969622,0.7929231591966442,0.46402102628713077,1.0,0.1388888888888889,10,0.8333333333333334
2,nested,2,1.0,10,15,UMAP,flat_full,0.5350950905814502,1.0000000000000002,0.6971491132562628,0.37871867670657944,0.6971491132562628,0.1656140350877193,1.0,0.0,4,0.3333333333333333
2,nested,2,1.0,10,15,UMAP,flat_oracle_B,0.29081727550133857,1.0,0.4505940244538306,0.11447997461108898,0.4505940244538306,0.23514755945463928,0.31135242099702204,0.009722222222222222,3,0.25
2,nested,2,1.0,10,15,UMAP,oracle_conditional,0.8055146700427681,0.9964856545582971,0.8908808752979334,0.703473859112174,0.8908808752979333,0.6221004888878582,1.0,0.03888888888888889,8,0.6666666666666666
2,nested,3,1.0,10,15,UMAP,hierarchical,0.8362001174377195,0.8968238905841146,0.8654516488590283,0.7329365206859118,0.8654516488590285,0.6642723327989154,1.0,0.15694444444444444,11,0.9166666666666666
2,nested,3,1.0,10,15,UMAP,flat_full,0.6684144184766945,0.9999999999999996,0.801257063082653,0.5096612866560581,0.801257063082653,0.33053221288515405,1.0,0.0,6,0.5
2,nested,3,1.0,10,15,UMAP,flat_oracle_B,0.3692291790722146,0.9999999999999998,0.5393241463381654,0.21191719724087307,0.5393241463381654,0.45884296156151777,0.15202464615065567,0.006944444444444444,3,0.25
2,nested,3,1.0,10,15,UMAP,oracle_conditional,0.8836984117279123,0.9968160794563133,0.9368550897426636,0.76364116641132,0.9368550897426635,0.77311388034996,1.0,0.025,10,0.8333333333333334
2,nested,4,1.0,10,15,UMAP,hierarchical,0.969700111823392,0.9520494124200976,0.9607937039022694,0.9442464037342572,0.9607937039022695,0.9315288055644749,1.0,0.04722222222222222,13,1.0833333333333333
2,nested,4,1.0,10,15,UMAP,flat_full,0.8605285271744351,1.0000000000000002,0.9250366383592202,0.7751016578041914,0.9250366383592202,0.7117008443908324,1.0,0.0,9,0.75
2,nested,4,1.0,10,15,UMAP,flat_oracle_B,0.7851203804805372,0.9964435475872976,0.8782487396425637,0.6478467904635619,0.8782487396425636,0.9963590600392731,0.2701849223082613,0.05555555555555555,8,0.6666666666666666
2,nested,4,1.0,10,15,UMAP,oracle_conditional,0.9535095090581451,1.0,0.9762015538054537,0.9142925259268089,0.9762015538054537,0.9039002814636108,1.0,0.0,11,0.9166666666666666
2,nested,5,1.0,10,15,UMAP,hierarchical,0.7800346814599294,0.6866072998965108,0.7303452557215118,0.5044668241563296,0.7303452557215118,0.41268592192726467,1.0,0.2222222222222222,18,1.5
2,nested,5,1.0,10,15,UMAP,flat_full,0.7210570543488701,1.0000000000000002,0.8379234756068777,0.6213796735123749,0.8379234756068776,0.4968421052631579,1.0,0.0,6,0.5
2,nested,5,1.0,10,15,UMAP,flat_oracle_B,0.4975901931427778,0.9999999999999997,0.6645211693040758,0.3213289791367745,0.6645211693040758,0.567781853651895,0.30593877330256375,0.005555555555555556,4,0.3333333333333333
2,nested,5,1.0,10,15,UMAP,oracle_conditional,0.8599421478234917,1.0000000000000002,0.92469773732457,0.7735772832809189,0.9246977373245698,0.7096147890485275,1.0,0.004166666666666667,9,0.75
2,nested,6,1.0,10,15,UMAP,hierarchical,0.8648210791538096,0.89095205370975,0.8776921142504408,0.7442072751711835,0.8776921142504408,0.6697154090768812,1.0,0.16666666666666666,13,1.0833333333333333
2,nested,6,1.0,10,15,UMAP,flat_full,0.8519911166642845,0.990089594203935,0.9158638207181634,0.7677132092691421,0.9158638207181633,0.7022283692817456,1.0,0.0,9,0.75
2,nested,6,1.0,10,15,UMAP,flat_oracle_B,0.8035686194958366,0.9964702647463641,0.8896832640901392,0.6996405142091305,0.8896832640901391,0.6908293690284141,0.7692535799993836,0.04027777777777778,8,0.6666666666666666
2,nested,6,1.0,10,15,UMAP,oracle_conditional,0.8605285271744351,1.0000000000000002,0.9250366383592202,0.7751016578041914,0.9250366383592202,0.7117008443908324,1.0,0.0,9,0.75
2,nested,7,1.0,10,15,UMAP,hierarchical,0.6882503441767582,0.9546984258148811,0.7998685438687718,0.5924576538286435,0.7998685438687719,0.45892087164132783,1.0,0.02361111111111111,6,0.5
2,nested,7,1.0,10,15,UMAP,flat_full,0.44211410869774026,0.9999999999999998,0.6131471927654583,0.30441792970009673,0.6131471927654584,0.0,1.0,0.0,3,0.25
2,nested,7,1.0,10,15,UMAP,flat_oracle_B,0.4957682754859936,0.9940504223005822,0.6615820627600717,0.30084750936341165,0.6615820627600717,0.4939272769183141,0.22508060336607807,0.058333333333333334,4,0.3333333333333333
2,nested,7,1.0,10,15,UMAP,oracle_conditional,0.7210466193021219,1.0,0.8379164297065975,0.6213427869272938,0.8379164297065975,0.4967646567886114,1.0,0.019444444444444445,6,0.5
2,nested,8,1.0,10,15,UMAP,hierarchical,0.9658560012881341,0.9336875541041915,0.9494993941039865,0.9090191337132685,0.9494993941039865,0.8905727819808703,1.0,0.07777777777777778,14,1.1666666666666667
2,nested,8,1.0,10,15,UMAP,flat_full,0.8576765130501033,0.9966965314013118,0.9219754441310926,0.7726275689833941,0.9219754441310926,0.708528239719131,1.0,0.0,9,0.75
2,nested,8,1.0,10,15,UMAP,flat_oracle_B,0.7441190862797131,0.992184681539902,0.8504313269737748,0.6170838499654407,0.8504313269737748,0.9961225312829721,0.16056802948185642,0.034722222222222224,7,0.5833333333333334
2,nested,8,1.0,10,15,UMAP,oracle_conditional,0.9070190181162902,1.0000000000000002,0.9512427610839697,0.8400444938820912,0.9512427610839697,0.8078005629272216,1.0,0.0,10,0.8333333333333334
2,nested,9,1.0,10,15,UMAP,hierarchical,0.8612650974965459,0.8722819778672248,0.8667385309448815,0.7186277530029255,0.8667385309448816,0.657745018383557,1.0,0.08472222222222223,13,1.0833333333333333
2,nested,9,1.0,10,15,UMAP,flat_full,0.7324524547092747,0.9999999999999997,0.8455671643031479,0.580408503543143,0.8455671643031478,0.4575884233870468,1.0,0.0,7,0.5833333333333334
2,nested,9,1.0,10,15,UMAP,flat_oracle_B,0.43144571979942953,0.9999999999999992,0.6028111493600784,0.22197313634906468,0.6028111493600783,0.4534297297365364,0.22880651912680147,0.013888888888888888,4,0.3333333333333333
2,nested,9,1.0,10,15,UMAP,oracle_conditional,0.8605285271744351,1.0000000000000002,0.9250366383592202,0.7751016578041914,0.9250366383592202,0.7117008443908324,1.0,0.0,9,0.75
2,nested,10,1.0,10,15,UMAP,hierarchical,0.532821698575266,0.7854962478937527,0.6349446218922169,0.35417692869796386,0.634944621892217,0.1559244105316653,1.0,0.15833333333333333,7,0.5833333333333334
2,nested,10,1.0,10,15,UMAP,flat_full,0.44211410869774026,0.9999999999999998,0.6131471927654583,0.30441792970009673,0.6131471927654584,0.0,1.0,0.0,3,0.25
2,nested,10,1.0,10,15,UMAP,flat_oracle_B,0.25615214493032035,0.9999999999999997,0.4078361780682694,0.1337963291049536,0.40783617806826944,0.0,0.5707462686567164,0.0,2,0.16666666666666666
2,nested,10,1.0,10,15,UMAP,oracle_conditional,0.7161942433644021,0.9908951131022931,0.8314425640268186,0.5587576249937335,0.8314425640268186,0.43326642764042184,1.0,0.2,7,0.5833333333333334
2,nested,11,1.0,10,15,UMAP,hierarchical,0.8846505172872704,0.8279664128089927,0.8553704013036829,0.678518490276727,0.855370401303683,0.5757280176997616,1.0,0.15694444444444444,17,1.4166666666666667
2,nested,11,1.0,10,15,UMAP,flat_full,0.7964904909418549,1.0,0.886718293203183,0.666913740387288,0.886718293203183,0.5846446338889396,1.0,0.0,8,0.6666666666666666
2,nested,11,1.0,10,15,UMAP,flat_oracle_B,0.578079787643827,0.9947494604325885,0.7312231223433402,0.39689007506294777,0.7312231223433401,0.709871953387066,0.2864068403280336,0.09722222222222222,5,0.4166666666666667
2,nested,11,1.0,10,15,UMAP,oracle_conditional,0.8572914019466712,0.9966950523267849,0.9217522563371553,0.7716166707571153,0.9217522563371553,0.7071714281966602,1.0,0.0,9,0.75
2,nested,12,1.0,10,15,UMAP,hierarchical,0.9624025141450663,0.9453288259248354,0.9537892675501463,0.9437190120003295,0.9537892675501463,0.9283725151285435,1.0,0.09166666666666666,13,1.0833333333333333
2,nested,12,1.0,10,15,UMAP,flat_full,0.6536938515972093,0.9956641455434594,0.7892277253645116,0.47638100837747094,0.7892277253645116,0.3435496600400443,1.0,0.001388888888888889,6,0.5
2,nested,12,1.0,10,15,UMAP,flat_oracle_B,0.7500047902981362,0.9999999999999999,0.8571459854922603,0.6213807574929463,0.8571459854922603,0.902514109149609,0.2707658603976148,0.011111111111111112,7,0.5833333333333334
2,nested,12,1.0,10,15,UMAP,oracle_conditional,0.9971347950735001,0.9971544020872724,0.9971445984840024,0.9970107265796819,0.9971445984840024,0.9962517647498635,1.0,0.011111111111111112,12,1.0
2,nested,13,1.0,10,15,UMAP,hierarchical,0.8722216853568451,0.8184999403137297,0.8445073234593137,0.7438350857936977,0.8445073234593137,0.685093934246192,1.0,0.19027777777777777,16,1.3333333333333333
2,nested,13,1.0,10,15,UMAP,flat_full,0.849337603131579,0.9867708428608818,0.9129107644429741,0.7657491821561554,0.9129107644429741,0.6997308987439944,1.0,0.001388888888888889,9,0.75
2,nested,13,1.0,10,15,UMAP,flat_oracle_B,0.7349203384306071,0.9961370611685441,0.8458198859110966,0.590461876863132,0.8458198859110966,0.716117915288749,0.635770060617114,0.030555555555555555,7,0.5833333333333334
2,nested,13,1.0,10,15,UMAP,oracle_conditional,0.8574872824856162,0.996691210276888,0.9218638234815271,0.7721304556321503,0.9218638234815271,0.7078394853388813,1.0,0.001388888888888889,9,0.75
2,nested,14,1.0,10,15,UMAP,hierarchical,0.8335507199982466,0.8275208129975214,0.8305248218221987,0.6461335544073844,0.8305248218221988,0.5458983182848046,1.0,0.23333333333333334,15,1.25
2,nested,14,1.0,10,15,UMAP,flat_full,0.6684144184766945,0.9999999999999996,0.801257063082653,0.5096612866560581,0.801257063082653,0.33053221288515405,1.0,0.0,6,0.5
2,nested,14,1.0,10,15,UMAP,flat_oracle_B,0.11543129118376834,1.0,0.20697158506511887,0.031780231618637224,0.20697158506511887,0.11017740429505135,0.029628699664166223,0.0,2,0.16666666666666666
2,nested,14,1.0,10,15,UMAP,oracle_conditional,0.7309546990440257,0.9999999999999997,0.8445682598715244,0.5773072203307358,0.8445682598715244,0.45550768491134,1.0,0.006944444444444444,7,0.5833333333333334
2,nested,15,1.0,10,15,UMAP,hierarchical,0.7297799778917633,0.7785334707148038,0.7533687902486471,0.5312926569472916,0.7533687902486472,0.39645521955884727,1.0,0.19027777777777777,12,1.0
2,nested,15,1.0,10,15,UMAP,flat_full,0.7153716579630512,0.9921151920620862,0.8313166099350481,0.6172428958711212,0.8313166099350481,0.49134463937621836,1.0,0.0,6,0.5
2,nested,15,1.0,10,15,UMAP,flat_oracle_B,0.7181950380665313,0.996029937611366,0.834597289279739,0.6192699380487968,0.8345972892797389,0.49404966751836416,1.0,0.006944444444444444,6,0.5
2,nested,15,1.0,10,15,UMAP,oracle_conditional,0.7182096983519991,0.9960575705641768,0.8346168888220229,0.6192993339842674,0.834616888822023,0.4940761097623421,1.0,0.0,6,0.5
2,nested,16,1.0,10,15,UMAP,hierarchical,0.9895830082776543,0.9041153397154567,0.9449204818220075,0.9005972566216038,0.9449204818220075,0.8804560452457104,1.0,0.09305555555555556,17,1.4166666666666667
2,nested,16,1.0,10,15,UMAP,flat_full,0.9535095090581451,1.0,0.9762015538054537,0.9142925259268089,0.9762015538054537,0.9039002814636108,1.0,0.0,11,0.9166666666666666
2,nested,16,1.0,10,15,UMAP,flat_oracle_B,0.7345325056050921,0.9878949111091293,0.8425793938136135,0.6014439385974223,0.8425793938136135,0.9924085380934725,0.25648072127326454,0.08611111111111111,7,0.5833333333333334
2,nested,16,1.0,10,15,UMAP,oracle_conditional,1.0,1.0,1.0,1.0,1.0,1.0,1.0,0.0,12,1.0
2,nested,17,1.0,10,15,UMAP,hierarchical,0.8566839855393432,0.9503915908571645,0.9011081401500214,0.7684271633399273,0.9011081401500214,0.7108020672646657,1.0,0.05277777777777778,10,0.8333333333333334
2,nested,17,1.0,10,15,UMAP,flat_full,0.6684144184766945,0.9999999999999996,0.801257063082653,0.5096612866560581,0.801257063082653,0.33053221288515405,1.0,0.0,6,0.5
2,nested,17,1.0,10,15,UMAP,flat_oracle_B,0.7678163850362947,1.0,0.8686607857416491,0.5812957328871761,0.8686607857416491,0.7117246598992071,0.6421891182115582,0.005555555555555556,8,0.6666666666666666
2,nested,17,1.0,10,15,UMAP,oracle_conditional,0.8605349703463466,1.0,0.9250403610378302,0.7751097568504278,0.9250403610378304,0.7117246598992071,1.0,0.005555555555555556,9,0.75
2,nested,18,1.0,10,15,UMAP,hierarchical,0.9946070597208777,0.9256719480554246,0.9589021707711706,0.9291147058826086,0.9589021707711706,0.9106094459280949,1.0,0.08055555555555556,16,1.3333333333333333
2,nested,18,1.0,10,15,UMAP,flat_full,0.9534446488688639,0.9999999999999998,0.9761675606431469,0.9140709343043012,0.9761675606431469,0.9039002814636108,1.0,0.001388888888888889,11,0.9166666666666666
2,nested,18,1.0,10,15,UMAP,flat_oracle_B,0.7311915403826368,0.9999999999999998,0.8447263325016308,0.5779287329617847,0.8447263325016307,1.0,0.13698561586844102,0.006944444444444444,7,0.5833333333333334
2,nested,18,1.0,10,15,UMAP,oracle_conditional,1.0,1.0,1.0,1.0,1.0,1.0,1.0,0.0,12,1.0
2,nested,19,1.0,10,15,UMAP,hierarchical,0.8838212897469047,0.815965226786371,0.848538839568843,0.7339464798942745,0.8485388395688432,0.6647640146158711,1.0,0.24583333333333332,16,1.3333333333333333
2,nested,19,1.0,10,15,UMAP,flat_full,0.8605285271744351,1.0000000000000002,0.9250366383592202,0.7751016578041914,0.9250366383592202,0.7117008443908324,1.0,0.0,9,0.75
2,nested,19,1.0,10,15,UMAP,flat_oracle_B,0.6330754722703497,0.9954858065930382,0.7739563200067752,0.4198927290936125,0.7739563200067752,0.7091611471120277,0.2975370304421389,0.009722222222222222,6,0.5
2,nested,19,1.0,10,15,UMAP,oracle_conditional,0.8605285271744351,1.0000000000000002,0.9250366383592202,0.7751016578041914,0.9250366383592202,0.7117008443908324,1.0,0.0,9,0.75
2,non_nested,0,1.0,10,15,UMAP,hierarchical,0.8931672749132695,0.9586959426408804,0.9247722341932902,0.7558025513766193,0.9247722341932904,0.8661878138644673,0.7707197696037488,0.05277777777777778,12,1.0
2,non_nested,0,1.0,10,15,UMAP,flat_full,0.8881776348986773,0.9968221410269176,0.9393689515927776,0.7777860244783611,0.9393689515927777,0.9049240642262971,0.7790354623586705,0.002777777777777778,10,0.8333333333333334
2,non_nested,0,1.0,10,15,UMAP,flat_oracle_B,0.6786174112944232,0.9957952978692797,0.8071654300291649,0.44668445101303844,0.807165430029165,0.7052257375440553,0.38695637194787963,0.03194444444444444,7,0.5833333333333334
2,non_nested,0,1.0,10,15,UMAP,oracle_conditional,0.8603339466065922,0.9999999999999998,0.9249242031796653,0.7745932332686594,0.9249242031796653,0.7110119993666983,1.0,0.001388888888888889,9,0.75
2,non_nested,1,1.0,10,15,UMAP,hierarchical,1.0000000000000002,0.9149395065242456,0.9555805845636632,0.9194895479382099,0.9555805845636632,0.9008732190890005,1.0,0.1388888888888889,17,1.4166666666666667
2,non_nested,1,1.0,10,15,UMAP,flat_full,0.9502030074368025,0.9970130999401918,0.9730454081886282,0.9099079978332303,0.9730454081886284,0.9981506844015259,0.7781926355438044,0.001388888888888889,11,0.9166666666666666
2,non_nested,1,1.0,10,15,UMAP,flat_oracle_B,0.8589177196031332,1.0,0.9241051505889207,0.7710884340487091,0.9241051505889207,1.0,0.4675642235937254,0.022222222222222223,9,0.75
2,non_nested,1,1.0,10,15,UMAP,oracle_conditional,1.0,1.0,1.0,1.0,1.0,1.0,1.0,0.0,12,1.0
2,non_nested,2,1.0,10,15,UMAP,hierarchical,0.9909182170597793,0.9107446294646618,0.9491413749553875,0.91852170604285,0.9491413749553875,0.9051094136343977,0.9905364979192083,0.13472222222222222,17,1.4166666666666667
2,non_nested,2,1.0,10,15,UMAP,flat_full,0.9485711591277408,0.9948597548830931,0.971164206615821,0.9086811939712618,0.971164206615821,0.9002544456645647,0.9916783378622624,0.0,11,0.9166666666666666
2,non_nested,2,1.0,10,15,UMAP,flat_oracle_B,0.29081727550133857,1.0,0.4505940244538306,0.11447997461108898,0.4505940244538306,0.23514755945463928,0.31135242099702204,0.009722222222222222,3,0.25
2,non_nested,2,1.0,10,15,UMAP,oracle_conditional,0.8055146700427681,0.9964856545582971,0.8908808752979334,0.703473859112174,0.8908808752979333,0.6221004888878582,1.0,0.03888888888888889,8,0.6666666666666666
2,non_nested,3,1.0,10,15,UMAP,hierarchical,0.9603928249001714,0.8446156982170586,0.8987911646697848,0.7900673934464529,0.8987911646697846,0.7739136115994372,0.8916598103848837,0.1736111111111111,19,1.5833333333333333
2,non_nested,3,1.0,10,15,UMAP,flat_full,0.9506574949338132,0.9970186705640955,0.9732863076017568,0.9114611797138777,0.9732863076017567,0.9981506844015259,0.7797517851753654,0.0,11,0.9166666666666666
2,non_nested,3,1.0,10,15,UMAP,flat_oracle_B,0.3692291790722146,0.9999999999999998,0.5393241463381654,0.21191719724087307,0.5393241463381654,0.45884296156151777,0.15202464615065567,0.006944444444444444,3,0.25
2,non_nested,3,1.0,10,15,UMAP,oracle_conditional,0.8836984117279123,0.9968160794563133,0.9368550897426636,0.76364116641132,0.9368550897426635,0.77311388034996,1.0,0.025,10,0.8333333333333334
2,non_nested,4,1.0,10,15,UMAP,hierarchical,0.9948673731984262,0.9397568534653944,0.9665271626052045,0.9401684912879358,0.9665271626052044,0.9319041775676551,0.9913330490979214,0.05138888888888889,15,1.25
2,non_nested,4,1.0,10,15,UMAP,flat_full,0.953444648868864,0.9999999999999998,0.976167560643147,0.9140709343043012,0.976167560643147,1.0,0.782321614444422,0.001388888888888889,11,0.9166666666666666
2,non_nested,4,1.0,10,15,UMAP,flat_oracle_B,0.7851203804805372,0.9964435475872976,0.8782487396425637,0.6478467904635619,0.8782487396425636,0.9963590600392731,0.2701849223082613,0.05555555555555555,8,0.6666666666666666
2,non_nested,4,1.0,10,15,UMAP,oracle_conditional,0.9535095090581451,1.0,0.9762015538054537,0.9142925259268089,0.9762015538054537,0.9039002814636108,1.0,0.0,11,0.9166666666666666
2,non_nested,5,1.0,10,15,UMAP,hierarchical,0.9681959664400265,0.8956058907008067,0.9304873343421362,0.8681233143221291,0.930487334342136,0.8823146972943,0.8975970028907702,0.11944444444444445,17,1.4166666666666667
2,non_nested,5,1.0,10,15,UMAP,flat_full,0.950657494933813,0.9970186705640953,0.9732863076017566,0.9114611797138777,0.9732863076017565,0.9981506844015259,0.7797517851753654,0.0,11,0.9166666666666666
2,non_nested,5,1.0,10,15,UMAP,flat_oracle_B,0.4975901931427778,0.9999999999999997,0.6645211693040758,0.3213289791367745,0.6645211693040758,0.567781853651895,0.30593877330256375,0.005555555555555556,4,0.3333333333333333
2,non_nested,5,1.0,10,15,UMAP,oracle_conditional,0.8599421478234917,1.0000000000000002,0.92469773732457,0.7735772832809189,0.9246977373245698,0.7096147890485275,1.0,0.004166666666666667,9,0.75
2,non_nested,6,1.0,10,15,UMAP,hierarchical,0.9945827002846298,0.9473372081720705,0.9703852300815824,0.9561804079870722,0.9703852300815825,0.9230687923657898,1.0,0.08333333333333333,15,1.25
2,non_nested,6,1.0,10,15,UMAP,flat_full,0.9535095090581451,1.0,0.9762015538054537,0.9142925259268089,0.9762015538054537,0.9039002814636108,1.0,0.0,11,0.9166666666666666
2,non_nested,6,1.0,10,15,UMAP,flat_oracle_B,0.8035686194958366,0.9964702647463641,0.8896832640901392,0.6996405142091305,0.8896832640901391,0.6908293690284141,0.7692535799993836,0.04027777777777778,8,0.6666666666666666
2,non_nested,6,1.0,10,15,UMAP,oracle_conditional,0.8605285271744351,1.0000000000000002,0.9250366383592202,0.7751016578041914,0.9250366383592202,0.7117008443908324,1.0,0.0,9,0.75
2,non_nested,7,1.0,10,15,UMAP,hierarchical,0.9971693535011583,0.9780810272229129,0.9875329579535114,0.9803785668670826,0.9875329579535115,0.9775104668486473,0.9956366136208449,0.04722222222222222,13,1.0833333333333333
2,non_nested,7,1.0,10,15,UMAP,flat_full,0.9535095090581451,1.0,0.9762015538054537,0.9142925259268089,0.9762015538054537,1.0,0.782919991373733,0.0,11,0.9166666666666666
2,non_nested,7,1.0,10,15,UMAP,flat_oracle_B,0.4957682754859936,0.9940504223005822,0.6615820627600717,0.30084750936341165,0.6615820627600717,0.4939272769183141,0.22508060336607807,0.058333333333333334,4,0.3333333333333333
2,non_nested,7,1.0,10,15,UMAP,oracle_conditional,0.7210466193021219,1.0,0.8379164297065975,0.6213427869272938,0.8379164297065975,0.4967646567886114,1.0,0.019444444444444445,6,0.5
2,non_nested,8,1.0,10,15,UMAP,hierarchical,0.9602190017182395,0.9060242037307553,0.9323347073937257,0.8884842773750272,0.9323347073937258,0.8923089551805955,0.8636050850310885,0.15833333333333333,15,1.25
2,non_nested,8,1.0,10,15,UMAP,flat_full,0.90701901811629,1.0,0.9512427610839694,0.8400444938820912,0.9512427610839695,1.0,0.6391166136857955,0.0,10,0.8333333333333334
2,non_nested,8,1.0,10,15,UMAP,flat_oracle_B,0.7441190862797131,0.992184681539902,0.8504313269737748,0.6170838499654407,0.8504313269737748,0.9961225312829721,0.16056802948185642,0.034722222222222224,7,0.5833333333333334
2,non_nested,8,1.0,10,15,UMAP,oracle_conditional,0.9070190181162902,1.0000000000000002,0.9512427610839697,0.8400444938820912,0.9512427610839697,0.8078005629272216,1.0,0.0,10,0.8333333333333334
2,non_nested,9,1.0,10,15,UMAP,hierarchical,0.9553313118734982,0.922844574363201,0.9388069821812518,0.8995246439077893,0.9388069821812517,0.9142378693540851,0.8190042038172741,0.12361111111111112,14,1.1666666666666667
2,non_nested,9,1.0,10,15,UMAP,flat_full,0.9070190181162902,1.0000000000000002,0.9512427610839697,0.8400444938820912,0.9512427610839697,1.0,0.6391166136857955,0.0,10,0.8333333333333334
2,non_nested,9,1.0,10,15,UMAP,flat_oracle_B,0.43144571979942953,0.9999999999999992,0.6028111493600784,0.22197313634906468,0.6028111493600783,0.4534297297365364,0.22880651912680147,0.013888888888888888,4,0.3333333333333333
2,non_nested,9,1.0,10,15,UMAP,oracle_conditional,0.8605285271744351,1.0000000000000002,0.9250366383592202,0.7751016578041914,0.9250366383592202,0.7117008443908324,1.0,0.0,9,0.75
2,non_nested,10,1.0,10,15,UMAP,hierarchical,0.9549705520804389,0.9406235803580075,0.9477427730574958,0.9414489734171269,0.9477427730574959,0.9160466874420746,1.0,0.16111111111111112,13,1.0833333333333333
2,non_nested,10,1.0,10,15,UMAP,flat_full,0.7622965096928805,0.9936028541013052,0.8627145761539086,0.575758974727065,0.8627145761539087,0.5631921616557038,1.0,0.001388888888888889,8,0.6666666666666666
2,non_nested,10,1.0,10,15,UMAP,flat_oracle_B,0.25615214493032035,0.9999999999999997,0.4078361780682694,0.1337963291049536,0.40783617806826944,0.0,0.5707462686567164,0.0,2,0.16666666666666666
2,non_nested,10,1.0,10,15,UMAP,oracle_conditional,0.7161942433644021,0.9908951131022931,0.8314425640268186,0.5587576249937335,0.8314425640268186,0.43326642764042184,1.0,0.2,7,0.5833333333333334
2,non_nested,11,1.0,10,15,UMAP,hierarchical,0.9967637014646281,0.9117894826827944,0.9523849450613151,0.9161290072788512,0.9523849450613151,0.8812404082147945,0.9950612514130961,0.11527777777777778,17,1.4166666666666667
2,non_nested,11,1.0,10,15,UMAP,flat_full,0.9478241126723264,0.9940373993842656,0.9703808538196523,0.9086739248486775,0.9703808538196524,0.9963013688030516,0.7757184482304171,0.0,11,0.9166666666666666
2,non_nested,11,1.0,10,15,UMAP,flat_oracle_B,0.578079787643827,0.9947494604325885,0.7312231223433402,0.39689007506294777,0.7312231223433401,0.709871953387066,0.2864068403280336,0.09722222222222222,5,0.4166666666666667
2,non_nested,11,1.0,10,15,UMAP,oracle_conditional,0.8572914019466712,0.9966950523267849,0.9217522563371553,0.7716166707571153,0.9217522563371553,0.7071714281966602,1.0,0.0,9,0.75
2,non_nested,12,1.0,10,15,UMAP,hierarchical,1.0,0.8776355765732544,0.9348305789720577,0.8656580395914834,0.9348305789720577,0.8387192473226927,1.0,0.12361111111111112,19,1.5833333333333333
2,non_nested,12,1.0,10,15,UMAP,flat_full,1.0,1.0,1.0,1.0,1.0,1.0,1.0,0.0,12,1.0
2,non_nested,12,1.0,10,15,UMAP,flat_oracle_B,0.7500047902981362,0.9999999999999999,0.8571459854922603,0.6213807574929463,0.8571459854922603,0.902514109149609,0.2707658603976148,0.011111111111111112,7,0.5833333333333334
2,non_nested,12,1.0,10,15,UMAP,oracle_conditional,0.9971347950735001,0.9971544020872724,0.9971445984840024,0.9970107265796819,0.9971445984840024,0.9962517647498635,1.0,0.011111111111111112,12,1.0
2,non_nested,13,1.0,10,15,UMAP,hierarchical,0.9606362989679186,0.8809827574965524,0.919086944333394,0.847377115226646,0.919086944333394,0.8559961515752933,0.8377462941508965,0.14166666666666666,17,1.4166666666666667
2,non_nested,13,1.0,10,15,UMAP,flat_full,0.9535095090581451,1.0,0.9762015538054537,0.9142925259268089,0.9762015538054537,1.0,0.782919991373733,0.0,11,0.9166666666666666
2,non_nested,13,1.0,10,15,UMAP,flat_oracle_B,0.7349203384306071,0.9961370611685441,0.8458198859110966,0.590461876863132,0.8458198859110966,0.716117915288749,0.635770060617114,0.030555555555555555,7,0.5833333333333334
2,non_nested,13,1.0,10,15,UMAP,oracle_conditional,0.8574872824856162,0.996691210276888,0.9218638234815271,0.7721304556321503,0.9218638234815271,0.7078394853388813,1.0,0.001388888888888889,9,0.75
2,non_nested,14,1.0,10,15,UMAP,hierarchical,1.0000000000000002,0.899063975096979,0.9468495921008315,0.9056941790770539,0.9468495921008314,0.8868223234594378,1.0,0.1597222222222222,18,1.5
2,non_nested,14,1.0,10,15,UMAP,flat_full,0.9534446488688642,1.0,0.9761675606431471,0.9140709343043012,0.976167560643147,1.0,0.7828776151931832,0.001388888888888889,11,0.9166666666666666
2,non_nested,14,1.0,10,15,UMAP,flat_oracle_B,0.11543129118376834,1.0,0.20697158506511887,0.031780231618637224,0.20697158506511887,0.11017740429505135,0.029628699664166223,0.0,2,0.16666666666666666
2,non_nested,14,1.0,10,15,UMAP,oracle_conditional,0.7309546990440257,0.9999999999999997,0.8445682598715244,0.5773072203307358,0.8445682598715244,0.45550768491134,1.0,0.006944444444444444,7,0.5833333333333334
2,non_nested,15,1.0,10,15,UMAP,hierarchical,0.9618287230758551,0.8507658102861536,0.9028946936371439,0.8224498624569976,0.9028946936371438,0.7762561083582087,1.0,0.16666666666666666,18,1.5
2,non_nested,15,1.0,10,15,UMAP,flat_full,0.9037818928885261,0.996864525603129,0.9480438856355061,0.8362533097704395,0.9480438856355061,0.8059512473287475,0.9958304277669653,0.0,10,0.8333333333333334
2,non_nested,15,1.0,10,15,UMAP,flat_oracle_B,0.7181950380665313,0.996029937611366,0.834597289279739,0.6192699380487968,0.8345972892797389,0.49404966751836416,1.0,0.006944444444444444,6,0.5
2,non_nested,15,1.0,10,15,UMAP,oracle_conditional,0.7182096983519991,0.9960575705641768,0.8346168888220229,0.6192993339842674,0.834616888822023,0.4940761097623421,1.0,0.0,6,0.5
2,non_nested,16,1.0,10,15,UMAP,hierarchical,0.9900821648798207,0.9569269462900862,0.9732222588783209,0.9600078326870534,0.973222258878321,0.9562117062479153,0.9830242146381428,0.05138888888888889,14,1.1666666666666667
2,non_nested,16,1.0,10,15,UMAP,flat_full,0.9535095090581451,1.0,0.9762015538054537,0.9142925259268089,0.9762015538054537,1.0,0.782919991373733,0.0,11,0.9166666666666666
2,non_nested,16,1.0,10,15,UMAP,flat_oracle_B,0.7345325056050921,0.9878949111091293,0.8425793938136135,0.6014439385974223,0.8425793938136135,0.9924085380934725,0.25648072127326454,0.08611111111111111,7,0.5833333333333334
2,non_nested,16,1.0,10,15,UMAP,oracle_conditional,1.0,1.0,1.0,1.0,1.0,1.0,1.0,0.0,12,1.0
2,non_nested,17,1.0,10,15,UMAP,hierarchical,0.8410500358425332,0.8826176735832442,0.8613326361491556,0.6142349417571404,0.8613326361491557,0.696242709529447,0.7642595931142873,0.08055555555555556,14,1.1666666666666667
2,non_nested,17,1.0,10,15,UMAP,flat_full,0.7210570543488701,1.0,0.8379234756068777,0.5433470943156558,0.8379234756068777,0.7117008443908324,0.5705411539839923,0.0,7,0.5833333333333334
2,non_nested,17,1.0,10,15,UMAP,flat_oracle_B,0.7678163850362947,1.0,0.8686607857416491,0.5812957328871761,0.8686607857416491,0.7117246598992071,0.6421891182115582,0.005555555555555556,8,0.6666666666666666
2,non_nested,17,1.0,10,15,UMAP,oracle_conditional,0.8605349703463466,1.0,0.9250403610378302,0.7751097568504278,0.9250403610378304,0.7117246598992071,1.0,0.005555555555555556,9,0.75
2,non_nested,18,1.0,10,15,UMAP,hierarchical,0.9643537085375564,0.8282229932606789,0.8911193749710014,0.7788418451246347,0.8911193749710014,0.7444743197164208,0.8611731558055923,0.175,20,1.6666666666666667
2,non_nested,18,1.0,10,15,UMAP,flat_full,0.9535095090581451,1.0,0.9762015538054537,0.9142925259268089,0.9762015538054537,1.0,0.782919991373733,0.0,11,0.9166666666666666
2,non_nested,18,1.0,10,15,UMAP,flat_oracle_B,0.7311915403826368,0.9999999999999998,0.8447263325016308,0.5779287329617847,0.8447263325016307,1.0,0.13698561586844102,0.006944444444444444,7,0.5833333333333334
2,non_nested,18,1.0,10,15,UMAP,oracle_conditional,1.0,1.0,1.0,1.0,1.0,1.0,1.0,0.0,12,1.0
2,non_nested,19,1.0,10,15,UMAP,hierarchical,0.9458681640708227,0.9446776089038406,0.9452725116163219,0.8579678078705658,0.9452725116163219,0.9416900446700142,0.753705142484259,0.08333333333333333,14,1.1666666666666667
2,non_nested,19,1.0,10,15,UMAP,flat_full,0.9506574949338132,0.9970186705640955,0.9732863076017568,0.9114611797138777,0.9732863076017567,0.9981506844015259,0.7792730031729341,0.0,11,0.9166666666666666
2,non_nested,19,1.0,10,15,UMAP,flat_oracle_B,0.6330754722703497,0.9954858065930382,0.7739563200067752,0.4198927290936125,0.7739563200067752,0.7091611471120277,0.2975370304421389,0.009722222222222222,6,0.5
2,non_nested,19,1.0,10,15,UMAP,oracle_conditional,0.8605285271744351,1.0000000000000002,0.9250366383592202,0.7751016578041914,0.9250366383592202,0.7117008443908324,1.0,0.0,9,0.75
4,nested,0,1.0,10,15,UMAP,hierarchical,0.8311806823272545,0.8080823178878089,0.8194687640365939,0.679189331146289,0.819468764036594,0.6172660342803576,1.0,0.14583333333333334,14,1.1666666666666667
4,nested,0,1.0,10,15,UMAP,flat_full,0.6570190181162899,0.9999999999999998,0.7930132496164026,0.4789099869546311,0.7930132496164025,0.34741101909199545,1.0,0.0,6,0.5
4,nested,0,1.0,10,15,UMAP,flat_oracle_B,0.6786174112944232,0.9957952978692797,0.8071654300291649,0.44668445101303844,0.807165430029165,0.7052257375440553,0.38695637194787963,0.03194444444444444,7,0.5833333333333334
4,nested,0,1.0,10,15,UMAP,oracle_conditional,0.8603339466065922,0.9999999999999998,0.9249242031796653,0.7745932332686594,0.9249242031796653,0.7110119993666983,1.0,0.001388888888888889,9,0.75
4,nested,1,1.0,10,15,UMAP,hierarchical,1.0,0.8746205833617001,0.933117443737089,0.8576339963997544,0.933117443737089,0.8280703967281555,1.0,0.10694444444444444,19,1.5833333333333333
4,nested,1,1.0,10,15,UMAP,flat_full,1.0,1.0,1.0,1.0,1.0,1.0,1.0,0.0,12,1.0
4,nested,1,1.0,10,15,UMAP,flat_oracle_B,0.8589177196031332,1.0,0.9241051505889207,0.7710884340487091,0.9241051505889207,1.0,0.4675642235937254,0.022222222222222223,9,0.75
4,nested,1,1.0,10,15,UMAP,oracle_conditional,1.0,1.0,1.0,1.0,1.0,1.0,1.0,0.0,12,1.0
4,nested,2,1.0,10,15,UMAP,hierarchical,0.7168198082969134,0.8575783260655059,0.7809068340122359,0.5797087219267358,0.7809068340122359,0.44334410651147854,1.0,0.09861111111111111,9,0.75
4,nested,2,1.0,10,15,UMAP,flat_full,0.44211410869774026,0.9999999999999998,0.6131471927654583,0.30441792970009673,0.6131471927654584,0.0,1.0,0.0,3,0.25
4,nested,2,1.0,10,15,UMAP,flat_oracle_B,0.29081727550133857,1.0,0.4505940244538306,0.11447997461108898,0.4505940244538306,0.23514755945463928,0.31135242099702204,0.009722222222222222,3,0.25
4,nested,2,1.0,10,15,UMAP,oracle_conditional,0.8055146700427681,0.9964856545582971,0.8908808752979334,0.703473859112174,0.8908808752979333,0.6221004888878582,1.0,0.03888888888888889,8,0.6666666666666666
4,nested,3,1.0,10,15,UMAP,hierarchical,0.8283165218316723,0.7470639856405034,0.7855948949938082,0.6109806262140441,0.7855948949938083,0.533138252822213,1.0,0.17777777777777778,17,1.4166666666666667
4,nested,3,1.0,10,15,UMAP,flat_full,0.6684144184766945,0.9999999999999996,0.801257063082653,0.5096612866560581,0.801257063082653,0.33053221288515405,1.0,0.0,6,0.5
4,nested,3,1.0,10,15,UMAP,flat_oracle_B,0.3692291790722146,0.9999999999999998,0.5393241463381654,0.21191719724087307,0.5393241463381654,0.45884296156151777,0.15202464615065567,0.006944444444444444,3,0.25
4,nested,3,1.0,10,15,UMAP,oracle_conditional,0.8836984117279123,0.9968160794563133,0.9368550897426636,0.76364116641132,0.9368550897426635,0.77311388034996,1.0,0.025,10,0.8333333333333334
4,nested,4,1.0,10,15,UMAP,hierarchical,0.9007638917949792,0.9288246166147979,0.9145790680376727,0.8292279656805761,0.9145790680376727,0.8002300110350138,1.0,0.07222222222222222,12,1.0
4,nested,4,1.0,10,15,UMAP,flat_full,0.7908302930295963,0.9928542124323877,0.8804014222797866,0.6628001234249267,0.8804014222797865,0.579278534949014,1.0,0.002777777777777778,8,0.6666666666666666
4,nested,4,1.0,10,15,UMAP,flat_oracle_B,0.7851203804805372,0.9964435475872976,0.8782487396425637,0.6478467904635619,0.8782487396425636,0.9963590600392731,0.2701849223082613,0.05555555555555555,8,0.6666666666666666
4,nested,4,1.0,10,15,UMAP,oracle_conditional,0.9535095090581451,1.0,0.9762015538054537,0.9142925259268089,0.9762015538054537,0.9039002814636108,1.0,0.0,11,0.9166666666666666
4,nested,5,1.0,10,15,UMAP,hierarchical,0.7477107219783812,0.6440894721594534,0.6920427318166126,0.40640395557346587,0.6920427318166125,0.304335788423209,1.0,0.2625,19,1.5833333333333333
4,nested,5,1.0,10,15,UMAP,flat_full,0.7210570543488701,1.0000000000000002,0.8379234756068777,0.6213796735123749,0.8379234756068776,0.4968421052631579,1.0,0.0,6,0.5
4,nested,5,1.0,10,15,UMAP,flat_oracle_B,0.4975901931427778,0.9999999999999997,0.6645211693040758,0.3213289791367745,0.6645211693040758,0.567781853651895,0.30593877330256375,0.005555555555555556,4,0.3333333333333333
4,nested,5,1.0,10,15,UMAP,oracle_conditional,0.8599421478234917,1.0000000000000002,0.92469773732457,0.7735772832809189,0.9246977373245698,0.7096147890485275,1.0,0.004166666666666667,9,0.75
4,nested,6,1.0,10,15,UMAP,hierarchical,0.8321068694222342,0.8763283938534876,0.8536453116720244,0.7050900592882453,0.8536453116720244,0.6269958726888978,1.0,0.04722222222222222,12,1.0
4,nested,6,1.0,10,15,UMAP,flat_full,0.6252287164682894,0.9954739252152675,0.7680605541476193,0.47719382049157455,0.7680605541476192,0.3284620746746228,1.0,0.0,5,0.4166666666666667
4,nested,6,1.0,10,15,UMAP,flat_oracle_B,0.8035686194958366,0.9964702647463641,0.8896832640901392,0.6996405142091305,0.8896832640901391,0.6908293690284141,0.7692535799993836,0.04027777777777778,8,0.6666666666666666
4,nested,6,1.0,10,15,UMAP,oracle_conditional,0.8605285271744351,1.0000000000000002,0.9250366383592202,0.7751016578041914,0.9250366383592202,0.7117008443908324,1.0,0.0,9,0.75
4,nested,7,1.0,10,15,UMAP,hierarchical,0.685631707176837,0.819159966146839,0.7464714963496077,0.5546052116276657,0.7464714963496077,0.4125650507401215,1.0,0.10138888888888889,10,0.8333333333333334
4,nested,7,1.0,10,15,UMAP,flat_full,0.44211410869774026,0.9999999999999998,0.6131471927654583,0.30441792970009673,0.6131471927654584,0.0,1.0,0.0,3,0.25
4,nested,7,1.0,10,15,UMAP,flat_oracle_B,0.4957682754859936,0.9940504223005822,0.6615820627600717,0.30084750936341165,0.6615820627600717,0.4939272769183141,0.22508060336607807,0.058333333333333334,4,0.3333333333333333
4,nested,7,1.0,10,15,UMAP,oracle_conditional,0.7210466193021219,1.0,0.8379164297065975,0.6213427869272938,0.8379164297065975,0.4967646567886114,1.0,0.019444444444444445,6,0.5
4,nested,8,1.0,10,15,UMAP,hierarchical,0.9345747064339768,0.8285376826880074,0.878367557672534,0.783025635834852,0.8783675576725342,0.7129413425057308,1.0,0.17222222222222222,18,1.5
4,nested,8,1.0,10,15,UMAP,flat_full,0.8544393878223393,0.9933900330624088,0.9186903965543022,0.7691452666583769,0.9186903965543024,0.7039988235249591,1.0,0.0,9,0.75
4,nested,8,1.0,10,15,UMAP,flat_oracle_B,0.7441190862797131,0.992184681539902,0.8504313269737748,0.6170838499654407,0.8504313269737748,0.9961225312829721,0.16056802948185642,0.034722222222222224,7,0.5833333333333334
4,nested,8,1.0,10,15,UMAP,oracle_conditional,0.9070190181162902,1.0000000000000002,0.9512427610839697,0.8400444938820912,0.9512427610839697,0.8078005629272216,1.0,0.0,10,0.8333333333333334
4,nested,9,1.0,10,15,UMAP,hierarchical,0.8352780461795705,0.8576630011501114,0.8463225308538026,0.6682198594662464,0.8463225308538026,0.5829630078486129,1.0,0.175,14,1.1666666666666667
4,nested,9,1.0,10,15,UMAP,flat_full,0.7292153294815107,0.9961168403522049,0.8420218235535736,0.5777865260564181,0.8420218235535736,0.4530590071928748,1.0,0.0,7,0.5833333333333334
4,nested,9,1.0,10,15,UMAP,flat_oracle_B,0.43144571979942953,0.9999999999999992,0.6028111493600784,0.22197313634906468,0.6028111493600783,0.4534297297365364,0.22880651912680147,0.013888888888888888,4,0.3333333333333333
4,nested,9,1.0,10,15,UMAP,oracle_conditional,0.8605285271744351,1.0000000000000002,0.9250366383592202,0.7751016578041914,0.9250366383592202,0.7117008443908324,1.0,0.0,9,0.75
4,nested,10,1.0,10,15,UMAP,hierarchical,0.5142933460981882,0.7266381261140424,0.6022978087831028,0.3106506724970277,0.6022978087831029,0.07415296310763157,1.0,0.11805555555555555,9,0.75
4,nested,10,1.0,10,15,UMAP,flat_full,0.44211410869774026,0.9999999999999998,0.6131471927654583,0.30441792970009673,0.6131471927654584,0.0,1.0,0.0,3,0.25
4,nested,10,1.0,10,15,UMAP,flat_oracle_B,0.25615214493032035,0.9999999999999997,0.4078361780682694,0.1337963291049536,0.40783617806826944,0.0,0.5707462686567164,0.0,2,0.16666666666666666
4,nested,10,1.0,10,15,UMAP,oracle_conditional,0.7161942433644021,0.9908951131022931,0.8314425640268186,0.5587576249937335,0.8314425640268186,0.43326642764042184,1.0,0.2,7,0.5833333333333334
4,nested,11,1.0,10,15,UMAP,hierarchical,0.8160423565637256,0.8406752485119042,0.8281756755631658,0.6028370297780051,0.8281756755631658,0.5260482724470749,1.0,0.175,14,1.1666666666666667
4,nested,11,1.0,10,15,UMAP,flat_full,0.7220547032397729,0.9855502561254409,0.8334728636289227,0.5731944433436217,0.8334728636289228,0.44740168192737073,1.0,0.0,7,0.5833333333333334
4,nested,11,1.0,10,15,UMAP,flat_oracle_B,0.578079787643827,0.9947494604325885,0.7312231223433402,0.39689007506294777,0.7312231223433401,0.709871953387066,0.2864068403280336,0.09722222222222222,5,0.4166666666666667
4,nested,11,1.0,10,15,UMAP,oracle_conditional,0.8572914019466712,0.9966950523267849,0.9217522563371553,0.7716166707571153,0.9217522563371553,0.7071714281966602,1.0,0.0,9,0.75
4,nested,12,1.0,10,15,UMAP,hierarchical,0.8993529005698208,0.9421274121504151,0.9202433661342546,0.8527203350241962,0.9202433661342546,0.8186869420040885,1.0,0.1,11,0.9166666666666666
4,nested,12,1.0,10,15,UMAP,flat_full,0.5929809818837098,0.9999999999999999,0.744492230136365,0.4248,0.744492230136365,0.2203548085901027,1.0,0.0,5,0.4166666666666667
4,nested,12,1.0,10,15,UMAP,flat_oracle_B,0.7500047902981362,0.9999999999999999,0.8571459854922603,0.6213807574929463,0.8571459854922603,0.902514109149609,0.2707658603976148,0.011111111111111112,7,0.5833333333333334
4,nested,12,1.0,10,15,UMAP,oracle_conditional,0.9971347950735001,0.9971544020872724,0.9971445984840024,0.9970107265796819,0.9971445984840024,0.9962517647498635,1.0,0.011111111111111112,12,1.0
4,nested,13,1.0,10,15,UMAP,hierarchical,0.8695922615982863,0.8270021308774305,0.8477626196640867,0.7422135660470204,0.8477626196640868,0.6976312921546356,1.0,0.20694444444444443,15,1.25
4,nested,13,1.0,10,15,UMAP,flat_full,0.7867249481098088,0.9867040027399603,0.875439250028455,0.659862875203175,0.875439250028455,0.5753461785547884,1.0,0.001388888888888889,8,0.6666666666666666
4,nested,13,1.0,10,15,UMAP,flat_oracle_B,0.7349203384306071,0.9961370611685441,0.8458198859110966,0.590461876863132,0.8458198859110966,0.716117915288749,0.635770060617114,0.030555555555555555,7,0.5833333333333334
4,nested,13,1.0,10,15,UMAP,oracle_conditional,0.8574872824856162,0.996691210276888,0.9218638234815271,0.7721304556321503,0.9218638234815271,0.7078394853388813,1.0,0.001388888888888889,9,0.75
4,nested,14,1.0,10,15,UMAP,hierarchical,0.7813870673681039,0.7640194430618551,0.7726056645901157,0.5115886768290709,0.7726056645901157,0.4169081794230931,1.0,0.21805555555555556,16,1.3333333333333333
4,nested,14,1.0,10,15,UMAP,flat_full,0.6684144184766945,0.9999999999999996,0.801257063082653,0.5096612866560581,0.801257063082653,0.33053221288515405,1.0,0.0,6,0.5
4,nested,14,1.0,10,15,UMAP,flat_oracle_B,0.11543129118376834,1.0,0.20697158506511887,0.031780231618637224,0.20697158506511887,0.11017740429505135,0.029628699664166223,0.0,2,0.16666666666666666
4,nested,14,1.0,10,15,UMAP,oracle_conditional,0.7309546990440257,0.9999999999999997,0.8445682598715244,0.5773072203307358,0.8445682598715244,0.45550768491134,1.0,0.006944444444444444,7,0.5833333333333334
4,nested,15,1.0,10,15,UMAP,hierarchical,0.7085593516759257,0.7850797676451743,0.7448594563181948,0.549378002395642,0.744859456318195,0.3867178555338673,1.0,0.1625,12,1.0
4,nested,15,1.0,10,15,UMAP,flat_full,0.615458911321868,0.98037704680386,0.7561952553312679,0.4699610529615888,0.7561952553312679,0.3177207686417973,1.0,0.002777777777777778,5,0.4166666666666667
4,nested,15,1.0,10,15,UMAP,flat_oracle_B,0.7181950380665313,0.996029937611366,0.834597289279739,0.6192699380487968,0.8345972892797389,0.49404966751836416,1.0,0.006944444444444444,6,0.5
4,nested,15,1.0,10,15,UMAP,oracle_conditional,0.7182096983519991,0.9960575705641768,0.8346168888220229,0.6192993339842674,0.834616888822023,0.4940761097623421,1.0,0.0,6,0.5
4,nested,16,1.0,10,15,UMAP,hierarchical,0.9787029828969247,0.8792670400893005,0.926324175580876,0.8557575835933078,0.9263241755808762,0.8172893888055303,1.0,0.09027777777777778,18,1.5
4,nested,16,1.0,10,15,UMAP,flat_full,0.9532478534723589,0.979469520263828,0.9661808088662018,0.89504326785839,0.966180808866202,0.8804001563542964,1.0,0.005555555555555556,12,1.0
4,nested,16,1.0,10,15,UMAP,flat_oracle_B,0.7345325056050921,0.9878949111091293,0.8425793938136135,0.6014439385974223,0.8425793938136135,0.9924085380934725,0.25648072127326454,0.08611111111111111,7,0.5833333333333334
4,nested,16,1.0,10,15,UMAP,oracle_conditional,1.0,1.0,1.0,1.0,1.0,1.0,1.0,0.0,12,1.0
4,nested,17,1.0,10,15,UMAP,hierarchical,0.8290637607652873,0.893804148593026,0.860217576513042,0.6948425303781188,0.8602175765130421,0.6070196055818493,1.0,0.05,12,1.0
4,nested,17,1.0,10,15,UMAP,flat_full,0.6684144184766945,0.9999999999999996,0.801257063082653,0.5096612866560581,0.801257063082653,0.33053221288515405,1.0,0.0,6,0.5
4,nested,17,1.0,10,15,UMAP,flat_oracle_B,0.7678163850362947,1.0,0.8686607857416491,0.5812957328871761,0.8686607857416491,0.7117246598992071,0.6421891182115582,0.005555555555555556,8,0.6666666666666666
4,nested,17,1.0,10,15,UMAP,oracle_conditional,0.8605349703463466,1.0,0.9250403610378302,0.7751097568504278,0.9250403610378304,0.7117246598992071,1.0,0.005555555555555556,9,0.75
4,nested,18,1.0,10,15,UMAP,hierarchical,0.9839190463932839,0.846756172896082,0.9101991630027624,0.8190508874146659,0.9101991630027623,0.78135368594763,1.0,0.1388888888888889,20,1.6666666666666667
4,nested,18,1.0,10,15,UMAP,flat_full,0.9013149898676265,0.993731649432584,0.9452698555959702,0.8347632126627852,0.9452698555959701,0.8009086066815275,1.0,0.0,10,0.8333333333333334
4,nested,18,1.0,10,15,UMAP,flat_oracle_B,0.7311915403826368,0.9999999999999998,0.8447263325016308,0.5779287329617847,0.8447263325016307,1.0,0.13698561586844102,0.006944444444444444,7,0.5833333333333334
4,nested,18,1.0,10,15,UMAP,oracle_conditional,1.0,1.0,1.0,1.0,1.0,1.0,1.0,0.0,12,1.0
4,nested,19,1.0,10,15,UMAP,hierarchical,0.8741864366860618,0.79647982516118,0.8335259724226757,0.6795227621737794,0.8335259724226758,0.5722087015447951,1.0,0.25972222222222224,17,1.4166666666666667
4,nested,19,1.0,10,15,UMAP,flat_full,0.8572914019466712,0.9966950523267849,0.9217522563371553,0.7716166707571153,0.9217522563371553,0.7071714281966602,1.0,0.0,9,0.75
4,nested,19,1.0,10,15,UMAP,flat_oracle_B,0.6330754722703497,0.9954858065930382,0.7739563200067752,0.4198927290936125,0.7739563200067752,0.7091611471120277,0.2975370304421389,0.009722222222222222,6,0.5
4,nested,19,1.0,10,15,UMAP,oracle_conditional,0.8605285271744351,1.0000000000000002,0.9250366383592202,0.7751016578041914,0.9250366383592202,0.7117008443908324,1.0,0.0,9,0.75
4,non_nested,0,1.0,10,15,UMAP,hierarchical,0.8797146126386896,0.924795084938653,0.9016917459731209,0.694347493753806,0.9016917459731209,0.8154458012693014,0.7436828784219471,0.10138888888888889,14,1.1666666666666667
4,non_nested,0,1.0,10,15,UMAP,flat_full,0.8872366344521635,0.9968062417712119,0.9388353378908382,0.7746557131671474,0.9388353378908382,0.9034611997324804,0.7792730031729341,0.0,10,0.8333333333333334
4,non_nested,0,1.0,10,15,UMAP,flat_oracle_B,0.6786174112944232,0.9957952978692797,0.8071654300291649,0.44668445101303844,0.807165430029165,0.7052257375440553,0.38695637194787963,0.03194444444444444,7,0.5833333333333334
4,non_nested,0,1.0,10,15,UMAP,oracle_conditional,0.8603339466065922,0.9999999999999998,0.9249242031796653,0.7745932332686594,0.9249242031796653,0.7110119993666983,1.0,0.001388888888888889,9,0.75
4,non_nested,1,1.0,10,15,UMAP,hierarchical,1.0,0.9517525978995998,0.9752799600972366,0.9629295799946453,0.9752799600972365,0.9297260088236214,1.0,0.10833333333333334,15,1.25
4,non_nested,1,1.0,10,15,UMAP,flat_full,0.90701901811629,1.0,0.9512427610839694,0.8400444938820912,0.9512427610839695,1.0,0.6391166136857955,0.0,10,0.8333333333333334
4,non_nested,1,1.0,10,15,UMAP,flat_oracle_B,0.8589177196031332,1.0,0.9241051505889207,0.7710884340487091,0.9241051505889207,1.0,0.4675642235937254,0.022222222222222223,9,0.75
4,non_nested,1,1.0,10,15,UMAP,oracle_conditional,1.0,1.0,1.0,1.0,1.0,1.0,1.0,0.0,12,1.0
4,non_nested,2,1.0,10,15,UMAP,hierarchical,0.9900037603575119,0.9543806250892051,0.9718658663611838,0.9560487596898251,0.9718658663611839,0.9512284634517814,0.9869133807406035,0.03888888888888889,14,1.1666666666666667
4,non_nested,2,1.0,10,15,UMAP,flat_full,0.9485711591277408,0.9948597548830933,0.9711642066158211,0.9086811939712618,0.9711642066158213,0.9002544456645647,0.9916783378622624,0.0,11,0.9166666666666666
4,non_nested,2,1.0,10,15,UMAP,flat_oracle_B,0.29081727550133857,1.0,0.4505940244538306,0.11447997461108898,0.4505940244538306,0.23514755945463928,0.31135242099702204,0.009722222222222222,3,0.25
4,non_nested,2,1.0,10,15,UMAP,oracle_conditional,0.8055146700427681,0.9964856545582971,0.8908808752979334,0.703473859112174,0.8908808752979333,0.6221004888878582,1.0,0.03888888888888889,8,0.6666666666666666
4,non_nested,3,1.0,10,15,UMAP,hierarchical,0.9676354200539724,0.837984179096706,0.898155041649122,0.8084339431004955,0.8981550416491221,0.7915163602358802,0.9122398119860906,0.16527777777777777,20,1.6666666666666667
4,non_nested,3,1.0,10,15,UMAP,flat_full,0.9505886558195481,0.9970242288782761,0.9732528768887958,0.9112579116219437,0.9732528768887958,0.9981667964006684,0.7796339100928146,0.001388888888888889,11,0.9166666666666666
4,non_nested,3,1.0,10,15,UMAP,flat_oracle_B,0.3692291790722146,0.9999999999999998,0.5393241463381654,0.21191719724087307,0.5393241463381654,0.45884296156151777,0.15202464615065567,0.006944444444444444,3,0.25
4,non_nested,3,1.0,10,15,UMAP,oracle_conditional,0.8836984117279123,0.9968160794563133,0.9368550897426636,0.76364116641132,0.9368550897426635,0.77311388034996,1.0,0.025,10,0.8333333333333334
4,non_nested,4,1.0,10,15,UMAP,hierarchical,0.9891106784969272,0.9018679313552139,0.9434767763630351,0.8990205521919745,0.9434767763630352,0.8856521048123263,0.9807518591051602,0.12222222222222222,17,1.4166666666666667
4,non_nested,4,1.0,10,15,UMAP,flat_full,0.9533796437928076,1.0,0.9761334892808285,0.9138482263849409,0.9761334892808285,1.0,0.7822780061945611,0.002777777777777778,11,0.9166666666666666
4,non_nested,4,1.0,10,15,UMAP,flat_oracle_B,0.7851203804805372,0.9964435475872976,0.8782487396425637,0.6478467904635619,0.8782487396425636,0.9963590600392731,0.2701849223082613,0.05555555555555555,8,0.6666666666666666
4,non_nested,4,1.0,10,15,UMAP,oracle_conditional,0.9535095090581451,1.0,0.9762015538054537,0.9142925259268089,0.9762015538054537,0.9039002814636108,1.0,0.0,11,0.9166666666666666
4,non_nested,5,1.0,10,15,UMAP,hierarchical,0.9631187535933402,0.9277147186406052,0.9450852828955915,0.8808321909476122,0.9450852828955916,0.919752847419535,0.8608311718759617,0.09166666666666666,15,1.25
4,non_nested,5,1.0,10,15,UMAP,flat_full,0.9535095090581451,1.0,0.9762015538054537,0.9142925259268089,0.9762015538054537,1.0,0.782919991373733,0.0,11,0.9166666666666666
4,non_nested,5,1.0,10,15,UMAP,flat_oracle_B,0.4975901931427778,0.9999999999999997,0.6645211693040758,0.3213289791367745,0.6645211693040758,0.567781853651895,0.30593877330256375,0.005555555555555556,4,0.3333333333333333
4,non_nested,5,1.0,10,15,UMAP,oracle_conditional,0.8599421478234917,1.0000000000000002,0.92469773732457,0.7735772832809189,0.9246977373245698,0.7096147890485275,1.0,0.004166666666666667,9,0.75
4,non_nested,6,1.0,10,15,UMAP,hierarchical,0.9950663861659754,0.9951042067844776,0.9950852961158605,0.994017670770404,0.9950852961158606,0.9926270854123228,1.0,0.002777777777777778,12,1.0
4,non_nested,6,1.0,10,15,UMAP,flat_full,0.9535095090581451,1.0,0.9762015538054537,0.9142925259268089,0.9762015538054537,0.9039002814636108,1.0,0.0,11,0.9166666666666666
4,non_nested,6,1.0,10,15,UMAP,flat_oracle_B,0.8035686194958366,0.9964702647463641,0.8896832640901392,0.6996405142091305,0.8896832640901391,0.6908293690284141,0.7692535799993836,0.04027777777777778,8,0.6666666666666666
4,non_nested,6,1.0,10,15,UMAP,oracle_conditional,0.8605285271744351,1.0000000000000002,0.9250366383592202,0.7751016578041914,0.9250366383592202,0.7117008443908324,1.0,0.0,9,0.75
4,non_nested,7,1.0,10,15,UMAP,hierarchical,0.9968377425835485,0.9317330804376206,0.9631865104532473,0.9403245582604874,0.9631865104532473,0.9274455626766743,0.9955612941791646,0.09583333333333334,16,1.3333333333333333
4,non_nested,7,1.0,10,15,UMAP,flat_full,0.9070190181162902,1.0000000000000002,0.9512427610839697,0.8400444938820912,0.9512427610839697,1.0,0.5443021929268602,0.0,10,0.8333333333333334
4,non_nested,7,1.0,10,15,UMAP,flat_oracle_B,0.4957682754859936,0.9940504223005822,0.6615820627600717,0.30084750936341165,0.6615820627600717,0.4939272769183141,0.22508060336607807,0.058333333333333334,4,0.3333333333333333
4,non_nested,7,1.0,10,15,UMAP,oracle_conditional,0.7210466193021219,1.0,0.8379164297065975,0.6213427869272938,0.8379164297065975,0.4967646567886114,1.0,0.019444444444444445,6,0.5
4,non_nested,8,1.0,10,15,UMAP,hierarchical,0.9500703642658174,0.8588526565926653,0.9021616142763371,0.7854660586915133,0.902161614276337,0.81031066284568,0.8026648608781758,0.18194444444444444,18,1.5
4,non_nested,8,1.0,10,15,UMAP,flat_full,0.90701901811629,1.0,0.9512427610839694,0.8400444938820912,0.9512427610839695,1.0,0.6391166136857955,0.0,10,0.8333333333333334
4,non_nested,8,1.0,10,15,UMAP,flat_oracle_B,0.7441190862797131,0.992184681539902,0.8504313269737748,0.6170838499654407,0.8504313269737748,0.9961225312829721,0.16056802948185642,0.034722222222222224,7,0.5833333333333334
4,non_nested,8,1.0,10,15,UMAP,oracle_conditional,0.9070190181162902,1.0000000000000002,0.9512427610839697,0.8400444938820912,0.9512427610839697,0.8078005629272216,1.0,0.0,10,0.8333333333333334
4,non_nested,9,1.0,10,15,UMAP,hierarchical,0.9537002401489995,0.9259127182025977,0.939601078810662,0.8934550502907519,0.939601078810662,0.9217986893196285,0.8247496507510822,0.09027777777777778,14,1.1666666666666667
4,non_nested,9,1.0,10,15,UMAP,flat_full,0.9070190181162902,1.0000000000000002,0.9512427610839697,0.8400444938820912,0.9512427610839697,1.0,0.6391166136857955,0.0,10,0.8333333333333334
4,non_nested,9,1.0,10,15,UMAP,flat_oracle_B,0.43144571979942953,0.9999999999999992,0.6028111493600784,0.22197313634906468,0.6028111493600783,0.4534297297365364,0.22880651912680147,0.013888888888888888,4,0.3333333333333333
4,non_nested,9,1.0,10,15,UMAP,oracle_conditional,0.8605285271744351,1.0000000000000002,0.9250366383592202,0.7751016578041914,0.9250366383592202,0.7117008443908324,1.0,0.0,9,0.75
4,non_nested,10,1.0,10,15,UMAP,hierarchical,0.9427572310296904,0.8789719057521476,0.9097478909336024,0.8694215026294595,0.9097478909336024,0.8207387137890277,1.0,0.18888888888888888,16,1.3333333333333333
4,non_nested,10,1.0,10,15,UMAP,flat_full,0.7622965096928805,0.9936028541013052,0.8627145761539086,0.575758974727065,0.8627145761539087,0.5631921616557038,1.0,0.001388888888888889,8,0.6666666666666666
4,non_nested,10,1.0,10,15,UMAP,flat_oracle_B,0.25615214493032035,0.9999999999999997,0.4078361780682694,0.1337963291049536,0.40783617806826944,0.0,0.5707462686567164,0.0,2,0.16666666666666666
4,non_nested,10,1.0,10,15,UMAP,oracle_conditional,0.7161942433644021,0.9908951131022931,0.8314425640268186,0.5587576249937335,0.8314425640268186,0.43326642764042184,1.0,0.2,7,0.5833333333333334
4,non_nested,11,1.0,10,15,UMAP,hierarchical,0.9969605324484345,0.9462258352806853,0.9709308671821638,0.9528791609442507,0.9709308671821637,0.9395515262380476,0.9955466097022472,0.0625,15,1.25
4,non_nested,11,1.0,10,15,UMAP,flat_full,0.9505380352882082,0.9970099645751616,0.9732195488445222,0.9110500135178202,0.9732195488445222,0.9981506844015259,0.7781475935357289,0.002777777777777778,11,0.9166666666666666
4,non_nested,11,1.0,10,15,UMAP,flat_oracle_B,0.578079787643827,0.9947494604325885,0.7312231223433402,0.39689007506294777,0.7312231223433401,0.709871953387066,0.2864068403280336,0.09722222222222222,5,0.4166666666666667
4,non_nested,11,1.0,10,15,UMAP,oracle_conditional,0.8572914019466712,0.9966950523267849,0.9217522563371553,0.7716166707571153,0.9217522563371553,0.7071714281966602,1.0,0.0,9,0.75
4,non_nested,12,1.0,10,15,UMAP,hierarchical,0.9999999999999998,0.918768735081517,0.9576649007077801,0.9295581672196388,0.9576649007077801,0.9114505686529801,1.0,0.13055555555555556,17,1.4166666666666667
4,non_nested,12,1.0,10,15,UMAP,flat_full,1.0,1.0,1.0,1.0,1.0,1.0,1.0,0.0,12,1.0
4,non_nested,12,1.0,10,15,UMAP,flat_oracle_B,0.7500047902981362,0.9999999999999999,0.8571459854922603,0.6213807574929463,0.8571459854922603,0.902514109149609,0.2707658603976148,0.011111111111111112,7,0.5833333333333334
4,non_nested,12,1.0,10,15,UMAP,oracle_conditional,0.9971347950735001,0.9971544020872724,0.9971445984840024,0.9970107265796819,0.9971445984840024,0.9962517647498635,1.0,0.011111111111111112,12,1.0
4,non_nested,13,1.0,10,15,UMAP,hierarchical,0.9409823179334658,0.8704611014230286,0.9043489806365974,0.7591602360113562,0.9043489806365974,0.832052162548122,0.7474215132714134,0.15833333333333333,18,1.5
4,non_nested,13,1.0,10,15,UMAP,flat_full,0.9506574949338132,0.9970186705640955,0.9732863076017568,0.9114611797138777,0.9732863076017567,0.9962806484260072,0.782919991373733,0.0,11,0.9166666666666666
4,non_nested,13,1.0,10,15,UMAP,flat_oracle_B,0.7349203384306071,0.9961370611685441,0.8458198859110966,0.590461876863132,0.8458198859110966,0.716117915288749,0.635770060617114,0.030555555555555555,7,0.5833333333333334
4,non_nested,13,1.0,10,15,UMAP,oracle_conditional,0.8574872824856162,0.996691210276888,0.9218638234815271,0.7721304556321503,0.9218638234815271,0.7078394853388813,1.0,0.001388888888888889,9,0.75
4,non_nested,14,1.0,10,15,UMAP,hierarchical,0.9999999999999997,0.913892247665191,0.9550090907992053,0.9189705627660125,0.9550090907992054,0.9005673628542396,1.0,0.10833333333333334,17,1.4166666666666667
4,non_nested,14,1.0,10,15,UMAP,flat_full,1.0,1.0,1.0,1.0,1.0,1.0,1.0,0.001388888888888889,12,1.0
4,non_nested,14,1.0,10,15,UMAP,flat_oracle_B,0.11543129118376834,1.0,0.20697158506511887,0.031780231618637224,0.20697158506511887,0.11017740429505135,0.029628699664166223,0.0,2,0.16666666666666666
4,non_nested,14,1.0,10,15,UMAP,oracle_conditional,0.7309546990440257,0.9999999999999997,0.8445682598715244,0.5773072203307358,0.8445682598715244,0.45550768491134,1.0,0.006944444444444444,7,0.5833333333333334
4,non_nested,15,1.0,10,15,UMAP,hierarchical,0.9081360952835664,0.901461678642172,0.904786578195102,0.7862130933714534,0.9047865781951018,0.7439284809106774,0.9951599081463481,0.10416666666666667,14,1.1666666666666667
4,non_nested,15,1.0,10,15,UMAP,flat_full,0.9010383856947436,0.9945749755693751,0.9454989595998705,0.8317192908787835,0.9454989595998705,0.8027745513464158,0.9916319139643496,0.002777777777777778,10,0.8333333333333334
4,non_nested,15,1.0,10,15,UMAP,flat_oracle_B,0.7181950380665313,0.996029937611366,0.834597289279739,0.6192699380487968,0.8345972892797389,0.49404966751836416,1.0,0.006944444444444444,6,0.5
4,non_nested,15,1.0,10,15,UMAP,oracle_conditional,0.7182096983519991,0.9960575705641768,0.8346168888220229,0.6192993339842674,0.834616888822023,0.4940761097623421,1.0,0.0,6,0.5
4,non_nested,16,1.0,10,15,UMAP,hierarchical,0.986876929449022,0.9517767034437369,0.9690090634850669,0.9536995668001503,0.969009063485067,0.9477999821588398,0.9777040098311591,0.04861111111111111,14,1.1666666666666667
4,non_nested,16,1.0,10,15,UMAP,flat_full,0.8893172713738647,0.9999999999999998,0.9414165474993781,0.7745932332686594,0.9414165474993781,0.9039002814636108,0.782321614444422,0.001388888888888889,10,0.8333333333333334
4,non_nested,16,1.0,10,15,UMAP,flat_oracle_B,0.7345325056050921,0.9878949111091293,0.8425793938136135,0.6014439385974223,0.8425793938136135,0.9924085380934725,0.25648072127326454,0.08611111111111111,7,0.5833333333333334
4,non_nested,16,1.0,10,15,UMAP,oracle_conditional,1.0,1.0,1.0,1.0,1.0,1.0,1.0,0.0,12,1.0
4,non_nested,17,1.0,10,15,UMAP,hierarchical,0.834223533472921,0.9176228548741318,0.8739380181739499,0.6678976847970478,0.8739380181739499,0.7769855577931937,0.7444977400943628,0.06805555555555555,12,1.0
4,non_nested,17,1.0,10,15,UMAP,flat_full,0.7637251103094282,0.9962884861804624,0.8646416545027611,0.5761950542789407,0.864641654502761,0.7078389703303474,0.6373783629503431,0.004166666666666667,8,0.6666666666666666
4,non_nested,17,1.0,10,15,UMAP,flat_oracle_B,0.7678163850362947,1.0,0.8686607857416491,0.5812957328871761,0.8686607857416491,0.7117246598992071,0.6421891182115582,0.005555555555555556,8,0.6666666666666666
4,non_nested,17,1.0,10,15,UMAP,oracle_conditional,0.8605349703463466,1.0,0.9250403610378302,0.7751097568504278,0.9250403610378304,0.7117246598992071,1.0,0.005555555555555556,9,0.75
4,non_nested,18,1.0,10,15,UMAP,hierarchical,0.9513858086455139,0.8348796582865535,0.889333274952519,0.7486450980013925,0.8893332749525189,0.7486798496001078,0.8111143945973084,0.14583333333333334,19,1.5833333333333333
4,non_nested,18,1.0,10,15,UMAP,flat_full,0.9535095090581451,1.0,0.9762015538054537,0.9142925259268089,0.9762015538054537,1.0,0.782919991373733,0.0,11,0.9166666666666666
4,non_nested,18,1.0,10,15,UMAP,flat_oracle_B,0.7311915403826368,0.9999999999999998,0.8447263325016308,0.5779287329617847,0.8447263325016307,1.0,0.13698561586844102,0.006944444444444444,7,0.5833333333333334
4,non_nested,18,1.0,10,15,UMAP,oracle_conditional,1.0,1.0,1.0,1.0,1.0,1.0,1.0,0.0,12,1.0
4,non_nested,19,1.0,10,15,UMAP,hierarchical,0.9384511619227099,0.944100235478431,0.9412672229606565,0.854841926158505,0.9412672229606566,0.9448631084099265,0.7528849438111632,0.10555555555555556,14,1.1666666666666667
4,non_nested,19,1.0,10,15,UMAP,flat_full,0.84298098188371,1.0,0.9148016069293341,0.7178178963893249,0.914801606929334,0.9039002814636108,0.5968514125512184,0.0,9,0.75
4,non_nested,19,1.0,10,15,UMAP,flat_oracle_B,0.6330754722703497,0.9954858065930382,0.7739563200067752,0.4198927290936125,0.7739563200067752,0.7091611471120277,0.2975370304421389,0.009722222222222222,6,0.5
4,non_nested,19,1.0,10,15,UMAP,oracle_conditional,0.8605285271744351,1.0000000000000002,0.9250366383592202,0.7751016578041914,0.9250366383592202,0.7117008443908324,1.0,0.0,9,0.75
8,nested,0,1.0,10,15,UMAP,hierarchical,0.6710581001631539,0.8735196246422438,0.7590196470579152,0.4990804809264838,0.7590196470579154,0.38490158480940817,1.0,0.058333333333333334,8,0.6666666666666666
8,nested,0,1.0,10,15,UMAP,flat_full,0.44211410869774026,0.9999999999999998,0.6131471927654583,0.30441792970009673,0.6131471927654584,0.0,1.0,0.0,3,0.25
8,nested,0,1.0,10,15,UMAP,flat_oracle_B,0.6786174112944232,0.9957952978692797,0.8071654300291649,0.44668445101303844,0.807165430029165,0.7052257375440553,0.38695637194787963,0.03194444444444444,7,0.5833333333333334
8,nested,0,1.0,10,15,UMAP,oracle_conditional,0.8603339466065922,0.9999999999999998,0.9249242031796653,0.7745932332686594,0.9249242031796653,0.7110119993666983,1.0,0.001388888888888889,9,0.75
8,nested,1,1.0,10,15,UMAP,hierarchical,1.0,0.8597878629590784,0.9246085320624513,0.8351270087534596,0.9246085320624514,0.7810180243527741,1.0,0.13194444444444445,20,1.6666666666666667
8,nested,1,1.0,10,15,UMAP,flat_full,1.0,1.0,1.0,1.0,1.0,1.0,1.0,0.0,12,1.0
8,nested,1,1.0,10,15,UMAP,flat_oracle_B,0.8589177196031332,1.0,0.9241051505889207,0.7710884340487091,0.9241051505889207,1.0,0.4675642235937254,0.022222222222222223,9,0.75
8,nested,1,1.0,10,15,UMAP,oracle_conditional,1.0,1.0,1.0,1.0,1.0,1.0,1.0,0.0,12,1.0
8,nested,2,1.0,10,15,UMAP,hierarchical,0.6675354742883627,0.6919684015512064,0.6795323843218728,0.464331038457786,0.6795323843218727,0.3209415559106938,1.0,0.24861111111111112,12,1.0
8,nested,2,1.0,10,15,UMAP,flat_full,0.44211410869774026,0.9999999999999998,0.6131471927654583,0.30441792970009673,0.6131471927654584,0.0,1.0,0.0,3,0.25
8,nested,2,1.0,10,15,UMAP,flat_oracle_B,0.29081727550133857,1.0,0.4505940244538306,0.11447997461108898,0.4505940244538306,0.23514755945463928,0.31135242099702204,0.009722222222222222,3,0.25
8,nested,2,1.0,10,15,UMAP,oracle_conditional,0.8055146700427681,0.9964856545582971,0.8908808752979334,0.703473859112174,0.8908808752979333,0.6221004888878582,1.0,0.03888888888888889,8,0.6666666666666666
8,nested,3,1.0,10,15,UMAP,hierarchical,0.7219130671552627,0.7243975205862285,0.7231531599899239,0.4863695759599717,0.7231531599899239,0.34157607972174236,1.0,0.1736111111111111,14,1.1666666666666667
8,nested,3,1.0,10,15,UMAP,flat_full,0.6600253753391699,0.9884035086577377,0.7915068743597672,0.5032581632712033,0.7915068743597672,0.3216516045640007,1.0,0.0,6,0.5
8,nested,3,1.0,10,15,UMAP,flat_oracle_B,0.3692291790722146,0.9999999999999998,0.5393241463381654,0.21191719724087307,0.5393241463381654,0.45884296156151777,0.15202464615065567,0.006944444444444444,3,0.25
8,nested,3,1.0,10,15,UMAP,oracle_conditional,0.8836984117279123,0.9968160794563133,0.9368550897426636,0.76364116641132,0.9368550897426635,0.77311388034996,1.0,0.025,10,0.8333333333333334
8,nested,4,1.0,10,15,UMAP,hierarchical,0.8179049989746362,0.8169095096972883,0.8174069512438082,0.650838650145371,0.8174069512438082,0.5663645246797684,1.0,0.15416666666666667,14,1.1666666666666667
8,nested,4,1.0,10,15,UMAP,flat_full,0.6490641807589322,0.9913242965195617,0.7844886760657933,0.4721114912712263,0.7844886760657933,0.33618872375465064,1.0,0.004166666666666667,6,0.5
8,nested,4,1.0,10,15,UMAP,flat_oracle_B,0.7851203804805372,0.9964435475872976,0.8782487396425637,0.6478467904635619,0.8782487396425636,0.9963590600392731,0.2701849223082613,0.05555555555555555,8,0.6666666666666666
8,nested,4,1.0,10,15,UMAP,oracle_conditional,0.9535095090581451,1.0,0.9762015538054537,0.9142925259268089,0.9762015538054537,0.9039002814636108,1.0,0.0,11,0.9166666666666666
8,nested,5,1.0,10,15,UMAP,hierarchical,0.7500651021677109,0.6769946654006822,0.7116591531915942,0.4473284372381653,0.7116591531915942,0.3327327277847999,1.0,0.33055555555555555,17,1.4166666666666667
8,nested,5,1.0,10,15,UMAP,flat_full,0.7143577626603937,0.9907666742469646,0.8301586082681829,0.6152778256158515,0.830158608268183,0.48872178051153337,1.0,0.0,6,0.5
8,nested,5,1.0,10,15,UMAP,flat_oracle_B,0.4975901931427778,0.9999999999999997,0.6645211693040758,0.3213289791367745,0.6645211693040758,0.567781853651895,0.30593877330256375,0.005555555555555556,4,0.3333333333333333
8,nested,5,1.0,10,15,UMAP,oracle_conditional,0.8599421478234917,1.0000000000000002,0.92469773732457,0.7735772832809189,0.9246977373245698,0.7096147890485275,1.0,0.004166666666666667,9,0.75
8,nested,6,1.0,10,15,UMAP,hierarchical,0.701830240718772,0.7569686667759068,0.7283574163519044,0.5388958749026599,0.7283574163519044,0.4068343933073697,1.0,0.1527777777777778,12,1.0
8,nested,6,1.0,10,15,UMAP,flat_full,0.44211410869774026,0.9999999999999998,0.6131471927654583,0.30441792970009673,0.6131471927654584,0.0,1.0,0.0,3,0.25
8,nested,6,1.0,10,15,UMAP,flat_oracle_B,0.8035686194958366,0.9964702647463641,0.8896832640901392,0.6996405142091305,0.8896832640901391,0.6908293690284141,0.7692535799993836,0.04027777777777778,8,0.6666666666666666
8,nested,6,1.0,10,15,UMAP,oracle_conditional,0.8605285271744351,1.0000000000000002,0.9250366383592202,0.7751016578041914,0.9250366383592202,0.7117008443908324,1.0,0.0,9,0.75
8,nested,7,1.0,10,15,UMAP,hierarchical,0.6901303274828199,0.764542927553791,0.7254333701956901,0.5316424533074038,0.7254333701956901,0.39064784817873227,1.0,0.2013888888888889,12,1.0
8,nested,7,1.0,10,15,UMAP,flat_full,0.44211410869774026,0.9999999999999998,0.6131471927654583,0.30441792970009673,0.6131471927654584,0.0,1.0,0.0,3,0.25
8,nested,7,1.0,10,15,UMAP,flat_oracle_B,0.4957682754859936,0.9940504223005822,0.6615820627600717,0.30084750936341165,0.6615820627600717,0.4939272769183141,0.22508060336607807,0.058333333333333334,4,0.3333333333333333
8,nested,7,1.0,10,15,UMAP,oracle_conditional,0.7210466193021219,1.0,0.8379164297065975,0.6213427869272938,0.8379164297065975,0.4967646567886114,1.0,0.019444444444444445,6,0.5
8,nested,8,1.0,10,15,UMAP,hierarchical,0.843687204544866,0.7606773209632629,0.8000347954351742,0.5945625152605821,0.8000347954351742,0.5110328611549354,1.0,0.12083333333333333,18,1.5
8,nested,8,1.0,10,15,UMAP,flat_full,0.7615299161023683,0.9925793068915454,0.8618378221761258,0.6618688642625562,0.8618378221761259,0.5614278118926145,1.0,0.001388888888888889,7,0.5833333333333334
8,nested,8,1.0,10,15,UMAP,flat_oracle_B,0.7441190862797131,0.992184681539902,0.8504313269737748,0.6170838499654407,0.8504313269737748,0.9961225312829721,0.16056802948185642,0.034722222222222224,7,0.5833333333333334
8,nested,8,1.0,10,15,UMAP,oracle_conditional,0.9070190181162902,1.0000000000000002,0.9512427610839697,0.8400444938820912,0.9512427610839697,0.8078005629272216,1.0,0.0,10,0.8333333333333334
8,nested,9,1.0,10,15,UMAP,hierarchical,0.823880268650844,0.7567575606951581,0.7888937121883913,0.5821228303292975,0.7888937121883912,0.4803525438146661,1.0,0.13333333333333333,18,1.5
8,nested,9,1.0,10,15,UMAP,flat_full,0.7267484264606109,0.9933013266920766,0.8393712738268951,0.5752140417015478,0.839371273826895,0.4486134893146733,1.0,0.0,7,0.5833333333333334
8,nested,9,1.0,10,15,UMAP,flat_oracle_B,0.43144571979942953,0.9999999999999992,0.6028111493600784,0.22197313634906468,0.6028111493600783,0.4534297297365364,0.22880651912680147,0.013888888888888888,4,0.3333333333333333
8,nested,9,1.0,10,15,UMAP,oracle_conditional,0.8605285271744351,1.0000000000000002,0.9250366383592202,0.7751016578041914,0.9250366383592202,0.7117008443908324,1.0,0.0,9,0.75
8,nested,10,1.0,10,15,UMAP,hierarchical,0.6420576880252626,0.6804177947784866,0.6606813992203927,0.4219334180802891,0.6606813992203928,0.27260003328367133,1.0,0.25555555555555554,12,1.0
8,nested,10,1.0,10,15,UMAP,flat_full,0.44211410869774026,0.9999999999999998,0.6131471927654583,0.30441792970009673,0.6131471927654584,0.0,1.0,0.0,3,0.25
8,nested,10,1.0,10,15,UMAP,flat_oracle_B,0.25615214493032035,0.9999999999999997,0.4078361780682694,0.1337963291049536,0.40783617806826944,0.0,0.5707462686567164,0.0,2,0.16666666666666666
8,nested,10,1.0,10,15,UMAP,oracle_conditional,0.7161942433644021,0.9908951131022931,0.8314425640268186,0.5587576249937335,0.8314425640268186,0.43326642764042184,1.0,0.2,7,0.5833333333333334
8,nested,11,1.0,10,15,UMAP,hierarchical,0.7550226486915443,0.8013685804106165,0.7775055742364264,0.5622061823829144,0.7775055742364264,0.4377087134008164,1.0,0.07916666666666666,13,1.0833333333333333
8,nested,11,1.0,10,15,UMAP,flat_full,0.6612537922349567,0.9884248021967652,0.7923963504137589,0.505385266489299,0.7923963504137588,0.32487488761964994,1.0,0.0,6,0.5
8,nested,11,1.0,10,15,UMAP,flat_oracle_B,0.578079787643827,0.9947494604325885,0.7312231223433402,0.39689007506294777,0.7312231223433401,0.709871953387066,0.2864068403280336,0.09722222222222222,5,0.4166666666666667
8,nested,11,1.0,10,15,UMAP,oracle_conditional,0.8572914019466712,0.9966950523267849,0.9217522563371553,0.7716166707571153,0.9217522563371553,0.7071714281966602,1.0,0.0,9,0.75
8,nested,12,1.0,10,15,UMAP,hierarchical,0.869553026039503,0.7906520072032782,0.8282276365166017,0.7260892618396306,0.8282276365166018,0.6553542350610261,1.0,0.20555555555555555,17,1.4166666666666667
8,nested,12,1.0,10,15,UMAP,flat_full,0.5810046626332114,0.9838898731988381,0.7305854685500354,0.4153335426444572,0.7305854685500355,0.20464891330166798,1.0,0.001388888888888889,5,0.4166666666666667
8,nested,12,1.0,10,15,UMAP,flat_oracle_B,0.7500047902981362,0.9999999999999999,0.8571459854922603,0.6213807574929463,0.8571459854922603,0.902514109149609,0.2707658603976148,0.011111111111111112,7,0.5833333333333334
8,nested,12,1.0,10,15,UMAP,oracle_conditional,0.9971347950735001,0.9971544020872724,0.9971445984840024,0.9970107265796819,0.9971445984840024,0.9962517647498635,1.0,0.011111111111111112,12,1.0
8,nested,13,1.0,10,15,UMAP,hierarchical,0.7684495612904819,0.7986663827798213,0.783266654629961,0.5614632358074824,0.783266654629961,0.4954510809956288,1.0,0.1125,14,1.1666666666666667
8,nested,13,1.0,10,15,UMAP,flat_full,0.517547545290725,0.9999999999999997,0.6820841256628641,0.35815033029816107,0.6820841256628641,0.11017740429505135,1.0,0.0,4,0.3333333333333333
8,nested,13,1.0,10,15,UMAP,flat_oracle_B,0.7349203384306071,0.9961370611685441,0.8458198859110966,0.590461876863132,0.8458198859110966,0.716117915288749,0.635770060617114,0.030555555555555555,7,0.5833333333333334
8,nested,13,1.0,10,15,UMAP,oracle_conditional,0.8574872824856162,0.996691210276888,0.9218638234815271,0.7721304556321503,0.9218638234815271,0.7078394853388813,1.0,0.001388888888888889,9,0.75
8,nested,14,1.0,10,15,UMAP,hierarchical,0.7270046265783587,0.785483666969945,0.7551136262340232,0.5545625439557742,0.7551136262340233,0.4526688501833587,1.0,0.10555555555555556,12,1.0
8,nested,14,1.0,10,15,UMAP,flat_full,0.6649514393501809,0.9957431519189908,0.7974022984992063,0.5067992105657104,0.7974022984992064,0.3264567283413533,1.0,0.0,6,0.5
8,nested,14,1.0,10,15,UMAP,flat_oracle_B,0.11543129118376834,1.0,0.20697158506511887,0.031780231618637224,0.20697158506511887,0.11017740429505135,0.029628699664166223,0.0,2,0.16666666666666666
8,nested,14,1.0,10,15,UMAP,oracle_conditional,0.7309546990440257,0.9999999999999997,0.8445682598715244,0.5773072203307358,0.8445682598715244,0.45550768491134,1.0,0.006944444444444444,7,0.5833333333333334
8,nested,15,1.0,10,15,UMAP,hierarchical,0.6719193282799905,0.6964828708623765,0.6839806352864232,0.4268592844124841,0.6839806352864232,0.2818092339708269,1.0,0.24861111111111112,13,1.0833333333333333
8,nested,15,1.0,10,15,UMAP,flat_full,0.5255204870105641,0.9822435498712258,0.6847080790689817,0.37295439641409295,0.6847080790689818,0.15462708829154023,1.0,0.0,4,0.3333333333333333
8,nested,15,1.0,10,15,UMAP,flat_oracle_B,0.7181950380665313,0.996029937611366,0.834597289279739,0.6192699380487968,0.8345972892797389,0.49404966751836416,1.0,0.006944444444444444,6,0.5
8,nested,15,1.0,10,15,UMAP,oracle_conditional,0.7182096983519991,0.9960575705641768,0.8346168888220229,0.6192993339842674,0.834616888822023,0.4940761097623421,1.0,0.0,6,0.5
8,nested,16,1.0,10,15,UMAP,hierarchical,0.9731407837265258,0.8664516893941153,0.9167024636144678,0.8262191902806315,0.9167024636144678,0.7888694062767386,1.0,0.0763888888888889,18,1.5
8,nested,16,1.0,10,15,UMAP,flat_full,0.8605285271744351,1.0000000000000002,0.9250366383592202,0.7751016578041914,0.9250366383592202,0.7117008443908324,1.0,0.0,9,0.75
8,nested,16,1.0,10,15,UMAP,flat_oracle_B,0.7345325056050921,0.9878949111091293,0.8425793938136135,0.6014439385974223,0.8425793938136135,0.9924085380934725,0.25648072127326454,0.08611111111111111,7,0.5833333333333334
8,nested,16,1.0,10,15,UMAP,oracle_conditional,1.0,1.0,1.0,1.0,1.0,1.0,1.0,0.0,12,1.0
8,nested,17,1.0,10,15,UMAP,hierarchical,0.8153431174585865,0.7992486090681481,0.8072156469473555,0.6230890987859734,0.8072156469473555,0.5128908246374566,1.0,0.1361111111111111,15,1.25
8,nested,17,1.0,10,15,UMAP,flat_full,0.6684144184766945,0.9999999999999996,0.801257063082653,0.5096612866560581,0.801257063082653,0.33053221288515405,1.0,0.0,6,0.5
8,nested,17,1.0,10,15,UMAP,flat_oracle_B,0.7678163850362947,1.0,0.8686607857416491,0.5812957328871761,0.8686607857416491,0.7117246598992071,0.6421891182115582,0.005555555555555556,8,0.6666666666666666
8,nested,17,1.0,10,15,UMAP,oracle_conditional,0.8605349703463466,1.0,0.9250403610378302,0.7751097568504278,0.9250403610378304,0.7117246598992071,1.0,0.005555555555555556,9,0.75
8,nested,18,1.0,10,15,UMAP,hierarchical,0.9397145298741787,0.8323439439780618,0.8827763976756711,0.7828494253038735,0.8827763976756711,0.722115574977337,1.0,0.14583333333333334,18,1.5
8,nested,18,1.0,10,15,UMAP,flat_full,0.8555901772440311,0.9943043221189611,0.919746516884299,0.7702032122556371,0.9197465168842991,0.7054175780831428,1.0,0.0,9,0.75
8,nested,18,1.0,10,15,UMAP,flat_oracle_B,0.7311915403826368,0.9999999999999998,0.8447263325016308,0.5779287329617847,0.8447263325016307,1.0,0.13698561586844102,0.006944444444444444,7,0.5833333333333334
8,nested,18,1.0,10,15,UMAP,oracle_conditional,1.0,1.0,1.0,1.0,1.0,1.0,1.0,0.0,12,1.0
8,nested,19,1.0,10,15,UMAP,hierarchical,0.8786481238964114,0.7731923950645595,0.8225540414298312,0.6580967872506012,0.8225540414298312,0.5926901350803869,1.0,0.21944444444444444,18,1.5
8,nested,19,1.0,10,15,UMAP,flat_full,0.848341047716615,0.9876747721982851,0.9127209493094656,0.7612224803273949,0.9127209493094657,0.6936675415775255,1.0,0.0,9,0.75
8,nested,19,1.0,10,15,UMAP,flat_oracle_B,0.6330754722703497,0.9954858065930382,0.7739563200067752,0.4198927290936125,0.7739563200067752,0.7091611471120277,0.2975370304421389,0.009722222222222222,6,0.5
8,nested,19,1.0,10,15,UMAP,oracle_conditional,0.8605285271744351,1.0000000000000002,0.9250366383592202,0.7751016578041914,0.9250366383592202,0.7117008443908324,1.0,0.0,9,0.75
8,non_nested,0,1.0,10,15,UMAP,hierarchical,0.8847236855082234,0.9582594359422819,0.9200245080623818,0.7426385556303418,0.9200245080623817,0.8734214508753105,0.7657842212787579,0.05277777777777778,12,1.0
8,non_nested,0,1.0,10,15,UMAP,flat_full,0.8881776348986773,0.9968221410269176,0.9393689515927776,0.7777860244783611,0.9393689515927777,0.9049240642262971,0.7790354623586705,0.002777777777777778,10,0.8333333333333334
8,non_nested,0,1.0,10,15,UMAP,flat_oracle_B,0.6786174112944232,0.9957952978692797,0.8071654300291649,0.44668445101303844,0.807165430029165,0.7052257375440553,0.38695637194787963,0.03194444444444444,7,0.5833333333333334
8,non_nested,0,1.0,10,15,UMAP,oracle_conditional,0.8603339466065922,0.9999999999999998,0.9249242031796653,0.7745932332686594,0.9249242031796653,0.7110119993666983,1.0,0.001388888888888889,9,0.75
8,non_nested,1,1.0,10,15,UMAP,hierarchical,0.9969889357721691,0.9423307935613525,0.9688896171246073,0.9464184650943923,0.9688896171246072,0.9319242553366668,0.9954435268291757,0.06388888888888888,15,1.25
8,non_nested,1,1.0,10,15,UMAP,flat_full,0.9037818928885261,0.996864525603129,0.9480438856355061,0.8362533097704395,0.9480438856355061,0.9981506844015259,0.6342366226303547,0.0,10,0.8333333333333334
8,non_nested,1,1.0,10,15,UMAP,flat_oracle_B,0.8589177196031332,1.0,0.9241051505889207,0.7710884340487091,0.9241051505889207,1.0,0.4675642235937254,0.022222222222222223,9,0.75
8,non_nested,1,1.0,10,15,UMAP,oracle_conditional,1.0,1.0,1.0,1.0,1.0,1.0,1.0,0.0,12,1.0
8,non_nested,2,1.0,10,15,UMAP,hierarchical,0.9917226187748182,0.9418549352819913,0.9661457239862024,0.9465446060497289,0.9661457239862022,0.9344194620099945,0.9910074910010749,0.059722222222222225,15,1.25
8,non_nested,2,1.0,10,15,UMAP,flat_full,0.9506574949338132,0.9970186705640955,0.9732863076017568,0.9114611797138777,0.9732863076017567,0.9020509658651367,0.9958304277669653,0.0,11,0.9166666666666666
8,non_nested,2,1.0,10,15,UMAP,flat_oracle_B,0.29081727550133857,1.0,0.4505940244538306,0.11447997461108898,0.4505940244538306,0.23514755945463928,0.31135242099702204,0.009722222222222222,3,0.25
8,non_nested,2,1.0,10,15,UMAP,oracle_conditional,0.8055146700427681,0.9964856545582971,0.8908808752979334,0.703473859112174,0.8908808752979333,0.6221004888878582,1.0,0.03888888888888889,8,0.6666666666666666
8,non_nested,3,1.0,10,15,UMAP,hierarchical,0.972034207356464,0.880017628425285,0.9237400610280658,0.8619910460547321,0.9237400610280658,0.845493211524921,0.9252721636483962,0.15555555555555556,17,1.4166666666666667
8,non_nested,3,1.0,10,15,UMAP,flat_full,0.9506574949338132,0.9970186705640955,0.9732863076017568,0.9114611797138777,0.9732863076017567,0.9981506844015259,0.7797517851753654,0.0,11,0.9166666666666666
8,non_nested,3,1.0,10,15,UMAP,flat_oracle_B,0.3692291790722146,0.9999999999999998,0.5393241463381654,0.21191719724087307,0.5393241463381654,0.45884296156151777,0.15202464615065567,0.006944444444444444,3,0.25
8,non_nested,3,1.0,10,15,UMAP,oracle_conditional,0.8836984117279123,0.9968160794563133,0.9368550897426636,0.76364116641132,0.9368550897426635,0.77311388034996,1.0,0.025,10,0.8333333333333334
8,non_nested,4,1.0,10,15,UMAP,hierarchical,0.9775846761538813,0.9113890148269816,0.9433269919680063,0.9025547044414685,0.9433269919680063,0.9017609162967078,0.9503781789172566,0.10694444444444444,16,1.3333333333333333
8,non_nested,4,1.0,10,15,UMAP,flat_full,0.9535095090581451,1.0,0.9762015538054537,0.9142925259268089,0.9762015538054537,1.0,0.782919991373733,0.0,11,0.9166666666666666
8,non_nested,4,1.0,10,15,UMAP,flat_oracle_B,0.7851203804805372,0.9964435475872976,0.8782487396425637,0.6478467904635619,0.8782487396425636,0.9963590600392731,0.2701849223082613,0.05555555555555555,8,0.6666666666666666
8,non_nested,4,1.0,10,15,UMAP,oracle_conditional,0.9535095090581451,1.0,0.9762015538054537,0.9142925259268089,0.9762015538054537,0.9039002814636108,1.0,0.0,11,0.9166666666666666
8,non_nested,5,1.0,10,15,UMAP,hierarchical,0.9901216142619746,0.9755984084254586,0.9828063608987561,0.9785961381681416,0.9828063608987562,0.9794633327699218,0.983039298542449,0.05,13,1.0833333333333333
8,non_nested,5,1.0,10,15,UMAP,flat_full,0.9535095090581451,1.0,0.9762015538054537,0.9142925259268089,0.9762015538054537,1.0,0.782919991373733,0.0,11,0.9166666666666666
8,non_nested,5,1.0,10,15,UMAP,flat_oracle_B,0.4975901931427778,0.9999999999999997,0.6645211693040758,0.3213289791367745,0.6645211693040758,0.567781853651895,0.30593877330256375,0.005555555555555556,4,0.3333333333333333
8,non_nested,5,1.0,10,15,UMAP,oracle_conditional,0.8599421478234917,1.0000000000000002,0.92469773732457,0.7735772832809189,0.9246977373245698,0.7096147890485275,1.0,0.004166666666666667,9,0.75
8,non_nested,6,1.0,10,15,UMAP,hierarchical,0.9967239060667428,0.8922708858767209,0.9416095019782307,0.8884200600205393,0.9416095019782307,0.8563441864776963,1.0,0.13333333333333333,18,1.5
8,non_nested,6,1.0,10,15,UMAP,flat_full,0.9535095090581451,1.0,0.9762015538054537,0.9142925259268089,0.9762015538054537,0.9039002814636108,1.0,0.0,11,0.9166666666666666
8,non_nested,6,1.0,10,15,UMAP,flat_oracle_B,0.8035686194958366,0.9964702647463641,0.8896832640901392,0.6996405142091305,0.8896832640901391,0.6908293690284141,0.7692535799993836,0.04027777777777778,8,0.6666666666666666
8,non_nested,6,1.0,10,15,UMAP,oracle_conditional,0.8605285271744351,1.0000000000000002,0.9250366383592202,0.7751016578041914,0.9250366383592202,0.7117008443908324,1.0,0.0,9,0.75
8,non_nested,7,1.0,10,15,UMAP,hierarchical,0.9967841776447756,0.9309072168050885,0.9627200569948701,0.9413178978855539,0.9627200569948703,0.9286130832819314,0.995413598352721,0.11388888888888889,16,1.3333333333333333
8,non_nested,7,1.0,10,15,UMAP,flat_full,0.9535095090581451,1.0,0.9762015538054537,0.9142925259268089,0.9762015538054537,1.0,0.782919991373733,0.0,11,0.9166666666666666
8,non_nested,7,1.0,10,15,UMAP,flat_oracle_B,0.4957682754859936,0.9940504223005822,0.6615820627600717,0.30084750936341165,0.6615820627600717,0.4939272769183141,0.22508060336607807,0.058333333333333334,4,0.3333333333333333
8,non_nested,7,1.0,10,15,UMAP,oracle_conditional,0.7210466193021219,1.0,0.8379164297065975,0.6213427869272938,0.8379164297065975,0.4967646567886114,1.0,0.019444444444444445,6,0.5
8,non_nested,8,1.0,10,15,UMAP,hierarchical,0.953608009878149,0.8654090562676339,0.9073702751195254,0.8146015157470338,0.9073702751195253,0.8207573794897236,0.8232985694138255,0.13472222222222222,17,1.4166666666666667
8,non_nested,8,1.0,10,15,UMAP,flat_full,0.90701901811629,1.0,0.9512427610839694,0.8400444938820912,0.9512427610839695,1.0,0.6391166136857955,0.0,10,0.8333333333333334
8,non_nested,8,1.0,10,15,UMAP,flat_oracle_B,0.7441190862797131,0.992184681539902,0.8504313269737748,0.6170838499654407,0.8504313269737748,0.9961225312829721,0.16056802948185642,0.034722222222222224,7,0.5833333333333334
8,non_nested,8,1.0,10,15,UMAP,oracle_conditional,0.9070190181162902,1.0000000000000002,0.9512427610839697,0.8400444938820912,0.9512427610839697,0.8078005629272216,1.0,0.0,10,0.8333333333333334
8,non_nested,9,1.0,10,15,UMAP,hierarchical,0.9508028624875681,0.8828548944406894,0.9155699395088479,0.8353935605364232,0.9155699395088479,0.8503915243037393,0.789261541423886,0.1736111111111111,16,1.3333333333333333
8,non_nested,9,1.0,10,15,UMAP,flat_full,0.9070190181162902,1.0000000000000002,0.9512427610839697,0.8400444938820912,0.9512427610839697,1.0,0.6391166136857955,0.0,10,0.8333333333333334
8,non_nested,9,1.0,10,15,UMAP,flat_oracle_B,0.43144571979942953,0.9999999999999992,0.6028111493600784,0.22197313634906468,0.6028111493600783,0.4534297297365364,0.22880651912680147,0.013888888888888888,4,0.3333333333333333
8,non_nested,9,1.0,10,15,UMAP,oracle_conditional,0.8605285271744351,1.0000000000000002,0.9250366383592202,0.7751016578041914,0.9250366383592202,0.7117008443908324,1.0,0.0,9,0.75
8,non_nested,10,1.0,10,15,UMAP,hierarchical,0.9262127637178648,0.8773344854927952,0.9011112948317982,0.8369449179605171,0.9011112948317982,0.7976431396750979,1.0,0.225,15,1.25
8,non_nested,10,1.0,10,15,UMAP,flat_full,0.7210570543488701,1.0,0.8379234756068777,0.5433470943156558,0.8379234756068777,0.47446722959388826,1.0,0.0,7,0.5833333333333334
8,non_nested,10,1.0,10,15,UMAP,flat_oracle_B,0.25615214493032035,0.9999999999999997,0.4078361780682694,0.1337963291049536,0.40783617806826944,0.0,0.5707462686567164,0.0,2,0.16666666666666666
8,non_nested,10,1.0,10,15,UMAP,oracle_conditional,0.7161942433644021,0.9908951131022931,0.8314425640268186,0.5587576249937335,0.8314425640268186,0.43326642764042184,1.0,0.2,7,0.5833333333333334
8,non_nested,11,1.0,10,15,UMAP,hierarchical,1.0,0.8936520890820912,0.9438397837009972,0.8907416898018222,0.9438397837009971,0.8598290946161901,1.0,0.13472222222222222,18,1.5
8,non_nested,11,1.0,10,15,UMAP,flat_full,0.9505290048845474,0.9970198997523286,0.9732195488445224,0.9110500730590517,0.9732195488445223,0.9981667964006684,0.7786287128668676,0.002777777777777778,11,0.9166666666666666
8,non_nested,11,1.0,10,15,UMAP,flat_oracle_B,0.578079787643827,0.9947494604325885,0.7312231223433402,0.39689007506294777,0.7312231223433401,0.709871953387066,0.2864068403280336,0.09722222222222222,5,0.4166666666666667
8,non_nested,11,1.0,10,15,UMAP,oracle_conditional,0.8572914019466712,0.9966950523267849,0.9217522563371553,0.7716166707571153,0.9217522563371553,0.7071714281966602,1.0,0.0,9,0.75
8,non_nested,12,1.0,10,15,UMAP,hierarchical,1.0,0.9102698475787154,0.9530274989499424,0.9103758591208855,0.9530274989499423,0.8817606009539515,1.0,0.08472222222222223,17,1.4166666666666667
8,non_nested,12,1.0,10,15,UMAP,flat_full,1.0,1.0,1.0,1.0,1.0,1.0,1.0,0.0,12,1.0
8,non_nested,12,1.0,10,15,UMAP,flat_oracle_B,0.7500047902981362,0.9999999999999999,0.8571459854922603,0.6213807574929463,0.8571459854922603,0.902514109149609,0.2707658603976148,0.011111111111111112,7,0.5833333333333334
8,non_nested,12,1.0,10,15,UMAP,oracle_conditional,0.9971347950735001,0.9971544020872724,0.9971445984840024,0.9970107265796819,0.9971445984840024,0.9962517647498635,1.0,0.011111111111111112,12,1.0
8,non_nested,13,1.0,10,15,UMAP,hierarchical,0.9598751708102948,0.9422844792966044,0.9509984879196522,0.9191756607511278,0.9509984879196522,0.9380620615083838,0.8407616283580001,0.04861111111111111,13,1.0833333333333333
8,non_nested,13,1.0,10,15,UMAP,flat_full,0.9506574949338132,0.9970186705640955,0.9732863076017568,0.9114611797138777,0.9732863076017567,0.9962806484260072,0.782919991373733,0.0,11,0.9166666666666666
8,non_nested,13,1.0,10,15,UMAP,flat_oracle_B,0.7349203384306071,0.9961370611685441,0.8458198859110966,0.590461876863132,0.8458198859110966,0.716117915288749,0.635770060617114,0.030555555555555555,7,0.5833333333333334
8,non_nested,13,1.0,10,15,UMAP,oracle_conditional,0.8574872824856162,0.996691210276888,0.9218638234815271,0.7721304556321503,0.9218638234815271,0.7078394853388813,1.0,0.001388888888888889,9,0.75
8,non_nested,14,1.0,10,15,UMAP,hierarchical,1.0,0.9189591695377674,0.9577683403854009,0.9329738572227038,0.9577683403854009,0.90183018093735,1.0,0.1486111111111111,17,1.4166666666666667
8,non_nested,14,1.0,10,15,UMAP,flat_full,0.9971493610917398,0.99715883440733,0.9971540977270349,0.9969828543885192,0.9971540977270349,0.9962812243889094,1.0,0.002777777777777778,12,1.0
8,non_nested,14,1.0,10,15,UMAP,flat_oracle_B,0.11543129118376834,1.0,0.20697158506511887,0.031780231618637224,0.20697158506511887,0.11017740429505135,0.029628699664166223,0.0,2,0.16666666666666666
8,non_nested,14,1.0,10,15,UMAP,oracle_conditional,0.7309546990440257,0.9999999999999997,0.8445682598715244,0.5773072203307358,0.8445682598715244,0.45550768491134,1.0,0.006944444444444444,7,0.5833333333333334
8,non_nested,15,1.0,10,15,UMAP,hierarchical,0.9671632525093896,0.8779267886702309,0.9203870916267808,0.8662947400717025,0.9203870916267808,0.7978281099804789,1.0,0.14722222222222223,17,1.4166666666666667
8,non_nested,15,1.0,10,15,UMAP,flat_full,0.84298098188371,1.0,0.9148016069293341,0.7178178963893249,0.914801606929334,0.8078005629272216,0.782919991373733,0.0,9,0.75
8,non_nested,15,1.0,10,15,UMAP,flat_oracle_B,0.7181950380665313,0.996029937611366,0.834597289279739,0.6192699380487968,0.8345972892797389,0.49404966751836416,1.0,0.006944444444444444,6,0.5
8,non_nested,15,1.0,10,15,UMAP,oracle_conditional,0.7182096983519991,0.9960575705641768,0.8346168888220229,0.6192993339842674,0.834616888822023,0.4940761097623421,1.0,0.0,6,0.5
8,non_nested,16,1.0,10,15,UMAP,hierarchical,0.989412446473065,0.9190990282021907,0.9529604931500663,0.9196885769571236,0.9529604931500666,0.9019639402651397,0.9817846454221373,0.08472222222222223,16,1.3333333333333333
8,non_nested,16,1.0,10,15,UMAP,flat_full,0.8894714728255648,0.9999999999999998,0.9415029394388537,0.7751016578041914,0.9415029394388537,0.9039002814636108,0.782919991373733,0.0,10,0.8333333333333334
8,non_nested,16,1.0,10,15,UMAP,flat_oracle_B,0.7345325056050921,0.9878949111091293,0.8425793938136135,0.6014439385974223,0.8425793938136135,0.9924085380934725,0.25648072127326454,0.08611111111111111,7,0.5833333333333334
8,non_nested,16,1.0,10,15,UMAP,oracle_conditional,1.0,1.0,1.0,1.0,1.0,1.0,1.0,0.0,12,1.0
8,non_nested,17,1.0,10,15,UMAP,hierarchical,0.8294803602688066,0.9342147515662469,0.8787378084768162,0.6757872110321809,0.8787378084768163,0.763816812271367,0.7745526796941838,0.04861111111111111,11,0.9166666666666666
8,non_nested,17,1.0,10,15,UMAP,flat_full,0.7210570543488701,1.0,0.8379234756068777,0.5433470943156558,0.8379234756068777,0.7117008443908324,0.5705411539839923,0.0,7,0.5833333333333334
8,non_nested,17,1.0,10,15,UMAP,flat_oracle_B,0.7678163850362947,1.0,0.8686607857416491,0.5812957328871761,0.8686607857416491,0.7117246598992071,0.6421891182115582,0.005555555555555556,8,0.6666666666666666
8,non_nested,17,1.0,10,15,UMAP,oracle_conditional,0.8605349703463466,1.0,0.9250403610378302,0.7751097568504278,0.9250403610378304,0.7117246598992071,1.0,0.005555555555555556,9,0.75
8,non_nested,18,1.0,10,15,UMAP,hierarchical,0.9690703425515749,0.8454971868407241,0.9030760610518953,0.8230505971918798,0.9030760610518954,0.7762895487845269,0.8755316158143993,0.17083333333333334,19,1.5833333333333333
8,non_nested,18,1.0,10,15,UMAP,flat_full,0.9535095090581451,1.0,0.9762015538054537,0.9142925259268089,0.9762015538054537,1.0,0.782919991373733,0.0,11,0.9166666666666666
8,non_nested,18,1.0,10,15,UMAP,flat_oracle_B,0.7311915403826368,0.9999999999999998,0.8447263325016308,0.5779287329617847,0.8447263325016307,1.0,0.13698561586844102,0.006944444444444444,7,0.5833333333333334
8,non_nested,18,1.0,10,15,UMAP,oracle_conditional,1.0,1.0,1.0,1.0,1.0,1.0,1.0,0.0,12,1.0
8,non_nested,19,1.0,10,15,UMAP,hierarchical,0.9936465867035993,0.928081400727552,0.9597455228289077,0.936476256754962,0.9597455228289076,0.905966536601981,0.9950712131668125,0.09722222222222222,16,1.3333333333333333
8,non_nested,19,1.0,10,15,UMAP,flat_full,0.84298098188371,1.0,0.9148016069293341,0.7178178963893249,0.914801606929334,0.9039002814636108,0.5968514125512184,0.0,9,0.75
8,non_nested,19,1.0,10,15,UMAP,flat_oracle_B,0.6330754722703497,0.9954858065930382,0.7739563200067752,0.4198927290936125,0.7739563200067752,0.7091611471120277,0.2975370304421389,0.009722222222222222,6,0.5
8,non_nested,19,1.0,10,15,UMAP,oracle_conditional,0.8605285271744351,1.0000000000000002,0.9250366383592202,0.7751016578041914,0.9250366383592202,0.7117008443908324,1.0,0.0,9,0.75
16,nested,0,1.0,10,15,UMAP,hierarchical,0.6695788959364124,0.640387015053652,0.65465769286708,0.4237437115890871,0.6546576928670799,0.28591622724215626,1.0,0.13194444444444445,16,1.3333333333333333
16,nested,0,1.0,10,15,UMAP,flat_full,0.44211410869774026,0.9999999999999998,0.6131471927654583,0.30441792970009673,0.6131471927654584,0.0,1.0,0.0,3,0.25
16,nested,0,1.0,10,15,UMAP,flat_oracle_B,0.6786174112944232,0.9957952978692797,0.8071654300291649,0.44668445101303844,0.807165430029165,0.7052257375440553,0.38695637194787963,0.03194444444444444,7,0.5833333333333334
16,nested,0,1.0,10,15,UMAP,oracle_conditional,0.8603339466065922,0.9999999999999998,0.9249242031796653,0.7745932332686594,0.9249242031796653,0.7110119993666983,1.0,0.001388888888888889,9,0.75
16,nested,1,1.0,10,15,UMAP,hierarchical,1.0000000000000002,0.8742098666858227,0.9328836457698237,0.8526806458693139,0.9328836457698237,0.8209750322960115,1.0,0.08055555555555556,19,1.5833333333333333
16,nested,1,1.0,10,15,UMAP,flat_full,0.997144006950684,0.9971533093224506,0.9971486581148719,0.9969398259719828,0.997148658114872,0.9962806484260072,1.0,0.001388888888888889,12,1.0
16,nested,1,1.0,10,15,UMAP,flat_oracle_B,0.8589177196031332,1.0,0.9241051505889207,0.7710884340487091,0.9241051505889207,1.0,0.4675642235937254,0.022222222222222223,9,0.75
16,nested,1,1.0,10,15,UMAP,oracle_conditional,1.0,1.0,1.0,1.0,1.0,1.0,1.0,0.0,12,1.0
16,nested,2,1.0,10,15,UMAP,hierarchical,0.5987438148681599,0.6256458941692885,0.6118993105977887,0.3832042569326739,0.6118993105977886,0.2082647500899216,1.0,0.19166666666666668,13,1.0833333333333333
16,nested,2,1.0,10,15,UMAP,flat_full,0.44211410869774026,0.9999999999999998,0.6131471927654583,0.30441792970009673,0.6131471927654584,0.0,1.0,0.0,3,0.25
16,nested,2,1.0,10,15,UMAP,flat_oracle_B,0.29081727550133857,1.0,0.4505940244538306,0.11447997461108898,0.4505940244538306,0.23514755945463928,0.31135242099702204,0.009722222222222222,3,0.25
16,nested,2,1.0,10,15,UMAP,oracle_conditional,0.8055146700427681,0.9964856545582971,0.8908808752979334,0.703473859112174,0.8908808752979333,0.6221004888878582,1.0,0.03888888888888889,8,0.6666666666666666
16,nested,3,1.0,10,15,UMAP,hierarchical,0.6858129105146585,0.6323661544236256,0.6580060090645323,0.4125664184260573,0.6580060090645324,0.2868798860070746,1.0,0.1597222222222222,17,1.4166666666666667
16,nested,3,1.0,10,15,UMAP,flat_full,0.5741400096792096,0.9456246234510977,0.7144802802034429,0.39555682848039037,0.7144802802034428,0.1746923823320138,1.0,0.004166666666666667,6,0.5
16,nested,3,1.0,10,15,UMAP,flat_oracle_B,0.3692291790722146,0.9999999999999998,0.5393241463381654,0.21191719724087307,0.5393241463381654,0.45884296156151777,0.15202464615065567,0.006944444444444444,3,0.25
16,nested,3,1.0,10,15,UMAP,oracle_conditional,0.8836984117279123,0.9968160794563133,0.9368550897426636,0.76364116641132,0.9368550897426635,0.77311388034996,1.0,0.025,10,0.8333333333333334
16,nested,4,1.0,10,15,UMAP,hierarchical,0.7747275799767012,0.792143201442809,0.7833386042118998,0.6096004710445911,0.7833386042118997,0.5069748266402159,1.0,0.08888888888888889,13,1.0833333333333333
16,nested,4,1.0,10,15,UMAP,flat_full,0.5625488069829936,0.9743077536647421,0.7132684708420367,0.3863723585106954,0.7132684708420366,0.20476261031801254,1.0,0.002777777777777778,5,0.4166666666666667
16,nested,4,1.0,10,15,UMAP,flat_oracle_B,0.7851203804805372,0.9964435475872976,0.8782487396425637,0.6478467904635619,0.8782487396425636,0.9963590600392731,0.2701849223082613,0.05555555555555555,8,0.6666666666666666
16,nested,4,1.0,10,15,UMAP,oracle_conditional,0.9535095090581451,1.0,0.9762015538054537,0.9142925259268089,0.9762015538054537,0.9039002814636108,1.0,0.0,11,0.9166666666666666
16,nested,5,1.0,10,15,UMAP,hierarchical,0.71514134159477,0.8202767203768211,0.764109539698891,0.5503562878758534,0.7641095396988908,0.41049866388359496,1.0,0.1361111111111111,10,0.8333333333333334
16,nested,5,1.0,10,15,UMAP,flat_full,0.7065432686904822,0.9799828407499206,0.8210964249984541,0.6090038919633621,0.8210964249984541,0.4803248563996523,1.0,0.002777777777777778,6,0.5
16,nested,5,1.0,10,15,UMAP,flat_oracle_B,0.4975901931427778,0.9999999999999997,0.6645211693040758,0.3213289791367745,0.6645211693040758,0.567781853651895,0.30593877330256375,0.005555555555555556,4,0.3333333333333333
16,nested,5,1.0,10,15,UMAP,oracle_conditional,0.8599421478234917,1.0000000000000002,0.92469773732457,0.7735772832809189,0.9246977373245698,0.7096147890485275,1.0,0.004166666666666667,9,0.75
16,nested,6,1.0,10,15,UMAP,hierarchical,0.6307575143531429,0.6277154482560395,0.6292328045604679,0.39383507354991226,0.6292328045604678,0.2362365652060551,1.0,0.12361111111111112,15,1.25
16,nested,6,1.0,10,15,UMAP,flat_full,0.44211410869774026,0.9999999999999998,0.6131471927654583,0.30441792970009673,0.6131471927654584,0.0,1.0,0.0,3,0.25
16,nested,6,1.0,10,15,UMAP,flat_oracle_B,0.8035686194958366,0.9964702647463641,0.8896832640901392,0.6996405142091305,0.8896832640901391,0.6908293690284141,0.7692535799993836,0.04027777777777778,8,0.6666666666666666
16,nested,6,1.0,10,15,UMAP,oracle_conditional,0.8605285271744351,1.0000000000000002,0.9250366383592202,0.7751016578041914,0.9250366383592202,0.7117008443908324,1.0,0.0,9,0.75
16,nested,7,1.0,10,15,UMAP,hierarchical,0.6739784787681445,0.7965354655075297,0.7301498410368001,0.5350055829855017,0.7301498410368,0.35110142097383096,1.0,0.18333333333333332,10,0.8333333333333334
16,nested,7,1.0,10,15,UMAP,flat_full,0.44211410869774026,0.9999999999999998,0.6131471927654583,0.30441792970009673,0.6131471927654584,0.0,1.0,0.0,3,0.25
16,nested,7,1.0,10,15,UMAP,flat_oracle_B,0.4957682754859936,0.9940504223005822,0.6615820627600717,0.30084750936341165,0.6615820627600717,0.4939272769183141,0.22508060336607807,0.058333333333333334,4,0.3333333333333333
16,nested,7,1.0,10,15,UMAP,oracle_conditional,0.7210466193021219,1.0,0.8379164297065975,0.6213427869272938,0.8379164297065975,0.4967646567886114,1.0,0.019444444444444445,6,0.5
16,nested,8,1.0,10,15,UMAP,hierarchical,0.8253519774181356,0.7111622019716134,0.7640139447270533,0.5334687335593405,0.7640139447270533,0.46392519009017236,1.0,0.1388888888888889,20,1.6666666666666667
16,nested,8,1.0,10,15,UMAP,flat_full,0.6280760724651601,0.9999999999999999,0.7715561736794709,0.4789099869546311,0.7715561736794712,0.3312280701754386,1.0,0.0,5,0.4166666666666667
16,nested,8,1.0,10,15,UMAP,flat_oracle_B,0.7441190862797131,0.992184681539902,0.8504313269737748,0.6170838499654407,0.8504313269737748,0.9961225312829721,0.16056802948185642,0.034722222222222224,7,0.5833333333333334
16,nested,8,1.0,10,15,UMAP,oracle_conditional,0.9070190181162902,1.0000000000000002,0.9512427610839697,0.8400444938820912,0.9512427610839697,0.8078005629272216,1.0,0.0,10,0.8333333333333334
16,nested,9,1.0,10,15,UMAP,hierarchical,0.8319743527764117,0.803421051209766,0.8174484378003535,0.598248850217203,0.8174484378003534,0.4944690600350632,1.0,0.225,15,1.25
16,nested,9,1.0,10,15,UMAP,flat_full,0.7267484264606109,0.9933013266920767,0.839371273826895,0.5752140417015478,0.839371273826895,0.4486134893146733,1.0,0.0,7,0.5833333333333334
16,nested,9,1.0,10,15,UMAP,flat_oracle_B,0.43144571979942953,0.9999999999999992,0.6028111493600784,0.22197313634906468,0.6028111493600783,0.4534297297365364,0.22880651912680147,0.013888888888888888,4,0.3333333333333333
16,nested,9,1.0,10,15,UMAP,oracle_conditional,0.8605285271744351,1.0000000000000002,0.9250366383592202,0.7751016578041914,0.9250366383592202,0.7117008443908324,1.0,0.0,9,0.75
16,nested,10,1.0,10,15,UMAP,hierarchical,0.6455310145068588,0.6624055023173658,0.6538594043755425,0.41152749389566473,0.6538594043755424,0.26478056160737246,1.0,0.19722222222222222,13,1.0833333333333333
16,nested,10,1.0,10,15,UMAP,flat_full,0.44211410869774026,0.9999999999999998,0.6131471927654583,0.30441792970009673,0.6131471927654584,0.0,1.0,0.0,3,0.25
16,nested,10,1.0,10,15,UMAP,flat_oracle_B,0.25615214493032035,0.9999999999999997,0.4078361780682694,0.1337963291049536,0.40783617806826944,0.0,0.5707462686567164,0.0,2,0.16666666666666666
16,nested,10,1.0,10,15,UMAP,oracle_conditional,0.7161942433644021,0.9908951131022931,0.8314425640268186,0.5587576249937335,0.8314425640268186,0.43326642764042184,1.0,0.2,7,0.5833333333333334
16,nested,11,1.0,10,15,UMAP,hierarchical,0.7175441996066317,0.8832994005210404,0.7918404537574308,0.514502784937979,0.791840453757431,0.3769439602736811,1.0,0.05555555555555555,10,0.8333333333333334
16,nested,11,1.0,10,15,UMAP,flat_full,0.517547545290725,0.9999999999999997,0.6820841256628641,0.35815033029816107,0.6820841256628641,0.11017740429505135,1.0,0.0,4,0.3333333333333333
16,nested,11,1.0,10,15,UMAP,flat_oracle_B,0.578079787643827,0.9947494604325885,0.7312231223433402,0.39689007506294777,0.7312231223433401,0.709871953387066,0.2864068403280336,0.09722222222222222,5,0.4166666666666667
16,nested,11,1.0,10,15,UMAP,oracle_conditional,0.8572914019466712,0.9966950523267849,0.9217522563371553,0.7716166707571153,0.9217522563371553,0.7071714281966602,1.0,0.0,9,0.75
16,nested,12,1.0,10,15,UMAP,hierarchical,0.7327985741379454,0.8086717186798148,0.7688678596731271,0.5276948714586659,0.7688678596731272,0.43401759741569274,1.0,0.11666666666666667,12,1.0
16,nested,12,1.0,10,15,UMAP,flat_full,0.5113933405266019,0.990507197401406,0.6745303989218329,0.35405845932424196,0.674530398921833,0.10211257092437719,1.0,0.0,4,0.3333333333333333
16,nested,12,1.0,10,15,UMAP,flat_oracle_B,0.7500047902981362,0.9999999999999999,0.8571459854922603,0.6213807574929463,0.8571459854922603,0.902514109149609,0.2707658603976148,0.011111111111111112,7,0.5833333333333334
16,nested,12,1.0,10,15,UMAP,oracle_conditional,0.9971347950735001,0.9971544020872724,0.9971445984840024,0.9970107265796819,0.9971445984840024,0.9962517647498635,1.0,0.011111111111111112,12,1.0
16,nested,13,1.0,10,15,UMAP,hierarchical,0.7596071155344946,0.8532614629288617,0.8037151784178815,0.5899178294978524,0.8037151784178815,0.5135052303938133,1.0,0.07777777777777778,11,0.9166666666666666
16,nested,13,1.0,10,15,UMAP,flat_full,0.517547545290725,0.9999999999999997,0.6820841256628641,0.35815033029816107,0.6820841256628641,0.11017740429505135,1.0,0.0,4,0.3333333333333333
16,nested,13,1.0,10,15,UMAP,flat_oracle_B,0.7349203384306071,0.9961370611685441,0.8458198859110966,0.590461876863132,0.8458198859110966,0.716117915288749,0.635770060617114,0.030555555555555555,7,0.5833333333333334
16,nested,13,1.0,10,15,UMAP,oracle_conditional,0.8574872824856162,0.996691210276888,0.9218638234815271,0.7721304556321503,0.9218638234815271,0.7078394853388813,1.0,0.001388888888888889,9,0.75
16,nested,14,1.0,10,15,UMAP,hierarchical,0.6858376116282118,0.707707223541225,0.6966008120815601,0.4542026546973767,0.6966008120815601,0.30944842473987616,1.0,0.09861111111111111,13,1.0833333333333333
16,nested,14,1.0,10,15,UMAP,flat_full,0.6519580111708189,0.9791256772298654,0.7827297075590035,0.49497206451500625,0.7827297075590035,0.3098697166982189,1.0,0.0,6,0.5
16,nested,14,1.0,10,15,UMAP,flat_oracle_B,0.11543129118376834,1.0,0.20697158506511887,0.031780231618637224,0.20697158506511887,0.11017740429505135,0.029628699664166223,0.0,2,0.16666666666666666
16,nested,14,1.0,10,15,UMAP,oracle_conditional,0.7309546990440257,0.9999999999999997,0.8445682598715244,0.5773072203307358,0.8445682598715244,0.45550768491134,1.0,0.006944444444444444,7,0.5833333333333334
16,nested,15,1.0,10,15,UMAP,hierarchical,0.6619077978569582,0.827253162229812,0.7354011199028941,0.5369141367682778,0.735401119902894,0.3807575977143545,1.0,0.11527777777777778,8,0.6666666666666666
16,nested,15,1.0,10,15,UMAP,flat_full,0.44211410869774026,0.9999999999999998,0.6131471927654583,0.30441792970009673,0.6131471927654584,0.0,1.0,0.0,3,0.25
16,nested,15,1.0,10,15,UMAP,flat_oracle_B,0.7181950380665313,0.996029937611366,0.834597289279739,0.6192699380487968,0.8345972892797389,0.49404966751836416,1.0,0.006944444444444444,6,0.5
16,nested,15,1.0,10,15,UMAP,oracle_conditional,0.7182096983519991,0.9960575705641768,0.8346168888220229,0.6192993339842674,0.834616888822023,0.4940761097623421,1.0,0.0,6,0.5
16,nested,16,1.0,10,15,UMAP,hierarchical,0.9794450005064282,0.8218131221147831,0.893731713070166,0.7704104176197832,0.8937317130701659,0.7209088053254619,1.0,0.11666666666666667,21,1.75
16,nested,16,1.0,10,15,UMAP,flat_full,0.9042579472391831,0.9745671612357308,0.9380970018876097,0.8178882473884781,0.9380970018876097,0.779676764569901,1.0,0.001388888888888889,11,0.9166666666666666
16,nested,16,1.0,10,15,UMAP,flat_oracle_B,0.7345325056050921,0.9878949111091293,0.8425793938136135,0.6014439385974223,0.8425793938136135,0.9924085380934725,0.25648072127326454,0.08611111111111111,7,0.5833333333333334
16,nested,16,1.0,10,15,UMAP,oracle_conditional,1.0,1.0,1.0,1.0,1.0,1.0,1.0,0.0,12,1.0
16,nested,17,1.0,10,15,UMAP,hierarchical,0.7420312958674978,0.7096471512175544,0.7254780096570358,0.4725742141003384,0.7254780096570357,0.358054802037147,1.0,0.21944444444444444,16,1.3333333333333333
16,nested,17,1.0,10,15,UMAP,flat_full,0.6587972345860578,0.988382141445045,0.7906162874224165,0.5011439166461427,0.7906162874224164,0.31839189497067916,1.0,0.0,6,0.5
16,nested,17,1.0,10,15,UMAP,flat_oracle_B,0.7678163850362947,1.0,0.8686607857416491,0.5812957328871761,0.8686607857416491,0.7117246598992071,0.6421891182115582,0.005555555555555556,8,0.6666666666666666
16,nested,17,1.0,10,15,UMAP,oracle_conditional,0.8605349703463466,1.0,0.9250403610378302,0.7751097568504278,0.9250403610378304,0.7117246598992071,1.0,0.005555555555555556,9,0.75
16,nested,18,1.0,10,15,UMAP,hierarchical,0.9218415951113875,0.8382778748253875,0.8780760925318069,0.7536199783206936,0.878076092531807,0.7017733269502636,1.0,0.12083333333333333,17,1.4166666666666667
16,nested,18,1.0,10,15,UMAP,flat_full,0.8570754000653938,0.9967139649367458,0.9216354742092723,0.7711766073711425,0.9216354742092724,0.7064803251078436,1.0,0.004166666666666667,9,0.75
16,nested,18,1.0,10,15,UMAP,flat_oracle_B,0.7311915403826368,0.9999999999999998,0.8447263325016308,0.5779287329617847,0.8447263325016307,1.0,0.13698561586844102,0.006944444444444444,7,0.5833333333333334
16,nested,18,1.0,10,15,UMAP,oracle_conditional,1.0,1.0,1.0,1.0,1.0,1.0,1.0,0.0,12,1.0
16,nested,19,1.0,10,15,UMAP,hierarchical,0.8920029825826358,0.8103424667339814,0.8492141210589789,0.7161106682614216,0.8492141210589789,0.6514514327871931,1.0,0.3111111111111111,16,1.3333333333333333
16,nested,19,1.0,10,15,UMAP,flat_full,0.8506043965570461,0.9900708197470723,0.9150539809740732,0.7641467143293846,0.9150539809740732,0.6973936105508022,1.0,0.001388888888888889,9,0.75
16,nested,19,1.0,10,15,UMAP,flat_oracle_B,0.6330754722703497,0.9954858065930382,0.7739563200067752,0.4198927290936125,0.7739563200067752,0.7091611471120277,0.2975370304421389,0.009722222222222222,6,0.5
16,nested,19,1.0,10,15,UMAP,oracle_conditional,0.8605285271744351,1.0000000000000002,0.9250366383592202,0.7751016578041914,0.9250366383592202,0.7117008443908324,1.0,0.0,9,0.75
16,non_nested,0,1.0,10,15,UMAP,hierarchical,0.8794263385179216,0.9351241030605871,0.9064203972186428,0.7113989162825383,0.9064203972186426,0.8408516683306879,0.7672286131586848,0.05555555555555555,13,1.0833333333333333
16,non_nested,0,1.0,10,15,UMAP,flat_full,0.8862453687250302,0.9945139786681848,0.937263354770619,0.7758386067270097,0.937263354770619,0.9038313477383756,0.7755226882082503,0.001388888888888889,10,0.8333333333333334
16,non_nested,0,1.0,10,15,UMAP,flat_oracle_B,0.6786174112944232,0.9957952978692797,0.8071654300291649,0.44668445101303844,0.807165430029165,0.7052257375440553,0.38695637194787963,0.03194444444444444,7,0.5833333333333334
16,non_nested,0,1.0,10,15,UMAP,oracle_conditional,0.8603339466065922,0.9999999999999998,0.9249242031796653,0.7745932332686594,0.9249242031796653,0.7110119993666983,1.0,0.001388888888888889,9,0.75
16,non_nested,1,1.0,10,15,UMAP,hierarchical,0.9999999999999998,0.9326378680674526,0.9651449797990834,0.9415628266784251,0.9651449797990833,0.9275663684103916,1.0,0.10833333333333334,16,1.3333333333333333
16,non_nested,1,1.0,10,15,UMAP,flat_full,0.90701901811629,1.0,0.9512427610839694,0.8400444938820912,0.9512427610839695,1.0,0.6391166136857955,0.0,10,0.8333333333333334
16,non_nested,1,1.0,10,15,UMAP,flat_oracle_B,0.8589177196031332,1.0,0.9241051505889207,0.7710884340487091,0.9241051505889207,1.0,0.4675642235937254,0.022222222222222223,9,0.75
16,non_nested,1,1.0,10,15,UMAP,oracle_conditional,1.0,1.0,1.0,1.0,1.0,1.0,1.0,0.0,12,1.0
16,non_nested,2,1.0,10,15,UMAP,hierarchical,0.9967563839171899,0.8939007852837005,0.9425308076309894,0.8919999984538296,0.9425308076309895,0.863193161262963,1.0,0.11666666666666667,18,1.5
16,non_nested,2,1.0,10,15,UMAP,flat_full,0.9484994093078123,0.9948722031544088,0.9711325317067353,0.908496499018825,0.9711325317067352,0.9002873755686309,0.9916726645732449,0.001388888888888889,11,0.9166666666666666
16,non_nested,2,1.0,10,15,UMAP,flat_oracle_B,0.29081727550133857,1.0,0.4505940244538306,0.11447997461108898,0.4505940244538306,0.23514755945463928,0.31135242099702204,0.009722222222222222,3,0.25
16,non_nested,2,1.0,10,15,UMAP,oracle_conditional,0.8055146700427681,0.9964856545582971,0.8908808752979334,0.703473859112174,0.8908808752979333,0.6221004888878582,1.0,0.03888888888888889,8,0.6666666666666666
16,non_nested,3,1.0,10,15,UMAP,hierarchical,0.9781008438191339,0.8558480988096004,0.9128997303783019,0.8331174843076636,0.9128997303783019,0.8122816627180973,0.9380420222402032,0.1875,19,1.5833333333333333
16,non_nested,3,1.0,10,15,UMAP,flat_full,0.9506574949338132,0.9970186705640955,0.9732863076017568,0.9114611797138777,0.9732863076017567,0.9981506844015259,0.7797517851753654,0.0,11,0.9166666666666666
16,non_nested,3,1.0,10,15,UMAP,flat_oracle_B,0.3692291790722146,0.9999999999999998,0.5393241463381654,0.21191719724087307,0.5393241463381654,0.45884296156151777,0.15202464615065567,0.006944444444444444,3,0.25
16,non_nested,3,1.0,10,15,UMAP,oracle_conditional,0.8836984117279123,0.9968160794563133,0.9368550897426636,0.76364116641132,0.9368550897426635,0.77311388034996,1.0,0.025,10,0.8333333333333334
16,non_nested,4,1.0,10,15,UMAP,hierarchical,0.9944929347814958,0.9263259388020348,0.9591998643003741,0.931479326038673,0.959199864300374,0.9195603375263092,0.9906787154924367,0.10416666666666667,16,1.3333333333333333
16,non_nested,4,1.0,10,15,UMAP,flat_full,0.84298098188371,1.0,0.9148016069293341,0.7178178963893249,0.914801606929334,1.0,0.38699200194876376,0.0,9,0.75
16,non_nested,4,1.0,10,15,UMAP,flat_oracle_B,0.7851203804805372,0.9964435475872976,0.8782487396425637,0.6478467904635619,0.8782487396425636,0.9963590600392731,0.2701849223082613,0.05555555555555555,8,0.6666666666666666
16,non_nested,4,1.0,10,15,UMAP,oracle_conditional,0.9535095090581451,1.0,0.9762015538054537,0.9142925259268089,0.9762015538054537,0.9039002814636108,1.0,0.0,11,0.9166666666666666
16,non_nested,5,1.0,10,15,UMAP,hierarchical,0.9813044942650943,0.9235447025060912,0.9515488877126169,0.9254850920048646,0.951548887712617,0.9190533019499026,0.9599329592320583,0.08055555555555556,15,1.25
16,non_nested,5,1.0,10,15,UMAP,flat_full,0.950657494933813,0.9970186705640953,0.9732863076017566,0.9114611797138777,0.9732863076017565,0.9981506844015259,0.7797517851753654,0.0,11,0.9166666666666666
16,non_nested,5,1.0,10,15,UMAP,flat_oracle_B,0.4975901931427778,0.9999999999999997,0.6645211693040758,0.3213289791367745,0.6645211693040758,0.567781853651895,0.30593877330256375,0.005555555555555556,4,0.3333333333333333
16,non_nested,5,1.0,10,15,UMAP,oracle_conditional,0.8599421478234917,1.0000000000000002,0.92469773732457,0.7735772832809189,0.9246977373245698,0.7096147890485275,1.0,0.004166666666666667,9,0.75
16,non_nested,6,1.0,10,15,UMAP,hierarchical,0.9968202473560724,0.9119219235844396,0.9524830029704384,0.915843876502992,0.9524830029704385,0.897994260547437,1.0,0.10694444444444444,17,1.4166666666666667
16,non_nested,6,1.0,10,15,UMAP,flat_full,0.9535095090581451,1.0,0.9762015538054537,0.9142925259268089,0.9762015538054537,0.9039002814636108,1.0,0.0,11,0.9166666666666666
16,non_nested,6,1.0,10,15,UMAP,flat_oracle_B,0.8035686194958366,0.9964702647463641,0.8896832640901392,0.6996405142091305,0.8896832640901391,0.6908293690284141,0.7692535799993836,0.04027777777777778,8,0.6666666666666666
16,non_nested,6,1.0,10,15,UMAP,oracle_conditional,0.8605285271744351,1.0000000000000002,0.9250366383592202,0.7751016578041914,0.9250366383592202,0.7117008443908324,1.0,0.0,9,0.75
16,non_nested,7,1.0,10,15,UMAP,hierarchical,0.9940326978282139,0.9619001977407955,0.9777025078599278,0.9684853797216001,0.9777025078599278,0.9634262392674496,0.9914737135753794,0.05138888888888889,14,1.1666666666666667
16,non_nested,7,1.0,10,15,UMAP,flat_full,0.9070190181162902,1.0000000000000002,0.9512427610839697,0.8400444938820912,0.9512427610839697,1.0,0.5443021929268602,0.0,10,0.8333333333333334
16,non_nested,7,1.0,10,15,UMAP,flat_oracle_B,0.4957682754859936,0.9940504223005822,0.6615820627600717,0.30084750936341165,0.6615820627600717,0.4939272769183141,0.22508060336607807,0.058333333333333334,4,0.3333333333333333
16,non_nested,7,1.0,10,15,UMAP,oracle_conditional,0.7210466193021219,1.0,0.8379164297065975,0.6213427869272938,0.8379164297065975,0.4967646567886114,1.0,0.019444444444444445,6,0.5
16,non_nested,8,1.0,10,15,UMAP,hierarchical,0.9444799993536016,0.80488741710306,0.8691142409923275,0.7174580441982645,0.8691142409923276,0.7044934756996669,0.8231193835250721,0.16666666666666666,20,1.6666666666666667
16,non_nested,8,1.0,10,15,UMAP,flat_full,0.90701901811629,1.0,0.9512427610839694,0.8400444938820912,0.9512427610839695,1.0,0.6391166136857955,0.0,10,0.8333333333333334
16,non_nested,8,1.0,10,15,UMAP,flat_oracle_B,0.7441190862797131,0.992184681539902,0.8504313269737748,0.6170838499654407,0.8504313269737748,0.9961225312829721,0.16056802948185642,0.034722222222222224,7,0.5833333333333334
16,non_nested,8,1.0,10,15,UMAP,oracle_conditional,0.9070190181162902,1.0000000000000002,0.9512427610839697,0.8400444938820912,0.9512427610839697,0.8078005629272216,1.0,0.0,10,0.8333333333333334
16,non_nested,9,1.0,10,15,UMAP,hierarchical,0.9483412199214629,0.873583725649763,0.9094287424957433,0.8574833139222542,0.9094287424957433,0.8490850207715269,0.7940831093370513,0.10555555555555556,16,1.3333333333333333
16,non_nested,9,1.0,10,15,UMAP,flat_full,0.9070190181162902,1.0000000000000002,0.9512427610839697,0.8400444938820912,0.9512427610839697,1.0,0.6391166136857955,0.0,10,0.8333333333333334
16,non_nested,9,1.0,10,15,UMAP,flat_oracle_B,0.43144571979942953,0.9999999999999992,0.6028111493600784,0.22197313634906468,0.6028111493600783,0.4534297297365364,0.22880651912680147,0.013888888888888888,4,0.3333333333333333
16,non_nested,9,1.0,10,15,UMAP,oracle_conditional,0.8605285271744351,1.0000000000000002,0.9250366383592202,0.7751016578041914,0.9250366383592202,0.7117008443908324,1.0,0.0,9,0.75
16,non_nested,10,1.0,10,15,UMAP,hierarchical,0.8350255457909174,0.8666631953847785,0.8505502683682105,0.6419193260197704,0.8505502683682105,0.6041116782293571,1.0,0.12083333333333333,14,1.1666666666666667
16,non_nested,10,1.0,10,15,UMAP,flat_full,0.7622965096928805,0.9936028541013052,0.8627145761539086,0.575758974727065,0.8627145761539087,0.5631921616557038,1.0,0.001388888888888889,8,0.6666666666666666
16,non_nested,10,1.0,10,15,UMAP,flat_oracle_B,0.25615214493032035,0.9999999999999997,0.4078361780682694,0.1337963291049536,0.40783617806826944,0.0,0.5707462686567164,0.0,2,0.16666666666666666
16,non_nested,10,1.0,10,15,UMAP,oracle_conditional,0.7161942433644021,0.9908951131022931,0.8314425640268186,0.5587576249937335,0.8314425640268186,0.43326642764042184,1.0,0.2,7,0.5833333333333334
16,non_nested,11,1.0,10,15,UMAP,hierarchical,0.9967207025413243,0.8945230915200042,0.942860658175245,0.894099300257865,0.9428606581752451,0.8756361046355966,0.9952193401906194,0.12638888888888888,18,1.5
16,non_nested,11,1.0,10,15,UMAP,flat_full,0.9485179142174243,0.9948523330362371,0.9711327640416433,0.9084891966537203,0.9711327640416434,0.9963541642009539,0.7751969045886962,0.001388888888888889,11,0.9166666666666666
16,non_nested,11,1.0,10,15,UMAP,flat_oracle_B,0.578079787643827,0.9947494604325885,0.7312231223433402,0.39689007506294777,0.7312231223433401,0.709871953387066,0.2864068403280336,0.09722222222222222,5,0.4166666666666667
16,non_nested,11,1.0,10,15,UMAP,oracle_conditional,0.8572914019466712,0.9966950523267849,0.9217522563371553,0.7716166707571153,0.9217522563371553,0.7071714281966602,1.0,0.0,9,0.75
16,non_nested,12,1.0,10,15,UMAP,hierarchical,1.0,0.9660825529814353,0.9827487167478643,0.9727191236912482,0.9827487167478643,0.9651626166715087,1.0,0.041666666666666664,14,1.1666666666666667
16,non_nested,12,1.0,10,15,UMAP,flat_full,1.0,1.0,1.0,1.0,1.0,1.0,1.0,0.0,12,1.0
16,non_nested,12,1.0,10,15,UMAP,flat_oracle_B,0.7500047902981362,0.9999999999999999,0.8571459854922603,0.6213807574929463,0.8571459854922603,0.902514109149609,0.2707658603976148,0.011111111111111112,7,0.5833333333333334
16,non_nested,12,1.0,10,15,UMAP,oracle_conditional,0.9971347950735001,0.9971544020872724,0.9971445984840024,0.9970107265796819,0.9971445984840024,0.9962517647498635,1.0,0.011111111111111112,12,1.0
16,non_nested,13,1.0,10,15,UMAP,hierarchical,0.9543630482343449,0.8778486737415766,0.9145082155210641,0.8216961839791701,0.9145082155210642,0.8451879089788163,0.8125475395638694,0.09305555555555556,17,1.4166666666666667
16,non_nested,13,1.0,10,15,UMAP,flat_full,0.9506574949338132,0.9970186705640955,0.9732863076017568,0.9114611797138777,0.9732863076017567,0.9962806484260072,0.782919991373733,0.0,11,0.9166666666666666
16,non_nested,13,1.0,10,15,UMAP,flat_oracle_B,0.7349203384306071,0.9961370611685441,0.8458198859110966,0.590461876863132,0.8458198859110966,0.716117915288749,0.635770060617114,0.030555555555555555,7,0.5833333333333334
16,non_nested,13,1.0,10,15,UMAP,oracle_conditional,0.8574872824856162,0.996691210276888,0.9218638234815271,0.7721304556321503,0.9218638234815271,0.7078394853388813,1.0,0.001388888888888889,9,0.75
16,non_nested,14,1.0,10,15,UMAP,hierarchical,1.0,0.9328324903892288,0.9652491822520817,0.9430276719904753,0.9652491822520817,0.9284113794689212,1.0,0.1,16,1.3333333333333333
16,non_nested,14,1.0,10,15,UMAP,flat_full,0.9971440069506838,0.9971627695545136,0.9971533881643386,0.9969656069454919,0.9971533881643386,0.996281090581198,1.0,0.001388888888888889,12,1.0
16,non_nested,14,1.0,10,15,UMAP,flat_oracle_B,0.11543129118376834,1.0,0.20697158506511887,0.031780231618637224,0.20697158506511887,0.11017740429505135,0.029628699664166223,0.0,2,0.16666666666666666
16,non_nested,14,1.0,10,15,UMAP,oracle_conditional,0.7309546990440257,0.9999999999999997,0.8445682598715244,0.5773072203307358,0.8445682598715244,0.45550768491134,1.0,0.006944444444444444,7,0.5833333333333334
16,non_nested,15,1.0,10,15,UMAP,hierarchical,0.9039564862342963,0.8640539617642157,0.8835549406140848,0.7422280592035706,0.8835549406140848,0.6734351065803534,0.9905833200518068,0.08055555555555556,16,1.3333333333333333
16,non_nested,15,1.0,10,15,UMAP,flat_full,0.84298098188371,1.0,0.9148016069293341,0.7178178963893249,0.914801606929334,0.8078005629272216,0.782919991373733,0.0,9,0.75
16,non_nested,15,1.0,10,15,UMAP,flat_oracle_B,0.7181950380665313,0.996029937611366,0.834597289279739,0.6192699380487968,0.8345972892797389,0.49404966751836416,1.0,0.006944444444444444,6,0.5
16,non_nested,15,1.0,10,15,UMAP,oracle_conditional,0.7182096983519991,0.9960575705641768,0.8346168888220229,0.6192993339842674,0.834616888822023,0.4940761097623421,1.0,0.0,6,0.5
16,non_nested,16,1.0,10,15,UMAP,hierarchical,0.9893046333555979,0.9260287349278987,0.9566214772372655,0.9319713679083784,0.9566214772372655,0.920912600288474,0.982213596333373,0.12083333333333333,16,1.3333333333333333
16,non_nested,16,1.0,10,15,UMAP,flat_full,0.8866194587012329,0.9968040257015142,0.9384887180367127,0.7726275689833941,0.9384887180367129,0.9020509658651367,0.7793494690467441,0.0,10,0.8333333333333334
16,non_nested,16,1.0,10,15,UMAP,flat_oracle_B,0.7345325056050921,0.9878949111091293,0.8425793938136135,0.6014439385974223,0.8425793938136135,0.9924085380934725,0.25648072127326454,0.08611111111111111,7,0.5833333333333334
16,non_nested,16,1.0,10,15,UMAP,oracle_conditional,1.0,1.0,1.0,1.0,1.0,1.0,1.0,0.0,12,1.0
16,non_nested,17,1.0,10,15,UMAP,hierarchical,0.839192283798302,0.9291864076852726,0.8818994113591838,0.6703372202142391,0.8818994113591838,0.8006886943258138,0.7343450471224517,0.14444444444444443,12,1.0
16,non_nested,17,1.0,10,15,UMAP,flat_full,0.7210570543488701,1.0,0.8379234756068777,0.5433470943156558,0.8379234756068777,0.7117008443908324,0.5705411539839923,0.0,7,0.5833333333333334
16,non_nested,17,1.0,10,15,UMAP,flat_oracle_B,0.7678163850362947,1.0,0.8686607857416491,0.5812957328871761,0.8686607857416491,0.7117246598992071,0.6421891182115582,0.005555555555555556,8,0.6666666666666666
16,non_nested,17,1.0,10,15,UMAP,oracle_conditional,0.8605349703463466,1.0,0.9250403610378302,0.7751097568504278,0.9250403610378304,0.7117246598992071,1.0,0.005555555555555556,9,0.75
16,non_nested,18,1.0,10,15,UMAP,hierarchical,0.9672644535777137,0.8941888895761084,0.9292922982487283,0.8712710816813454,0.9292922982487285,0.874372433905925,0.8531177008517755,0.11388888888888889,16,1.3333333333333333
16,non_nested,18,1.0,10,15,UMAP,flat_full,0.9535095090581451,1.0,0.9762015538054537,0.9142925259268089,0.9762015538054537,1.0,0.782919991373733,0.0,11,0.9166666666666666
16,non_nested,18,1.0,10,15,UMAP,flat_oracle_B,0.7311915403826368,0.9999999999999998,0.8447263325016308,0.5779287329617847,0.8447263325016307,1.0,0.13698561586844102,0.006944444444444444,7,0.5833333333333334
16,non_nested,18,1.0,10,15,UMAP,oracle_conditional,1.0,1.0,1.0,1.0,1.0,1.0,1.0,0.0,12,1.0
16,non_nested,19,1.0,10,15,UMAP,hierarchical,0.9519660887336474,0.9618523374491262,0.9568836782986586,0.8785384345491992,0.9568836782986584,0.9601286289065918,0.7842734781336296,0.03888888888888889,13,1.0833333333333333
16,non_nested,19,1.0,10,15,UMAP,flat_full,0.84298098188371,1.0,0.9148016069293341,0.7178178963893249,0.914801606929334,0.9039002814636108,0.5968514125512184,0.0,9,0.75
16,non_nested,19,1.0,10,15,UMAP,flat_oracle_B,0.6330754722703497,0.9954858065930382,0.7739563200067752,0.4198927290936125,0.7739563200067752,0.7091611471120277,0.2975370304421389,0.009722222222222222,6,0.5
16,non_nested,19,1.0,10,15,UMAP,oracle_conditional,0.8605285271744351,1.0000000000000002,0.9250366383592202,0.7751016578041914,0.9250366383592202,0.7117008443908324,1.0,0.0,9,0.75
32,nested,0,1.0,10,15,UMAP,hierarchical,0.6048871160368329,0.5304545222277564,0.5652309319501354,0.2881177558823308,0.5652309319501354,0.15002779747729902,1.0,0.15416666666666667,19,1.5833333333333333
32,nested,0,1.0,10,15,UMAP,flat_full,0.513662355021081,0.7783099846334344,0.6188809580089589,0.30879667464559674,0.6188809580089589,0.07599947846797507,1.0,0.03611111111111111,8,0.6666666666666666
32,nested,0,1.0,10,15,UMAP,flat_oracle_B,0.6786174112944232,0.9957952978692797,0.8071654300291649,0.44668445101303844,0.807165430029165,0.7052257375440553,0.38695637194787963,0.03194444444444444,7,0.5833333333333334
32,nested,0,1.0,10,15,UMAP,oracle_conditional,0.8603339466065922,0.9999999999999998,0.9249242031796653,0.7745932332686594,0.9249242031796653,0.7110119993666983,1.0,0.001388888888888889,9,0.75
32,nested,1,1.0,10,15,UMAP,hierarchical,1.0000000000000002,0.8735959864535645,0.9325340070856476,0.8560014737176026,0.9325340070856475,0.7994738698444959,1.0,0.11666666666666667,19,1.5833333333333333
32,nested,1,1.0,10,15,UMAP,flat_full,0.9506574949338132,0.9970186705640955,0.9732863076017568,0.9114611797138777,0.9732863076017567,0.900180929889618,1.0,0.0,11,0.9166666666666666
32,nested,1,1.0,10,15,UMAP,flat_oracle_B,0.8589177196031332,1.0,0.9241051505889207,0.7710884340487091,0.9241051505889207,1.0,0.4675642235937254,0.022222222222222223,9,0.75
32,nested,1,1.0,10,15,UMAP,oracle_conditional,1.0,1.0,1.0,1.0,1.0,1.0,1.0,0.0,12,1.0
32,nested,2,1.0,10,15,UMAP,hierarchical,0.5672051040816279,0.6000404023319522,0.583160915142191,0.32927984436572283,0.5831609151421911,0.17484007128540766,1.0,0.19027777777777777,13,1.0833333333333333
32,nested,2,1.0,10,15,UMAP,flat_full,0.44211410869774026,0.9999999999999998,0.6131471927654583,0.30441792970009673,0.6131471927654584,0.0,1.0,0.0,3,0.25
32,nested,2,1.0,10,15,UMAP,flat_oracle_B,0.29081727550133857,1.0,0.4505940244538306,0.11447997461108898,0.4505940244538306,0.23514755945463928,0.31135242099702204,0.009722222222222222,3,0.25
32,nested,2,1.0,10,15,UMAP,oracle_conditional,0.8055146700427681,0.9964856545582971,0.8908808752979334,0.703473859112174,0.8908808752979333,0.6221004888878582,1.0,0.03888888888888889,8,0.6666666666666666
32,nested,3,1.0,10,15,UMAP,hierarchical,0.6678654195579792,0.7817602347399779,0.7203385586069997,0.45884418608436117,0.7203385586069997,0.30771164383413724,1.0,0.07777777777777778,12,1.0
32,nested,3,1.0,10,15,UMAP,flat_full,0.5759759031924133,0.9434453825040658,0.715274705463145,0.3959340039728599,0.7152747054631452,0.17603300377669798,1.0,0.001388888888888889,6,0.5
32,nested,3,1.0,10,15,UMAP,flat_oracle_B,0.3692291790722146,0.9999999999999998,0.5393241463381654,0.21191719724087307,0.5393241463381654,0.45884296156151777,0.15202464615065567,0.006944444444444444,3,0.25
32,nested,3,1.0,10,15,UMAP,oracle_conditional,0.8836984117279123,0.9968160794563133,0.9368550897426636,0.76364116641132,0.9368550897426635,0.77311388034996,1.0,0.025,10,0.8333333333333334
32,nested,4,1.0,10,15,UMAP,hierarchical,0.7817085873089923,0.742935131050101,0.761828832221131,0.5886575716377263,0.761828832221131,0.5092293579440196,1.0,0.13333333333333333,15,1.25
32,nested,4,1.0,10,15,UMAP,flat_full,0.5612900711605731,0.9718630544739439,0.7116015665796595,0.38540399861335506,0.7116015665796595,0.20135254480684492,1.0,0.001388888888888889,5,0.4166666666666667
32,nested,4,1.0,10,15,UMAP,flat_oracle_B,0.7851203804805372,0.9964435475872976,0.8782487396425637,0.6478467904635619,0.8782487396425636,0.9963590600392731,0.2701849223082613,0.05555555555555555,8,0.6666666666666666
32,nested,4,1.0,10,15,UMAP,oracle_conditional,0.9535095090581451,1.0,0.9762015538054537,0.9142925259268089,0.9762015538054537,0.9039002814636108,1.0,0.0,11,0.9166666666666666
32,nested,5,1.0,10,15,UMAP,hierarchical,0.7244288364096554,0.6634232062844916,0.692585213107982,0.4292298015524219,0.692585213107982,0.3062928765758359,1.0,0.2013888888888889,17,1.4166666666666667
32,nested,5,1.0,10,15,UMAP,flat_full,0.7037526533851708,0.9760833166018128,0.8178432135714372,0.6070283893860737,0.8178432135714372,0.47775213688030577,1.0,0.0,6,0.5
32,nested,5,1.0,10,15,UMAP,flat_oracle_B,0.4975901931427778,0.9999999999999997,0.6645211693040758,0.3213289791367745,0.6645211693040758,0.567781853651895,0.30593877330256375,0.005555555555555556,4,0.3333333333333333
32,nested,5,1.0,10,15,UMAP,oracle_conditional,0.8599421478234917,1.0000000000000002,0.92469773732457,0.7735772832809189,0.9246977373245698,0.7096147890485275,1.0,0.004166666666666667,9,0.75
32,nested,6,1.0,10,15,UMAP,hierarchical,0.6149956296083375,0.6187210553053599,0.6168527176660058,0.3827550092613179,0.6168527176660058,0.2188607158605442,1.0,0.15416666666666667,14,1.1666666666666667
32,nested,6,1.0,10,15,UMAP,flat_full,0.44211410869774026,0.9999999999999998,0.6131471927654583,0.30441792970009673,0.6131471927654584,0.0,1.0,0.0,3,0.25
32,nested,6,1.0,10,15,UMAP,flat_oracle_B,0.8035686194958366,0.9964702647463641,0.8896832640901392,0.6996405142091305,0.8896832640901391,0.6908293690284141,0.7692535799993836,0.04027777777777778,8,0.6666666666666666
32,nested,6,1.0,10,15,UMAP,oracle_conditional,0.8605285271744351,1.0000000000000002,0.9250366383592202,0.7751016578041914,0.9250366383592202,0.7117008443908324,1.0,0.0,9,0.75
32,nested,7,1.0,10,15,UMAP,hierarchical,0.6873447325203615,0.8183623052343516,0.7471533381883352,0.5533100994602109,0.7471533381883353,0.4072389586757712,1.0,0.14166666666666666,10,0.8333333333333334
32,nested,7,1.0,10,15,UMAP,flat_full,0.44211410869774026,0.9999999999999998,0.6131471927654583,0.30441792970009673,0.6131471927654584,0.0,1.0,0.0,3,0.25
32,nested,7,1.0,10,15,UMAP,flat_oracle_B,0.4957682754859936,0.9940504223005822,0.6615820627600717,0.30084750936341165,0.6615820627600717,0.4939272769183141,0.22508060336607807,0.058333333333333334,4,0.3333333333333333
32,nested,7,1.0,10,15,UMAP,oracle_conditional,0.7210466193021219,1.0,0.8379164297065975,0.6213427869272938,0.8379164297065975,0.4967646567886114,1.0,0.019444444444444445,6,0.5
32,nested,8,1.0,10,15,UMAP,hierarchical,0.8226777927892573,0.7538735051915028,0.7867742611199384,0.5857003310967729,0.7867742611199385,0.4776958163735958,1.0,0.15138888888888888,17,1.4166666666666667
32,nested,8,1.0,10,15,UMAP,flat_full,0.6280760724651601,0.9999999999999999,0.7715561736794709,0.4789099869546311,0.7715561736794712,0.3312280701754386,1.0,0.0,5,0.4166666666666667
32,nested,8,1.0,10,15,UMAP,flat_oracle_B,0.7441190862797131,0.992184681539902,0.8504313269737748,0.6170838499654407,0.8504313269737748,0.9961225312829721,0.16056802948185642,0.034722222222222224,7,0.5833333333333334
32,nested,8,1.0,10,15,UMAP,oracle_conditional,0.9070190181162902,1.0000000000000002,0.9512427610839697,0.8400444938820912,0.9512427610839697,0.8078005629272216,1.0,0.0,10,0.8333333333333334
32,nested,9,1.0,10,15,UMAP,hierarchical,0.8450894042549422,0.7978230529530276,0.8207763055942121,0.6160160262207626,0.820776305594212,0.5249048260984089,1.0,0.17222222222222222,16,1.3333333333333333
32,nested,9,1.0,10,15,UMAP,flat_full,0.7267668085824083,0.9932922124004544,0.8393802798505602,0.5751136113349359,0.8393802798505602,0.44925956674389694,1.0,0.001388888888888889,7,0.5833333333333334
32,nested,9,1.0,10,15,UMAP,flat_oracle_B,0.43144571979942953,0.9999999999999992,0.6028111493600784,0.22197313634906468,0.6028111493600783,0.4534297297365364,0.22880651912680147,0.013888888888888888,4,0.3333333333333333
32,nested,9,1.0,10,15,UMAP,oracle_conditional,0.8605285271744351,1.0000000000000002,0.9250366383592202,0.7751016578041914,0.9250366383592202,0.7117008443908324,1.0,0.0,9,0.75
32,nested,10,1.0,10,15,UMAP,hierarchical,0.6183902885350475,0.7248514621353956,0.66740198417929,0.36914037129574806,0.66740198417929,0.2087999716883607,1.0,0.21666666666666667,12,1.0
32,nested,10,1.0,10,15,UMAP,flat_full,0.44211410869774026,0.9999999999999998,0.6131471927654583,0.30441792970009673,0.6131471927654584,0.0,1.0,0.0,3,0.25
32,nested,10,1.0,10,15,UMAP,flat_oracle_B,0.25615214493032035,0.9999999999999997,0.4078361780682694,0.1337963291049536,0.40783617806826944,0.0,0.5707462686567164,0.0,2,0.16666666666666666
32,nested,10,1.0,10,15,UMAP,oracle_conditional,0.7161942433644021,0.9908951131022931,0.8314425640268186,0.5587576249937335,0.8314425640268186,0.43326642764042184,1.0,0.2,7,0.5833333333333334
32,nested,11,1.0,10,15,UMAP,hierarchical,0.6919964925785951,0.8556107019403093,0.7651548879487603,0.478675868969458,0.7651548879487604,0.3476314752446612,1.0,0.04861111111111111,10,0.8333333333333334
32,nested,11,1.0,10,15,UMAP,flat_full,0.517547545290725,0.9999999999999997,0.6820841256628641,0.35815033029816107,0.6820841256628641,0.11017740429505135,1.0,0.0,4,0.3333333333333333
32,nested,11,1.0,10,15,UMAP,flat_oracle_B,0.578079787643827,0.9947494604325885,0.7312231223433402,0.39689007506294777,0.7312231223433401,0.709871953387066,0.2864068403280336,0.09722222222222222,5,0.4166666666666667
32,nested,11,1.0,10,15,UMAP,oracle_conditional,0.8572914019466712,0.9966950523267849,0.9217522563371553,0.7716166707571153,0.9217522563371553,0.7071714281966602,1.0,0.0,9,0.75
32,nested,12,1.0,10,15,UMAP,hierarchical,0.7432292064400623,0.7877275131582192,0.7648316729021711,0.5628635627783921,0.7648316729021712,0.45461779862143814,1.0,0.13055555555555556,13,1.0833333333333333
32,nested,12,1.0,10,15,UMAP,flat_full,0.5113933405266019,0.9905071974014058,0.6745303989218329,0.35405845932424196,0.6745303989218329,0.10211257092437719,1.0,0.0,4,0.3333333333333333
32,nested,12,1.0,10,15,UMAP,flat_oracle_B,0.7500047902981362,0.9999999999999999,0.8571459854922603,0.6213807574929463,0.8571459854922603,0.902514109149609,0.2707658603976148,0.011111111111111112,7,0.5833333333333334
32,nested,12,1.0,10,15,UMAP,oracle_conditional,0.9971347950735001,0.9971544020872724,0.9971445984840024,0.9970107265796819,0.9971445984840024,0.9962517647498635,1.0,0.011111111111111112,12,1.0
32,nested,13,1.0,10,15,UMAP,hierarchical,0.7435179841678405,0.8277529495480573,0.7833775719143232,0.5653727576188684,0.7833775719143233,0.4726720032763512,1.0,0.13333333333333333,12,1.0
32,nested,13,1.0,10,15,UMAP,flat_full,0.517547545290725,0.9999999999999997,0.6820841256628641,0.35815033029816107,0.6820841256628641,0.11017740429505135,1.0,0.0,4,0.3333333333333333
32,nested,13,1.0,10,15,UMAP,flat_oracle_B,0.7349203384306071,0.9961370611685441,0.8458198859110966,0.590461876863132,0.8458198859110966,0.716117915288749,0.635770060617114,0.030555555555555555,7,0.5833333333333334
32,nested,13,1.0,10,15,UMAP,oracle_conditional,0.8574872824856162,0.996691210276888,0.9218638234815271,0.7721304556321503,0.9218638234815271,0.7078394853388813,1.0,0.001388888888888889,9,0.75
32,nested,14,1.0,10,15,UMAP,hierarchical,0.6878935948774308,0.7176237150171706,0.7024442226605899,0.4542248171289375,0.70244422266059,0.31477421063531474,1.0,0.08472222222222223,13,1.0833333333333333
32,nested,14,1.0,10,15,UMAP,flat_full,0.6498812306506786,0.9769918896038225,0.780550964481039,0.4923212312042489,0.7805509644810391,0.30613720241458187,1.0,0.0,6,0.5
32,nested,14,1.0,10,15,UMAP,flat_oracle_B,0.11543129118376834,1.0,0.20697158506511887,0.031780231618637224,0.20697158506511887,0.11017740429505135,0.029628699664166223,0.0,2,0.16666666666666666
32,nested,14,1.0,10,15,UMAP,oracle_conditional,0.7309546990440257,0.9999999999999997,0.8445682598715244,0.5773072203307358,0.8445682598715244,0.45550768491134,1.0,0.006944444444444444,7,0.5833333333333334
32,nested,15,1.0,10,15,UMAP,hierarchical,0.6636537498366184,0.6772220985758167,0.6703692750140772,0.4533843994266639,0.6703692750140771,0.3014889641155593,1.0,0.1625,14,1.1666666666666667
32,nested,15,1.0,10,15,UMAP,flat_full,0.44211410869774026,0.9999999999999998,0.6131471927654583,0.30441792970009673,0.6131471927654584,0.0,1.0,0.0,3,0.25
32,nested,15,1.0,10,15,UMAP,flat_oracle_B,0.7181950380665313,0.996029937611366,0.834597289279739,0.6192699380487968,0.8345972892797389,0.49404966751836416,1.0,0.006944444444444444,6,0.5
32,nested,15,1.0,10,15,UMAP,oracle_conditional,0.7182096983519991,0.9960575705641768,0.8346168888220229,0.6192993339842674,0.834616888822023,0.4940761097623421,1.0,0.0,6,0.5
32,nested,16,1.0,10,15,UMAP,hierarchical,0.9731238814212875,0.8299489010878109,0.8958519077460783,0.7631902261551615,0.8958519077460784,0.7266330545381946,1.0,0.14444444444444443,20,1.6666666666666667
32,nested,16,1.0,10,15,UMAP,flat_full,0.9064975039322734,0.9541490775067241,0.929713107010574,0.7962579523360999,0.9297131070105739,0.754719963020482,1.0,0.005555555555555556,12,1.0
32,nested,16,1.0,10,15,UMAP,flat_oracle_B,0.7345325056050921,0.9878949111091293,0.8425793938136135,0.6014439385974223,0.8425793938136135,0.9924085380934725,0.25648072127326454,0.08611111111111111,7,0.5833333333333334
32,nested,16,1.0,10,15,UMAP,oracle_conditional,1.0,1.0,1.0,1.0,1.0,1.0,1.0,0.0,12,1.0
32,nested,17,1.0,10,15,UMAP,hierarchical,0.7105520827778685,0.7097675260741935,0.7101595877391609,0.4478191973257787,0.7101595877391609,0.3201313375131531,1.0,0.14027777777777778,14,1.1666666666666667
32,nested,17,1.0,10,15,UMAP,flat_full,0.6519961418725464,0.9791268725414721,0.7827575696736926,0.4950242125660174,0.7827575696736926,0.30991300401562355,1.0,0.0,6,0.5
32,nested,17,1.0,10,15,UMAP,flat_oracle_B,0.7678163850362947,1.0,0.8686607857416491,0.5812957328871761,0.8686607857416491,0.7117246598992071,0.6421891182115582,0.005555555555555556,8,0.6666666666666666
32,nested,17,1.0,10,15,UMAP,oracle_conditional,0.8605349703463466,1.0,0.9250403610378302,0.7751097568504278,0.9250403610378304,0.7117246598992071,1.0,0.005555555555555556,9,0.75
32,nested,18,1.0,10,15,UMAP,hierarchical,0.8943508519379122,0.8146013672344876,0.8526153260490388,0.6986102695211266,0.8526153260490389,0.6281364940657076,1.0,0.16944444444444445,17,1.4166666666666667
32,nested,18,1.0,10,15,UMAP,flat_full,0.8466236091403998,0.9421575316178674,0.8918394672463988,0.7446348306077359,0.8918394672463986,0.6777895525126404,1.0,0.006944444444444444,10,0.8333333333333334
32,nested,18,1.0,10,15,UMAP,flat_oracle_B,0.7311915403826368,0.9999999999999998,0.8447263325016308,0.5779287329617847,0.8447263325016307,1.0,0.13698561586844102,0.006944444444444444,7,0.5833333333333334
32,nested,18,1.0,10,15,UMAP,oracle_conditional,1.0,1.0,1.0,1.0,1.0,1.0,1.0,0.0,12,1.0
32,nested,19,1.0,10,15,UMAP,hierarchical,0.8774036634250314,0.7595304884371294,0.814223140594426,0.6914526014691857,0.8142231405944259,0.6082844177249624,1.0,0.20833333333333334,19,1.5833333333333333
32,nested,19,1.0,10,15,UMAP,flat_full,0.848341047716615,0.9876747721982851,0.9127209493094656,0.7612224803273949,0.9127209493094657,0.6936675415775255,1.0,0.0,9,0.75
32,nested,19,1.0,10,15,UMAP,flat_oracle_B,0.6330754722703497,0.9954858065930382,0.7739563200067752,0.4198927290936125,0.7739563200067752,0.7091611471120277,0.2975370304421389,0.009722222222222222,6,0.5
32,nested,19,1.0,10,15,UMAP,oracle_conditional,0.8605285271744351,1.0000000000000002,0.9250366383592202,0.7751016578041914,0.9250366383592202,0.7117008443908324,1.0,0.0,9,0.75
32,non_nested,0,1.0,10,15,UMAP,hierarchical,0.8766858172839597,0.9183985396301441,0.8970575351591399,0.6848836716117941,0.89705753515914,0.7975442984735799,0.7754604403688489,0.08194444444444444,14,1.1666666666666667
32,non_nested,0,1.0,10,15,UMAP,flat_full,0.888669595394295,0.9968125930488297,0.9396397899468809,0.7794386258002775,0.9396397899468809,0.9063290758227008,0.776975326011793,0.009722222222222222,10,0.8333333333333334
32,non_nested,0,1.0,10,15,UMAP,flat_oracle_B,0.6786174112944232,0.9957952978692797,0.8071654300291649,0.44668445101303844,0.807165430029165,0.7052257375440553,0.38695637194787963,0.03194444444444444,7,0.5833333333333334
32,non_nested,0,1.0,10,15,UMAP,oracle_conditional,0.8603339466065922,0.9999999999999998,0.9249242031796653,0.7745932332686594,0.9249242031796653,0.7110119993666983,1.0,0.001388888888888889,9,0.75
32,non_nested,1,1.0,10,15,UMAP,hierarchical,0.997067694060005,0.9817212665012465,0.989334970943473,0.9866520931344125,0.989334970943473,0.9832931440621335,0.9957208535324301,0.05555555555555555,13,1.0833333333333333
32,non_nested,1,1.0,10,15,UMAP,flat_full,0.90701901811629,1.0,0.9512427610839694,0.8400444938820912,0.9512427610839695,1.0,0.6391166136857955,0.0,10,0.8333333333333334
32,non_nested,1,1.0,10,15,UMAP,flat_oracle_B,0.8589177196031332,1.0,0.9241051505889207,0.7710884340487091,0.9241051505889207,1.0,0.4675642235937254,0.022222222222222223,9,0.75
32,non_nested,1,1.0,10,15,UMAP,oracle_conditional,1.0,1.0,1.0,1.0,1.0,1.0,1.0,0.0,12,1.0
32,non_nested,2,1.0,10,15,UMAP,hierarchical,0.9918776192645542,0.9781083240645198,0.9849448511459751,0.9818598679879835,0.984944851145975,0.9771064037464606,0.9955104143521986,0.03888888888888889,13,1.0833333333333333
32,non_nested,2,1.0,10,15,UMAP,flat_full,0.9484270092515569,0.9948849895397935,0.9711006732478913,0.9083145020474509,0.9711006732478914,0.9003212515647038,0.9916670246700816,0.002777777777777778,11,0.9166666666666666
32,non_nested,2,1.0,10,15,UMAP,flat_oracle_B,0.29081727550133857,1.0,0.4505940244538306,0.11447997461108898,0.4505940244538306,0.23514755945463928,0.31135242099702204,0.009722222222222222,3,0.25
32,non_nested,2,1.0,10,15,UMAP,oracle_conditional,0.8055146700427681,0.9964856545582971,0.8908808752979334,0.703473859112174,0.8908808752979333,0.6221004888878582,1.0,0.03888888888888889,8,0.6666666666666666
32,non_nested,3,1.0,10,15,UMAP,hierarchical,0.9573088805801884,0.859957106860693,0.9060254041017967,0.811352991056993,0.9060254041017967,0.7966569377889489,0.8598841683425561,0.175,18,1.5
32,non_nested,3,1.0,10,15,UMAP,flat_full,0.9506574949338132,0.9970186705640955,0.9732863076017568,0.9114611797138777,0.9732863076017567,0.9981506844015259,0.7797517851753654,0.0,11,0.9166666666666666
32,non_nested,3,1.0,10,15,UMAP,flat_oracle_B,0.3692291790722146,0.9999999999999998,0.5393241463381654,0.21191719724087307,0.5393241463381654,0.45884296156151777,0.15202464615065567,0.006944444444444444,3,0.25
32,non_nested,3,1.0,10,15,UMAP,oracle_conditional,0.8836984117279123,0.9968160794563133,0.9368550897426636,0.76364116641132,0.9368550897426635,0.77311388034996,1.0,0.025,10,0.8333333333333334
32,non_nested,4,1.0,10,15,UMAP,hierarchical,0.991936245598427,0.9589662279421292,0.9751726420996065,0.9636324664830747,0.9751726420996065,0.9598868803822153,0.9867817401050748,0.05,14,1.1666666666666667
32,non_nested,4,1.0,10,15,UMAP,flat_full,0.9535095090581451,1.0000000000000002,0.9762015538054538,0.9142925259268089,0.9762015538054537,1.0,0.782919991373733,0.0,11,0.9166666666666666
32,non_nested,4,1.0,10,15,UMAP,flat_oracle_B,0.7851203804805372,0.9964435475872976,0.8782487396425637,0.6478467904635619,0.8782487396425636,0.9963590600392731,0.2701849223082613,0.05555555555555555,8,0.6666666666666666
32,non_nested,4,1.0,10,15,UMAP,oracle_conditional,0.9535095090581451,1.0,0.9762015538054537,0.9142925259268089,0.9762015538054537,0.9039002814636108,1.0,0.0,11,0.9166666666666666
32,non_nested,5,1.0,10,15,UMAP,hierarchical,0.98478749556694,0.8655547958708176,0.9213295763123396,0.8567281493033225,0.9213295763123397,0.8036910248520468,0.9622797666745901,0.18194444444444444,19,1.5833333333333333
32,non_nested,5,1.0,10,15,UMAP,flat_full,0.950657494933813,0.9970186705640953,0.9732863076017566,0.9114611797138777,0.9732863076017565,0.9981506844015259,0.7797517851753654,0.0,11,0.9166666666666666
32,non_nested,5,1.0,10,15,UMAP,flat_oracle_B,0.4975901931427778,0.9999999999999997,0.6645211693040758,0.3213289791367745,0.6645211693040758,0.567781853651895,0.30593877330256375,0.005555555555555556,4,0.3333333333333333
32,non_nested,5,1.0,10,15,UMAP,oracle_conditional,0.8599421478234917,1.0000000000000002,0.92469773732457,0.7735772832809189,0.9246977373245698,0.7096147890485275,1.0,0.004166666666666667,9,0.75
32,non_nested,6,1.0,10,15,UMAP,hierarchical,0.9750991958793547,0.896413209700153,0.9341020634951024,0.8766054902270828,0.9341020634951023,0.848445519674688,0.9953652462828835,0.09444444444444444,17,1.4166666666666667
32,non_nested,6,1.0,10,15,UMAP,flat_full,0.9070190181162902,1.0000000000000002,0.9512427610839697,0.8400444938820912,0.9512427610839697,0.9039002814636108,0.782919991373733,0.0,10,0.8333333333333334
32,non_nested,6,1.0,10,15,UMAP,flat_oracle_B,0.8035686194958366,0.9964702647463641,0.8896832640901392,0.6996405142091305,0.8896832640901391,0.6908293690284141,0.7692535799993836,0.04027777777777778,8,0.6666666666666666
32,non_nested,6,1.0,10,15,UMAP,oracle_conditional,0.8605285271744351,1.0000000000000002,0.9250366383592202,0.7751016578041914,0.9250366383592202,0.7117008443908324,1.0,0.0,9,0.75
32,non_nested,7,1.0,10,15,UMAP,hierarchical,0.9941645603122683,0.9592674819825426,0.976404311794435,0.9625806348669309,0.976404311794435,0.9573067241615959,0.9913752321998393,0.025,14,1.1666666666666667
32,non_nested,7,1.0,10,15,UMAP,flat_full,0.9506574949338132,0.9970186705640955,0.9732863076017568,0.9114611797138777,0.9732863076017567,0.9981506844015259,0.7783159367576465,0.0,11,0.9166666666666666
32,non_nested,7,1.0,10,15,UMAP,flat_oracle_B,0.4957682754859936,0.9940504223005822,0.6615820627600717,0.30084750936341165,0.6615820627600717,0.4939272769183141,0.22508060336607807,0.058333333333333334,4,0.3333333333333333
32,non_nested,7,1.0,10,15,UMAP,oracle_conditional,0.7210466193021219,1.0,0.8379164297065975,0.6213427869272938,0.8379164297065975,0.4967646567886114,1.0,0.019444444444444445,6,0.5
32,non_nested,8,1.0,10,15,UMAP,hierarchical,0.9554403432486664,0.8666383935394245,0.9088754151814462,0.8463849095066754,0.9088754151814463,0.8273110135407317,0.8353770241724601,0.11666666666666667,17,1.4166666666666667
32,non_nested,8,1.0,10,15,UMAP,flat_full,0.90701901811629,1.0,0.9512427610839694,0.8400444938820912,0.9512427610839695,1.0,0.6391166136857955,0.0,10,0.8333333333333334
32,non_nested,8,1.0,10,15,UMAP,flat_oracle_B,0.7441190862797131,0.992184681539902,0.8504313269737748,0.6170838499654407,0.8504313269737748,0.9961225312829721,0.16056802948185642,0.034722222222222224,7,0.5833333333333334
32,non_nested,8,1.0,10,15,UMAP,oracle_conditional,0.9070190181162902,1.0000000000000002,0.9512427610839697,0.8400444938820912,0.9512427610839697,0.8078005629272216,1.0,0.0,10,0.8333333333333334
32,non_nested,9,1.0,10,15,UMAP,hierarchical,0.9529774964341068,0.8923564268241186,0.9216712301697976,0.8535845918693878,0.9216712301697977,0.8692647533485207,0.8210231367709773,0.13194444444444445,16,1.3333333333333333
32,non_nested,9,1.0,10,15,UMAP,flat_full,0.9070190181162902,1.0000000000000002,0.9512427610839697,0.8400444938820912,0.9512427610839697,1.0,0.6391166136857955,0.0,10,0.8333333333333334
32,non_nested,9,1.0,10,15,UMAP,flat_oracle_B,0.43144571979942953,0.9999999999999992,0.6028111493600784,0.22197313634906468,0.6028111493600783,0.4534297297365364,0.22880651912680147,0.013888888888888888,4,0.3333333333333333
32,non_nested,9,1.0,10,15,UMAP,oracle_conditional,0.8605285271744351,1.0000000000000002,0.9250366383592202,0.7751016578041914,0.9250366383592202,0.7117008443908324,1.0,0.0,9,0.75
32,non_nested,10,1.0,10,15,UMAP,hierarchical,0.8958603270506847,0.8877137762144173,0.8917684467732389,0.7943029029556499,0.8917684467732389,0.7528063787639591,1.0,0.10138888888888889,14,1.1666666666666667
32,non_nested,10,1.0,10,15,UMAP,flat_full,0.7640475800557779,0.9962952400633819,0.8648508216598282,0.5769404959089065,0.8648508216598283,0.5668481725191868,1.0,0.002777777777777778,8,0.6666666666666666
32,non_nested,10,1.0,10,15,UMAP,flat_oracle_B,0.25615214493032035,0.9999999999999997,0.4078361780682694,0.1337963291049536,0.40783617806826944,0.0,0.5707462686567164,0.0,2,0.16666666666666666
32,non_nested,10,1.0,10,15,UMAP,oracle_conditional,0.7161942433644021,0.9908951131022931,0.8314425640268186,0.5587576249937335,0.8314425640268186,0.43326642764042184,1.0,0.2,7,0.5833333333333334
32,non_nested,11,1.0,10,15,UMAP,hierarchical,0.9967932547020991,0.9082583180930159,0.9504685100717324,0.9084790418617253,0.9504685100717324,0.8914472846267385,0.9953380152730723,0.10694444444444444,17,1.4166666666666667
32,non_nested,11,1.0,10,15,UMAP,flat_full,0.9971413576064762,0.9971605212725446,0.9971509393474366,0.9969920378035592,0.9971509393474365,0.9981833782614618,0.9958100724179246,0.005555555555555556,12,1.0
32,non_nested,11,1.0,10,15,UMAP,flat_oracle_B,0.578079787643827,0.9947494604325885,0.7312231223433402,0.39689007506294777,0.7312231223433401,0.709871953387066,0.2864068403280336,0.09722222222222222,5,0.4166666666666667
32,non_nested,11,1.0,10,15,UMAP,oracle_conditional,0.8572914019466712,0.9966950523267849,0.9217522563371553,0.7716166707571153,0.9217522563371553,0.7071714281966602,1.0,0.0,9,0.75
32,non_nested,12,1.0,10,15,UMAP,hierarchical,1.0,0.946418497754003,0.9724717462828136,0.9515974566217537,0.9724717462828136,0.9423052661581887,1.0,0.05555555555555555,15,1.25
32,non_nested,12,1.0,10,15,UMAP,flat_full,1.0,1.0,1.0,1.0,1.0,1.0,1.0,0.0,12,1.0
32,non_nested,12,1.0,10,15,UMAP,flat_oracle_B,0.7500047902981362,0.9999999999999999,0.8571459854922603,0.6213807574929463,0.8571459854922603,0.902514109149609,0.2707658603976148,0.011111111111111112,7,0.5833333333333334
32,non_nested,12,1.0,10,15,UMAP,oracle_conditional,0.9971347950735001,0.9971544020872724,0.9971445984840024,0.9970107265796819,0.9971445984840024,0.9962517647498635,1.0,0.011111111111111112,12,1.0
32,non_nested,13,1.0,10,15,UMAP,hierarchical,0.9615830433994597,0.9137468910200738,0.9370548619071037,0.8854015329757653,0.9370548619071039,0.9038102309529409,0.8369537573048041,0.09722222222222222,15,1.25
32,non_nested,13,1.0,10,15,UMAP,flat_full,0.9506574949338132,0.9970186705640955,0.9732863076017568,0.9114611797138777,0.9732863076017567,0.9962806484260072,0.782919991373733,0.0,11,0.9166666666666666
32,non_nested,13,1.0,10,15,UMAP,flat_oracle_B,0.7349203384306071,0.9961370611685441,0.8458198859110966,0.590461876863132,0.8458198859110966,0.716117915288749,0.635770060617114,0.030555555555555555,7,0.5833333333333334
32,non_nested,13,1.0,10,15,UMAP,oracle_conditional,0.8574872824856162,0.996691210276888,0.9218638234815271,0.7721304556321503,0.9218638234815271,0.7078394853388813,1.0,0.001388888888888889,9,0.75
32,non_nested,14,1.0,10,15,UMAP,hierarchical,0.9967682873078203,0.8906244386038233,0.9407116856115095,0.8854859953649218,0.9407116856115093,0.8657784594155885,0.9952651400725796,0.11388888888888889,18,1.5
32,non_nested,14,1.0,10,15,UMAP,flat_full,1.0,1.0,1.0,1.0,1.0,1.0,1.0,0.0,12,1.0
32,non_nested,14,1.0,10,15,UMAP,flat_oracle_B,0.11543129118376834,1.0,0.20697158506511887,0.031780231618637224,0.20697158506511887,0.11017740429505135,0.029628699664166223,0.0,2,0.16666666666666666
32,non_nested,14,1.0,10,15,UMAP,oracle_conditional,0.7309546990440257,0.9999999999999997,0.8445682598715244,0.5773072203307358,0.8445682598715244,0.45550768491134,1.0,0.006944444444444444,7,0.5833333333333334
32,non_nested,15,1.0,10,15,UMAP,hierarchical,0.952192447493155,0.8521446777624544,0.8993948137291146,0.7874058329376364,0.8993948137291145,0.7190167584100179,1.0,0.14305555555555555,18,1.5
32,non_nested,15,1.0,10,15,UMAP,flat_full,0.9013149898676263,0.9945917081102709,0.9456587882451637,0.8325212330869308,0.9456587882451636,0.8041547271281755,0.9916783378622624,0.0,10,0.8333333333333334
32,non_nested,15,1.0,10,15,UMAP,flat_oracle_B,0.7181950380665313,0.996029937611366,0.834597289279739,0.6192699380487968,0.8345972892797389,0.49404966751836416,1.0,0.006944444444444444,6,0.5
32,non_nested,15,1.0,10,15,UMAP,oracle_conditional,0.7182096983519991,0.9960575705641768,0.8346168888220229,0.6192993339842674,0.834616888822023,0.4940761097623421,1.0,0.0,6,0.5
32,non_nested,16,1.0,10,15,UMAP,hierarchical,0.9910983350743309,0.9543734839707284,0.9723892803204567,0.9582376153752338,0.9723892803204567,0.9541330802351031,0.9869183033894169,0.059722222222222225,14,1.1666666666666667
32,non_nested,16,1.0,10,15,UMAP,flat_full,0.9905686688845283,0.9905080248115868,0.9905383459198494,0.9887521010639775,0.9905383459198494,0.9929872773720231,0.9833256356377017,0.0125,12,1.0
32,non_nested,16,1.0,10,15,UMAP,flat_oracle_B,0.7345325056050921,0.9878949111091293,0.8425793938136135,0.6014439385974223,0.8425793938136135,0.9924085380934725,0.25648072127326454,0.08611111111111111,7,0.5833333333333334
32,non_nested,16,1.0,10,15,UMAP,oracle_conditional,1.0,1.0,1.0,1.0,1.0,1.0,1.0,0.0,12,1.0
32,non_nested,17,1.0,10,15,UMAP,hierarchical,0.8292657748867303,0.8690377124066361,0.8486860415428125,0.6068620085710625,0.8486860415428124,0.6973461868234546,0.7604969289311626,0.11805555555555555,14,1.1666666666666667
32,non_nested,17,1.0,10,15,UMAP,flat_full,0.7210570543488701,1.0,0.8379234756068777,0.5433470943156558,0.8379234756068777,0.7117008443908324,0.5705411539839923,0.0,7,0.5833333333333334
32,non_nested,17,1.0,10,15,UMAP,flat_oracle_B,0.7678163850362947,1.0,0.8686607857416491,0.5812957328871761,0.8686607857416491,0.7117246598992071,0.6421891182115582,0.005555555555555556,8,0.6666666666666666
32,non_nested,17,1.0,10,15,UMAP,oracle_conditional,0.8605349703463466,1.0,0.9250403610378302,0.7751097568504278,0.9250403610378304,0.7117246598992071,1.0,0.005555555555555556,9,0.75
32,non_nested,18,1.0,10,15,UMAP,hierarchical,0.9579742195769071,0.9060957382231375,0.9313130701496796,0.8585028204769276,0.9313130701496797,0.8824171462119583,0.8386408157389006,0.10555555555555556,16,1.3333333333333333
32,non_nested,18,1.0,10,15,UMAP,flat_full,0.9535095090581451,1.0,0.9762015538054537,0.9142925259268089,0.9762015538054537,1.0,0.782919991373733,0.0,11,0.9166666666666666
32,non_nested,18,1.0,10,15,UMAP,flat_oracle_B,0.7311915403826368,0.9999999999999998,0.8447263325016308,0.5779287329617847,0.8447263325016307,1.0,0.13698561586844102,0.006944444444444444,7,0.5833333333333334
32,non_nested,18,1.0,10,15,UMAP,oracle_conditional,1.0,1.0,1.0,1.0,1.0,1.0,1.0,0.0,12,1.0
32,non_nested,19,1.0,10,15,UMAP,hierarchical,0.9800186504980721,0.929721752483775,0.9542078659331925,0.9213272436681832,0.9542078659331926,0.9136328373491548,0.9512915307072759,0.09444444444444444,15,1.25
32,non_nested,19,1.0,10,15,UMAP,flat_full,0.9070190181162902,1.0000000000000002,0.9512427610839697,0.8400444938820912,0.9512427610839697,1.0,0.5443021929268602,0.0,10,0.8333333333333334
32,non_nested,19,1.0,10,15,UMAP,flat_oracle_B,0.6330754722703497,0.9954858065930382,0.7739563200067752,0.4198927290936125,0.7739563200067752,0.7091611471120277,0.2975370304421389,0.009722222222222222,6,0.5
32,non_nested,19,1.0,10,15,UMAP,oracle_conditional,0.8605285271744351,1.0000000000000002,0.9250366383592202,0.7751016578041914,0.9250366383592202,0.7117008443908324,1.0,0.0,9,0.75
