arm,skew,margin,seed,sel_id,n_sel,n_all,method,split,t,dim_precision,dim_recall,dim_f1,n_dims_found,membership_f1,coverage
synth-sym-wide,gaussian,4.0,0,cluster0,60,240,threshold,severity,1.0,1.0,1.0,1.0,3,1.0,0.25
synth-sym-wide,gaussian,4.0,0,cluster0,60,240,threshold,severity,0.95,1.0,1.0,1.0,3,0.30985915492957744,0.04583333333333333
synth-sym-wide,gaussian,4.0,0,cluster0,60,240,threshold,severity,0.9,1.0,1.0,1.0,3,0.03278688524590164,0.004166666666666667
synth-sym-wide,gaussian,4.0,0,cluster0,60,240,threshold,severity,0.8,1.0,1.0,1.0,3,0.0,0.0
synth-sym-wide,gaussian,4.0,0,cluster0,60,240,threshold,symmetric,1.0,1.0,1.0,1.0,3,1.0,0.25
synth-sym-wide,gaussian,4.0,0,cluster0,60,240,threshold,symmetric,0.95,1.0,1.0,1.0,3,0.30985915492957744,0.04583333333333333
synth-sym-wide,gaussian,4.0,0,cluster0,60,240,threshold,symmetric,0.9,1.0,1.0,1.0,3,0.06451612903225806,0.008333333333333333
synth-sym-wide,gaussian,4.0,0,cluster0,60,240,threshold,symmetric,0.8,1.0,1.0,1.0,3,0.0,0.0
synth-sym-wide,gaussian,4.0,0,cluster0,60,240,db,severity,1.0,1.0,0.3333333333333333,0.5,1,1.0,0.25
synth-sym-wide,gaussian,4.0,0,cluster0,60,240,db,severity,0.95,1.0,0.3333333333333333,0.5,1,0.9655172413793104,0.23333333333333334
synth-sym-wide,gaussian,4.0,0,cluster0,60,240,db,severity,0.9,1.0,0.3333333333333333,0.5,1,0.9473684210526316,0.225
synth-sym-wide,gaussian,4.0,0,cluster0,60,240,db,severity,0.8,1.0,0.3333333333333333,0.5,1,0.888888888888889,0.2
synth-sym-wide,gaussian,4.0,0,cluster0,60,240,db,symmetric,1.0,1.0,0.3333333333333333,0.5,1,1.0,0.25
synth-sym-wide,gaussian,4.0,0,cluster0,60,240,db,symmetric,0.95,1.0,0.3333333333333333,0.5,1,0.9655172413793104,0.23333333333333334
synth-sym-wide,gaussian,4.0,0,cluster0,60,240,db,symmetric,0.9,1.0,0.3333333333333333,0.5,1,0.9473684210526316,0.225
synth-sym-wide,gaussian,4.0,0,cluster0,60,240,db,symmetric,0.8,1.0,0.3333333333333333,0.5,1,0.888888888888889,0.2
synth-sym-wide,gaussian,4.0,0,cluster1,60,240,threshold,severity,1.0,1.0,1.0,1.0,3,1.0,0.25
synth-sym-wide,gaussian,4.0,0,cluster1,60,240,threshold,severity,0.95,1.0,1.0,1.0,3,0.2857142857142857,0.041666666666666664
synth-sym-wide,gaussian,4.0,0,cluster1,60,240,threshold,severity,0.9,1.0,1.0,1.0,3,0.06451612903225806,0.008333333333333333
synth-sym-wide,gaussian,4.0,0,cluster1,60,240,threshold,severity,0.8,1.0,1.0,1.0,3,0.0,0.0
synth-sym-wide,gaussian,4.0,0,cluster1,60,240,threshold,symmetric,1.0,1.0,1.0,1.0,3,1.0,0.25
synth-sym-wide,gaussian,4.0,0,cluster1,60,240,threshold,symmetric,0.95,1.0,1.0,1.0,3,0.2857142857142857,0.041666666666666664
synth-sym-wide,gaussian,4.0,0,cluster1,60,240,threshold,symmetric,0.9,1.0,1.0,1.0,3,0.06451612903225806,0.008333333333333333
synth-sym-wide,gaussian,4.0,0,cluster1,60,240,threshold,symmetric,0.8,1.0,1.0,1.0,3,0.0,0.0
synth-sym-wide,gaussian,4.0,0,cluster1,60,240,db,severity,1.0,1.0,0.3333333333333333,0.5,1,1.0,0.25
synth-sym-wide,gaussian,4.0,0,cluster1,60,240,db,severity,0.95,1.0,0.3333333333333333,0.5,1,0.9655172413793104,0.23333333333333334
synth-sym-wide,gaussian,4.0,0,cluster1,60,240,db,severity,0.9,1.0,0.3333333333333333,0.5,1,0.9380530973451328,0.22083333333333333
synth-sym-wide,gaussian,4.0,0,cluster1,60,240,db,severity,0.8,1.0,0.3333333333333333,0.5,1,0.888888888888889,0.2
synth-sym-wide,gaussian,4.0,0,cluster1,60,240,db,symmetric,1.0,1.0,0.3333333333333333,0.5,1,1.0,0.25
synth-sym-wide,gaussian,4.0,0,cluster1,60,240,db,symmetric,0.95,1.0,0.3333333333333333,0.5,1,0.9655172413793104,0.23333333333333334
synth-sym-wide,gaussian,4.0,0,cluster1,60,240,db,symmetric,0.9,1.0,0.3333333333333333,0.5,1,0.9473684210526316,0.225
synth-sym-wide,gaussian,4.0,0,cluster1,60,240,db,symmetric,0.8,1.0,0.3333333333333333,0.5,1,0.888888888888889,0.2
synth-sym-wide,gaussian,4.0,0,cluster2,60,240,threshold,severity,1.0,1.0,1.0,1.0,3,1.0,0.25
synth-sym-wide,gaussian,4.0,0,cluster2,60,240,threshold,severity,0.95,1.0,1.0,1.0,3,0.208955223880597,0.029166666666666667
synth-sym-wide,gaussian,4.0,0,cluster2,60,240,threshold,severity,0.9,1.0,1.0,1.0,3,0.06451612903225806,0.008333333333333333
synth-sym-wide,gaussian,4.0,0,cluster2,60,240,threshold,severity,0.8,1.0,1.0,1.0,3,0.0,0.0
synth-sym-wide,gaussian,4.0,0,cluster2,60,240,threshold,symmetric,1.0,1.0,1.0,1.0,3,1.0,0.25
synth-sym-wide,gaussian,4.0,0,cluster2,60,240,threshold,symmetric,0.95,1.0,1.0,1.0,3,0.208955223880597,0.029166666666666667
synth-sym-wide,gaussian,4.0,0,cluster2,60,240,threshold,symmetric,0.9,1.0,1.0,1.0,3,0.09523809523809523,0.0125
synth-sym-wide,gaussian,4.0,0,cluster2,60,240,threshold,symmetric,0.8,1.0,1.0,1.0,3,0.03278688524590164,0.004166666666666667
synth-sym-wide,gaussian,4.0,0,cluster2,60,240,db,severity,1.0,1.0,0.3333333333333333,0.5,1,1.0,0.25
synth-sym-wide,gaussian,4.0,0,cluster2,60,240,db,severity,0.95,1.0,0.3333333333333333,0.5,1,0.9655172413793104,0.23333333333333334
synth-sym-wide,gaussian,4.0,0,cluster2,60,240,db,severity,0.9,1.0,0.3333333333333333,0.5,1,0.9473684210526316,0.225
synth-sym-wide,gaussian,4.0,0,cluster2,60,240,db,severity,0.8,1.0,0.3333333333333333,0.5,1,0.888888888888889,0.2
synth-sym-wide,gaussian,4.0,0,cluster2,60,240,db,symmetric,1.0,1.0,0.3333333333333333,0.5,1,1.0,0.25
synth-sym-wide,gaussian,4.0,0,cluster2,60,240,db,symmetric,0.95,1.0,0.3333333333333333,0.5,1,0.9655172413793104,0.23333333333333334
synth-sym-wide,gaussian,4.0,0,cluster2,60,240,db,symmetric,0.9,1.0,0.3333333333333333,0.5,1,0.9473684210526316,0.225
synth-sym-wide,gaussian,4.0,0,cluster2,60,240,db,symmetric,0.8,1.0,0.3333333333333333,0.5,1,0.888888888888889,0.2
synth-sym-wide,gaussian,4.0,0,cluster3,60,240,threshold,severity,1.0,1.0,1.0,1.0,3,1.0,0.25
synth-sym-wide,gaussian,4.0,0,cluster3,60,240,threshold,severity,0.95,1.0,1.0,1.0,3,0.18181818181818182,0.025
synth-sym-wide,gaussian,4.0,0,cluster3,60,240,threshold,severity,0.9,1.0,1.0,1.0,3,0.0,0.0
synth-sym-wide,gaussian,4.0,0,cluster3,60,240,threshold,severity,0.8,1.0,1.0,1.0,3,0.0,0.0
synth-sym-wide,gaussian,4.0,0,cluster3,60,240,threshold,symmetric,1.0,1.0,1.0,1.0,3,1.0,0.25
synth-sym-wide,gaussian,4.0,0,cluster3,60,240,threshold,symmetric,0.95,1.0,1.0,1.0,3,0.18181818181818182,0.025
synth-sym-wide,gaussian,4.0,0,cluster3,60,240,threshold,symmetric,0.9,1.0,1.0,1.0,3,0.06451612903225806,0.008333333333333333
synth-sym-wide,gaussian,4.0,0,cluster3,60,240,threshold,symmetric,0.8,1.0,1.0,1.0,3,0.0,0.0
synth-sym-wide,gaussian,4.0,0,cluster3,60,240,db,severity,1.0,1.0,0.3333333333333333,0.5,1,1.0,0.25
synth-sym-wide,gaussian,4.0,0,cluster3,60,240,db,severity,0.95,1.0,0.3333333333333333,0.5,1,0.9655172413793104,0.23333333333333334
synth-sym-wide,gaussian,4.0,0,cluster3,60,240,db,severity,0.9,1.0,0.3333333333333333,0.5,1,0.9473684210526316,0.225
synth-sym-wide,gaussian,4.0,0,cluster3,60,240,db,severity,0.8,1.0,0.3333333333333333,0.5,1,0.888888888888889,0.2
synth-sym-wide,gaussian,4.0,0,cluster3,60,240,db,symmetric,1.0,1.0,0.3333333333333333,0.5,1,1.0,0.25
synth-sym-wide,gaussian,4.0,0,cluster3,60,240,db,symmetric,0.95,1.0,0.3333333333333333,0.5,1,0.9655172413793104,0.23333333333333334
synth-sym-wide,gaussian,4.0,0,cluster3,60,240,db,symmetric,0.9,1.0,0.3333333333333333,0.5,1,0.9473684210526316,0.225
synth-sym-wide,gaussian,4.0,0,cluster3,60,240,db,symmetric,0.8,1.0,0.3333333333333333,0.5,1,0.888888888888889,0.2
synth-sym-wide,gaussian,4.0,1,cluster0,60,240,threshold,severity,1.0,1.0,1.0,1.0,3,1.0,0.25
synth-sym-wide,gaussian,4.0,1,cluster0,60,240,threshold,severity,0.95,1.0,1.0,1.0,3,0.37837837837837834,0.058333333333333334
synth-sym-wide,gaussian,4.0,1,cluster0,60,240,threshold,severity,0.9,1.0,1.0,1.0,3,0.09523809523809523,0.0125
synth-sym-wide,gaussian,4.0,1,cluster0,60,240,threshold,severity,0.8,1.0,1.0,1.0,3,0.0,0.0
synth-sym-wide,gaussian,4.0,1,cluster0,60,240,threshold,symmetric,1.0,1.0,1.0,1.0,3,1.0,0.25
synth-sym-wide,gaussian,4.0,1,cluster0,60,240,threshold,symmetric,0.95,1.0,1.0,1.0,3,0.37837837837837834,0.058333333333333334
synth-sym-wide,gaussian,4.0,1,cluster0,60,240,threshold,symmetric,0.9,1.0,1.0,1.0,3,0.125,0.016666666666666666
synth-sym-wide,gaussian,4.0,1,cluster0,60,240,threshold,symmetric,0.8,1.0,1.0,1.0,3,0.0,0.0
synth-sym-wide,gaussian,4.0,1,cluster0,60,240,db,severity,1.0,1.0,0.3333333333333333,0.5,1,1.0,0.25
synth-sym-wide,gaussian,4.0,1,cluster0,60,240,db,severity,0.95,1.0,0.3333333333333333,0.5,1,0.9655172413793104,0.23333333333333334
synth-sym-wide,gaussian,4.0,1,cluster0,60,240,db,severity,0.9,1.0,0.3333333333333333,0.5,1,0.9380530973451328,0.22083333333333333
synth-sym-wide,gaussian,4.0,1,cluster0,60,240,db,severity,0.8,1.0,0.3333333333333333,0.5,1,0.8785046728971964,0.19583333333333333
synth-sym-wide,gaussian,4.0,1,cluster0,60,240,db,symmetric,1.0,1.0,0.3333333333333333,0.5,1,1.0,0.25
synth-sym-wide,gaussian,4.0,1,cluster0,60,240,db,symmetric,0.95,1.0,0.3333333333333333,0.5,1,0.9655172413793104,0.23333333333333334
synth-sym-wide,gaussian,4.0,1,cluster0,60,240,db,symmetric,0.9,1.0,0.3333333333333333,0.5,1,0.9473684210526316,0.225
synth-sym-wide,gaussian,4.0,1,cluster0,60,240,db,symmetric,0.8,1.0,0.3333333333333333,0.5,1,0.888888888888889,0.2
synth-sym-wide,gaussian,4.0,1,cluster1,60,240,threshold,severity,1.0,1.0,1.0,1.0,3,1.0,0.25
synth-sym-wide,gaussian,4.0,1,cluster1,60,240,threshold,severity,0.95,1.0,1.0,1.0,3,0.23529411764705882,0.03333333333333333
synth-sym-wide,gaussian,4.0,1,cluster1,60,240,threshold,severity,0.9,1.0,1.0,1.0,3,0.06451612903225806,0.008333333333333333
synth-sym-wide,gaussian,4.0,1,cluster1,60,240,threshold,severity,0.8,1.0,1.0,1.0,3,0.0,0.0
synth-sym-wide,gaussian,4.0,1,cluster1,60,240,threshold,symmetric,1.0,1.0,1.0,1.0,3,1.0,0.25
synth-sym-wide,gaussian,4.0,1,cluster1,60,240,threshold,symmetric,0.95,1.0,1.0,1.0,3,0.23529411764705882,0.03333333333333333
synth-sym-wide,gaussian,4.0,1,cluster1,60,240,threshold,symmetric,0.9,1.0,1.0,1.0,3,0.09523809523809523,0.0125
synth-sym-wide,gaussian,4.0,1,cluster1,60,240,threshold,symmetric,0.8,1.0,1.0,1.0,3,0.0,0.0
synth-sym-wide,gaussian,4.0,1,cluster1,60,240,db,severity,1.0,1.0,0.3333333333333333,0.5,1,1.0,0.25
synth-sym-wide,gaussian,4.0,1,cluster1,60,240,db,severity,0.95,1.0,0.3333333333333333,0.5,1,0.9655172413793104,0.23333333333333334
synth-sym-wide,gaussian,4.0,1,cluster1,60,240,db,severity,0.9,1.0,0.3333333333333333,0.5,1,0.9380530973451328,0.22083333333333333
synth-sym-wide,gaussian,4.0,1,cluster1,60,240,db,severity,0.8,1.0,0.3333333333333333,0.5,1,0.8785046728971964,0.19583333333333333
synth-sym-wide,gaussian,4.0,1,cluster1,60,240,db,symmetric,1.0,1.0,0.3333333333333333,0.5,1,1.0,0.25
synth-sym-wide,gaussian,4.0,1,cluster1,60,240,db,symmetric,0.95,1.0,0.3333333333333333,0.5,1,0.9655172413793104,0.23333333333333334
synth-sym-wide,gaussian,4.0,1,cluster1,60,240,db,symmetric,0.9,1.0,0.3333333333333333,0.5,1,0.9473684210526316,0.225
synth-sym-wide,gaussian,4.0,1,cluster1,60,240,db,symmetric,0.8,1.0,0.3333333333333333,0.5,1,0.888888888888889,0.2
synth-sym-wide,gaussian,4.0,1,cluster2,60,240,threshold,severity,1.0,1.0,1.0,1.0,3,1.0,0.25
synth-sym-wide,gaussian,4.0,1,cluster2,60,240,threshold,severity,0.95,1.0,1.0,1.0,3,0.23529411764705882,0.03333333333333333
synth-sym-wide,gaussian,4.0,1,cluster2,60,240,threshold,severity,0.9,1.0,1.0,1.0,3,0.03278688524590164,0.004166666666666667
synth-sym-wide,gaussian,4.0,1,cluster2,60,240,threshold,severity,0.8,1.0,1.0,1.0,3,0.0,0.0
synth-sym-wide,gaussian,4.0,1,cluster2,60,240,threshold,symmetric,1.0,1.0,1.0,1.0,3,1.0,0.25
synth-sym-wide,gaussian,4.0,1,cluster2,60,240,threshold,symmetric,0.95,1.0,1.0,1.0,3,0.208955223880597,0.029166666666666667
synth-sym-wide,gaussian,4.0,1,cluster2,60,240,threshold,symmetric,0.9,1.0,1.0,1.0,3,0.09523809523809523,0.0125
synth-sym-wide,gaussian,4.0,1,cluster2,60,240,threshold,symmetric,0.8,1.0,1.0,1.0,3,0.0,0.0
synth-sym-wide,gaussian,4.0,1,cluster2,60,240,db,severity,1.0,1.0,0.3333333333333333,0.5,1,1.0,0.25
synth-sym-wide,gaussian,4.0,1,cluster2,60,240,db,severity,0.95,1.0,0.3333333333333333,0.5,1,0.9655172413793104,0.23333333333333334
synth-sym-wide,gaussian,4.0,1,cluster2,60,240,db,severity,0.9,1.0,0.3333333333333333,0.5,1,0.9380530973451328,0.22083333333333333
synth-sym-wide,gaussian,4.0,1,cluster2,60,240,db,severity,0.8,1.0,0.3333333333333333,0.5,1,0.8785046728971964,0.19583333333333333
synth-sym-wide,gaussian,4.0,1,cluster2,60,240,db,symmetric,1.0,1.0,0.3333333333333333,0.5,1,1.0,0.25
synth-sym-wide,gaussian,4.0,1,cluster2,60,240,db,symmetric,0.95,1.0,0.3333333333333333,0.5,1,0.9655172413793104,0.23333333333333334
synth-sym-wide,gaussian,4.0,1,cluster2,60,240,db,symmetric,0.9,1.0,0.3333333333333333,0.5,1,0.9473684210526316,0.225
synth-sym-wide,gaussian,4.0,1,cluster2,60,240,db,symmetric,0.8,1.0,0.3333333333333333,0.5,1,0.888888888888889,0.2
synth-sym-wide,gaussian,4.0,1,cluster3,60,240,threshold,severity,1.0,1.0,1.0,1.0,3,1.0,0.25
synth-sym-wide,gaussian,4.0,1,cluster3,60,240,threshold,severity,0.95,1.0,1.0,1.0,3,0.23529411764705882,0.03333333333333333
synth-sym-wide,gaussian,4.0,1,cluster3,60,240,threshold,severity,0.9,1.0,1.0,1.0,3,0.09523809523809523,0.0125
synth-sym-wide,gaussian,4.0,1,cluster3,60,240,threshold,severity,0.8,1.0,1.0,1.0,3,0.03278688524590164,0.004166666666666667
synth-sym-wide,gaussian,4.0,1,cluster3,60,240,threshold,symmetric,1.0,1.0,1.0,1.0,3,1.0,0.25
synth-sym-wide,gaussian,4.0,1,cluster3,60,240,threshold,symmetric,0.95,1.0,1.0,1.0,3,0.23529411764705882,0.03333333333333333
synth-sym-wide,gaussian,4.0,1,cluster3,60,240,threshold,symmetric,0.9,1.0,1.0,1.0,3,0.18181818181818182,0.025
synth-sym-wide,gaussian,4.0,1,cluster3,60,240,threshold,symmetric,0.8,1.0,1.0,1.0,3,0.03278688524590164,0.004166666666666667
synth-sym-wide,gaussian,4.0,1,cluster3,60,240,db,severity,1.0,1.0,0.3333333333333333,0.5,1,1.0,0.25
synth-sym-wide,gaussian,4.0,1,cluster3,60,240,db,severity,0.95,1.0,0.3333333333333333,0.5,1,0.9655172413793104,0.23333333333333334
synth-sym-wide,gaussian,4.0,1,cluster3,60,240,db,severity,0.9,1.0,0.3333333333333333,0.5,1,0.9380530973451328,0.22083333333333333
synth-sym-wide,gaussian,4.0,1,cluster3,60,240,db,severity,0.8,1.0,0.3333333333333333,0.5,1,0.8785046728971964,0.19583333333333333
synth-sym-wide,gaussian,4.0,1,cluster3,60,240,db,symmetric,1.0,1.0,0.3333333333333333,0.5,1,1.0,0.25
synth-sym-wide,gaussian,4.0,1,cluster3,60,240,db,symmetric,0.95,1.0,0.3333333333333333,0.5,1,0.9655172413793104,0.23333333333333334
synth-sym-wide,gaussian,4.0,1,cluster3,60,240,db,symmetric,0.9,1.0,0.3333333333333333,0.5,1,0.9473684210526316,0.225
synth-sym-wide,gaussian,4.0,1,cluster3,60,240,db,symmetric,0.8,1.0,0.3333333333333333,0.5,1,0.888888888888889,0.2
synth-sym-wide,gaussian,4.0,2,cluster0,60,240,threshold,severity,1.0,1.0,1.0,1.0,3,1.0,0.25
synth-sym-wide,gaussian,4.0,2,cluster0,60,240,threshold,severity,0.95,1.0,1.0,1.0,3,0.23529411764705882,0.03333333333333333
synth-sym-wide,gaussian,4.0,2,cluster0,60,240,threshold,severity,0.9,1.0,1.0,1.0,3,0.06451612903225806,0.008333333333333333
synth-sym-wide,gaussian,4.0,2,cluster0,60,240,threshold,severity,0.8,1.0,1.0,1.0,3,0.0,0.0
synth-sym-wide,gaussian,4.0,2,cluster0,60,240,threshold,symmetric,1.0,1.0,1.0,1.0,3,1.0,0.25
synth-sym-wide,gaussian,4.0,2,cluster0,60,240,threshold,symmetric,0.95,1.0,1.0,1.0,3,0.23529411764705882,0.03333333333333333
synth-sym-wide,gaussian,4.0,2,cluster0,60,240,threshold,symmetric,0.9,1.0,1.0,1.0,3,0.09523809523809523,0.0125
synth-sym-wide,gaussian,4.0,2,cluster0,60,240,threshold,symmetric,0.8,1.0,1.0,1.0,3,0.0,0.0
synth-sym-wide,gaussian,4.0,2,cluster0,60,240,db,severity,1.0,1.0,0.3333333333333333,0.5,1,1.0,0.25
synth-sym-wide,gaussian,4.0,2,cluster0,60,240,db,severity,0.95,1.0,0.3333333333333333,0.5,1,0.9655172413793104,0.23333333333333334
synth-sym-wide,gaussian,4.0,2,cluster0,60,240,db,severity,0.9,1.0,0.3333333333333333,0.5,1,0.9380530973451328,0.22083333333333333
synth-sym-wide,gaussian,4.0,2,cluster0,60,240,db,severity,0.8,1.0,0.3333333333333333,0.5,1,0.8785046728971964,0.19583333333333333
synth-sym-wide,gaussian,4.0,2,cluster0,60,240,db,symmetric,1.0,1.0,0.3333333333333333,0.5,1,1.0,0.25
synth-sym-wide,gaussian,4.0,2,cluster0,60,240,db,symmetric,0.95,1.0,0.3333333333333333,0.5,1,0.9655172413793104,0.23333333333333334
synth-sym-wide,gaussian,4.0,2,cluster0,60,240,db,symmetric,0.9,1.0,0.3333333333333333,0.5,1,0.9473684210526316,0.225
synth-sym-wide,gaussian,4.0,2,cluster0,60,240,db,symmetric,0.8,1.0,0.3333333333333333,0.5,1,0.888888888888889,0.2
synth-sym-wide,gaussian,4.0,2,cluster1,60,240,threshold,severity,1.0,1.0,1.0,1.0,3,1.0,0.25
synth-sym-wide,gaussian,4.0,2,cluster1,60,240,threshold,severity,0.95,1.0,1.0,1.0,3,0.30985915492957744,0.04583333333333333
synth-sym-wide,gaussian,4.0,2,cluster1,60,240,threshold,severity,0.9,1.0,1.0,1.0,3,0.09523809523809523,0.0125
synth-sym-wide,gaussian,4.0,2,cluster1,60,240,threshold,severity,0.8,1.0,1.0,1.0,3,0.0,0.0
synth-sym-wide,gaussian,4.0,2,cluster1,60,240,threshold,symmetric,1.0,1.0,1.0,1.0,3,1.0,0.25
synth-sym-wide,gaussian,4.0,2,cluster1,60,240,threshold,symmetric,0.95,1.0,1.0,1.0,3,0.30985915492957744,0.04583333333333333
synth-sym-wide,gaussian,4.0,2,cluster1,60,240,threshold,symmetric,0.9,1.0,1.0,1.0,3,0.125,0.016666666666666666
synth-sym-wide,gaussian,4.0,2,cluster1,60,240,threshold,symmetric,0.8,1.0,1.0,1.0,3,0.0,0.0
synth-sym-wide,gaussian,4.0,2,cluster1,60,240,db,severity,1.0,1.0,0.3333333333333333,0.5,1,1.0,0.25
synth-sym-wide,gaussian,4.0,2,cluster1,60,240,db,severity,0.95,1.0,0.3333333333333333,0.5,1,0.9655172413793104,0.23333333333333334
synth-sym-wide,gaussian,4.0,2,cluster1,60,240,db,severity,0.9,1.0,0.3333333333333333,0.5,1,0.9380530973451328,0.22083333333333333
synth-sym-wide,gaussian,4.0,2,cluster1,60,240,db,severity,0.8,1.0,0.3333333333333333,0.5,1,0.888888888888889,0.2
synth-sym-wide,gaussian,4.0,2,cluster1,60,240,db,symmetric,1.0,1.0,0.3333333333333333,0.5,1,1.0,0.25
synth-sym-wide,gaussian,4.0,2,cluster1,60,240,db,symmetric,0.95,1.0,0.3333333333333333,0.5,1,0.9655172413793104,0.23333333333333334
synth-sym-wide,gaussian,4.0,2,cluster1,60,240,db,symmetric,0.9,1.0,0.3333333333333333,0.5,1,0.9473684210526316,0.225
synth-sym-wide,gaussian,4.0,2,cluster1,60,240,db,symmetric,0.8,1.0,0.3333333333333333,0.5,1,0.888888888888889,0.2
synth-sym-wide,gaussian,4.0,2,cluster2,60,240,threshold,severity,1.0,1.0,1.0,1.0,3,1.0,0.25
synth-sym-wide,gaussian,4.0,2,cluster2,60,240,threshold,severity,0.95,1.0,1.0,1.0,3,0.4,0.0625
synth-sym-wide,gaussian,4.0,2,cluster2,60,240,threshold,severity,0.9,1.0,1.0,1.0,3,0.09523809523809523,0.0125
synth-sym-wide,gaussian,4.0,2,cluster2,60,240,threshold,severity,0.8,1.0,1.0,1.0,3,0.0,0.0
synth-sym-wide,gaussian,4.0,2,cluster2,60,240,threshold,symmetric,1.0,1.0,1.0,1.0,3,1.0,0.25
synth-sym-wide,gaussian,4.0,2,cluster2,60,240,threshold,symmetric,0.95,1.0,1.0,1.0,3,0.4,0.0625
synth-sym-wide,gaussian,4.0,2,cluster2,60,240,threshold,symmetric,0.9,1.0,1.0,1.0,3,0.15384615384615385,0.020833333333333332
synth-sym-wide,gaussian,4.0,2,cluster2,60,240,threshold,symmetric,0.8,1.0,1.0,1.0,3,0.0,0.0
synth-sym-wide,gaussian,4.0,2,cluster2,60,240,db,severity,1.0,1.0,0.3333333333333333,0.5,1,1.0,0.25
synth-sym-wide,gaussian,4.0,2,cluster2,60,240,db,severity,0.95,1.0,0.3333333333333333,0.5,1,0.9655172413793104,0.23333333333333334
synth-sym-wide,gaussian,4.0,2,cluster2,60,240,db,severity,0.9,1.0,0.3333333333333333,0.5,1,0.9380530973451328,0.22083333333333333
synth-sym-wide,gaussian,4.0,2,cluster2,60,240,db,severity,0.8,1.0,0.3333333333333333,0.5,1,0.8785046728971964,0.19583333333333333
synth-sym-wide,gaussian,4.0,2,cluster2,60,240,db,symmetric,1.0,1.0,0.3333333333333333,0.5,1,1.0,0.25
synth-sym-wide,gaussian,4.0,2,cluster2,60,240,db,symmetric,0.95,1.0,0.3333333333333333,0.5,1,0.9655172413793104,0.23333333333333334
synth-sym-wide,gaussian,4.0,2,cluster2,60,240,db,symmetric,0.9,1.0,0.3333333333333333,0.5,1,0.9473684210526316,0.225
synth-sym-wide,gaussian,4.0,2,cluster2,60,240,db,symmetric,0.8,1.0,0.3333333333333333,0.5,1,0.888888888888889,0.2
synth-sym-wide,gaussian,4.0,2,cluster3,60,240,threshold,severity,1.0,1.0,1.0,1.0,3,1.0,0.25
synth-sym-wide,gaussian,4.0,2,cluster3,60,240,threshold,severity,0.95,1.0,1.0,1.0,3,0.30985915492957744,0.04583333333333333
synth-sym-wide,gaussian,4.0,2,cluster3,60,240,threshold,severity,0.9,1.0,1.0,1.0,3,0.06451612903225806,0.008333333333333333
synth-sym-wide,gaussian,4.0,2,cluster3,60,240,threshold,severity,0.8,1.0,1.0,1.0,3,0.0,0.0
synth-sym-wide,gaussian,4.0,2,cluster3,60,240,threshold,symmetric,1.0,1.0,1.0,1.0,3,1.0,0.25
synth-sym-wide,gaussian,4.0,2,cluster3,60,240,threshold,symmetric,0.95,1.0,1.0,1.0,3,0.30985915492957744,0.04583333333333333
synth-sym-wide,gaussian,4.0,2,cluster3,60,240,threshold,symmetric,0.9,1.0,1.0,1.0,3,0.15384615384615385,0.020833333333333332
synth-sym-wide,gaussian,4.0,2,cluster3,60,240,threshold,symmetric,0.8,1.0,1.0,1.0,3,0.0,0.0
synth-sym-wide,gaussian,4.0,2,cluster3,60,240,db,severity,1.0,1.0,0.3333333333333333,0.5,1,1.0,0.25
synth-sym-wide,gaussian,4.0,2,cluster3,60,240,db,severity,0.95,1.0,0.3333333333333333,0.5,1,0.9655172413793104,0.23333333333333334
synth-sym-wide,gaussian,4.0,2,cluster3,60,240,db,severity,0.9,1.0,0.3333333333333333,0.5,1,0.9473684210526316,0.225
synth-sym-wide,gaussian,4.0,2,cluster3,60,240,db,severity,0.8,1.0,0.3333333333333333,0.5,1,0.888888888888889,0.2
synth-sym-wide,gaussian,4.0,2,cluster3,60,240,db,symmetric,1.0,1.0,0.3333333333333333,0.5,1,1.0,0.25
synth-sym-wide,gaussian,4.0,2,cluster3,60,240,db,symmetric,0.95,1.0,0.3333333333333333,0.5,1,0.9655172413793104,0.23333333333333334
synth-sym-wide,gaussian,4.0,2,cluster3,60,240,db,symmetric,0.9,1.0,0.3333333333333333,0.5,1,0.9473684210526316,0.225
synth-sym-wide,gaussian,4.0,2,cluster3,60,240,db,symmetric,0.8,1.0,0.3333333333333333,0.5,1,0.888888888888889,0.2
synth-sym-wide,gaussian,4.0,3,cluster0,60,240,threshold,severity,1.0,1.0,1.0,1.0,3,1.0,0.25
synth-sym-wide,gaussian,4.0,3,cluster0,60,240,threshold,severity,0.95,1.0,1.0,1.0,3,0.2857142857142857,0.041666666666666664
synth-sym-wide,gaussian,4.0,3,cluster0,60,240,threshold,severity,0.9,1.0,1.0,1.0,3,0.09523809523809523,0.0125
synth-sym-wide,gaussian,4.0,3,cluster0,60,240,threshold,severity,0.8,1.0,1.0,1.0,3,0.03278688524590164,0.004166666666666667
synth-sym-wide,gaussian,4.0,3,cluster0,60,240,threshold,symmetric,1.0,1.0,1.0,1.0,3,1.0,0.25
synth-sym-wide,gaussian,4.0,3,cluster0,60,240,threshold,symmetric,0.95,1.0,1.0,1.0,3,0.2857142857142857,0.041666666666666664
synth-sym-wide,gaussian,4.0,3,cluster0,60,240,threshold,symmetric,0.9,1.0,1.0,1.0,3,0.09523809523809523,0.0125
synth-sym-wide,gaussian,4.0,3,cluster0,60,240,threshold,symmetric,0.8,1.0,1.0,1.0,3,0.03278688524590164,0.004166666666666667
synth-sym-wide,gaussian,4.0,3,cluster0,60,240,db,severity,1.0,1.0,0.3333333333333333,0.5,1,1.0,0.25
synth-sym-wide,gaussian,4.0,3,cluster0,60,240,db,severity,0.95,1.0,0.3333333333333333,0.5,1,0.9655172413793104,0.23333333333333334
synth-sym-wide,gaussian,4.0,3,cluster0,60,240,db,severity,0.9,1.0,0.3333333333333333,0.5,1,0.9473684210526316,0.225
synth-sym-wide,gaussian,4.0,3,cluster0,60,240,db,severity,0.8,1.0,0.3333333333333333,0.5,1,0.888888888888889,0.2
synth-sym-wide,gaussian,4.0,3,cluster0,60,240,db,symmetric,1.0,1.0,0.3333333333333333,0.5,1,1.0,0.25
synth-sym-wide,gaussian,4.0,3,cluster0,60,240,db,symmetric,0.95,1.0,0.3333333333333333,0.5,1,0.9655172413793104,0.23333333333333334
synth-sym-wide,gaussian,4.0,3,cluster0,60,240,db,symmetric,0.9,1.0,0.3333333333333333,0.5,1,0.9473684210526316,0.225
synth-sym-wide,gaussian,4.0,3,cluster0,60,240,db,symmetric,0.8,1.0,0.3333333333333333,0.5,1,0.888888888888889,0.2
synth-sym-wide,gaussian,4.0,3,cluster1,60,240,threshold,severity,1.0,1.0,1.0,1.0,3,1.0,0.25
synth-sym-wide,gaussian,4.0,3,cluster1,60,240,threshold,severity,0.95,1.0,1.0,1.0,3,0.18181818181818182,0.025
synth-sym-wide,gaussian,4.0,3,cluster1,60,240,threshold,severity,0.9,1.0,1.0,1.0,3,0.03278688524590164,0.004166666666666667
synth-sym-wide,gaussian,4.0,3,cluster1,60,240,threshold,severity,0.8,1.0,1.0,1.0,3,0.0,0.0
synth-sym-wide,gaussian,4.0,3,cluster1,60,240,threshold,symmetric,1.0,1.0,1.0,1.0,3,1.0,0.25
synth-sym-wide,gaussian,4.0,3,cluster1,60,240,threshold,symmetric,0.95,1.0,1.0,1.0,3,0.18181818181818182,0.025
synth-sym-wide,gaussian,4.0,3,cluster1,60,240,threshold,symmetric,0.9,1.0,1.0,1.0,3,0.03278688524590164,0.004166666666666667
synth-sym-wide,gaussian,4.0,3,cluster1,60,240,threshold,symmetric,0.8,1.0,1.0,1.0,3,0.0,0.0
synth-sym-wide,gaussian,4.0,3,cluster1,60,240,db,severity,1.0,1.0,0.3333333333333333,0.5,1,1.0,0.25
synth-sym-wide,gaussian,4.0,3,cluster1,60,240,db,severity,0.95,1.0,0.3333333333333333,0.5,1,0.9655172413793104,0.23333333333333334
synth-sym-wide,gaussian,4.0,3,cluster1,60,240,db,severity,0.9,1.0,0.3333333333333333,0.5,1,0.9380530973451328,0.22083333333333333
synth-sym-wide,gaussian,4.0,3,cluster1,60,240,db,severity,0.8,1.0,0.3333333333333333,0.5,1,0.8785046728971964,0.19583333333333333
synth-sym-wide,gaussian,4.0,3,cluster1,60,240,db,symmetric,1.0,1.0,0.3333333333333333,0.5,1,1.0,0.25
synth-sym-wide,gaussian,4.0,3,cluster1,60,240,db,symmetric,0.95,1.0,0.3333333333333333,0.5,1,0.9655172413793104,0.23333333333333334
synth-sym-wide,gaussian,4.0,3,cluster1,60,240,db,symmetric,0.9,1.0,0.3333333333333333,0.5,1,0.9473684210526316,0.225
synth-sym-wide,gaussian,4.0,3,cluster1,60,240,db,symmetric,0.8,1.0,0.3333333333333333,0.5,1,0.888888888888889,0.2
synth-sym-wide,gaussian,4.0,3,cluster2,60,240,threshold,severity,1.0,1.0,1.0,1.0,3,1.0,0.25
synth-sym-wide,gaussian,4.0,3,cluster2,60,240,threshold,severity,0.95,1.0,1.0,1.0,3,0.4210526315789474,0.06666666666666667
synth-sym-wide,gaussian,4.0,3,cluster2,60,240,threshold,severity,0.9,1.0,1.0,1.0,3,0.06451612903225806,0.008333333333333333
synth-sym-wide,gaussian,4.0,3,cluster2,60,240,threshold,severity,0.8,1.0,1.0,1.0,3,0.0,0.0
synth-sym-wide,gaussian,4.0,3,cluster2,60,240,threshold,symmetric,1.0,1.0,1.0,1.0,3,1.0,0.25
synth-sym-wide,gaussian,4.0,3,cluster2,60,240,threshold,symmetric,0.95,1.0,1.0,1.0,3,0.4,0.0625
synth-sym-wide,gaussian,4.0,3,cluster2,60,240,threshold,symmetric,0.9,1.0,1.0,1.0,3,0.125,0.016666666666666666
synth-sym-wide,gaussian,4.0,3,cluster2,60,240,threshold,symmetric,0.8,1.0,1.0,1.0,3,0.0,0.0
synth-sym-wide,gaussian,4.0,3,cluster2,60,240,db,severity,1.0,1.0,0.3333333333333333,0.5,1,1.0,0.25
synth-sym-wide,gaussian,4.0,3,cluster2,60,240,db,severity,0.95,1.0,0.3333333333333333,0.5,1,0.9655172413793104,0.23333333333333334
synth-sym-wide,gaussian,4.0,3,cluster2,60,240,db,severity,0.9,1.0,0.3333333333333333,0.5,1,0.9380530973451328,0.22083333333333333
synth-sym-wide,gaussian,4.0,3,cluster2,60,240,db,severity,0.8,1.0,0.3333333333333333,0.5,1,0.8785046728971964,0.19583333333333333
synth-sym-wide,gaussian,4.0,3,cluster2,60,240,db,symmetric,1.0,1.0,0.3333333333333333,0.5,1,1.0,0.25
synth-sym-wide,gaussian,4.0,3,cluster2,60,240,db,symmetric,0.95,1.0,0.3333333333333333,0.5,1,0.9655172413793104,0.23333333333333334
synth-sym-wide,gaussian,4.0,3,cluster2,60,240,db,symmetric,0.9,1.0,0.3333333333333333,0.5,1,0.9473684210526316,0.225
synth-sym-wide,gaussian,4.0,3,cluster2,60,240,db,symmetric,0.8,1.0,0.3333333333333333,0.5,1,0.888888888888889,0.2
synth-sym-wide,gaussian,4.0,3,cluster3,60,240,threshold,severity,1.0,1.0,1.0,1.0,3,1.0,0.25
synth-sym-wide,gaussian,4.0,3,cluster3,60,240,threshold,severity,0.95,1.0,1.0,1.0,3,0.3561643835616438,0.05416666666666667
synth-sym-wide,gaussian,4.0,3,cluster3,60,240,threshold,severity,0.9,1.0,1.0,1.0,3,0.09523809523809523,0.0125
synth-sym-wide,gaussian,4.0,3,cluster3,60,240,threshold,severity,0.8,1.0,1.0,1.0,3,0.03278688524590164,0.004166666666666667
synth-sym-wide,gaussian,4.0,3,cluster3,60,240,threshold,symmetric,1.0,1.0,1.0,1.0,3,1.0,0.25
synth-sym-wide,gaussian,4.0,3,cluster3,60,240,threshold,symmetric,0.95,1.0,1.0,1.0,3,0.3561643835616438,0.05416666666666667
synth-sym-wide,gaussian,4.0,3,cluster3,60,240,threshold,symmetric,0.9,1.0,1.0,1.0,3,0.125,0.016666666666666666
synth-sym-wide,gaussian,4.0,3,cluster3,60,240,threshold,symmetric,0.8,1.0,1.0,1.0,3,0.0,0.0
synth-sym-wide,gaussian,4.0,3,cluster3,60,240,db,severity,1.0,1.0,0.3333333333333333,0.5,1,1.0,0.25
synth-sym-wide,gaussian,4.0,3,cluster3,60,240,db,severity,0.95,1.0,0.3333333333333333,0.5,1,0.9655172413793104,0.23333333333333334
synth-sym-wide,gaussian,4.0,3,cluster3,60,240,db,severity,0.9,1.0,0.3333333333333333,0.5,1,0.9380530973451328,0.22083333333333333
synth-sym-wide,gaussian,4.0,3,cluster3,60,240,db,severity,0.8,1.0,0.3333333333333333,0.5,1,0.8785046728971964,0.19583333333333333
synth-sym-wide,gaussian,4.0,3,cluster3,60,240,db,symmetric,1.0,1.0,0.3333333333333333,0.5,1,1.0,0.25
synth-sym-wide,gaussian,4.0,3,cluster3,60,240,db,symmetric,0.95,1.0,0.3333333333333333,0.5,1,0.9655172413793104,0.23333333333333334
synth-sym-wide,gaussian,4.0,3,cluster3,60,240,db,symmetric,0.9,1.0,0.3333333333333333,0.5,1,0.9473684210526316,0.225
synth-sym-wide,gaussian,4.0,3,cluster3,60,240,db,symmetric,0.8,1.0,0.3333333333333333,0.5,1,0.888888888888889,0.2
synth-sym-wide,gaussian,4.0,4,cluster0,60,240,threshold,severity,1.0,1.0,1.0,1.0,3,1.0,0.25
synth-sym-wide,gaussian,4.0,4,cluster0,60,240,threshold,severity,0.95,1.0,1.0,1.0,3,0.23529411764705882,0.03333333333333333
synth-sym-wide,gaussian,4.0,4,cluster0,60,240,threshold,severity,0.9,1.0,1.0,1.0,3,0.06451612903225806,0.008333333333333333
synth-sym-wide,gaussian,4.0,4,cluster0,60,240,threshold,severity,0.8,1.0,1.0,1.0,3,0.0,0.0
synth-sym-wide,gaussian,4.0,4,cluster0,60,240,threshold,symmetric,1.0,1.0,1.0,1.0,3,1.0,0.25
synth-sym-wide,gaussian,4.0,4,cluster0,60,240,threshold,symmetric,0.95,1.0,1.0,1.0,3,0.23529411764705882,0.03333333333333333
synth-sym-wide,gaussian,4.0,4,cluster0,60,240,threshold,symmetric,0.9,1.0,1.0,1.0,3,0.06451612903225806,0.008333333333333333
synth-sym-wide,gaussian,4.0,4,cluster0,60,240,threshold,symmetric,0.8,1.0,1.0,1.0,3,0.0,0.0
synth-sym-wide,gaussian,4.0,4,cluster0,60,240,db,severity,1.0,1.0,0.3333333333333333,0.5,1,1.0,0.25
synth-sym-wide,gaussian,4.0,4,cluster0,60,240,db,severity,0.95,1.0,0.3333333333333333,0.5,1,0.9655172413793104,0.23333333333333334
synth-sym-wide,gaussian,4.0,4,cluster0,60,240,db,severity,0.9,1.0,0.3333333333333333,0.5,1,0.9380530973451328,0.22083333333333333
synth-sym-wide,gaussian,4.0,4,cluster0,60,240,db,severity,0.8,1.0,0.3333333333333333,0.5,1,0.8785046728971964,0.19583333333333333
synth-sym-wide,gaussian,4.0,4,cluster0,60,240,db,symmetric,1.0,1.0,0.3333333333333333,0.5,1,1.0,0.25
synth-sym-wide,gaussian,4.0,4,cluster0,60,240,db,symmetric,0.95,1.0,0.3333333333333333,0.5,1,0.9655172413793104,0.23333333333333334
synth-sym-wide,gaussian,4.0,4,cluster0,60,240,db,symmetric,0.9,1.0,0.3333333333333333,0.5,1,0.9473684210526316,0.225
synth-sym-wide,gaussian,4.0,4,cluster0,60,240,db,symmetric,0.8,1.0,0.3333333333333333,0.5,1,0.888888888888889,0.2
synth-sym-wide,gaussian,4.0,4,cluster1,60,240,threshold,severity,1.0,1.0,1.0,1.0,3,1.0,0.25
synth-sym-wide,gaussian,4.0,4,cluster1,60,240,threshold,severity,0.95,1.0,1.0,1.0,3,0.2608695652173913,0.0375
synth-sym-wide,gaussian,4.0,4,cluster1,60,240,threshold,severity,0.9,1.0,1.0,1.0,3,0.06451612903225806,0.008333333333333333
synth-sym-wide,gaussian,4.0,4,cluster1,60,240,threshold,severity,0.8,1.0,1.0,1.0,3,0.0,0.0
synth-sym-wide,gaussian,4.0,4,cluster1,60,240,threshold,symmetric,1.0,1.0,1.0,1.0,3,1.0,0.25
synth-sym-wide,gaussian,4.0,4,cluster1,60,240,threshold,symmetric,0.95,1.0,1.0,1.0,3,0.2608695652173913,0.0375
synth-sym-wide,gaussian,4.0,4,cluster1,60,240,threshold,symmetric,0.9,1.0,1.0,1.0,3,0.09523809523809523,0.0125
synth-sym-wide,gaussian,4.0,4,cluster1,60,240,threshold,symmetric,0.8,1.0,1.0,1.0,3,0.0,0.0
synth-sym-wide,gaussian,4.0,4,cluster1,60,240,db,severity,1.0,1.0,0.3333333333333333,0.5,1,1.0,0.25
synth-sym-wide,gaussian,4.0,4,cluster1,60,240,db,severity,0.95,1.0,0.3333333333333333,0.5,1,0.9655172413793104,0.23333333333333334
synth-sym-wide,gaussian,4.0,4,cluster1,60,240,db,severity,0.9,1.0,0.3333333333333333,0.5,1,0.9380530973451328,0.22083333333333333
synth-sym-wide,gaussian,4.0,4,cluster1,60,240,db,severity,0.8,1.0,0.3333333333333333,0.5,1,0.8785046728971964,0.19583333333333333
synth-sym-wide,gaussian,4.0,4,cluster1,60,240,db,symmetric,1.0,1.0,0.3333333333333333,0.5,1,1.0,0.25
synth-sym-wide,gaussian,4.0,4,cluster1,60,240,db,symmetric,0.95,1.0,0.3333333333333333,0.5,1,0.9655172413793104,0.23333333333333334
synth-sym-wide,gaussian,4.0,4,cluster1,60,240,db,symmetric,0.9,1.0,0.3333333333333333,0.5,1,0.9473684210526316,0.225
synth-sym-wide,gaussian,4.0,4,cluster1,60,240,db,symmetric,0.8,1.0,0.3333333333333333,0.5,1,0.888888888888889,0.2
synth-sym-wide,gaussian,4.0,4,cluster2,60,240,threshold,severity,1.0,1.0,1.0,1.0,3,1.0,0.25
synth-sym-wide,gaussian,4.0,4,cluster2,60,240,threshold,severity,0.95,1.0,1.0,1.0,3,0.208955223880597,0.029166666666666667
synth-sym-wide,gaussian,4.0,4,cluster2,60,240,threshold,severity,0.9,1.0,1.0,1.0,3,0.06451612903225806,0.008333333333333333
synth-sym-wide,gaussian,4.0,4,cluster2,60,240,threshold,severity,0.8,1.0,1.0,1.0,3,0.0,0.0
synth-sym-wide,gaussian,4.0,4,cluster2,60,240,threshold,symmetric,1.0,1.0,1.0,1.0,3,1.0,0.25
synth-sym-wide,gaussian,4.0,4,cluster2,60,240,threshold,symmetric,0.95,1.0,1.0,1.0,3,0.208955223880597,0.029166666666666667
synth-sym-wide,gaussian,4.0,4,cluster2,60,240,threshold,symmetric,0.9,1.0,1.0,1.0,3,0.125,0.016666666666666666
synth-sym-wide,gaussian,4.0,4,cluster2,60,240,threshold,symmetric,0.8,1.0,1.0,1.0,3,0.0,0.0
synth-sym-wide,gaussian,4.0,4,cluster2,60,240,db,severity,1.0,1.0,0.3333333333333333,0.5,1,1.0,0.25
synth-sym-wide,gaussian,4.0,4,cluster2,60,240,db,severity,0.95,1.0,0.3333333333333333,0.5,1,0.9655172413793104,0.23333333333333334
synth-sym-wide,gaussian,4.0,4,cluster2,60,240,db,severity,0.9,1.0,0.3333333333333333,0.5,1,0.9380530973451328,0.22083333333333333
synth-sym-wide,gaussian,4.0,4,cluster2,60,240,db,severity,0.8,1.0,0.3333333333333333,0.5,1,0.888888888888889,0.2
synth-sym-wide,gaussian,4.0,4,cluster2,60,240,db,symmetric,1.0,1.0,0.3333333333333333,0.5,1,1.0,0.25
synth-sym-wide,gaussian,4.0,4,cluster2,60,240,db,symmetric,0.95,1.0,0.3333333333333333,0.5,1,0.9655172413793104,0.23333333333333334
synth-sym-wide,gaussian,4.0,4,cluster2,60,240,db,symmetric,0.9,1.0,0.3333333333333333,0.5,1,0.9473684210526316,0.225
synth-sym-wide,gaussian,4.0,4,cluster2,60,240,db,symmetric,0.8,1.0,0.3333333333333333,0.5,1,0.888888888888889,0.2
synth-sym-wide,gaussian,4.0,4,cluster3,60,240,threshold,severity,1.0,1.0,1.0,1.0,3,1.0,0.25
synth-sym-wide,gaussian,4.0,4,cluster3,60,240,threshold,severity,0.95,1.0,1.0,1.0,3,0.37837837837837834,0.058333333333333334
synth-sym-wide,gaussian,4.0,4,cluster3,60,240,threshold,severity,0.9,1.0,1.0,1.0,3,0.15384615384615385,0.020833333333333332
synth-sym-wide,gaussian,4.0,4,cluster3,60,240,threshold,severity,0.8,1.0,1.0,1.0,3,0.0,0.0
synth-sym-wide,gaussian,4.0,4,cluster3,60,240,threshold,symmetric,1.0,1.0,1.0,1.0,3,1.0,0.25
synth-sym-wide,gaussian,4.0,4,cluster3,60,240,threshold,symmetric,0.95,1.0,1.0,1.0,3,0.37837837837837834,0.058333333333333334
synth-sym-wide,gaussian,4.0,4,cluster3,60,240,threshold,symmetric,0.9,1.0,1.0,1.0,3,0.2608695652173913,0.0375
synth-sym-wide,gaussian,4.0,4,cluster3,60,240,threshold,symmetric,0.8,1.0,1.0,1.0,3,0.0,0.0
synth-sym-wide,gaussian,4.0,4,cluster3,60,240,db,severity,1.0,1.0,0.3333333333333333,0.5,1,1.0,0.25
synth-sym-wide,gaussian,4.0,4,cluster3,60,240,db,severity,0.95,1.0,0.3333333333333333,0.5,1,0.9655172413793104,0.23333333333333334
synth-sym-wide,gaussian,4.0,4,cluster3,60,240,db,severity,0.9,1.0,0.3333333333333333,0.5,1,0.9380530973451328,0.22083333333333333
synth-sym-wide,gaussian,4.0,4,cluster3,60,240,db,severity,0.8,1.0,0.3333333333333333,0.5,1,0.888888888888889,0.2
synth-sym-wide,gaussian,4.0,4,cluster3,60,240,db,symmetric,1.0,1.0,0.3333333333333333,0.5,1,1.0,0.25
synth-sym-wide,gaussian,4.0,4,cluster3,60,240,db,symmetric,0.95,1.0,0.3333333333333333,0.5,1,0.9655172413793104,0.23333333333333334
synth-sym-wide,gaussian,4.0,4,cluster3,60,240,db,symmetric,0.9,1.0,0.3333333333333333,0.5,1,0.9473684210526316,0.225
synth-sym-wide,gaussian,4.0,4,cluster3,60,240,db,symmetric,0.8,1.0,0.3333333333333333,0.5,1,0.888888888888889,0.2
synth-sym-wide,gaussian,4.0,5,cluster0,60,240,threshold,severity,1.0,1.0,1.0,1.0,3,1.0,0.25
synth-sym-wide,gaussian,4.0,5,cluster0,60,240,threshold,severity,0.95,1.0,1.0,1.0,3,0.18181818181818182,0.025
synth-sym-wide,gaussian,4.0,5,cluster0,60,240,threshold,severity,0.9,1.0,1.0,1.0,3,0.06451612903225806,0.008333333333333333
synth-sym-wide,gaussian,4.0,5,cluster0,60,240,threshold,severity,0.8,1.0,1.0,1.0,3,0.0,0.0
synth-sym-wide,gaussian,4.0,5,cluster0,60,240,threshold,symmetric,1.0,1.0,1.0,1.0,3,1.0,0.25
synth-sym-wide,gaussian,4.0,5,cluster0,60,240,threshold,symmetric,0.95,1.0,1.0,1.0,3,0.18181818181818182,0.025
synth-sym-wide,gaussian,4.0,5,cluster0,60,240,threshold,symmetric,0.9,1.0,1.0,1.0,3,0.06451612903225806,0.008333333333333333
synth-sym-wide,gaussian,4.0,5,cluster0,60,240,threshold,symmetric,0.8,1.0,1.0,1.0,3,0.0,0.0
synth-sym-wide,gaussian,4.0,5,cluster0,60,240,db,severity,1.0,1.0,0.3333333333333333,0.5,1,1.0,0.25
synth-sym-wide,gaussian,4.0,5,cluster0,60,240,db,severity,0.95,1.0,0.3333333333333333,0.5,1,0.9655172413793104,0.23333333333333334
synth-sym-wide,gaussian,4.0,5,cluster0,60,240,db,severity,0.9,1.0,0.3333333333333333,0.5,1,0.9473684210526316,0.225
synth-sym-wide,gaussian,4.0,5,cluster0,60,240,db,severity,0.8,1.0,0.3333333333333333,0.5,1,0.888888888888889,0.2
synth-sym-wide,gaussian,4.0,5,cluster0,60,240,db,symmetric,1.0,1.0,0.3333333333333333,0.5,1,1.0,0.25
synth-sym-wide,gaussian,4.0,5,cluster0,60,240,db,symmetric,0.95,1.0,0.3333333333333333,0.5,1,0.9655172413793104,0.23333333333333334
synth-sym-wide,gaussian,4.0,5,cluster0,60,240,db,symmetric,0.9,1.0,0.3333333333333333,0.5,1,0.9473684210526316,0.225
synth-sym-wide,gaussian,4.0,5,cluster0,60,240,db,symmetric,0.8,1.0,0.3333333333333333,0.5,1,0.888888888888889,0.2
synth-sym-wide,gaussian,4.0,5,cluster1,60,240,threshold,severity,1.0,1.0,1.0,1.0,3,1.0,0.25
synth-sym-wide,gaussian,4.0,5,cluster1,60,240,threshold,severity,0.95,1.0,1.0,1.0,3,0.4415584415584416,0.07083333333333333
synth-sym-wide,gaussian,4.0,5,cluster1,60,240,threshold,severity,0.9,1.0,1.0,1.0,3,0.03278688524590164,0.004166666666666667
synth-sym-wide,gaussian,4.0,5,cluster1,60,240,threshold,severity,0.8,1.0,1.0,1.0,3,0.0,0.0
synth-sym-wide,gaussian,4.0,5,cluster1,60,240,threshold,symmetric,1.0,1.0,1.0,1.0,3,1.0,0.25
synth-sym-wide,gaussian,4.0,5,cluster1,60,240,threshold,symmetric,0.95,1.0,1.0,1.0,3,0.4210526315789474,0.06666666666666667
synth-sym-wide,gaussian,4.0,5,cluster1,60,240,threshold,symmetric,0.9,1.0,1.0,1.0,3,0.09523809523809523,0.0125
synth-sym-wide,gaussian,4.0,5,cluster1,60,240,threshold,symmetric,0.8,1.0,1.0,1.0,3,0.0,0.0
synth-sym-wide,gaussian,4.0,5,cluster1,60,240,db,severity,1.0,1.0,0.3333333333333333,0.5,1,1.0,0.25
synth-sym-wide,gaussian,4.0,5,cluster1,60,240,db,severity,0.95,1.0,0.3333333333333333,0.5,1,0.9655172413793104,0.23333333333333334
synth-sym-wide,gaussian,4.0,5,cluster1,60,240,db,severity,0.9,1.0,0.3333333333333333,0.5,1,0.9380530973451328,0.22083333333333333
synth-sym-wide,gaussian,4.0,5,cluster1,60,240,db,severity,0.8,1.0,0.3333333333333333,0.5,1,0.8785046728971964,0.19583333333333333
synth-sym-wide,gaussian,4.0,5,cluster1,60,240,db,symmetric,1.0,1.0,0.3333333333333333,0.5,1,1.0,0.25
synth-sym-wide,gaussian,4.0,5,cluster1,60,240,db,symmetric,0.95,1.0,0.3333333333333333,0.5,1,0.9655172413793104,0.23333333333333334
synth-sym-wide,gaussian,4.0,5,cluster1,60,240,db,symmetric,0.9,1.0,0.3333333333333333,0.5,1,0.9473684210526316,0.225
synth-sym-wide,gaussian,4.0,5,cluster1,60,240,db,symmetric,0.8,1.0,0.3333333333333333,0.5,1,0.888888888888889,0.2
synth-sym-wide,gaussian,4.0,5,cluster2,60,240,threshold,severity,1.0,1.0,1.0,1.0,3,1.0,0.25
synth-sym-wide,gaussian,4.0,5,cluster2,60,240,threshold,severity,0.95,1.0,1.0,1.0,3,0.2857142857142857,0.041666666666666664
synth-sym-wide,gaussian,4.0,5,cluster2,60,240,threshold,severity,0.9,1.0,1.0,1.0,3,0.09523809523809523,0.0125
synth-sym-wide,gaussian,4.0,5,cluster2,60,240,threshold,severity,0.8,1.0,1.0,1.0,3,0.0,0.0
synth-sym-wide,gaussian,4.0,5,cluster2,60,240,threshold,symmetric,1.0,1.0,1.0,1.0,3,1.0,0.25
synth-sym-wide,gaussian,4.0,5,cluster2,60,240,threshold,symmetric,0.95,1.0,1.0,1.0,3,0.2857142857142857,0.041666666666666664
synth-sym-wide,gaussian,4.0,5,cluster2,60,240,threshold,symmetric,0.9,1.0,1.0,1.0,3,0.15384615384615385,0.020833333333333332
synth-sym-wide,gaussian,4.0,5,cluster2,60,240,threshold,symmetric,0.8,1.0,1.0,1.0,3,0.0,0.0
synth-sym-wide,gaussian,4.0,5,cluster2,60,240,db,severity,1.0,0.5,0.3333333333333333,0.4,2,1.0,0.25
synth-sym-wide,gaussian,4.0,5,cluster2,60,240,db,severity,0.95,1.0,0.3333333333333333,0.5,1,0.9655172413793104,0.23333333333333334
synth-sym-wide,gaussian,4.0,5,cluster2,60,240,db,severity,0.9,1.0,0.3333333333333333,0.5,1,0.9391304347826087,0.22916666666666666
synth-sym-wide,gaussian,4.0,5,cluster2,60,240,db,severity,0.8,1.0,0.3333333333333333,0.5,1,0.8807339449541285,0.20416666666666666
synth-sym-wide,gaussian,4.0,5,cluster2,60,240,db,symmetric,1.0,0.5,0.3333333333333333,0.4,2,1.0,0.25
synth-sym-wide,gaussian,4.0,5,cluster2,60,240,db,symmetric,0.95,1.0,0.3333333333333333,0.5,1,0.9655172413793104,0.23333333333333334
synth-sym-wide,gaussian,4.0,5,cluster2,60,240,db,symmetric,0.9,1.0,0.3333333333333333,0.5,1,0.9473684210526316,0.225
synth-sym-wide,gaussian,4.0,5,cluster2,60,240,db,symmetric,0.8,1.0,0.3333333333333333,0.5,1,0.888888888888889,0.2
synth-sym-wide,gaussian,4.0,5,cluster3,60,240,threshold,severity,1.0,1.0,1.0,1.0,3,1.0,0.25
synth-sym-wide,gaussian,4.0,5,cluster3,60,240,threshold,severity,0.95,1.0,1.0,1.0,3,0.2608695652173913,0.0375
synth-sym-wide,gaussian,4.0,5,cluster3,60,240,threshold,severity,0.9,1.0,1.0,1.0,3,0.03278688524590164,0.004166666666666667
synth-sym-wide,gaussian,4.0,5,cluster3,60,240,threshold,severity,0.8,1.0,1.0,1.0,3,0.0,0.0
synth-sym-wide,gaussian,4.0,5,cluster3,60,240,threshold,symmetric,1.0,1.0,1.0,1.0,3,1.0,0.25
synth-sym-wide,gaussian,4.0,5,cluster3,60,240,threshold,symmetric,0.95,1.0,1.0,1.0,3,0.2608695652173913,0.0375
synth-sym-wide,gaussian,4.0,5,cluster3,60,240,threshold,symmetric,0.9,1.0,1.0,1.0,3,0.125,0.016666666666666666
synth-sym-wide,gaussian,4.0,5,cluster3,60,240,threshold,symmetric,0.8,1.0,1.0,1.0,3,0.0,0.0
synth-sym-wide,gaussian,4.0,5,cluster3,60,240,db,severity,1.0,1.0,0.3333333333333333,0.5,1,1.0,0.25
synth-sym-wide,gaussian,4.0,5,cluster3,60,240,db,severity,0.95,1.0,0.3333333333333333,0.5,1,0.9655172413793104,0.23333333333333334
synth-sym-wide,gaussian,4.0,5,cluster3,60,240,db,severity,0.9,1.0,0.3333333333333333,0.5,1,0.9380530973451328,0.22083333333333333
synth-sym-wide,gaussian,4.0,5,cluster3,60,240,db,severity,0.8,1.0,0.3333333333333333,0.5,1,0.8785046728971964,0.19583333333333333
synth-sym-wide,gaussian,4.0,5,cluster3,60,240,db,symmetric,1.0,1.0,0.3333333333333333,0.5,1,1.0,0.25
synth-sym-wide,gaussian,4.0,5,cluster3,60,240,db,symmetric,0.95,1.0,0.3333333333333333,0.5,1,0.9655172413793104,0.23333333333333334
synth-sym-wide,gaussian,4.0,5,cluster3,60,240,db,symmetric,0.9,1.0,0.3333333333333333,0.5,1,0.9473684210526316,0.225
synth-sym-wide,gaussian,4.0,5,cluster3,60,240,db,symmetric,0.8,1.0,0.3333333333333333,0.5,1,0.888888888888889,0.2
synth-sym-wide,gaussian,4.0,6,cluster0,60,240,threshold,severity,1.0,1.0,1.0,1.0,3,1.0,0.25
synth-sym-wide,gaussian,4.0,6,cluster0,60,240,threshold,severity,0.95,1.0,1.0,1.0,3,0.2857142857142857,0.041666666666666664
synth-sym-wide,gaussian,4.0,6,cluster0,60,240,threshold,severity,0.9,1.0,1.0,1.0,3,0.06451612903225806,0.008333333333333333
synth-sym-wide,gaussian,4.0,6,cluster0,60,240,threshold,severity,0.8,1.0,1.0,1.0,3,0.03278688524590164,0.004166666666666667
synth-sym-wide,gaussian,4.0,6,cluster0,60,240,threshold,symmetric,1.0,1.0,1.0,1.0,3,1.0,0.25
synth-sym-wide,gaussian,4.0,6,cluster0,60,240,threshold,symmetric,0.95,1.0,1.0,1.0,3,0.2857142857142857,0.041666666666666664
synth-sym-wide,gaussian,4.0,6,cluster0,60,240,threshold,symmetric,0.9,1.0,1.0,1.0,3,0.125,0.016666666666666666
synth-sym-wide,gaussian,4.0,6,cluster0,60,240,threshold,symmetric,0.8,1.0,1.0,1.0,3,0.03278688524590164,0.004166666666666667
synth-sym-wide,gaussian,4.0,6,cluster0,60,240,db,severity,1.0,1.0,0.3333333333333333,0.5,1,1.0,0.25
synth-sym-wide,gaussian,4.0,6,cluster0,60,240,db,severity,0.95,1.0,0.3333333333333333,0.5,1,0.9655172413793104,0.23333333333333334
synth-sym-wide,gaussian,4.0,6,cluster0,60,240,db,severity,0.9,1.0,0.3333333333333333,0.5,1,0.9380530973451328,0.22083333333333333
synth-sym-wide,gaussian,4.0,6,cluster0,60,240,db,severity,0.8,1.0,0.3333333333333333,0.5,1,0.8785046728971964,0.19583333333333333
synth-sym-wide,gaussian,4.0,6,cluster0,60,240,db,symmetric,1.0,1.0,0.3333333333333333,0.5,1,1.0,0.25
synth-sym-wide,gaussian,4.0,6,cluster0,60,240,db,symmetric,0.95,1.0,0.3333333333333333,0.5,1,0.9655172413793104,0.23333333333333334
synth-sym-wide,gaussian,4.0,6,cluster0,60,240,db,symmetric,0.9,1.0,0.3333333333333333,0.5,1,0.9473684210526316,0.225
synth-sym-wide,gaussian,4.0,6,cluster0,60,240,db,symmetric,0.8,1.0,0.3333333333333333,0.5,1,0.888888888888889,0.2
synth-sym-wide,gaussian,4.0,6,cluster1,60,240,threshold,severity,1.0,1.0,1.0,1.0,3,1.0,0.25
synth-sym-wide,gaussian,4.0,6,cluster1,60,240,threshold,severity,0.95,1.0,1.0,1.0,3,0.30985915492957744,0.04583333333333333
synth-sym-wide,gaussian,4.0,6,cluster1,60,240,threshold,severity,0.9,1.0,1.0,1.0,3,0.09523809523809523,0.0125
synth-sym-wide,gaussian,4.0,6,cluster1,60,240,threshold,severity,0.8,1.0,1.0,1.0,3,0.03278688524590164,0.004166666666666667
synth-sym-wide,gaussian,4.0,6,cluster1,60,240,threshold,symmetric,1.0,1.0,1.0,1.0,3,1.0,0.25
synth-sym-wide,gaussian,4.0,6,cluster1,60,240,threshold,symmetric,0.95,1.0,1.0,1.0,3,0.30985915492957744,0.04583333333333333
synth-sym-wide,gaussian,4.0,6,cluster1,60,240,threshold,symmetric,0.9,1.0,1.0,1.0,3,0.125,0.016666666666666666
synth-sym-wide,gaussian,4.0,6,cluster1,60,240,threshold,symmetric,0.8,1.0,1.0,1.0,3,0.03278688524590164,0.004166666666666667
synth-sym-wide,gaussian,4.0,6,cluster1,60,240,db,severity,1.0,1.0,0.3333333333333333,0.5,1,1.0,0.25
synth-sym-wide,gaussian,4.0,6,cluster1,60,240,db,severity,0.95,1.0,0.3333333333333333,0.5,1,0.9655172413793104,0.23333333333333334
synth-sym-wide,gaussian,4.0,6,cluster1,60,240,db,severity,0.9,1.0,0.3333333333333333,0.5,1,0.9380530973451328,0.22083333333333333
synth-sym-wide,gaussian,4.0,6,cluster1,60,240,db,severity,0.8,1.0,0.3333333333333333,0.5,1,0.888888888888889,0.2
synth-sym-wide,gaussian,4.0,6,cluster1,60,240,db,symmetric,1.0,1.0,0.3333333333333333,0.5,1,1.0,0.25
synth-sym-wide,gaussian,4.0,6,cluster1,60,240,db,symmetric,0.95,1.0,0.3333333333333333,0.5,1,0.9655172413793104,0.23333333333333334
synth-sym-wide,gaussian,4.0,6,cluster1,60,240,db,symmetric,0.9,1.0,0.3333333333333333,0.5,1,0.9473684210526316,0.225
synth-sym-wide,gaussian,4.0,6,cluster1,60,240,db,symmetric,0.8,1.0,0.3333333333333333,0.5,1,0.888888888888889,0.2
synth-sym-wide,gaussian,4.0,6,cluster2,60,240,threshold,severity,1.0,1.0,1.0,1.0,3,1.0,0.25
synth-sym-wide,gaussian,4.0,6,cluster2,60,240,threshold,severity,0.95,1.0,1.0,1.0,3,0.23529411764705882,0.03333333333333333
synth-sym-wide,gaussian,4.0,6,cluster2,60,240,threshold,severity,0.9,1.0,1.0,1.0,3,0.06451612903225806,0.008333333333333333
synth-sym-wide,gaussian,4.0,6,cluster2,60,240,threshold,severity,0.8,1.0,1.0,1.0,3,0.0,0.0
synth-sym-wide,gaussian,4.0,6,cluster2,60,240,threshold,symmetric,1.0,1.0,1.0,1.0,3,1.0,0.25
synth-sym-wide,gaussian,4.0,6,cluster2,60,240,threshold,symmetric,0.95,1.0,1.0,1.0,3,0.23529411764705882,0.03333333333333333
synth-sym-wide,gaussian,4.0,6,cluster2,60,240,threshold,symmetric,0.9,1.0,1.0,1.0,3,0.15384615384615385,0.020833333333333332
synth-sym-wide,gaussian,4.0,6,cluster2,60,240,threshold,symmetric,0.8,1.0,1.0,1.0,3,0.0,0.0
synth-sym-wide,gaussian,4.0,6,cluster2,60,240,db,severity,1.0,1.0,0.3333333333333333,0.5,1,1.0,0.25
synth-sym-wide,gaussian,4.0,6,cluster2,60,240,db,severity,0.95,1.0,0.3333333333333333,0.5,1,0.9655172413793104,0.23333333333333334
synth-sym-wide,gaussian,4.0,6,cluster2,60,240,db,severity,0.9,1.0,0.3333333333333333,0.5,1,0.9380530973451328,0.22083333333333333
synth-sym-wide,gaussian,4.0,6,cluster2,60,240,db,severity,0.8,1.0,0.3333333333333333,0.5,1,0.8785046728971964,0.19583333333333333
synth-sym-wide,gaussian,4.0,6,cluster2,60,240,db,symmetric,1.0,1.0,0.3333333333333333,0.5,1,1.0,0.25
synth-sym-wide,gaussian,4.0,6,cluster2,60,240,db,symmetric,0.95,1.0,0.3333333333333333,0.5,1,0.9655172413793104,0.23333333333333334
synth-sym-wide,gaussian,4.0,6,cluster2,60,240,db,symmetric,0.9,1.0,0.3333333333333333,0.5,1,0.9473684210526316,0.225
synth-sym-wide,gaussian,4.0,6,cluster2,60,240,db,symmetric,0.8,1.0,0.3333333333333333,0.5,1,0.888888888888889,0.2
synth-sym-wide,gaussian,4.0,6,cluster3,60,240,threshold,severity,1.0,1.0,1.0,1.0,3,1.0,0.25
synth-sym-wide,gaussian,4.0,6,cluster3,60,240,threshold,severity,0.95,1.0,1.0,1.0,3,0.2608695652173913,0.0375
synth-sym-wide,gaussian,4.0,6,cluster3,60,240,threshold,severity,0.9,1.0,1.0,1.0,3,0.06451612903225806,0.008333333333333333
synth-sym-wide,gaussian,4.0,6,cluster3,60,240,threshold,severity,0.8,1.0,1.0,1.0,3,0.0,0.0
synth-sym-wide,gaussian,4.0,6,cluster3,60,240,threshold,symmetric,1.0,1.0,1.0,1.0,3,1.0,0.25
synth-sym-wide,gaussian,4.0,6,cluster3,60,240,threshold,symmetric,0.95,1.0,1.0,1.0,3,0.2608695652173913,0.0375
synth-sym-wide,gaussian,4.0,6,cluster3,60,240,threshold,symmetric,0.9,1.0,1.0,1.0,3,0.09523809523809523,0.0125
synth-sym-wide,gaussian,4.0,6,cluster3,60,240,threshold,symmetric,0.8,1.0,1.0,1.0,3,0.0,0.0
synth-sym-wide,gaussian,4.0,6,cluster3,60,240,db,severity,1.0,1.0,0.3333333333333333,0.5,1,1.0,0.25
synth-sym-wide,gaussian,4.0,6,cluster3,60,240,db,severity,0.95,1.0,0.3333333333333333,0.5,1,0.9655172413793104,0.23333333333333334
synth-sym-wide,gaussian,4.0,6,cluster3,60,240,db,severity,0.9,1.0,0.3333333333333333,0.5,1,0.9380530973451328,0.22083333333333333
synth-sym-wide,gaussian,4.0,6,cluster3,60,240,db,severity,0.8,1.0,0.3333333333333333,0.5,1,0.8785046728971964,0.19583333333333333
synth-sym-wide,gaussian,4.0,6,cluster3,60,240,db,symmetric,1.0,1.0,0.3333333333333333,0.5,1,1.0,0.25
synth-sym-wide,gaussian,4.0,6,cluster3,60,240,db,symmetric,0.95,1.0,0.3333333333333333,0.5,1,0.9655172413793104,0.23333333333333334
synth-sym-wide,gaussian,4.0,6,cluster3,60,240,db,symmetric,0.9,1.0,0.3333333333333333,0.5,1,0.9473684210526316,0.225
synth-sym-wide,gaussian,4.0,6,cluster3,60,240,db,symmetric,0.8,1.0,0.3333333333333333,0.5,1,0.888888888888889,0.2
synth-sym-wide,gaussian,4.0,7,cluster0,60,240,threshold,severity,1.0,1.0,1.0,1.0,3,1.0,0.25
synth-sym-wide,gaussian,4.0,7,cluster0,60,240,threshold,severity,0.95,1.0,1.0,1.0,3,0.208955223880597,0.029166666666666667
synth-sym-wide,gaussian,4.0,7,cluster0,60,240,threshold,severity,0.9,1.0,1.0,1.0,3,0.03278688524590164,0.004166666666666667
synth-sym-wide,gaussian,4.0,7,cluster0,60,240,threshold,severity,0.8,1.0,1.0,1.0,3,0.0,0.0
synth-sym-wide,gaussian,4.0,7,cluster0,60,240,threshold,symmetric,1.0,1.0,1.0,1.0,3,1.0,0.25
synth-sym-wide,gaussian,4.0,7,cluster0,60,240,threshold,symmetric,0.95,1.0,1.0,1.0,3,0.23529411764705882,0.03333333333333333
synth-sym-wide,gaussian,4.0,7,cluster0,60,240,threshold,symmetric,0.9,1.0,1.0,1.0,3,0.09523809523809523,0.0125
synth-sym-wide,gaussian,4.0,7,cluster0,60,240,threshold,symmetric,0.8,1.0,1.0,1.0,3,0.0,0.0
synth-sym-wide,gaussian,4.0,7,cluster0,60,240,db,severity,1.0,1.0,0.3333333333333333,0.5,1,1.0,0.25
synth-sym-wide,gaussian,4.0,7,cluster0,60,240,db,severity,0.95,1.0,0.3333333333333333,0.5,1,0.9655172413793104,0.23333333333333334
synth-sym-wide,gaussian,4.0,7,cluster0,60,240,db,severity,0.9,1.0,0.3333333333333333,0.5,1,0.9380530973451328,0.22083333333333333
synth-sym-wide,gaussian,4.0,7,cluster0,60,240,db,severity,0.8,1.0,0.3333333333333333,0.5,1,0.8785046728971964,0.19583333333333333
synth-sym-wide,gaussian,4.0,7,cluster0,60,240,db,symmetric,1.0,1.0,0.3333333333333333,0.5,1,1.0,0.25
synth-sym-wide,gaussian,4.0,7,cluster0,60,240,db,symmetric,0.95,1.0,0.3333333333333333,0.5,1,0.9655172413793104,0.23333333333333334
synth-sym-wide,gaussian,4.0,7,cluster0,60,240,db,symmetric,0.9,1.0,0.3333333333333333,0.5,1,0.9473684210526316,0.225
synth-sym-wide,gaussian,4.0,7,cluster0,60,240,db,symmetric,0.8,1.0,0.3333333333333333,0.5,1,0.888888888888889,0.2
synth-sym-wide,gaussian,4.0,7,cluster1,60,240,threshold,severity,1.0,1.0,1.0,1.0,3,1.0,0.25
synth-sym-wide,gaussian,4.0,7,cluster1,60,240,threshold,severity,0.95,1.0,1.0,1.0,3,0.09523809523809523,0.0125
synth-sym-wide,gaussian,4.0,7,cluster1,60,240,threshold,severity,0.9,1.0,1.0,1.0,3,0.03278688524590164,0.004166666666666667
synth-sym-wide,gaussian,4.0,7,cluster1,60,240,threshold,severity,0.8,1.0,1.0,1.0,3,0.0,0.0
synth-sym-wide,gaussian,4.0,7,cluster1,60,240,threshold,symmetric,1.0,1.0,1.0,1.0,3,1.0,0.25
synth-sym-wide,gaussian,4.0,7,cluster1,60,240,threshold,symmetric,0.95,1.0,1.0,1.0,3,0.09523809523809523,0.0125
synth-sym-wide,gaussian,4.0,7,cluster1,60,240,threshold,symmetric,0.9,1.0,1.0,1.0,3,0.06451612903225806,0.008333333333333333
synth-sym-wide,gaussian,4.0,7,cluster1,60,240,threshold,symmetric,0.8,1.0,1.0,1.0,3,0.0,0.0
synth-sym-wide,gaussian,4.0,7,cluster1,60,240,db,severity,1.0,1.0,0.3333333333333333,0.5,1,1.0,0.25
synth-sym-wide,gaussian,4.0,7,cluster1,60,240,db,severity,0.95,1.0,0.3333333333333333,0.5,1,0.9655172413793104,0.23333333333333334
synth-sym-wide,gaussian,4.0,7,cluster1,60,240,db,severity,0.9,1.0,0.3333333333333333,0.5,1,0.9380530973451328,0.22083333333333333
synth-sym-wide,gaussian,4.0,7,cluster1,60,240,db,severity,0.8,1.0,0.3333333333333333,0.5,1,0.8785046728971964,0.19583333333333333
synth-sym-wide,gaussian,4.0,7,cluster1,60,240,db,symmetric,1.0,1.0,0.3333333333333333,0.5,1,1.0,0.25
synth-sym-wide,gaussian,4.0,7,cluster1,60,240,db,symmetric,0.95,1.0,0.3333333333333333,0.5,1,0.9655172413793104,0.23333333333333334
synth-sym-wide,gaussian,4.0,7,cluster1,60,240,db,symmetric,0.9,1.0,0.3333333333333333,0.5,1,0.9473684210526316,0.225
synth-sym-wide,gaussian,4.0,7,cluster1,60,240,db,symmetric,0.8,1.0,0.3333333333333333,0.5,1,0.888888888888889,0.2
synth-sym-wide,gaussian,4.0,7,cluster2,60,240,threshold,severity,1.0,1.0,1.0,1.0,3,1.0,0.25
synth-sym-wide,gaussian,4.0,7,cluster2,60,240,threshold,severity,0.95,1.0,1.0,1.0,3,0.2608695652173913,0.0375
synth-sym-wide,gaussian,4.0,7,cluster2,60,240,threshold,severity,0.9,1.0,1.0,1.0,3,0.06451612903225806,0.008333333333333333
synth-sym-wide,gaussian,4.0,7,cluster2,60,240,threshold,severity,0.8,1.0,1.0,1.0,3,0.0,0.0
synth-sym-wide,gaussian,4.0,7,cluster2,60,240,threshold,symmetric,1.0,1.0,1.0,1.0,3,1.0,0.25
synth-sym-wide,gaussian,4.0,7,cluster2,60,240,threshold,symmetric,0.95,1.0,1.0,1.0,3,0.23529411764705882,0.03333333333333333
synth-sym-wide,gaussian,4.0,7,cluster2,60,240,threshold,symmetric,0.9,1.0,1.0,1.0,3,0.09523809523809523,0.0125
synth-sym-wide,gaussian,4.0,7,cluster2,60,240,threshold,symmetric,0.8,1.0,1.0,1.0,3,0.0,0.0
synth-sym-wide,gaussian,4.0,7,cluster2,60,240,db,severity,1.0,1.0,0.3333333333333333,0.5,1,1.0,0.25
synth-sym-wide,gaussian,4.0,7,cluster2,60,240,db,severity,0.95,1.0,0.3333333333333333,0.5,1,0.9655172413793104,0.23333333333333334
synth-sym-wide,gaussian,4.0,7,cluster2,60,240,db,severity,0.9,1.0,0.3333333333333333,0.5,1,0.9380530973451328,0.22083333333333333
synth-sym-wide,gaussian,4.0,7,cluster2,60,240,db,severity,0.8,1.0,0.3333333333333333,0.5,1,0.8785046728971964,0.19583333333333333
synth-sym-wide,gaussian,4.0,7,cluster2,60,240,db,symmetric,1.0,1.0,0.3333333333333333,0.5,1,1.0,0.25
synth-sym-wide,gaussian,4.0,7,cluster2,60,240,db,symmetric,0.95,1.0,0.3333333333333333,0.5,1,0.9655172413793104,0.23333333333333334
synth-sym-wide,gaussian,4.0,7,cluster2,60,240,db,symmetric,0.9,1.0,0.3333333333333333,0.5,1,0.9473684210526316,0.225
synth-sym-wide,gaussian,4.0,7,cluster2,60,240,db,symmetric,0.8,1.0,0.3333333333333333,0.5,1,0.888888888888889,0.2
synth-sym-wide,gaussian,4.0,7,cluster3,60,240,threshold,severity,1.0,1.0,1.0,1.0,3,1.0,0.25
synth-sym-wide,gaussian,4.0,7,cluster3,60,240,threshold,severity,0.95,1.0,1.0,1.0,3,0.3561643835616438,0.05416666666666667
synth-sym-wide,gaussian,4.0,7,cluster3,60,240,threshold,severity,0.9,1.0,1.0,1.0,3,0.06451612903225806,0.008333333333333333
synth-sym-wide,gaussian,4.0,7,cluster3,60,240,threshold,severity,0.8,1.0,1.0,1.0,3,0.0,0.0
synth-sym-wide,gaussian,4.0,7,cluster3,60,240,threshold,symmetric,1.0,1.0,1.0,1.0,3,1.0,0.25
synth-sym-wide,gaussian,4.0,7,cluster3,60,240,threshold,symmetric,0.95,1.0,1.0,1.0,3,0.3561643835616438,0.05416666666666667
synth-sym-wide,gaussian,4.0,7,cluster3,60,240,threshold,symmetric,0.9,1.0,1.0,1.0,3,0.125,0.016666666666666666
synth-sym-wide,gaussian,4.0,7,cluster3,60,240,threshold,symmetric,0.8,1.0,1.0,1.0,3,0.0,0.0
synth-sym-wide,gaussian,4.0,7,cluster3,60,240,db,severity,1.0,1.0,0.3333333333333333,0.5,1,1.0,0.25
synth-sym-wide,gaussian,4.0,7,cluster3,60,240,db,severity,0.95,1.0,0.3333333333333333,0.5,1,0.9655172413793104,0.23333333333333334
synth-sym-wide,gaussian,4.0,7,cluster3,60,240,db,severity,0.9,1.0,0.3333333333333333,0.5,1,0.9380530973451328,0.22083333333333333
synth-sym-wide,gaussian,4.0,7,cluster3,60,240,db,severity,0.8,1.0,0.3333333333333333,0.5,1,0.8785046728971964,0.19583333333333333
synth-sym-wide,gaussian,4.0,7,cluster3,60,240,db,symmetric,1.0,1.0,0.3333333333333333,0.5,1,1.0,0.25
synth-sym-wide,gaussian,4.0,7,cluster3,60,240,db,symmetric,0.95,1.0,0.3333333333333333,0.5,1,0.9655172413793104,0.23333333333333334
synth-sym-wide,gaussian,4.0,7,cluster3,60,240,db,symmetric,0.9,1.0,0.3333333333333333,0.5,1,0.9473684210526316,0.225
synth-sym-wide,gaussian,4.0,7,cluster3,60,240,db,symmetric,0.8,1.0,0.3333333333333333,0.5,1,0.888888888888889,0.2
synth-sym-wide,gaussian,4.0,8,cluster0,60,240,threshold,severity,1.0,1.0,1.0,1.0,3,1.0,0.25
synth-sym-wide,gaussian,4.0,8,cluster0,60,240,threshold,severity,0.95,1.0,1.0,1.0,3,0.33333333333333337,0.05
synth-sym-wide,gaussian,4.0,8,cluster0,60,240,threshold,severity,0.9,1.0,1.0,1.0,3,0.06451612903225806,0.008333333333333333
synth-sym-wide,gaussian,4.0,8,cluster0,60,240,threshold,severity,0.8,1.0,1.0,1.0,3,0.0,0.0
synth-sym-wide,gaussian,4.0,8,cluster0,60,240,threshold,symmetric,1.0,1.0,1.0,1.0,3,1.0,0.25
synth-sym-wide,gaussian,4.0,8,cluster0,60,240,threshold,symmetric,0.95,1.0,1.0,1.0,3,0.33333333333333337,0.05
synth-sym-wide,gaussian,4.0,8,cluster0,60,240,threshold,symmetric,0.9,1.0,1.0,1.0,3,0.125,0.016666666666666666
synth-sym-wide,gaussian,4.0,8,cluster0,60,240,threshold,symmetric,0.8,1.0,1.0,1.0,3,0.0,0.0
synth-sym-wide,gaussian,4.0,8,cluster0,60,240,db,severity,1.0,1.0,0.3333333333333333,0.5,1,1.0,0.25
synth-sym-wide,gaussian,4.0,8,cluster0,60,240,db,severity,0.95,1.0,0.3333333333333333,0.5,1,0.9655172413793104,0.23333333333333334
synth-sym-wide,gaussian,4.0,8,cluster0,60,240,db,severity,0.9,1.0,0.3333333333333333,0.5,1,0.9380530973451328,0.22083333333333333
synth-sym-wide,gaussian,4.0,8,cluster0,60,240,db,severity,0.8,1.0,0.3333333333333333,0.5,1,0.8785046728971964,0.19583333333333333
synth-sym-wide,gaussian,4.0,8,cluster0,60,240,db,symmetric,1.0,1.0,0.3333333333333333,0.5,1,1.0,0.25
synth-sym-wide,gaussian,4.0,8,cluster0,60,240,db,symmetric,0.95,1.0,0.3333333333333333,0.5,1,0.9655172413793104,0.23333333333333334
synth-sym-wide,gaussian,4.0,8,cluster0,60,240,db,symmetric,0.9,1.0,0.3333333333333333,0.5,1,0.9473684210526316,0.225
synth-sym-wide,gaussian,4.0,8,cluster0,60,240,db,symmetric,0.8,1.0,0.3333333333333333,0.5,1,0.888888888888889,0.2
synth-sym-wide,gaussian,4.0,8,cluster1,60,240,threshold,severity,1.0,1.0,1.0,1.0,3,1.0,0.25
synth-sym-wide,gaussian,4.0,8,cluster1,60,240,threshold,severity,0.95,1.0,1.0,1.0,3,0.3561643835616438,0.05416666666666667
synth-sym-wide,gaussian,4.0,8,cluster1,60,240,threshold,severity,0.9,1.0,1.0,1.0,3,0.208955223880597,0.029166666666666667
synth-sym-wide,gaussian,4.0,8,cluster1,60,240,threshold,severity,0.8,1.0,1.0,1.0,3,0.03278688524590164,0.004166666666666667
synth-sym-wide,gaussian,4.0,8,cluster1,60,240,threshold,symmetric,1.0,1.0,1.0,1.0,3,1.0,0.25
synth-sym-wide,gaussian,4.0,8,cluster1,60,240,threshold,symmetric,0.95,1.0,1.0,1.0,3,0.3561643835616438,0.05416666666666667
synth-sym-wide,gaussian,4.0,8,cluster1,60,240,threshold,symmetric,0.9,1.0,1.0,1.0,3,0.23529411764705882,0.03333333333333333
synth-sym-wide,gaussian,4.0,8,cluster1,60,240,threshold,symmetric,0.8,1.0,1.0,1.0,3,0.03278688524590164,0.004166666666666667
synth-sym-wide,gaussian,4.0,8,cluster1,60,240,db,severity,1.0,1.0,0.3333333333333333,0.5,1,1.0,0.25
synth-sym-wide,gaussian,4.0,8,cluster1,60,240,db,severity,0.95,1.0,0.3333333333333333,0.5,1,0.9655172413793104,0.23333333333333334
synth-sym-wide,gaussian,4.0,8,cluster1,60,240,db,severity,0.9,1.0,0.3333333333333333,0.5,1,0.9473684210526316,0.225
synth-sym-wide,gaussian,4.0,8,cluster1,60,240,db,severity,0.8,1.0,0.3333333333333333,0.5,1,0.888888888888889,0.2
synth-sym-wide,gaussian,4.0,8,cluster1,60,240,db,symmetric,1.0,1.0,0.3333333333333333,0.5,1,1.0,0.25
synth-sym-wide,gaussian,4.0,8,cluster1,60,240,db,symmetric,0.95,1.0,0.3333333333333333,0.5,1,0.9655172413793104,0.23333333333333334
synth-sym-wide,gaussian,4.0,8,cluster1,60,240,db,symmetric,0.9,1.0,0.3333333333333333,0.5,1,0.9473684210526316,0.225
synth-sym-wide,gaussian,4.0,8,cluster1,60,240,db,symmetric,0.8,1.0,0.3333333333333333,0.5,1,0.888888888888889,0.2
synth-sym-wide,gaussian,4.0,8,cluster2,60,240,threshold,severity,1.0,1.0,1.0,1.0,3,1.0,0.25
synth-sym-wide,gaussian,4.0,8,cluster2,60,240,threshold,severity,0.95,1.0,1.0,1.0,3,0.208955223880597,0.029166666666666667
synth-sym-wide,gaussian,4.0,8,cluster2,60,240,threshold,severity,0.9,1.0,1.0,1.0,3,0.06451612903225806,0.008333333333333333
synth-sym-wide,gaussian,4.0,8,cluster2,60,240,threshold,severity,0.8,1.0,1.0,1.0,3,0.03278688524590164,0.004166666666666667
synth-sym-wide,gaussian,4.0,8,cluster2,60,240,threshold,symmetric,1.0,1.0,1.0,1.0,3,1.0,0.25
synth-sym-wide,gaussian,4.0,8,cluster2,60,240,threshold,symmetric,0.95,1.0,1.0,1.0,3,0.208955223880597,0.029166666666666667
synth-sym-wide,gaussian,4.0,8,cluster2,60,240,threshold,symmetric,0.9,1.0,1.0,1.0,3,0.09523809523809523,0.0125
synth-sym-wide,gaussian,4.0,8,cluster2,60,240,threshold,symmetric,0.8,1.0,1.0,1.0,3,0.03278688524590164,0.004166666666666667
synth-sym-wide,gaussian,4.0,8,cluster2,60,240,db,severity,1.0,1.0,0.3333333333333333,0.5,1,1.0,0.25
synth-sym-wide,gaussian,4.0,8,cluster2,60,240,db,severity,0.95,1.0,0.3333333333333333,0.5,1,0.9655172413793104,0.23333333333333334
synth-sym-wide,gaussian,4.0,8,cluster2,60,240,db,severity,0.9,1.0,0.3333333333333333,0.5,1,0.9380530973451328,0.22083333333333333
synth-sym-wide,gaussian,4.0,8,cluster2,60,240,db,severity,0.8,1.0,0.3333333333333333,0.5,1,0.8785046728971964,0.19583333333333333
synth-sym-wide,gaussian,4.0,8,cluster2,60,240,db,symmetric,1.0,1.0,0.3333333333333333,0.5,1,1.0,0.25
synth-sym-wide,gaussian,4.0,8,cluster2,60,240,db,symmetric,0.95,1.0,0.3333333333333333,0.5,1,0.9655172413793104,0.23333333333333334
synth-sym-wide,gaussian,4.0,8,cluster2,60,240,db,symmetric,0.9,1.0,0.3333333333333333,0.5,1,0.9473684210526316,0.225
synth-sym-wide,gaussian,4.0,8,cluster2,60,240,db,symmetric,0.8,1.0,0.3333333333333333,0.5,1,0.888888888888889,0.2
synth-sym-wide,gaussian,4.0,8,cluster3,60,240,threshold,severity,1.0,1.0,1.0,1.0,3,1.0,0.25
synth-sym-wide,gaussian,4.0,8,cluster3,60,240,threshold,severity,0.95,1.0,1.0,1.0,3,0.2857142857142857,0.041666666666666664
synth-sym-wide,gaussian,4.0,8,cluster3,60,240,threshold,severity,0.9,1.0,1.0,1.0,3,0.03278688524590164,0.004166666666666667
synth-sym-wide,gaussian,4.0,8,cluster3,60,240,threshold,severity,0.8,1.0,1.0,1.0,3,0.0,0.0
synth-sym-wide,gaussian,4.0,8,cluster3,60,240,threshold,symmetric,1.0,1.0,1.0,1.0,3,1.0,0.25
synth-sym-wide,gaussian,4.0,8,cluster3,60,240,threshold,symmetric,0.95,1.0,1.0,1.0,3,0.2857142857142857,0.041666666666666664
synth-sym-wide,gaussian,4.0,8,cluster3,60,240,threshold,symmetric,0.9,1.0,1.0,1.0,3,0.06451612903225806,0.008333333333333333
synth-sym-wide,gaussian,4.0,8,cluster3,60,240,threshold,symmetric,0.8,1.0,1.0,1.0,3,0.0,0.0
synth-sym-wide,gaussian,4.0,8,cluster3,60,240,db,severity,1.0,1.0,0.3333333333333333,0.5,1,1.0,0.25
synth-sym-wide,gaussian,4.0,8,cluster3,60,240,db,severity,0.95,1.0,0.3333333333333333,0.5,1,0.9655172413793104,0.23333333333333334
synth-sym-wide,gaussian,4.0,8,cluster3,60,240,db,severity,0.9,1.0,0.3333333333333333,0.5,1,0.9380530973451328,0.22083333333333333
synth-sym-wide,gaussian,4.0,8,cluster3,60,240,db,severity,0.8,1.0,0.3333333333333333,0.5,1,0.8785046728971964,0.19583333333333333
synth-sym-wide,gaussian,4.0,8,cluster3,60,240,db,symmetric,1.0,1.0,0.3333333333333333,0.5,1,1.0,0.25
synth-sym-wide,gaussian,4.0,8,cluster3,60,240,db,symmetric,0.95,1.0,0.3333333333333333,0.5,1,0.9655172413793104,0.23333333333333334
synth-sym-wide,gaussian,4.0,8,cluster3,60,240,db,symmetric,0.9,1.0,0.3333333333333333,0.5,1,0.9473684210526316,0.225
synth-sym-wide,gaussian,4.0,8,cluster3,60,240,db,symmetric,0.8,1.0,0.3333333333333333,0.5,1,0.888888888888889,0.2
synth-sym-wide,gaussian,4.0,9,cluster0,60,240,threshold,severity,1.0,1.0,1.0,1.0,3,1.0,0.25
synth-sym-wide,gaussian,4.0,9,cluster0,60,240,threshold,severity,0.95,1.0,1.0,1.0,3,0.30985915492957744,0.04583333333333333
synth-sym-wide,gaussian,4.0,9,cluster0,60,240,threshold,severity,0.9,1.0,1.0,1.0,3,0.06451612903225806,0.008333333333333333
synth-sym-wide,gaussian,4.0,9,cluster0,60,240,threshold,severity,0.8,1.0,1.0,1.0,3,0.0,0.0
synth-sym-wide,gaussian,4.0,9,cluster0,60,240,threshold,symmetric,1.0,1.0,1.0,1.0,3,1.0,0.25
synth-sym-wide,gaussian,4.0,9,cluster0,60,240,threshold,symmetric,0.95,1.0,1.0,1.0,3,0.30985915492957744,0.04583333333333333
synth-sym-wide,gaussian,4.0,9,cluster0,60,240,threshold,symmetric,0.9,1.0,1.0,1.0,3,0.09523809523809523,0.0125
synth-sym-wide,gaussian,4.0,9,cluster0,60,240,threshold,symmetric,0.8,1.0,1.0,1.0,3,0.0,0.0
synth-sym-wide,gaussian,4.0,9,cluster0,60,240,db,severity,1.0,1.0,0.3333333333333333,0.5,1,1.0,0.25
synth-sym-wide,gaussian,4.0,9,cluster0,60,240,db,severity,0.95,1.0,0.3333333333333333,0.5,1,0.9655172413793104,0.23333333333333334
synth-sym-wide,gaussian,4.0,9,cluster0,60,240,db,severity,0.9,1.0,0.3333333333333333,0.5,1,0.9380530973451328,0.22083333333333333
synth-sym-wide,gaussian,4.0,9,cluster0,60,240,db,severity,0.8,1.0,0.3333333333333333,0.5,1,0.888888888888889,0.2
synth-sym-wide,gaussian,4.0,9,cluster0,60,240,db,symmetric,1.0,1.0,0.3333333333333333,0.5,1,1.0,0.25
synth-sym-wide,gaussian,4.0,9,cluster0,60,240,db,symmetric,0.95,1.0,0.3333333333333333,0.5,1,0.9655172413793104,0.23333333333333334
synth-sym-wide,gaussian,4.0,9,cluster0,60,240,db,symmetric,0.9,1.0,0.3333333333333333,0.5,1,0.9473684210526316,0.225
synth-sym-wide,gaussian,4.0,9,cluster0,60,240,db,symmetric,0.8,1.0,0.3333333333333333,0.5,1,0.888888888888889,0.2
synth-sym-wide,gaussian,4.0,9,cluster1,60,240,threshold,severity,1.0,1.0,1.0,1.0,3,1.0,0.25
synth-sym-wide,gaussian,4.0,9,cluster1,60,240,threshold,severity,0.95,1.0,1.0,1.0,3,0.208955223880597,0.029166666666666667
synth-sym-wide,gaussian,4.0,9,cluster1,60,240,threshold,severity,0.9,1.0,1.0,1.0,3,0.09523809523809523,0.0125
synth-sym-wide,gaussian,4.0,9,cluster1,60,240,threshold,severity,0.8,1.0,1.0,1.0,3,0.03278688524590164,0.004166666666666667
synth-sym-wide,gaussian,4.0,9,cluster1,60,240,threshold,symmetric,1.0,1.0,1.0,1.0,3,1.0,0.25
synth-sym-wide,gaussian,4.0,9,cluster1,60,240,threshold,symmetric,0.95,1.0,1.0,1.0,3,0.208955223880597,0.029166666666666667
synth-sym-wide,gaussian,4.0,9,cluster1,60,240,threshold,symmetric,0.9,1.0,1.0,1.0,3,0.15384615384615385,0.020833333333333332
synth-sym-wide,gaussian,4.0,9,cluster1,60,240,threshold,symmetric,0.8,1.0,1.0,1.0,3,0.03278688524590164,0.004166666666666667
synth-sym-wide,gaussian,4.0,9,cluster1,60,240,db,severity,1.0,1.0,0.3333333333333333,0.5,1,1.0,0.25
synth-sym-wide,gaussian,4.0,9,cluster1,60,240,db,severity,0.95,1.0,0.3333333333333333,0.5,1,0.9655172413793104,0.23333333333333334
synth-sym-wide,gaussian,4.0,9,cluster1,60,240,db,severity,0.9,1.0,0.3333333333333333,0.5,1,0.9380530973451328,0.22083333333333333
synth-sym-wide,gaussian,4.0,9,cluster1,60,240,db,severity,0.8,1.0,0.3333333333333333,0.5,1,0.8785046728971964,0.19583333333333333
synth-sym-wide,gaussian,4.0,9,cluster1,60,240,db,symmetric,1.0,1.0,0.3333333333333333,0.5,1,1.0,0.25
synth-sym-wide,gaussian,4.0,9,cluster1,60,240,db,symmetric,0.95,1.0,0.3333333333333333,0.5,1,0.9655172413793104,0.23333333333333334
synth-sym-wide,gaussian,4.0,9,cluster1,60,240,db,symmetric,0.9,1.0,0.3333333333333333,0.5,1,0.9473684210526316,0.225
synth-sym-wide,gaussian,4.0,9,cluster1,60,240,db,symmetric,0.8,1.0,0.3333333333333333,0.5,1,0.888888888888889,0.2
synth-sym-wide,gaussian,4.0,9,cluster2,60,240,threshold,severity,1.0,1.0,1.0,1.0,3,1.0,0.25
synth-sym-wide,gaussian,4.0,9,cluster2,60,240,threshold,severity,0.95,1.0,1.0,1.0,3,0.2608695652173913,0.0375
synth-sym-wide,gaussian,4.0,9,cluster2,60,240,threshold,severity,0.9,1.0,1.0,1.0,3,0.06451612903225806,0.008333333333333333
synth-sym-wide,gaussian,4.0,9,cluster2,60,240,threshold,severity,0.8,1.0,1.0,1.0,3,0.0,0.0
synth-sym-wide,gaussian,4.0,9,cluster2,60,240,threshold,symmetric,1.0,1.0,1.0,1.0,3,1.0,0.25
synth-sym-wide,gaussian,4.0,9,cluster2,60,240,threshold,symmetric,0.95,1.0,1.0,1.0,3,0.2608695652173913,0.0375
synth-sym-wide,gaussian,4.0,9,cluster2,60,240,threshold,symmetric,0.9,1.0,1.0,1.0,3,0.09523809523809523,0.0125
synth-sym-wide,gaussian,4.0,9,cluster2,60,240,threshold,symmetric,0.8,1.0,1.0,1.0,3,0.0,0.0
synth-sym-wide,gaussian,4.0,9,cluster2,60,240,db,severity,1.0,1.0,0.3333333333333333,0.5,1,1.0,0.25
synth-sym-wide,gaussian,4.0,9,cluster2,60,240,db,severity,0.95,1.0,0.3333333333333333,0.5,1,0.9655172413793104,0.23333333333333334
synth-sym-wide,gaussian,4.0,9,cluster2,60,240,db,severity,0.9,1.0,0.3333333333333333,0.5,1,0.9380530973451328,0.22083333333333333
synth-sym-wide,gaussian,4.0,9,cluster2,60,240,db,severity,0.8,1.0,0.3333333333333333,0.5,1,0.8785046728971964,0.19583333333333333
synth-sym-wide,gaussian,4.0,9,cluster2,60,240,db,symmetric,1.0,1.0,0.3333333333333333,0.5,1,1.0,0.25
synth-sym-wide,gaussian,4.0,9,cluster2,60,240,db,symmetric,0.95,1.0,0.3333333333333333,0.5,1,0.9655172413793104,0.23333333333333334
synth-sym-wide,gaussian,4.0,9,cluster2,60,240,db,symmetric,0.9,1.0,0.3333333333333333,0.5,1,0.9473684210526316,0.225
synth-sym-wide,gaussian,4.0,9,cluster2,60,240,db,symmetric,0.8,1.0,0.3333333333333333,0.5,1,0.888888888888889,0.2
synth-sym-wide,gaussian,4.0,9,cluster3,60,240,threshold,severity,1.0,1.0,1.0,1.0,3,1.0,0.25
synth-sym-wide,gaussian,4.0,9,cluster3,60,240,threshold,severity,0.95,1.0,1.0,1.0,3,0.2857142857142857,0.041666666666666664
synth-sym-wide,gaussian,4.0,9,cluster3,60,240,threshold,severity,0.9,1.0,1.0,1.0,3,0.09523809523809523,0.0125
synth-sym-wide,gaussian,4.0,9,cluster3,60,240,threshold,severity,0.8,1.0,1.0,1.0,3,0.0,0.0
synth-sym-wide,gaussian,4.0,9,cluster3,60,240,threshold,symmetric,1.0,1.0,1.0,1.0,3,1.0,0.25
synth-sym-wide,gaussian,4.0,9,cluster3,60,240,threshold,symmetric,0.95,1.0,1.0,1.0,3,0.2857142857142857,0.041666666666666664
synth-sym-wide,gaussian,4.0,9,cluster3,60,240,threshold,symmetric,0.9,1.0,1.0,1.0,3,0.125,0.016666666666666666
synth-sym-wide,gaussian,4.0,9,cluster3,60,240,threshold,symmetric,0.8,1.0,1.0,1.0,3,0.0,0.0
synth-sym-wide,gaussian,4.0,9,cluster3,60,240,db,severity,1.0,1.0,0.3333333333333333,0.5,1,1.0,0.25
synth-sym-wide,gaussian,4.0,9,cluster3,60,240,db,severity,0.95,1.0,0.3333333333333333,0.5,1,0.9655172413793104,0.23333333333333334
synth-sym-wide,gaussian,4.0,9,cluster3,60,240,db,severity,0.9,1.0,0.3333333333333333,0.5,1,0.9380530973451328,0.22083333333333333
synth-sym-wide,gaussian,4.0,9,cluster3,60,240,db,severity,0.8,1.0,0.3333333333333333,0.5,1,0.888888888888889,0.2
synth-sym-wide,gaussian,4.0,9,cluster3,60,240,db,symmetric,1.0,1.0,0.3333333333333333,0.5,1,1.0,0.25
synth-sym-wide,gaussian,4.0,9,cluster3,60,240,db,symmetric,0.95,1.0,0.3333333333333333,0.5,1,0.9655172413793104,0.23333333333333334
synth-sym-wide,gaussian,4.0,9,cluster3,60,240,db,symmetric,0.9,1.0,0.3333333333333333,0.5,1,0.9473684210526316,0.225
synth-sym-wide,gaussian,4.0,9,cluster3,60,240,db,symmetric,0.8,1.0,0.3333333333333333,0.5,1,0.888888888888889,0.2
synth-sym-wide,gaussian,4.0,10,cluster0,60,240,threshold,severity,1.0,1.0,1.0,1.0,3,1.0,0.25
synth-sym-wide,gaussian,4.0,10,cluster0,60,240,threshold,severity,0.95,1.0,1.0,1.0,3,0.208955223880597,0.029166666666666667
synth-sym-wide,gaussian,4.0,10,cluster0,60,240,threshold,severity,0.9,1.0,1.0,1.0,3,0.06451612903225806,0.008333333333333333
synth-sym-wide,gaussian,4.0,10,cluster0,60,240,threshold,severity,0.8,1.0,1.0,1.0,3,0.0,0.0
synth-sym-wide,gaussian,4.0,10,cluster0,60,240,threshold,symmetric,1.0,1.0,1.0,1.0,3,1.0,0.25
synth-sym-wide,gaussian,4.0,10,cluster0,60,240,threshold,symmetric,0.95,1.0,1.0,1.0,3,0.208955223880597,0.029166666666666667
synth-sym-wide,gaussian,4.0,10,cluster0,60,240,threshold,symmetric,0.9,1.0,1.0,1.0,3,0.06451612903225806,0.008333333333333333
synth-sym-wide,gaussian,4.0,10,cluster0,60,240,threshold,symmetric,0.8,1.0,1.0,1.0,3,0.0,0.0
synth-sym-wide,gaussian,4.0,10,cluster0,60,240,db,severity,1.0,1.0,0.3333333333333333,0.5,1,1.0,0.25
synth-sym-wide,gaussian,4.0,10,cluster0,60,240,db,severity,0.95,1.0,0.3333333333333333,0.5,1,0.9655172413793104,0.23333333333333334
synth-sym-wide,gaussian,4.0,10,cluster0,60,240,db,severity,0.9,1.0,0.3333333333333333,0.5,1,0.9380530973451328,0.22083333333333333
synth-sym-wide,gaussian,4.0,10,cluster0,60,240,db,severity,0.8,1.0,0.3333333333333333,0.5,1,0.8785046728971964,0.19583333333333333
synth-sym-wide,gaussian,4.0,10,cluster0,60,240,db,symmetric,1.0,1.0,0.3333333333333333,0.5,1,1.0,0.25
synth-sym-wide,gaussian,4.0,10,cluster0,60,240,db,symmetric,0.95,1.0,0.3333333333333333,0.5,1,0.9655172413793104,0.23333333333333334
synth-sym-wide,gaussian,4.0,10,cluster0,60,240,db,symmetric,0.9,1.0,0.3333333333333333,0.5,1,0.9473684210526316,0.225
synth-sym-wide,gaussian,4.0,10,cluster0,60,240,db,symmetric,0.8,1.0,0.3333333333333333,0.5,1,0.888888888888889,0.2
synth-sym-wide,gaussian,4.0,10,cluster1,60,240,threshold,severity,1.0,1.0,1.0,1.0,3,1.0,0.25
synth-sym-wide,gaussian,4.0,10,cluster1,60,240,threshold,severity,0.95,1.0,1.0,1.0,3,0.3561643835616438,0.05416666666666667
synth-sym-wide,gaussian,4.0,10,cluster1,60,240,threshold,severity,0.9,1.0,1.0,1.0,3,0.125,0.016666666666666666
synth-sym-wide,gaussian,4.0,10,cluster1,60,240,threshold,severity,0.8,1.0,1.0,1.0,3,0.0,0.0
synth-sym-wide,gaussian,4.0,10,cluster1,60,240,threshold,symmetric,1.0,1.0,1.0,1.0,3,1.0,0.25
synth-sym-wide,gaussian,4.0,10,cluster1,60,240,threshold,symmetric,0.95,1.0,1.0,1.0,3,0.3561643835616438,0.05416666666666667
synth-sym-wide,gaussian,4.0,10,cluster1,60,240,threshold,symmetric,0.9,1.0,1.0,1.0,3,0.125,0.016666666666666666
synth-sym-wide,gaussian,4.0,10,cluster1,60,240,threshold,symmetric,0.8,1.0,1.0,1.0,3,0.0,0.0
synth-sym-wide,gaussian,4.0,10,cluster1,60,240,db,severity,1.0,1.0,0.3333333333333333,0.5,1,1.0,0.25
synth-sym-wide,gaussian,4.0,10,cluster1,60,240,db,severity,0.95,1.0,0.3333333333333333,0.5,1,0.9655172413793104,0.23333333333333334
synth-sym-wide,gaussian,4.0,10,cluster1,60,240,db,severity,0.9,1.0,0.3333333333333333,0.5,1,0.9473684210526316,0.225
synth-sym-wide,gaussian,4.0,10,cluster1,60,240,db,severity,0.8,1.0,0.3333333333333333,0.5,1,0.888888888888889,0.2
synth-sym-wide,gaussian,4.0,10,cluster1,60,240,db,symmetric,1.0,1.0,0.3333333333333333,0.5,1,1.0,0.25
synth-sym-wide,gaussian,4.0,10,cluster1,60,240,db,symmetric,0.95,1.0,0.3333333333333333,0.5,1,0.9655172413793104,0.23333333333333334
synth-sym-wide,gaussian,4.0,10,cluster1,60,240,db,symmetric,0.9,1.0,0.3333333333333333,0.5,1,0.9473684210526316,0.225
synth-sym-wide,gaussian,4.0,10,cluster1,60,240,db,symmetric,0.8,1.0,0.3333333333333333,0.5,1,0.888888888888889,0.2
synth-sym-wide,gaussian,4.0,10,cluster2,60,240,threshold,severity,1.0,1.0,1.0,1.0,3,1.0,0.25
synth-sym-wide,gaussian,4.0,10,cluster2,60,240,threshold,severity,0.95,1.0,1.0,1.0,3,0.30985915492957744,0.04583333333333333
synth-sym-wide,gaussian,4.0,10,cluster2,60,240,threshold,severity,0.9,1.0,1.0,1.0,3,0.0,0.0
synth-sym-wide,gaussian,4.0,10,cluster2,60,240,threshold,severity,0.8,1.0,1.0,1.0,3,0.0,0.0
synth-sym-wide,gaussian,4.0,10,cluster2,60,240,threshold,symmetric,1.0,1.0,1.0,1.0,3,1.0,0.25
synth-sym-wide,gaussian,4.0,10,cluster2,60,240,threshold,symmetric,0.95,1.0,1.0,1.0,3,0.30985915492957744,0.04583333333333333
synth-sym-wide,gaussian,4.0,10,cluster2,60,240,threshold,symmetric,0.9,1.0,1.0,1.0,3,0.06451612903225806,0.008333333333333333
synth-sym-wide,gaussian,4.0,10,cluster2,60,240,threshold,symmetric,0.8,1.0,1.0,1.0,3,0.0,0.0
synth-sym-wide,gaussian,4.0,10,cluster2,60,240,db,severity,1.0,1.0,0.3333333333333333,0.5,1,1.0,0.25
synth-sym-wide,gaussian,4.0,10,cluster2,60,240,db,severity,0.95,1.0,0.3333333333333333,0.5,1,0.9655172413793104,0.23333333333333334
synth-sym-wide,gaussian,4.0,10,cluster2,60,240,db,severity,0.9,1.0,0.3333333333333333,0.5,1,0.9473684210526316,0.225
synth-sym-wide,gaussian,4.0,10,cluster2,60,240,db,severity,0.8,1.0,0.3333333333333333,0.5,1,0.888888888888889,0.2
synth-sym-wide,gaussian,4.0,10,cluster2,60,240,db,symmetric,1.0,1.0,0.3333333333333333,0.5,1,1.0,0.25
synth-sym-wide,gaussian,4.0,10,cluster2,60,240,db,symmetric,0.95,1.0,0.3333333333333333,0.5,1,0.9655172413793104,0.23333333333333334
synth-sym-wide,gaussian,4.0,10,cluster2,60,240,db,symmetric,0.9,1.0,0.3333333333333333,0.5,1,0.9473684210526316,0.225
synth-sym-wide,gaussian,4.0,10,cluster2,60,240,db,symmetric,0.8,1.0,0.3333333333333333,0.5,1,0.888888888888889,0.2
synth-sym-wide,gaussian,4.0,10,cluster3,60,240,threshold,severity,1.0,1.0,1.0,1.0,3,1.0,0.25
synth-sym-wide,gaussian,4.0,10,cluster3,60,240,threshold,severity,0.95,1.0,1.0,1.0,3,0.2608695652173913,0.0375
synth-sym-wide,gaussian,4.0,10,cluster3,60,240,threshold,severity,0.9,1.0,1.0,1.0,3,0.15384615384615385,0.020833333333333332
synth-sym-wide,gaussian,4.0,10,cluster3,60,240,threshold,severity,0.8,1.0,1.0,1.0,3,0.0,0.0
synth-sym-wide,gaussian,4.0,10,cluster3,60,240,threshold,symmetric,1.0,1.0,1.0,1.0,3,1.0,0.25
synth-sym-wide,gaussian,4.0,10,cluster3,60,240,threshold,symmetric,0.95,1.0,1.0,1.0,3,0.2608695652173913,0.0375
synth-sym-wide,gaussian,4.0,10,cluster3,60,240,threshold,symmetric,0.9,1.0,1.0,1.0,3,0.18181818181818182,0.025
synth-sym-wide,gaussian,4.0,10,cluster3,60,240,threshold,symmetric,0.8,1.0,1.0,1.0,3,0.03278688524590164,0.004166666666666667
synth-sym-wide,gaussian,4.0,10,cluster3,60,240,db,severity,1.0,1.0,0.3333333333333333,0.5,1,1.0,0.25
synth-sym-wide,gaussian,4.0,10,cluster3,60,240,db,severity,0.95,1.0,0.3333333333333333,0.5,1,0.9655172413793104,0.23333333333333334
synth-sym-wide,gaussian,4.0,10,cluster3,60,240,db,severity,0.9,1.0,0.3333333333333333,0.5,1,0.9380530973451328,0.22083333333333333
synth-sym-wide,gaussian,4.0,10,cluster3,60,240,db,severity,0.8,1.0,0.3333333333333333,0.5,1,0.8785046728971964,0.19583333333333333
synth-sym-wide,gaussian,4.0,10,cluster3,60,240,db,symmetric,1.0,1.0,0.3333333333333333,0.5,1,1.0,0.25
synth-sym-wide,gaussian,4.0,10,cluster3,60,240,db,symmetric,0.95,1.0,0.3333333333333333,0.5,1,0.9655172413793104,0.23333333333333334
synth-sym-wide,gaussian,4.0,10,cluster3,60,240,db,symmetric,0.9,1.0,0.3333333333333333,0.5,1,0.9473684210526316,0.225
synth-sym-wide,gaussian,4.0,10,cluster3,60,240,db,symmetric,0.8,1.0,0.3333333333333333,0.5,1,0.888888888888889,0.2
synth-sym-wide,gaussian,4.0,11,cluster0,60,240,threshold,severity,1.0,1.0,1.0,1.0,3,1.0,0.25
synth-sym-wide,gaussian,4.0,11,cluster0,60,240,threshold,severity,0.95,1.0,1.0,1.0,3,0.2857142857142857,0.041666666666666664
synth-sym-wide,gaussian,4.0,11,cluster0,60,240,threshold,severity,0.9,1.0,1.0,1.0,3,0.09523809523809523,0.0125
synth-sym-wide,gaussian,4.0,11,cluster0,60,240,threshold,severity,0.8,1.0,1.0,1.0,3,0.0,0.0
synth-sym-wide,gaussian,4.0,11,cluster0,60,240,threshold,symmetric,1.0,1.0,1.0,1.0,3,1.0,0.25
synth-sym-wide,gaussian,4.0,11,cluster0,60,240,threshold,symmetric,0.95,1.0,1.0,1.0,3,0.2857142857142857,0.041666666666666664
synth-sym-wide,gaussian,4.0,11,cluster0,60,240,threshold,symmetric,0.9,1.0,1.0,1.0,3,0.15384615384615385,0.020833333333333332
synth-sym-wide,gaussian,4.0,11,cluster0,60,240,threshold,symmetric,0.8,1.0,1.0,1.0,3,0.0,0.0
synth-sym-wide,gaussian,4.0,11,cluster0,60,240,db,severity,1.0,1.0,0.3333333333333333,0.5,1,1.0,0.25
synth-sym-wide,gaussian,4.0,11,cluster0,60,240,db,severity,0.95,1.0,0.3333333333333333,0.5,1,0.9655172413793104,0.23333333333333334
synth-sym-wide,gaussian,4.0,11,cluster0,60,240,db,severity,0.9,1.0,0.3333333333333333,0.5,1,0.9380530973451328,0.22083333333333333
synth-sym-wide,gaussian,4.0,11,cluster0,60,240,db,severity,0.8,1.0,0.3333333333333333,0.5,1,0.8785046728971964,0.19583333333333333
synth-sym-wide,gaussian,4.0,11,cluster0,60,240,db,symmetric,1.0,1.0,0.3333333333333333,0.5,1,1.0,0.25
synth-sym-wide,gaussian,4.0,11,cluster0,60,240,db,symmetric,0.95,1.0,0.3333333333333333,0.5,1,0.9655172413793104,0.23333333333333334
synth-sym-wide,gaussian,4.0,11,cluster0,60,240,db,symmetric,0.9,1.0,0.3333333333333333,0.5,1,0.9473684210526316,0.225
synth-sym-wide,gaussian,4.0,11,cluster0,60,240,db,symmetric,0.8,1.0,0.3333333333333333,0.5,1,0.888888888888889,0.2
synth-sym-wide,gaussian,4.0,11,cluster1,60,240,threshold,severity,1.0,1.0,1.0,1.0,3,1.0,0.25
synth-sym-wide,gaussian,4.0,11,cluster1,60,240,threshold,severity,0.95,1.0,1.0,1.0,3,0.2608695652173913,0.0375
synth-sym-wide,gaussian,4.0,11,cluster1,60,240,threshold,severity,0.9,1.0,1.0,1.0,3,0.03278688524590164,0.004166666666666667
synth-sym-wide,gaussian,4.0,11,cluster1,60,240,threshold,severity,0.8,1.0,1.0,1.0,3,0.0,0.0
synth-sym-wide,gaussian,4.0,11,cluster1,60,240,threshold,symmetric,1.0,1.0,1.0,1.0,3,1.0,0.25
synth-sym-wide,gaussian,4.0,11,cluster1,60,240,threshold,symmetric,0.95,1.0,1.0,1.0,3,0.2608695652173913,0.0375
synth-sym-wide,gaussian,4.0,11,cluster1,60,240,threshold,symmetric,0.9,1.0,1.0,1.0,3,0.06451612903225806,0.008333333333333333
synth-sym-wide,gaussian,4.0,11,cluster1,60,240,threshold,symmetric,0.8,1.0,1.0,1.0,3,0.0,0.0
synth-sym-wide,gaussian,4.0,11,cluster1,60,240,db,severity,1.0,1.0,0.3333333333333333,0.5,1,1.0,0.25
synth-sym-wide,gaussian,4.0,11,cluster1,60,240,db,severity,0.95,1.0,0.3333333333333333,0.5,1,0.9655172413793104,0.23333333333333334
synth-sym-wide,gaussian,4.0,11,cluster1,60,240,db,severity,0.9,1.0,0.3333333333333333,0.5,1,0.9380530973451328,0.22083333333333333
synth-sym-wide,gaussian,4.0,11,cluster1,60,240,db,severity,0.8,1.0,0.3333333333333333,0.5,1,0.8785046728971964,0.19583333333333333
synth-sym-wide,gaussian,4.0,11,cluster1,60,240,db,symmetric,1.0,1.0,0.3333333333333333,0.5,1,1.0,0.25
synth-sym-wide,gaussian,4.0,11,cluster1,60,240,db,symmetric,0.95,1.0,0.3333333333333333,0.5,1,0.9655172413793104,0.23333333333333334
synth-sym-wide,gaussian,4.0,11,cluster1,60,240,db,symmetric,0.9,1.0,0.3333333333333333,0.5,1,0.9473684210526316,0.225
synth-sym-wide,gaussian,4.0,11,cluster1,60,240,db,symmetric,0.8,1.0,0.3333333333333333,0.5,1,0.888888888888889,0.2
synth-sym-wide,gaussian,4.0,11,cluster2,60,240,threshold,severity,1.0,1.0,1.0,1.0,3,1.0,0.25
synth-sym-wide,gaussian,4.0,11,cluster2,60,240,threshold,severity,0.95,1.0,1.0,1.0,3,0.208955223880597,0.029166666666666667
synth-sym-wide,gaussian,4.0,11,cluster2,60,240,threshold,severity,0.9,1.0,1.0,1.0,3,0.0,0.0
synth-sym-wide,gaussian,4.0,11,cluster2,60,240,threshold,severity,0.8,1.0,1.0,1.0,3,0.0,0.0
synth-sym-wide,gaussian,4.0,11,cluster2,60,240,threshold,symmetric,1.0,1.0,1.0,1.0,3,1.0,0.25
synth-sym-wide,gaussian,4.0,11,cluster2,60,240,threshold,symmetric,0.95,1.0,1.0,1.0,3,0.208955223880597,0.029166666666666667
synth-sym-wide,gaussian,4.0,11,cluster2,60,240,threshold,symmetric,0.9,1.0,1.0,1.0,3,0.0,0.0
synth-sym-wide,gaussian,4.0,11,cluster2,60,240,threshold,symmetric,0.8,1.0,1.0,1.0,3,0.0,0.0
synth-sym-wide,gaussian,4.0,11,cluster2,60,240,db,severity,1.0,1.0,0.3333333333333333,0.5,1,1.0,0.25
synth-sym-wide,gaussian,4.0,11,cluster2,60,240,db,severity,0.95,1.0,0.3333333333333333,0.5,1,0.9655172413793104,0.23333333333333334
synth-sym-wide,gaussian,4.0,11,cluster2,60,240,db,severity,0.9,1.0,0.3333333333333333,0.5,1,0.9473684210526316,0.225
synth-sym-wide,gaussian,4.0,11,cluster2,60,240,db,severity,0.8,1.0,0.3333333333333333,0.5,1,0.888888888888889,0.2
synth-sym-wide,gaussian,4.0,11,cluster2,60,240,db,symmetric,1.0,1.0,0.3333333333333333,0.5,1,1.0,0.25
synth-sym-wide,gaussian,4.0,11,cluster2,60,240,db,symmetric,0.95,1.0,0.3333333333333333,0.5,1,0.9655172413793104,0.23333333333333334
synth-sym-wide,gaussian,4.0,11,cluster2,60,240,db,symmetric,0.9,1.0,0.3333333333333333,0.5,1,0.9473684210526316,0.225
synth-sym-wide,gaussian,4.0,11,cluster2,60,240,db,symmetric,0.8,1.0,0.3333333333333333,0.5,1,0.888888888888889,0.2
synth-sym-wide,gaussian,4.0,11,cluster3,60,240,threshold,severity,1.0,1.0,1.0,1.0,3,1.0,0.25
synth-sym-wide,gaussian,4.0,11,cluster3,60,240,threshold,severity,0.95,1.0,1.0,1.0,3,0.4,0.0625
synth-sym-wide,gaussian,4.0,11,cluster3,60,240,threshold,severity,0.9,1.0,1.0,1.0,3,0.208955223880597,0.029166666666666667
synth-sym-wide,gaussian,4.0,11,cluster3,60,240,threshold,severity,0.8,1.0,1.0,1.0,3,0.0,0.0
synth-sym-wide,gaussian,4.0,11,cluster3,60,240,threshold,symmetric,1.0,1.0,1.0,1.0,3,1.0,0.25
synth-sym-wide,gaussian,4.0,11,cluster3,60,240,threshold,symmetric,0.95,1.0,1.0,1.0,3,0.4,0.0625
synth-sym-wide,gaussian,4.0,11,cluster3,60,240,threshold,symmetric,0.9,1.0,1.0,1.0,3,0.23529411764705882,0.03333333333333333
synth-sym-wide,gaussian,4.0,11,cluster3,60,240,threshold,symmetric,0.8,1.0,1.0,1.0,3,0.0,0.0
synth-sym-wide,gaussian,4.0,11,cluster3,60,240,db,severity,1.0,1.0,0.3333333333333333,0.5,1,1.0,0.25
synth-sym-wide,gaussian,4.0,11,cluster3,60,240,db,severity,0.95,1.0,0.3333333333333333,0.5,1,0.9743589743589743,0.2375
synth-sym-wide,gaussian,4.0,11,cluster3,60,240,db,severity,0.9,1.0,0.3333333333333333,0.5,1,0.9473684210526316,0.225
synth-sym-wide,gaussian,4.0,11,cluster3,60,240,db,severity,0.8,1.0,0.3333333333333333,0.5,1,0.888888888888889,0.2
synth-sym-wide,gaussian,4.0,11,cluster3,60,240,db,symmetric,1.0,1.0,0.3333333333333333,0.5,1,1.0,0.25
synth-sym-wide,gaussian,4.0,11,cluster3,60,240,db,symmetric,0.95,1.0,0.3333333333333333,0.5,1,0.9655172413793104,0.23333333333333334
synth-sym-wide,gaussian,4.0,11,cluster3,60,240,db,symmetric,0.9,1.0,0.3333333333333333,0.5,1,0.9473684210526316,0.225
synth-sym-wide,gaussian,4.0,11,cluster3,60,240,db,symmetric,0.8,1.0,0.3333333333333333,0.5,1,0.888888888888889,0.2
synth-sym-wide,gaussian,4.0,12,cluster0,60,240,threshold,severity,1.0,1.0,1.0,1.0,3,1.0,0.25
synth-sym-wide,gaussian,4.0,12,cluster0,60,240,threshold,severity,0.95,1.0,1.0,1.0,3,0.2857142857142857,0.041666666666666664
synth-sym-wide,gaussian,4.0,12,cluster0,60,240,threshold,severity,0.9,1.0,1.0,1.0,3,0.06451612903225806,0.008333333333333333
synth-sym-wide,gaussian,4.0,12,cluster0,60,240,threshold,severity,0.8,1.0,1.0,1.0,3,0.0,0.0
synth-sym-wide,gaussian,4.0,12,cluster0,60,240,threshold,symmetric,1.0,1.0,1.0,1.0,3,1.0,0.25
synth-sym-wide,gaussian,4.0,12,cluster0,60,240,threshold,symmetric,0.95,1.0,1.0,1.0,3,0.2857142857142857,0.041666666666666664
synth-sym-wide,gaussian,4.0,12,cluster0,60,240,threshold,symmetric,0.9,1.0,1.0,1.0,3,0.09523809523809523,0.0125
synth-sym-wide,gaussian,4.0,12,cluster0,60,240,threshold,symmetric,0.8,1.0,1.0,1.0,3,0.0,0.0
synth-sym-wide,gaussian,4.0,12,cluster0,60,240,db,severity,1.0,1.0,0.3333333333333333,0.5,1,1.0,0.25
synth-sym-wide,gaussian,4.0,12,cluster0,60,240,db,severity,0.95,1.0,0.3333333333333333,0.5,1,0.9655172413793104,0.23333333333333334
synth-sym-wide,gaussian,4.0,12,cluster0,60,240,db,severity,0.9,1.0,0.3333333333333333,0.5,1,0.9380530973451328,0.22083333333333333
synth-sym-wide,gaussian,4.0,12,cluster0,60,240,db,severity,0.8,1.0,0.3333333333333333,0.5,1,0.8785046728971964,0.19583333333333333
synth-sym-wide,gaussian,4.0,12,cluster0,60,240,db,symmetric,1.0,1.0,0.3333333333333333,0.5,1,1.0,0.25
synth-sym-wide,gaussian,4.0,12,cluster0,60,240,db,symmetric,0.95,1.0,0.3333333333333333,0.5,1,0.9655172413793104,0.23333333333333334
synth-sym-wide,gaussian,4.0,12,cluster0,60,240,db,symmetric,0.9,1.0,0.3333333333333333,0.5,1,0.9473684210526316,0.225
synth-sym-wide,gaussian,4.0,12,cluster0,60,240,db,symmetric,0.8,1.0,0.3333333333333333,0.5,1,0.888888888888889,0.2
synth-sym-wide,gaussian,4.0,12,cluster1,60,240,threshold,severity,1.0,1.0,1.0,1.0,3,1.0,0.25
synth-sym-wide,gaussian,4.0,12,cluster1,60,240,threshold,severity,0.95,1.0,1.0,1.0,3,0.33333333333333337,0.05
synth-sym-wide,gaussian,4.0,12,cluster1,60,240,threshold,severity,0.9,1.0,1.0,1.0,3,0.06451612903225806,0.008333333333333333
synth-sym-wide,gaussian,4.0,12,cluster1,60,240,threshold,severity,0.8,1.0,1.0,1.0,3,0.0,0.0
synth-sym-wide,gaussian,4.0,12,cluster1,60,240,threshold,symmetric,1.0,1.0,1.0,1.0,3,1.0,0.25
synth-sym-wide,gaussian,4.0,12,cluster1,60,240,threshold,symmetric,0.95,1.0,1.0,1.0,3,0.33333333333333337,0.05
synth-sym-wide,gaussian,4.0,12,cluster1,60,240,threshold,symmetric,0.9,1.0,1.0,1.0,3,0.09523809523809523,0.0125
synth-sym-wide,gaussian,4.0,12,cluster1,60,240,threshold,symmetric,0.8,1.0,1.0,1.0,3,0.0,0.0
synth-sym-wide,gaussian,4.0,12,cluster1,60,240,db,severity,1.0,1.0,0.3333333333333333,0.5,1,1.0,0.25
synth-sym-wide,gaussian,4.0,12,cluster1,60,240,db,severity,0.95,1.0,0.3333333333333333,0.5,1,0.9655172413793104,0.23333333333333334
synth-sym-wide,gaussian,4.0,12,cluster1,60,240,db,severity,0.9,1.0,0.3333333333333333,0.5,1,0.9380530973451328,0.22083333333333333
synth-sym-wide,gaussian,4.0,12,cluster1,60,240,db,severity,0.8,1.0,0.3333333333333333,0.5,1,0.888888888888889,0.2
synth-sym-wide,gaussian,4.0,12,cluster1,60,240,db,symmetric,1.0,1.0,0.3333333333333333,0.5,1,1.0,0.25
synth-sym-wide,gaussian,4.0,12,cluster1,60,240,db,symmetric,0.95,1.0,0.3333333333333333,0.5,1,0.9655172413793104,0.23333333333333334
synth-sym-wide,gaussian,4.0,12,cluster1,60,240,db,symmetric,0.9,1.0,0.3333333333333333,0.5,1,0.9473684210526316,0.225
synth-sym-wide,gaussian,4.0,12,cluster1,60,240,db,symmetric,0.8,1.0,0.3333333333333333,0.5,1,0.888888888888889,0.2
synth-sym-wide,gaussian,4.0,12,cluster2,60,240,threshold,severity,1.0,1.0,1.0,1.0,3,1.0,0.25
synth-sym-wide,gaussian,4.0,12,cluster2,60,240,threshold,severity,0.95,1.0,1.0,1.0,3,0.30985915492957744,0.04583333333333333
synth-sym-wide,gaussian,4.0,12,cluster2,60,240,threshold,severity,0.9,1.0,1.0,1.0,3,0.06451612903225806,0.008333333333333333
synth-sym-wide,gaussian,4.0,12,cluster2,60,240,threshold,severity,0.8,1.0,1.0,1.0,3,0.0,0.0
synth-sym-wide,gaussian,4.0,12,cluster2,60,240,threshold,symmetric,1.0,1.0,1.0,1.0,3,1.0,0.25
synth-sym-wide,gaussian,4.0,12,cluster2,60,240,threshold,symmetric,0.95,1.0,1.0,1.0,3,0.30985915492957744,0.04583333333333333
synth-sym-wide,gaussian,4.0,12,cluster2,60,240,threshold,symmetric,0.9,1.0,1.0,1.0,3,0.09523809523809523,0.0125
synth-sym-wide,gaussian,4.0,12,cluster2,60,240,threshold,symmetric,0.8,1.0,1.0,1.0,3,0.03278688524590164,0.004166666666666667
synth-sym-wide,gaussian,4.0,12,cluster2,60,240,db,severity,1.0,1.0,0.3333333333333333,0.5,1,1.0,0.25
synth-sym-wide,gaussian,4.0,12,cluster2,60,240,db,severity,0.95,1.0,0.3333333333333333,0.5,1,0.9655172413793104,0.23333333333333334
synth-sym-wide,gaussian,4.0,12,cluster2,60,240,db,severity,0.9,1.0,0.3333333333333333,0.5,1,0.9380530973451328,0.22083333333333333
synth-sym-wide,gaussian,4.0,12,cluster2,60,240,db,severity,0.8,1.0,0.3333333333333333,0.5,1,0.8785046728971964,0.19583333333333333
synth-sym-wide,gaussian,4.0,12,cluster2,60,240,db,symmetric,1.0,1.0,0.3333333333333333,0.5,1,1.0,0.25
synth-sym-wide,gaussian,4.0,12,cluster2,60,240,db,symmetric,0.95,1.0,0.3333333333333333,0.5,1,0.9655172413793104,0.23333333333333334
synth-sym-wide,gaussian,4.0,12,cluster2,60,240,db,symmetric,0.9,1.0,0.3333333333333333,0.5,1,0.9473684210526316,0.225
synth-sym-wide,gaussian,4.0,12,cluster2,60,240,db,symmetric,0.8,1.0,0.3333333333333333,0.5,1,0.888888888888889,0.2
synth-sym-wide,gaussian,4.0,12,cluster3,60,240,threshold,severity,1.0,1.0,1.0,1.0,3,1.0,0.25
synth-sym-wide,gaussian,4.0,12,cluster3,60,240,threshold,severity,0.95,1.0,1.0,1.0,3,0.2608695652173913,0.0375
synth-sym-wide,gaussian,4.0,12,cluster3,60,240,threshold,severity,0.9,1.0,1.0,1.0,3,0.06451612903225806,0.008333333333333333
synth-sym-wide,gaussian,4.0,12,cluster3,60,240,threshold,severity,0.8,1.0,1.0,1.0,3,0.0,0.0
synth-sym-wide,gaussian,4.0,12,cluster3,60,240,threshold,symmetric,1.0,1.0,1.0,1.0,3,1.0,0.25
synth-sym-wide,gaussian,4.0,12,cluster3,60,240,threshold,symmetric,0.95,1.0,1.0,1.0,3,0.2608695652173913,0.0375
synth-sym-wide,gaussian,4.0,12,cluster3,60,240,threshold,symmetric,0.9,1.0,1.0,1.0,3,0.09523809523809523,0.0125
synth-sym-wide,gaussian,4.0,12,cluster3,60,240,threshold,symmetric,0.8,1.0,1.0,1.0,3,0.0,0.0
synth-sym-wide,gaussian,4.0,12,cluster3,60,240,db,severity,1.0,1.0,0.3333333333333333,0.5,1,1.0,0.25
synth-sym-wide,gaussian,4.0,12,cluster3,60,240,db,severity,0.95,1.0,0.3333333333333333,0.5,1,0.9655172413793104,0.23333333333333334
synth-sym-wide,gaussian,4.0,12,cluster3,60,240,db,severity,0.9,1.0,0.3333333333333333,0.5,1,0.9391304347826087,0.22916666666666666
synth-sym-wide,gaussian,4.0,12,cluster3,60,240,db,severity,0.8,1.0,0.3333333333333333,0.5,1,0.8807339449541285,0.20416666666666666
synth-sym-wide,gaussian,4.0,12,cluster3,60,240,db,symmetric,1.0,1.0,0.3333333333333333,0.5,1,1.0,0.25
synth-sym-wide,gaussian,4.0,12,cluster3,60,240,db,symmetric,0.95,1.0,0.3333333333333333,0.5,1,0.9655172413793104,0.23333333333333334
synth-sym-wide,gaussian,4.0,12,cluster3,60,240,db,symmetric,0.9,1.0,0.3333333333333333,0.5,1,0.9473684210526316,0.225
synth-sym-wide,gaussian,4.0,12,cluster3,60,240,db,symmetric,0.8,1.0,0.3333333333333333,0.5,1,0.888888888888889,0.2
synth-sym-wide,gaussian,4.0,13,cluster0,60,240,threshold,severity,1.0,1.0,1.0,1.0,3,1.0,0.25
synth-sym-wide,gaussian,4.0,13,cluster0,60,240,threshold,severity,0.95,1.0,1.0,1.0,3,0.30985915492957744,0.04583333333333333
synth-sym-wide,gaussian,4.0,13,cluster0,60,240,threshold,severity,0.9,1.0,1.0,1.0,3,0.06451612903225806,0.008333333333333333
synth-sym-wide,gaussian,4.0,13,cluster0,60,240,threshold,severity,0.8,1.0,1.0,1.0,3,0.0,0.0
synth-sym-wide,gaussian,4.0,13,cluster0,60,240,threshold,symmetric,1.0,1.0,1.0,1.0,3,1.0,0.25
synth-sym-wide,gaussian,4.0,13,cluster0,60,240,threshold,symmetric,0.95,1.0,1.0,1.0,3,0.30985915492957744,0.04583333333333333
synth-sym-wide,gaussian,4.0,13,cluster0,60,240,threshold,symmetric,0.9,1.0,1.0,1.0,3,0.09523809523809523,0.0125
synth-sym-wide,gaussian,4.0,13,cluster0,60,240,threshold,symmetric,0.8,1.0,1.0,1.0,3,0.0,0.0
synth-sym-wide,gaussian,4.0,13,cluster0,60,240,db,severity,1.0,1.0,0.3333333333333333,0.5,1,1.0,0.25
synth-sym-wide,gaussian,4.0,13,cluster0,60,240,db,severity,0.95,1.0,0.3333333333333333,0.5,1,0.9655172413793104,0.23333333333333334
synth-sym-wide,gaussian,4.0,13,cluster0,60,240,db,severity,0.9,1.0,0.3333333333333333,0.5,1,0.9380530973451328,0.22083333333333333
synth-sym-wide,gaussian,4.0,13,cluster0,60,240,db,severity,0.8,1.0,0.3333333333333333,0.5,1,0.888888888888889,0.2
synth-sym-wide,gaussian,4.0,13,cluster0,60,240,db,symmetric,1.0,1.0,0.3333333333333333,0.5,1,1.0,0.25
synth-sym-wide,gaussian,4.0,13,cluster0,60,240,db,symmetric,0.95,1.0,0.3333333333333333,0.5,1,0.9655172413793104,0.23333333333333334
synth-sym-wide,gaussian,4.0,13,cluster0,60,240,db,symmetric,0.9,1.0,0.3333333333333333,0.5,1,0.9473684210526316,0.225
synth-sym-wide,gaussian,4.0,13,cluster0,60,240,db,symmetric,0.8,1.0,0.3333333333333333,0.5,1,0.888888888888889,0.2
synth-sym-wide,gaussian,4.0,13,cluster1,60,240,threshold,severity,1.0,1.0,1.0,1.0,3,1.0,0.25
synth-sym-wide,gaussian,4.0,13,cluster1,60,240,threshold,severity,0.95,1.0,1.0,1.0,3,0.208955223880597,0.029166666666666667
synth-sym-wide,gaussian,4.0,13,cluster1,60,240,threshold,severity,0.9,1.0,1.0,1.0,3,0.09523809523809523,0.0125
synth-sym-wide,gaussian,4.0,13,cluster1,60,240,threshold,severity,0.8,1.0,1.0,1.0,3,0.0,0.0
synth-sym-wide,gaussian,4.0,13,cluster1,60,240,threshold,symmetric,1.0,1.0,1.0,1.0,3,1.0,0.25
synth-sym-wide,gaussian,4.0,13,cluster1,60,240,threshold,symmetric,0.95,1.0,1.0,1.0,3,0.208955223880597,0.029166666666666667
synth-sym-wide,gaussian,4.0,13,cluster1,60,240,threshold,symmetric,0.9,1.0,1.0,1.0,3,0.125,0.016666666666666666
synth-sym-wide,gaussian,4.0,13,cluster1,60,240,threshold,symmetric,0.8,1.0,1.0,1.0,3,0.03278688524590164,0.004166666666666667
synth-sym-wide,gaussian,4.0,13,cluster1,60,240,db,severity,1.0,1.0,0.3333333333333333,0.5,1,1.0,0.25
synth-sym-wide,gaussian,4.0,13,cluster1,60,240,db,severity,0.95,1.0,0.3333333333333333,0.5,1,0.9655172413793104,0.23333333333333334
synth-sym-wide,gaussian,4.0,13,cluster1,60,240,db,severity,0.9,1.0,0.3333333333333333,0.5,1,0.9380530973451328,0.22083333333333333
synth-sym-wide,gaussian,4.0,13,cluster1,60,240,db,severity,0.8,1.0,0.3333333333333333,0.5,1,0.8785046728971964,0.19583333333333333
synth-sym-wide,gaussian,4.0,13,cluster1,60,240,db,symmetric,1.0,1.0,0.3333333333333333,0.5,1,1.0,0.25
synth-sym-wide,gaussian,4.0,13,cluster1,60,240,db,symmetric,0.95,1.0,0.3333333333333333,0.5,1,0.9655172413793104,0.23333333333333334
synth-sym-wide,gaussian,4.0,13,cluster1,60,240,db,symmetric,0.9,1.0,0.3333333333333333,0.5,1,0.9473684210526316,0.225
synth-sym-wide,gaussian,4.0,13,cluster1,60,240,db,symmetric,0.8,1.0,0.3333333333333333,0.5,1,0.888888888888889,0.2
synth-sym-wide,gaussian,4.0,13,cluster2,60,240,threshold,severity,1.0,1.0,1.0,1.0,3,1.0,0.25
synth-sym-wide,gaussian,4.0,13,cluster2,60,240,threshold,severity,0.95,1.0,1.0,1.0,3,0.23529411764705882,0.03333333333333333
synth-sym-wide,gaussian,4.0,13,cluster2,60,240,threshold,severity,0.9,1.0,1.0,1.0,3,0.03278688524590164,0.004166666666666667
synth-sym-wide,gaussian,4.0,13,cluster2,60,240,threshold,severity,0.8,1.0,1.0,1.0,3,0.0,0.0
synth-sym-wide,gaussian,4.0,13,cluster2,60,240,threshold,symmetric,1.0,1.0,1.0,1.0,3,1.0,0.25
synth-sym-wide,gaussian,4.0,13,cluster2,60,240,threshold,symmetric,0.95,1.0,1.0,1.0,3,0.23529411764705882,0.03333333333333333
synth-sym-wide,gaussian,4.0,13,cluster2,60,240,threshold,symmetric,0.9,1.0,1.0,1.0,3,0.06451612903225806,0.008333333333333333
synth-sym-wide,gaussian,4.0,13,cluster2,60,240,threshold,symmetric,0.8,1.0,1.0,1.0,3,0.0,0.0
synth-sym-wide,gaussian,4.0,13,cluster2,60,240,db,severity,1.0,0.5,0.3333333333333333,0.4,2,1.0,0.25
synth-sym-wide,gaussian,4.0,13,cluster2,60,240,db,severity,0.95,1.0,0.3333333333333333,0.5,1,0.9655172413793104,0.23333333333333334
synth-sym-wide,gaussian,4.0,13,cluster2,60,240,db,severity,0.9,1.0,0.3333333333333333,0.5,1,0.9391304347826087,0.22916666666666666
synth-sym-wide,gaussian,4.0,13,cluster2,60,240,db,severity,0.8,1.0,0.3333333333333333,0.5,1,0.8807339449541285,0.20416666666666666
synth-sym-wide,gaussian,4.0,13,cluster2,60,240,db,symmetric,1.0,0.5,0.3333333333333333,0.4,2,1.0,0.25
synth-sym-wide,gaussian,4.0,13,cluster2,60,240,db,symmetric,0.95,1.0,0.3333333333333333,0.5,1,0.9655172413793104,0.23333333333333334
synth-sym-wide,gaussian,4.0,13,cluster2,60,240,db,symmetric,0.9,1.0,0.3333333333333333,0.5,1,0.9473684210526316,0.225
synth-sym-wide,gaussian,4.0,13,cluster2,60,240,db,symmetric,0.8,1.0,0.3333333333333333,0.5,1,0.888888888888889,0.2
synth-sym-wide,gaussian,4.0,13,cluster3,60,240,threshold,severity,1.0,1.0,1.0,1.0,3,1.0,0.25
synth-sym-wide,gaussian,4.0,13,cluster3,60,240,threshold,severity,0.95,1.0,1.0,1.0,3,0.37837837837837834,0.058333333333333334
synth-sym-wide,gaussian,4.0,13,cluster3,60,240,threshold,severity,0.9,1.0,1.0,1.0,3,0.09523809523809523,0.0125
synth-sym-wide,gaussian,4.0,13,cluster3,60,240,threshold,severity,0.8,1.0,1.0,1.0,3,0.0,0.0
synth-sym-wide,gaussian,4.0,13,cluster3,60,240,threshold,symmetric,1.0,1.0,1.0,1.0,3,1.0,0.25
synth-sym-wide,gaussian,4.0,13,cluster3,60,240,threshold,symmetric,0.95,1.0,1.0,1.0,3,0.3561643835616438,0.05416666666666667
synth-sym-wide,gaussian,4.0,13,cluster3,60,240,threshold,symmetric,0.9,1.0,1.0,1.0,3,0.15384615384615385,0.020833333333333332
synth-sym-wide,gaussian,4.0,13,cluster3,60,240,threshold,symmetric,0.8,1.0,1.0,1.0,3,0.0,0.0
synth-sym-wide,gaussian,4.0,13,cluster3,60,240,db,severity,1.0,1.0,0.3333333333333333,0.5,1,1.0,0.25
synth-sym-wide,gaussian,4.0,13,cluster3,60,240,db,severity,0.95,1.0,0.3333333333333333,0.5,1,0.9743589743589743,0.2375
synth-sym-wide,gaussian,4.0,13,cluster3,60,240,db,severity,0.9,1.0,0.3333333333333333,0.5,1,0.9473684210526316,0.225
synth-sym-wide,gaussian,4.0,13,cluster3,60,240,db,severity,0.8,1.0,0.3333333333333333,0.5,1,0.888888888888889,0.2
synth-sym-wide,gaussian,4.0,13,cluster3,60,240,db,symmetric,1.0,1.0,0.3333333333333333,0.5,1,1.0,0.25
synth-sym-wide,gaussian,4.0,13,cluster3,60,240,db,symmetric,0.95,1.0,0.3333333333333333,0.5,1,0.9655172413793104,0.23333333333333334
synth-sym-wide,gaussian,4.0,13,cluster3,60,240,db,symmetric,0.9,1.0,0.3333333333333333,0.5,1,0.9473684210526316,0.225
synth-sym-wide,gaussian,4.0,13,cluster3,60,240,db,symmetric,0.8,1.0,0.3333333333333333,0.5,1,0.888888888888889,0.2
synth-sym-wide,gaussian,4.0,14,cluster0,60,240,threshold,severity,1.0,1.0,1.0,1.0,3,1.0,0.25
synth-sym-wide,gaussian,4.0,14,cluster0,60,240,threshold,severity,0.95,1.0,1.0,1.0,3,0.208955223880597,0.029166666666666667
synth-sym-wide,gaussian,4.0,14,cluster0,60,240,threshold,severity,0.9,1.0,1.0,1.0,3,0.09523809523809523,0.0125
synth-sym-wide,gaussian,4.0,14,cluster0,60,240,threshold,severity,0.8,1.0,1.0,1.0,3,0.0,0.0
synth-sym-wide,gaussian,4.0,14,cluster0,60,240,threshold,symmetric,1.0,1.0,1.0,1.0,3,1.0,0.25
synth-sym-wide,gaussian,4.0,14,cluster0,60,240,threshold,symmetric,0.95,1.0,1.0,1.0,3,0.208955223880597,0.029166666666666667
synth-sym-wide,gaussian,4.0,14,cluster0,60,240,threshold,symmetric,0.9,1.0,1.0,1.0,3,0.09523809523809523,0.0125
synth-sym-wide,gaussian,4.0,14,cluster0,60,240,threshold,symmetric,0.8,1.0,1.0,1.0,3,0.0,0.0
synth-sym-wide,gaussian,4.0,14,cluster0,60,240,db,severity,1.0,1.0,0.3333333333333333,0.5,1,1.0,0.25
synth-sym-wide,gaussian,4.0,14,cluster0,60,240,db,severity,0.95,1.0,0.3333333333333333,0.5,1,0.9655172413793104,0.23333333333333334
synth-sym-wide,gaussian,4.0,14,cluster0,60,240,db,severity,0.9,1.0,0.3333333333333333,0.5,1,0.9380530973451328,0.22083333333333333
synth-sym-wide,gaussian,4.0,14,cluster0,60,240,db,severity,0.8,1.0,0.3333333333333333,0.5,1,0.8785046728971964,0.19583333333333333
synth-sym-wide,gaussian,4.0,14,cluster0,60,240,db,symmetric,1.0,1.0,0.3333333333333333,0.5,1,1.0,0.25
synth-sym-wide,gaussian,4.0,14,cluster0,60,240,db,symmetric,0.95,1.0,0.3333333333333333,0.5,1,0.9655172413793104,0.23333333333333334
synth-sym-wide,gaussian,4.0,14,cluster0,60,240,db,symmetric,0.9,1.0,0.3333333333333333,0.5,1,0.9473684210526316,0.225
synth-sym-wide,gaussian,4.0,14,cluster0,60,240,db,symmetric,0.8,1.0,0.3333333333333333,0.5,1,0.888888888888889,0.2
synth-sym-wide,gaussian,4.0,14,cluster1,60,240,threshold,severity,1.0,1.0,1.0,1.0,3,1.0,0.25
synth-sym-wide,gaussian,4.0,14,cluster1,60,240,threshold,severity,0.95,1.0,1.0,1.0,3,0.2608695652173913,0.0375
synth-sym-wide,gaussian,4.0,14,cluster1,60,240,threshold,severity,0.9,1.0,1.0,1.0,3,0.03278688524590164,0.004166666666666667
synth-sym-wide,gaussian,4.0,14,cluster1,60,240,threshold,severity,0.8,1.0,1.0,1.0,3,0.0,0.0
synth-sym-wide,gaussian,4.0,14,cluster1,60,240,threshold,symmetric,1.0,1.0,1.0,1.0,3,1.0,0.25
synth-sym-wide,gaussian,4.0,14,cluster1,60,240,threshold,symmetric,0.95,1.0,1.0,1.0,3,0.2608695652173913,0.0375
synth-sym-wide,gaussian,4.0,14,cluster1,60,240,threshold,symmetric,0.9,1.0,1.0,1.0,3,0.06451612903225806,0.008333333333333333
synth-sym-wide,gaussian,4.0,14,cluster1,60,240,threshold,symmetric,0.8,1.0,1.0,1.0,3,0.0,0.0
synth-sym-wide,gaussian,4.0,14,cluster1,60,240,db,severity,1.0,1.0,0.3333333333333333,0.5,1,1.0,0.25
synth-sym-wide,gaussian,4.0,14,cluster1,60,240,db,severity,0.95,1.0,0.3333333333333333,0.5,1,0.9655172413793104,0.23333333333333334
synth-sym-wide,gaussian,4.0,14,cluster1,60,240,db,severity,0.9,1.0,0.3333333333333333,0.5,1,0.9380530973451328,0.22083333333333333
synth-sym-wide,gaussian,4.0,14,cluster1,60,240,db,severity,0.8,1.0,0.3333333333333333,0.5,1,0.8785046728971964,0.19583333333333333
synth-sym-wide,gaussian,4.0,14,cluster1,60,240,db,symmetric,1.0,1.0,0.3333333333333333,0.5,1,1.0,0.25
synth-sym-wide,gaussian,4.0,14,cluster1,60,240,db,symmetric,0.95,1.0,0.3333333333333333,0.5,1,0.9655172413793104,0.23333333333333334
synth-sym-wide,gaussian,4.0,14,cluster1,60,240,db,symmetric,0.9,1.0,0.3333333333333333,0.5,1,0.9473684210526316,0.225
synth-sym-wide,gaussian,4.0,14,cluster1,60,240,db,symmetric,0.8,1.0,0.3333333333333333,0.5,1,0.888888888888889,0.2
synth-sym-wide,gaussian,4.0,14,cluster2,60,240,threshold,severity,1.0,1.0,1.0,1.0,3,1.0,0.25
synth-sym-wide,gaussian,4.0,14,cluster2,60,240,threshold,severity,0.95,1.0,1.0,1.0,3,0.3561643835616438,0.05416666666666667
synth-sym-wide,gaussian,4.0,14,cluster2,60,240,threshold,severity,0.9,1.0,1.0,1.0,3,0.125,0.016666666666666666
synth-sym-wide,gaussian,4.0,14,cluster2,60,240,threshold,severity,0.8,1.0,1.0,1.0,3,0.0,0.0
synth-sym-wide,gaussian,4.0,14,cluster2,60,240,threshold,symmetric,1.0,1.0,1.0,1.0,3,1.0,0.25
synth-sym-wide,gaussian,4.0,14,cluster2,60,240,threshold,symmetric,0.95,1.0,1.0,1.0,3,0.3561643835616438,0.05416666666666667
synth-sym-wide,gaussian,4.0,14,cluster2,60,240,threshold,symmetric,0.9,1.0,1.0,1.0,3,0.15384615384615385,0.020833333333333332
synth-sym-wide,gaussian,4.0,14,cluster2,60,240,threshold,symmetric,0.8,1.0,1.0,1.0,3,0.0,0.0
synth-sym-wide,gaussian,4.0,14,cluster2,60,240,db,severity,1.0,1.0,0.3333333333333333,0.5,1,1.0,0.25
synth-sym-wide,gaussian,4.0,14,cluster2,60,240,db,severity,0.95,1.0,0.3333333333333333,0.5,1,0.9655172413793104,0.23333333333333334
synth-sym-wide,gaussian,4.0,14,cluster2,60,240,db,severity,0.9,1.0,0.3333333333333333,0.5,1,0.9473684210526316,0.225
synth-sym-wide,gaussian,4.0,14,cluster2,60,240,db,severity,0.8,1.0,0.3333333333333333,0.5,1,0.888888888888889,0.2
synth-sym-wide,gaussian,4.0,14,cluster2,60,240,db,symmetric,1.0,1.0,0.3333333333333333,0.5,1,1.0,0.25
synth-sym-wide,gaussian,4.0,14,cluster2,60,240,db,symmetric,0.95,1.0,0.3333333333333333,0.5,1,0.9655172413793104,0.23333333333333334
synth-sym-wide,gaussian,4.0,14,cluster2,60,240,db,symmetric,0.9,1.0,0.3333333333333333,0.5,1,0.9473684210526316,0.225
synth-sym-wide,gaussian,4.0,14,cluster2,60,240,db,symmetric,0.8,1.0,0.3333333333333333,0.5,1,0.888888888888889,0.2
synth-sym-wide,gaussian,4.0,14,cluster3,60,240,threshold,severity,1.0,1.0,1.0,1.0,3,1.0,0.25
synth-sym-wide,gaussian,4.0,14,cluster3,60,240,threshold,severity,0.95,1.0,1.0,1.0,3,0.30985915492957744,0.04583333333333333
synth-sym-wide,gaussian,4.0,14,cluster3,60,240,threshold,severity,0.9,1.0,1.0,1.0,3,0.09523809523809523,0.0125
synth-sym-wide,gaussian,4.0,14,cluster3,60,240,threshold,severity,0.8,1.0,1.0,1.0,3,0.0,0.0
synth-sym-wide,gaussian,4.0,14,cluster3,60,240,threshold,symmetric,1.0,1.0,1.0,1.0,3,1.0,0.25
synth-sym-wide,gaussian,4.0,14,cluster3,60,240,threshold,symmetric,0.95,1.0,1.0,1.0,3,0.30985915492957744,0.04583333333333333
synth-sym-wide,gaussian,4.0,14,cluster3,60,240,threshold,symmetric,0.9,1.0,1.0,1.0,3,0.15384615384615385,0.020833333333333332
synth-sym-wide,gaussian,4.0,14,cluster3,60,240,threshold,symmetric,0.8,1.0,1.0,1.0,3,0.0,0.0
synth-sym-wide,gaussian,4.0,14,cluster3,60,240,db,severity,1.0,1.0,0.3333333333333333,0.5,1,1.0,0.25
synth-sym-wide,gaussian,4.0,14,cluster3,60,240,db,severity,0.95,1.0,0.3333333333333333,0.5,1,0.9655172413793104,0.23333333333333334
synth-sym-wide,gaussian,4.0,14,cluster3,60,240,db,severity,0.9,1.0,0.3333333333333333,0.5,1,0.9380530973451328,0.22083333333333333
synth-sym-wide,gaussian,4.0,14,cluster3,60,240,db,severity,0.8,1.0,0.3333333333333333,0.5,1,0.888888888888889,0.2
synth-sym-wide,gaussian,4.0,14,cluster3,60,240,db,symmetric,1.0,1.0,0.3333333333333333,0.5,1,1.0,0.25
synth-sym-wide,gaussian,4.0,14,cluster3,60,240,db,symmetric,0.95,1.0,0.3333333333333333,0.5,1,0.9655172413793104,0.23333333333333334
synth-sym-wide,gaussian,4.0,14,cluster3,60,240,db,symmetric,0.9,1.0,0.3333333333333333,0.5,1,0.9473684210526316,0.225
synth-sym-wide,gaussian,4.0,14,cluster3,60,240,db,symmetric,0.8,1.0,0.3333333333333333,0.5,1,0.888888888888889,0.2
synth-sym-wide,gaussian,4.0,15,cluster0,60,240,threshold,severity,1.0,1.0,1.0,1.0,3,1.0,0.25
synth-sym-wide,gaussian,4.0,15,cluster0,60,240,threshold,severity,0.95,1.0,1.0,1.0,3,0.2608695652173913,0.0375
synth-sym-wide,gaussian,4.0,15,cluster0,60,240,threshold,severity,0.9,1.0,1.0,1.0,3,0.06451612903225806,0.008333333333333333
synth-sym-wide,gaussian,4.0,15,cluster0,60,240,threshold,severity,0.8,1.0,1.0,1.0,3,0.03278688524590164,0.004166666666666667
synth-sym-wide,gaussian,4.0,15,cluster0,60,240,threshold,symmetric,1.0,1.0,1.0,1.0,3,1.0,0.25
synth-sym-wide,gaussian,4.0,15,cluster0,60,240,threshold,symmetric,0.95,1.0,1.0,1.0,3,0.2608695652173913,0.0375
synth-sym-wide,gaussian,4.0,15,cluster0,60,240,threshold,symmetric,0.9,1.0,1.0,1.0,3,0.125,0.016666666666666666
synth-sym-wide,gaussian,4.0,15,cluster0,60,240,threshold,symmetric,0.8,1.0,1.0,1.0,3,0.03278688524590164,0.004166666666666667
synth-sym-wide,gaussian,4.0,15,cluster0,60,240,db,severity,1.0,1.0,0.3333333333333333,0.5,1,1.0,0.25
synth-sym-wide,gaussian,4.0,15,cluster0,60,240,db,severity,0.95,1.0,0.3333333333333333,0.5,1,0.9655172413793104,0.23333333333333334
synth-sym-wide,gaussian,4.0,15,cluster0,60,240,db,severity,0.9,1.0,0.3333333333333333,0.5,1,0.9473684210526316,0.225
synth-sym-wide,gaussian,4.0,15,cluster0,60,240,db,severity,0.8,1.0,0.3333333333333333,0.5,1,0.888888888888889,0.2
synth-sym-wide,gaussian,4.0,15,cluster0,60,240,db,symmetric,1.0,1.0,0.3333333333333333,0.5,1,1.0,0.25
synth-sym-wide,gaussian,4.0,15,cluster0,60,240,db,symmetric,0.95,1.0,0.3333333333333333,0.5,1,0.9655172413793104,0.23333333333333334
synth-sym-wide,gaussian,4.0,15,cluster0,60,240,db,symmetric,0.9,1.0,0.3333333333333333,0.5,1,0.9473684210526316,0.225
synth-sym-wide,gaussian,4.0,15,cluster0,60,240,db,symmetric,0.8,1.0,0.3333333333333333,0.5,1,0.888888888888889,0.2
synth-sym-wide,gaussian,4.0,15,cluster1,60,240,threshold,severity,1.0,1.0,1.0,1.0,3,1.0,0.25
synth-sym-wide,gaussian,4.0,15,cluster1,60,240,threshold,severity,0.95,1.0,1.0,1.0,3,0.2857142857142857,0.041666666666666664
synth-sym-wide,gaussian,4.0,15,cluster1,60,240,threshold,severity,0.9,1.0,1.0,1.0,3,0.125,0.016666666666666666
synth-sym-wide,gaussian,4.0,15,cluster1,60,240,threshold,severity,0.8,1.0,1.0,1.0,3,0.0,0.0
synth-sym-wide,gaussian,4.0,15,cluster1,60,240,threshold,symmetric,1.0,1.0,1.0,1.0,3,1.0,0.25
synth-sym-wide,gaussian,4.0,15,cluster1,60,240,threshold,symmetric,0.95,1.0,1.0,1.0,3,0.2857142857142857,0.041666666666666664
synth-sym-wide,gaussian,4.0,15,cluster1,60,240,threshold,symmetric,0.9,1.0,1.0,1.0,3,0.15384615384615385,0.020833333333333332
synth-sym-wide,gaussian,4.0,15,cluster1,60,240,threshold,symmetric,0.8,1.0,1.0,1.0,3,0.03278688524590164,0.004166666666666667
synth-sym-wide,gaussian,4.0,15,cluster1,60,240,db,severity,1.0,1.0,0.3333333333333333,0.5,1,1.0,0.25
synth-sym-wide,gaussian,4.0,15,cluster1,60,240,db,severity,0.95,1.0,0.3333333333333333,0.5,1,0.9655172413793104,0.23333333333333334
synth-sym-wide,gaussian,4.0,15,cluster1,60,240,db,severity,0.9,1.0,0.3333333333333333,0.5,1,0.9380530973451328,0.22083333333333333
synth-sym-wide,gaussian,4.0,15,cluster1,60,240,db,severity,0.8,1.0,0.3333333333333333,0.5,1,0.8785046728971964,0.19583333333333333
synth-sym-wide,gaussian,4.0,15,cluster1,60,240,db,symmetric,1.0,1.0,0.3333333333333333,0.5,1,1.0,0.25
synth-sym-wide,gaussian,4.0,15,cluster1,60,240,db,symmetric,0.95,1.0,0.3333333333333333,0.5,1,0.9655172413793104,0.23333333333333334
synth-sym-wide,gaussian,4.0,15,cluster1,60,240,db,symmetric,0.9,1.0,0.3333333333333333,0.5,1,0.9473684210526316,0.225
synth-sym-wide,gaussian,4.0,15,cluster1,60,240,db,symmetric,0.8,1.0,0.3333333333333333,0.5,1,0.888888888888889,0.2
synth-sym-wide,gaussian,4.0,15,cluster2,60,240,threshold,severity,1.0,1.0,1.0,1.0,3,1.0,0.25
synth-sym-wide,gaussian,4.0,15,cluster2,60,240,threshold,severity,0.95,1.0,1.0,1.0,3,0.09523809523809523,0.0125
synth-sym-wide,gaussian,4.0,15,cluster2,60,240,threshold,severity,0.9,1.0,1.0,1.0,3,0.0,0.0
synth-sym-wide,gaussian,4.0,15,cluster2,60,240,threshold,severity,0.8,1.0,1.0,1.0,3,0.0,0.0
synth-sym-wide,gaussian,4.0,15,cluster2,60,240,threshold,symmetric,1.0,1.0,1.0,1.0,3,1.0,0.25
synth-sym-wide,gaussian,4.0,15,cluster2,60,240,threshold,symmetric,0.95,1.0,1.0,1.0,3,0.125,0.016666666666666666
synth-sym-wide,gaussian,4.0,15,cluster2,60,240,threshold,symmetric,0.9,1.0,1.0,1.0,3,0.0,0.0
synth-sym-wide,gaussian,4.0,15,cluster2,60,240,threshold,symmetric,0.8,1.0,1.0,1.0,3,0.0,0.0
synth-sym-wide,gaussian,4.0,15,cluster2,60,240,db,severity,1.0,1.0,0.3333333333333333,0.5,1,1.0,0.25
synth-sym-wide,gaussian,4.0,15,cluster2,60,240,db,severity,0.95,1.0,0.3333333333333333,0.5,1,0.9655172413793104,0.23333333333333334
synth-sym-wide,gaussian,4.0,15,cluster2,60,240,db,severity,0.9,1.0,0.3333333333333333,0.5,1,0.9380530973451328,0.22083333333333333
synth-sym-wide,gaussian,4.0,15,cluster2,60,240,db,severity,0.8,1.0,0.3333333333333333,0.5,1,0.8785046728971964,0.19583333333333333
synth-sym-wide,gaussian,4.0,15,cluster2,60,240,db,symmetric,1.0,1.0,0.3333333333333333,0.5,1,1.0,0.25
synth-sym-wide,gaussian,4.0,15,cluster2,60,240,db,symmetric,0.95,1.0,0.3333333333333333,0.5,1,0.9655172413793104,0.23333333333333334
synth-sym-wide,gaussian,4.0,15,cluster2,60,240,db,symmetric,0.9,1.0,0.3333333333333333,0.5,1,0.9473684210526316,0.225
synth-sym-wide,gaussian,4.0,15,cluster2,60,240,db,symmetric,0.8,1.0,0.3333333333333333,0.5,1,0.888888888888889,0.2
synth-sym-wide,gaussian,4.0,15,cluster3,60,240,threshold,severity,1.0,1.0,1.0,1.0,3,1.0,0.25
synth-sym-wide,gaussian,4.0,15,cluster3,60,240,threshold,severity,0.95,1.0,1.0,1.0,3,0.2857142857142857,0.041666666666666664
synth-sym-wide,gaussian,4.0,15,cluster3,60,240,threshold,severity,0.9,1.0,1.0,1.0,3,0.06451612903225806,0.008333333333333333
synth-sym-wide,gaussian,4.0,15,cluster3,60,240,threshold,severity,0.8,1.0,1.0,1.0,3,0.0,0.0
synth-sym-wide,gaussian,4.0,15,cluster3,60,240,threshold,symmetric,1.0,1.0,1.0,1.0,3,1.0,0.25
synth-sym-wide,gaussian,4.0,15,cluster3,60,240,threshold,symmetric,0.95,1.0,1.0,1.0,3,0.2857142857142857,0.041666666666666664
synth-sym-wide,gaussian,4.0,15,cluster3,60,240,threshold,symmetric,0.9,1.0,1.0,1.0,3,0.09523809523809523,0.0125
synth-sym-wide,gaussian,4.0,15,cluster3,60,240,threshold,symmetric,0.8,1.0,1.0,1.0,3,0.0,0.0
synth-sym-wide,gaussian,4.0,15,cluster3,60,240,db,severity,1.0,1.0,0.3333333333333333,0.5,1,1.0,0.25
synth-sym-wide,gaussian,4.0,15,cluster3,60,240,db,severity,0.95,1.0,0.3333333333333333,0.5,1,0.9655172413793104,0.23333333333333334
synth-sym-wide,gaussian,4.0,15,cluster3,60,240,db,severity,0.9,1.0,0.3333333333333333,0.5,1,0.9473684210526316,0.225
synth-sym-wide,gaussian,4.0,15,cluster3,60,240,db,severity,0.8,1.0,0.3333333333333333,0.5,1,0.888888888888889,0.2
synth-sym-wide,gaussian,4.0,15,cluster3,60,240,db,symmetric,1.0,1.0,0.3333333333333333,0.5,1,1.0,0.25
synth-sym-wide,gaussian,4.0,15,cluster3,60,240,db,symmetric,0.95,1.0,0.3333333333333333,0.5,1,0.9655172413793104,0.23333333333333334
synth-sym-wide,gaussian,4.0,15,cluster3,60,240,db,symmetric,0.9,1.0,0.3333333333333333,0.5,1,0.9473684210526316,0.225
synth-sym-wide,gaussian,4.0,15,cluster3,60,240,db,symmetric,0.8,1.0,0.3333333333333333,0.5,1,0.888888888888889,0.2
synth-sym-wide,gaussian,4.0,16,cluster0,60,240,threshold,severity,1.0,1.0,1.0,1.0,3,1.0,0.25
synth-sym-wide,gaussian,4.0,16,cluster0,60,240,threshold,severity,0.95,1.0,1.0,1.0,3,0.09523809523809523,0.0125
synth-sym-wide,gaussian,4.0,16,cluster0,60,240,threshold,severity,0.9,1.0,1.0,1.0,3,0.0,0.0
synth-sym-wide,gaussian,4.0,16,cluster0,60,240,threshold,severity,0.8,1.0,1.0,1.0,3,0.0,0.0
synth-sym-wide,gaussian,4.0,16,cluster0,60,240,threshold,symmetric,1.0,1.0,1.0,1.0,3,1.0,0.25
synth-sym-wide,gaussian,4.0,16,cluster0,60,240,threshold,symmetric,0.95,1.0,1.0,1.0,3,0.09523809523809523,0.0125
synth-sym-wide,gaussian,4.0,16,cluster0,60,240,threshold,symmetric,0.9,1.0,1.0,1.0,3,0.03278688524590164,0.004166666666666667
synth-sym-wide,gaussian,4.0,16,cluster0,60,240,threshold,symmetric,0.8,1.0,1.0,1.0,3,0.0,0.0
synth-sym-wide,gaussian,4.0,16,cluster0,60,240,db,severity,1.0,1.0,0.3333333333333333,0.5,1,1.0,0.25
synth-sym-wide,gaussian,4.0,16,cluster0,60,240,db,severity,0.95,1.0,0.3333333333333333,0.5,1,0.9655172413793104,0.23333333333333334
synth-sym-wide,gaussian,4.0,16,cluster0,60,240,db,severity,0.9,1.0,0.3333333333333333,0.5,1,0.9473684210526316,0.225
synth-sym-wide,gaussian,4.0,16,cluster0,60,240,db,severity,0.8,1.0,0.3333333333333333,0.5,1,0.888888888888889,0.2
synth-sym-wide,gaussian,4.0,16,cluster0,60,240,db,symmetric,1.0,1.0,0.3333333333333333,0.5,1,1.0,0.25
synth-sym-wide,gaussian,4.0,16,cluster0,60,240,db,symmetric,0.95,1.0,0.3333333333333333,0.5,1,0.9655172413793104,0.23333333333333334
synth-sym-wide,gaussian,4.0,16,cluster0,60,240,db,symmetric,0.9,1.0,0.3333333333333333,0.5,1,0.9473684210526316,0.225
synth-sym-wide,gaussian,4.0,16,cluster0,60,240,db,symmetric,0.8,1.0,0.3333333333333333,0.5,1,0.888888888888889,0.2
synth-sym-wide,gaussian,4.0,16,cluster1,60,240,threshold,severity,1.0,1.0,1.0,1.0,3,1.0,0.25
synth-sym-wide,gaussian,4.0,16,cluster1,60,240,threshold,severity,0.95,1.0,1.0,1.0,3,0.33333333333333337,0.05
synth-sym-wide,gaussian,4.0,16,cluster1,60,240,threshold,severity,0.9,1.0,1.0,1.0,3,0.06451612903225806,0.008333333333333333
synth-sym-wide,gaussian,4.0,16,cluster1,60,240,threshold,severity,0.8,1.0,1.0,1.0,3,0.0,0.0
synth-sym-wide,gaussian,4.0,16,cluster1,60,240,threshold,symmetric,1.0,1.0,1.0,1.0,3,1.0,0.25
synth-sym-wide,gaussian,4.0,16,cluster1,60,240,threshold,symmetric,0.95,1.0,1.0,1.0,3,0.33333333333333337,0.05
synth-sym-wide,gaussian,4.0,16,cluster1,60,240,threshold,symmetric,0.9,1.0,1.0,1.0,3,0.09523809523809523,0.0125
synth-sym-wide,gaussian,4.0,16,cluster1,60,240,threshold,symmetric,0.8,1.0,1.0,1.0,3,0.0,0.0
synth-sym-wide,gaussian,4.0,16,cluster1,60,240,db,severity,1.0,1.0,0.3333333333333333,0.5,1,1.0,0.25
synth-sym-wide,gaussian,4.0,16,cluster1,60,240,db,severity,0.95,1.0,0.3333333333333333,0.5,1,0.9655172413793104,0.23333333333333334
synth-sym-wide,gaussian,4.0,16,cluster1,60,240,db,severity,0.9,1.0,0.3333333333333333,0.5,1,0.9380530973451328,0.22083333333333333
synth-sym-wide,gaussian,4.0,16,cluster1,60,240,db,severity,0.8,1.0,0.3333333333333333,0.5,1,0.888888888888889,0.2
synth-sym-wide,gaussian,4.0,16,cluster1,60,240,db,symmetric,1.0,1.0,0.3333333333333333,0.5,1,1.0,0.25
synth-sym-wide,gaussian,4.0,16,cluster1,60,240,db,symmetric,0.95,1.0,0.3333333333333333,0.5,1,0.9655172413793104,0.23333333333333334
synth-sym-wide,gaussian,4.0,16,cluster1,60,240,db,symmetric,0.9,1.0,0.3333333333333333,0.5,1,0.9473684210526316,0.225
synth-sym-wide,gaussian,4.0,16,cluster1,60,240,db,symmetric,0.8,1.0,0.3333333333333333,0.5,1,0.888888888888889,0.2
synth-sym-wide,gaussian,4.0,16,cluster2,60,240,threshold,severity,1.0,1.0,1.0,1.0,3,1.0,0.25
synth-sym-wide,gaussian,4.0,16,cluster2,60,240,threshold,severity,0.95,1.0,1.0,1.0,3,0.23529411764705882,0.03333333333333333
synth-sym-wide,gaussian,4.0,16,cluster2,60,240,threshold,severity,0.9,1.0,1.0,1.0,3,0.03278688524590164,0.004166666666666667
synth-sym-wide,gaussian,4.0,16,cluster2,60,240,threshold,severity,0.8,1.0,1.0,1.0,3,0.0,0.0
synth-sym-wide,gaussian,4.0,16,cluster2,60,240,threshold,symmetric,1.0,1.0,1.0,1.0,3,1.0,0.25
synth-sym-wide,gaussian,4.0,16,cluster2,60,240,threshold,symmetric,0.95,1.0,1.0,1.0,3,0.23529411764705882,0.03333333333333333
synth-sym-wide,gaussian,4.0,16,cluster2,60,240,threshold,symmetric,0.9,1.0,1.0,1.0,3,0.03278688524590164,0.004166666666666667
synth-sym-wide,gaussian,4.0,16,cluster2,60,240,threshold,symmetric,0.8,1.0,1.0,1.0,3,0.0,0.0
synth-sym-wide,gaussian,4.0,16,cluster2,60,240,db,severity,1.0,1.0,0.3333333333333333,0.5,1,1.0,0.25
synth-sym-wide,gaussian,4.0,16,cluster2,60,240,db,severity,0.95,1.0,0.3333333333333333,0.5,1,0.9655172413793104,0.23333333333333334
synth-sym-wide,gaussian,4.0,16,cluster2,60,240,db,severity,0.9,1.0,0.3333333333333333,0.5,1,0.9380530973451328,0.22083333333333333
synth-sym-wide,gaussian,4.0,16,cluster2,60,240,db,severity,0.8,1.0,0.3333333333333333,0.5,1,0.8785046728971964,0.19583333333333333
synth-sym-wide,gaussian,4.0,16,cluster2,60,240,db,symmetric,1.0,1.0,0.3333333333333333,0.5,1,1.0,0.25
synth-sym-wide,gaussian,4.0,16,cluster2,60,240,db,symmetric,0.95,1.0,0.3333333333333333,0.5,1,0.9655172413793104,0.23333333333333334
synth-sym-wide,gaussian,4.0,16,cluster2,60,240,db,symmetric,0.9,1.0,0.3333333333333333,0.5,1,0.9473684210526316,0.225
synth-sym-wide,gaussian,4.0,16,cluster2,60,240,db,symmetric,0.8,1.0,0.3333333333333333,0.5,1,0.888888888888889,0.2
synth-sym-wide,gaussian,4.0,16,cluster3,60,240,threshold,severity,1.0,1.0,1.0,1.0,3,1.0,0.25
synth-sym-wide,gaussian,4.0,16,cluster3,60,240,threshold,severity,0.95,1.0,1.0,1.0,3,0.23529411764705882,0.03333333333333333
synth-sym-wide,gaussian,4.0,16,cluster3,60,240,threshold,severity,0.9,1.0,1.0,1.0,3,0.06451612903225806,0.008333333333333333
synth-sym-wide,gaussian,4.0,16,cluster3,60,240,threshold,severity,0.8,1.0,1.0,1.0,3,0.0,0.0
synth-sym-wide,gaussian,4.0,16,cluster3,60,240,threshold,symmetric,1.0,1.0,1.0,1.0,3,1.0,0.25
synth-sym-wide,gaussian,4.0,16,cluster3,60,240,threshold,symmetric,0.95,1.0,1.0,1.0,3,0.23529411764705882,0.03333333333333333
synth-sym-wide,gaussian,4.0,16,cluster3,60,240,threshold,symmetric,0.9,1.0,1.0,1.0,3,0.09523809523809523,0.0125
synth-sym-wide,gaussian,4.0,16,cluster3,60,240,threshold,symmetric,0.8,1.0,1.0,1.0,3,0.0,0.0
synth-sym-wide,gaussian,4.0,16,cluster3,60,240,db,severity,1.0,1.0,0.3333333333333333,0.5,1,1.0,0.25
synth-sym-wide,gaussian,4.0,16,cluster3,60,240,db,severity,0.95,1.0,0.3333333333333333,0.5,1,0.9743589743589743,0.2375
synth-sym-wide,gaussian,4.0,16,cluster3,60,240,db,severity,0.9,1.0,0.3333333333333333,0.5,1,0.9473684210526316,0.225
synth-sym-wide,gaussian,4.0,16,cluster3,60,240,db,severity,0.8,1.0,0.3333333333333333,0.5,1,0.888888888888889,0.2
synth-sym-wide,gaussian,4.0,16,cluster3,60,240,db,symmetric,1.0,1.0,0.3333333333333333,0.5,1,1.0,0.25
synth-sym-wide,gaussian,4.0,16,cluster3,60,240,db,symmetric,0.95,1.0,0.3333333333333333,0.5,1,0.9655172413793104,0.23333333333333334
synth-sym-wide,gaussian,4.0,16,cluster3,60,240,db,symmetric,0.9,1.0,0.3333333333333333,0.5,1,0.9473684210526316,0.225
synth-sym-wide,gaussian,4.0,16,cluster3,60,240,db,symmetric,0.8,1.0,0.3333333333333333,0.5,1,0.888888888888889,0.2
synth-sym-wide,gaussian,4.0,17,cluster0,60,240,threshold,severity,1.0,1.0,1.0,1.0,3,1.0,0.25
synth-sym-wide,gaussian,4.0,17,cluster0,60,240,threshold,severity,0.95,1.0,1.0,1.0,3,0.30985915492957744,0.04583333333333333
synth-sym-wide,gaussian,4.0,17,cluster0,60,240,threshold,severity,0.9,1.0,1.0,1.0,3,0.06451612903225806,0.008333333333333333
synth-sym-wide,gaussian,4.0,17,cluster0,60,240,threshold,severity,0.8,1.0,1.0,1.0,3,0.0,0.0
synth-sym-wide,gaussian,4.0,17,cluster0,60,240,threshold,symmetric,1.0,1.0,1.0,1.0,3,1.0,0.25
synth-sym-wide,gaussian,4.0,17,cluster0,60,240,threshold,symmetric,0.95,1.0,1.0,1.0,3,0.30985915492957744,0.04583333333333333
synth-sym-wide,gaussian,4.0,17,cluster0,60,240,threshold,symmetric,0.9,1.0,1.0,1.0,3,0.125,0.016666666666666666
synth-sym-wide,gaussian,4.0,17,cluster0,60,240,threshold,symmetric,0.8,1.0,1.0,1.0,3,0.0,0.0
synth-sym-wide,gaussian,4.0,17,cluster0,60,240,db,severity,1.0,1.0,0.3333333333333333,0.5,1,1.0,0.25
synth-sym-wide,gaussian,4.0,17,cluster0,60,240,db,severity,0.95,1.0,0.3333333333333333,0.5,1,0.9655172413793104,0.23333333333333334
synth-sym-wide,gaussian,4.0,17,cluster0,60,240,db,severity,0.9,1.0,0.3333333333333333,0.5,1,0.9473684210526316,0.225
synth-sym-wide,gaussian,4.0,17,cluster0,60,240,db,severity,0.8,1.0,0.3333333333333333,0.5,1,0.888888888888889,0.2
synth-sym-wide,gaussian,4.0,17,cluster0,60,240,db,symmetric,1.0,1.0,0.3333333333333333,0.5,1,1.0,0.25
synth-sym-wide,gaussian,4.0,17,cluster0,60,240,db,symmetric,0.95,1.0,0.3333333333333333,0.5,1,0.9655172413793104,0.23333333333333334
synth-sym-wide,gaussian,4.0,17,cluster0,60,240,db,symmetric,0.9,1.0,0.3333333333333333,0.5,1,0.9473684210526316,0.225
synth-sym-wide,gaussian,4.0,17,cluster0,60,240,db,symmetric,0.8,1.0,0.3333333333333333,0.5,1,0.888888888888889,0.2
synth-sym-wide,gaussian,4.0,17,cluster1,60,240,threshold,severity,1.0,1.0,1.0,1.0,3,1.0,0.25
synth-sym-wide,gaussian,4.0,17,cluster1,60,240,threshold,severity,0.95,1.0,1.0,1.0,3,0.2857142857142857,0.041666666666666664
synth-sym-wide,gaussian,4.0,17,cluster1,60,240,threshold,severity,0.9,1.0,1.0,1.0,3,0.09523809523809523,0.0125
synth-sym-wide,gaussian,4.0,17,cluster1,60,240,threshold,severity,0.8,1.0,1.0,1.0,3,0.0,0.0
synth-sym-wide,gaussian,4.0,17,cluster1,60,240,threshold,symmetric,1.0,1.0,1.0,1.0,3,1.0,0.25
synth-sym-wide,gaussian,4.0,17,cluster1,60,240,threshold,symmetric,0.95,1.0,1.0,1.0,3,0.2857142857142857,0.041666666666666664
synth-sym-wide,gaussian,4.0,17,cluster1,60,240,threshold,symmetric,0.9,1.0,1.0,1.0,3,0.09523809523809523,0.0125
synth-sym-wide,gaussian,4.0,17,cluster1,60,240,threshold,symmetric,0.8,1.0,1.0,1.0,3,0.0,0.0
synth-sym-wide,gaussian,4.0,17,cluster1,60,240,db,severity,1.0,1.0,0.3333333333333333,0.5,1,1.0,0.25
synth-sym-wide,gaussian,4.0,17,cluster1,60,240,db,severity,0.95,1.0,0.3333333333333333,0.5,1,0.9655172413793104,0.23333333333333334
synth-sym-wide,gaussian,4.0,17,cluster1,60,240,db,severity,0.9,1.0,0.3333333333333333,0.5,1,0.9473684210526316,0.225
synth-sym-wide,gaussian,4.0,17,cluster1,60,240,db,severity,0.8,1.0,0.3333333333333333,0.5,1,0.888888888888889,0.2
synth-sym-wide,gaussian,4.0,17,cluster1,60,240,db,symmetric,1.0,1.0,0.3333333333333333,0.5,1,1.0,0.25
synth-sym-wide,gaussian,4.0,17,cluster1,60,240,db,symmetric,0.95,1.0,0.3333333333333333,0.5,1,0.9655172413793104,0.23333333333333334
synth-sym-wide,gaussian,4.0,17,cluster1,60,240,db,symmetric,0.9,1.0,0.3333333333333333,0.5,1,0.9473684210526316,0.225
synth-sym-wide,gaussian,4.0,17,cluster1,60,240,db,symmetric,0.8,1.0,0.3333333333333333,0.5,1,0.888888888888889,0.2
synth-sym-wide,gaussian,4.0,17,cluster2,60,240,threshold,severity,1.0,1.0,1.0,1.0,3,1.0,0.25
synth-sym-wide,gaussian,4.0,17,cluster2,60,240,threshold,severity,0.95,1.0,1.0,1.0,3,0.3561643835616438,0.05416666666666667
synth-sym-wide,gaussian,4.0,17,cluster2,60,240,threshold,severity,0.9,1.0,1.0,1.0,3,0.125,0.016666666666666666
synth-sym-wide,gaussian,4.0,17,cluster2,60,240,threshold,severity,0.8,1.0,1.0,1.0,3,0.0,0.0
synth-sym-wide,gaussian,4.0,17,cluster2,60,240,threshold,symmetric,1.0,1.0,1.0,1.0,3,1.0,0.25
synth-sym-wide,gaussian,4.0,17,cluster2,60,240,threshold,symmetric,0.95,1.0,1.0,1.0,3,0.3561643835616438,0.05416666666666667
synth-sym-wide,gaussian,4.0,17,cluster2,60,240,threshold,symmetric,0.9,1.0,1.0,1.0,3,0.208955223880597,0.029166666666666667
synth-sym-wide,gaussian,4.0,17,cluster2,60,240,threshold,symmetric,0.8,1.0,1.0,1.0,3,0.0,0.0
synth-sym-wide,gaussian,4.0,17,cluster2,60,240,db,severity,1.0,1.0,0.3333333333333333,0.5,1,1.0,0.25
synth-sym-wide,gaussian,4.0,17,cluster2,60,240,db,severity,0.95,1.0,0.3333333333333333,0.5,1,0.9655172413793104,0.23333333333333334
synth-sym-wide,gaussian,4.0,17,cluster2,60,240,db,severity,0.9,1.0,0.3333333333333333,0.5,1,0.9380530973451328,0.22083333333333333
synth-sym-wide,gaussian,4.0,17,cluster2,60,240,db,severity,0.8,1.0,0.3333333333333333,0.5,1,0.8785046728971964,0.19583333333333333
synth-sym-wide,gaussian,4.0,17,cluster2,60,240,db,symmetric,1.0,1.0,0.3333333333333333,0.5,1,1.0,0.25
synth-sym-wide,gaussian,4.0,17,cluster2,60,240,db,symmetric,0.95,1.0,0.3333333333333333,0.5,1,0.9655172413793104,0.23333333333333334
synth-sym-wide,gaussian,4.0,17,cluster2,60,240,db,symmetric,0.9,1.0,0.3333333333333333,0.5,1,0.9473684210526316,0.225
synth-sym-wide,gaussian,4.0,17,cluster2,60,240,db,symmetric,0.8,1.0,0.3333333333333333,0.5,1,0.888888888888889,0.2
synth-sym-wide,gaussian,4.0,17,cluster3,60,240,threshold,severity,1.0,1.0,1.0,1.0,3,1.0,0.25
synth-sym-wide,gaussian,4.0,17,cluster3,60,240,threshold,severity,0.95,1.0,1.0,1.0,3,0.23529411764705882,0.03333333333333333
synth-sym-wide,gaussian,4.0,17,cluster3,60,240,threshold,severity,0.9,1.0,1.0,1.0,3,0.03278688524590164,0.004166666666666667
synth-sym-wide,gaussian,4.0,17,cluster3,60,240,threshold,severity,0.8,1.0,1.0,1.0,3,0.0,0.0
synth-sym-wide,gaussian,4.0,17,cluster3,60,240,threshold,symmetric,1.0,1.0,1.0,1.0,3,1.0,0.25
synth-sym-wide,gaussian,4.0,17,cluster3,60,240,threshold,symmetric,0.95,1.0,1.0,1.0,3,0.23529411764705882,0.03333333333333333
synth-sym-wide,gaussian,4.0,17,cluster3,60,240,threshold,symmetric,0.9,1.0,1.0,1.0,3,0.06451612903225806,0.008333333333333333
synth-sym-wide,gaussian,4.0,17,cluster3,60,240,threshold,symmetric,0.8,1.0,1.0,1.0,3,0.03278688524590164,0.004166666666666667
synth-sym-wide,gaussian,4.0,17,cluster3,60,240,db,severity,1.0,1.0,0.3333333333333333,0.5,1,1.0,0.25
synth-sym-wide,gaussian,4.0,17,cluster3,60,240,db,severity,0.95,1.0,0.3333333333333333,0.5,1,0.9655172413793104,0.23333333333333334
synth-sym-wide,gaussian,4.0,17,cluster3,60,240,db,severity,0.9,1.0,0.3333333333333333,0.5,1,0.9380530973451328,0.22083333333333333
synth-sym-wide,gaussian,4.0,17,cluster3,60,240,db,severity,0.8,1.0,0.3333333333333333,0.5,1,0.888888888888889,0.2
synth-sym-wide,gaussian,4.0,17,cluster3,60,240,db,symmetric,1.0,1.0,0.3333333333333333,0.5,1,1.0,0.25
synth-sym-wide,gaussian,4.0,17,cluster3,60,240,db,symmetric,0.95,1.0,0.3333333333333333,0.5,1,0.9655172413793104,0.23333333333333334
synth-sym-wide,gaussian,4.0,17,cluster3,60,240,db,symmetric,0.9,1.0,0.3333333333333333,0.5,1,0.9473684210526316,0.225
synth-sym-wide,gaussian,4.0,17,cluster3,60,240,db,symmetric,0.8,1.0,0.3333333333333333,0.5,1,0.888888888888889,0.2
synth-sym-wide,gaussian,4.0,18,cluster0,60,240,threshold,severity,1.0,1.0,1.0,1.0,3,1.0,0.25
synth-sym-wide,gaussian,4.0,18,cluster0,60,240,threshold,severity,0.95,1.0,1.0,1.0,3,0.2857142857142857,0.041666666666666664
synth-sym-wide,gaussian,4.0,18,cluster0,60,240,threshold,severity,0.9,1.0,1.0,1.0,3,0.09523809523809523,0.0125
synth-sym-wide,gaussian,4.0,18,cluster0,60,240,threshold,severity,0.8,1.0,1.0,1.0,3,0.0,0.0
synth-sym-wide,gaussian,4.0,18,cluster0,60,240,threshold,symmetric,1.0,1.0,1.0,1.0,3,1.0,0.25
synth-sym-wide,gaussian,4.0,18,cluster0,60,240,threshold,symmetric,0.95,1.0,1.0,1.0,3,0.2857142857142857,0.041666666666666664
synth-sym-wide,gaussian,4.0,18,cluster0,60,240,threshold,symmetric,0.9,1.0,1.0,1.0,3,0.15384615384615385,0.020833333333333332
synth-sym-wide,gaussian,4.0,18,cluster0,60,240,threshold,symmetric,0.8,1.0,1.0,1.0,3,0.0,0.0
synth-sym-wide,gaussian,4.0,18,cluster0,60,240,db,severity,1.0,1.0,0.3333333333333333,0.5,1,1.0,0.25
synth-sym-wide,gaussian,4.0,18,cluster0,60,240,db,severity,0.95,1.0,0.3333333333333333,0.5,1,0.9655172413793104,0.23333333333333334
synth-sym-wide,gaussian,4.0,18,cluster0,60,240,db,severity,0.9,1.0,0.3333333333333333,0.5,1,0.9380530973451328,0.22083333333333333
synth-sym-wide,gaussian,4.0,18,cluster0,60,240,db,severity,0.8,1.0,0.3333333333333333,0.5,1,0.8785046728971964,0.19583333333333333
synth-sym-wide,gaussian,4.0,18,cluster0,60,240,db,symmetric,1.0,1.0,0.3333333333333333,0.5,1,1.0,0.25
synth-sym-wide,gaussian,4.0,18,cluster0,60,240,db,symmetric,0.95,1.0,0.3333333333333333,0.5,1,0.9655172413793104,0.23333333333333334
synth-sym-wide,gaussian,4.0,18,cluster0,60,240,db,symmetric,0.9,1.0,0.3333333333333333,0.5,1,0.9473684210526316,0.225
synth-sym-wide,gaussian,4.0,18,cluster0,60,240,db,symmetric,0.8,1.0,0.3333333333333333,0.5,1,0.888888888888889,0.2
synth-sym-wide,gaussian,4.0,18,cluster1,60,240,threshold,severity,1.0,1.0,1.0,1.0,3,1.0,0.25
synth-sym-wide,gaussian,4.0,18,cluster1,60,240,threshold,severity,0.95,1.0,1.0,1.0,3,0.2857142857142857,0.041666666666666664
synth-sym-wide,gaussian,4.0,18,cluster1,60,240,threshold,severity,0.9,1.0,1.0,1.0,3,0.09523809523809523,0.0125
synth-sym-wide,gaussian,4.0,18,cluster1,60,240,threshold,severity,0.8,1.0,1.0,1.0,3,0.03278688524590164,0.004166666666666667
synth-sym-wide,gaussian,4.0,18,cluster1,60,240,threshold,symmetric,1.0,1.0,1.0,1.0,3,1.0,0.25
synth-sym-wide,gaussian,4.0,18,cluster1,60,240,threshold,symmetric,0.95,1.0,1.0,1.0,3,0.2857142857142857,0.041666666666666664
synth-sym-wide,gaussian,4.0,18,cluster1,60,240,threshold,symmetric,0.9,1.0,1.0,1.0,3,0.15384615384615385,0.020833333333333332
synth-sym-wide,gaussian,4.0,18,cluster1,60,240,threshold,symmetric,0.8,1.0,1.0,1.0,3,0.03278688524590164,0.004166666666666667
synth-sym-wide,gaussian,4.0,18,cluster1,60,240,db,severity,1.0,1.0,0.3333333333333333,0.5,1,1.0,0.25
synth-sym-wide,gaussian,4.0,18,cluster1,60,240,db,severity,0.95,1.0,0.3333333333333333,0.5,1,0.9655172413793104,0.23333333333333334
synth-sym-wide,gaussian,4.0,18,cluster1,60,240,db,severity,0.9,1.0,0.3333333333333333,0.5,1,0.9473684210526316,0.225
synth-sym-wide,gaussian,4.0,18,cluster1,60,240,db,severity,0.8,1.0,0.3333333333333333,0.5,1,0.888888888888889,0.2
synth-sym-wide,gaussian,4.0,18,cluster1,60,240,db,symmetric,1.0,1.0,0.3333333333333333,0.5,1,1.0,0.25
synth-sym-wide,gaussian,4.0,18,cluster1,60,240,db,symmetric,0.95,1.0,0.3333333333333333,0.5,1,0.9655172413793104,0.23333333333333334
synth-sym-wide,gaussian,4.0,18,cluster1,60,240,db,symmetric,0.9,1.0,0.3333333333333333,0.5,1,0.9473684210526316,0.225
synth-sym-wide,gaussian,4.0,18,cluster1,60,240,db,symmetric,0.8,1.0,0.3333333333333333,0.5,1,0.888888888888889,0.2
synth-sym-wide,gaussian,4.0,18,cluster2,60,240,threshold,severity,1.0,1.0,1.0,1.0,3,1.0,0.25
synth-sym-wide,gaussian,4.0,18,cluster2,60,240,threshold,severity,0.95,1.0,1.0,1.0,3,0.2608695652173913,0.0375
synth-sym-wide,gaussian,4.0,18,cluster2,60,240,threshold,severity,0.9,1.0,1.0,1.0,3,0.09523809523809523,0.0125
synth-sym-wide,gaussian,4.0,18,cluster2,60,240,threshold,severity,0.8,1.0,1.0,1.0,3,0.0,0.0
synth-sym-wide,gaussian,4.0,18,cluster2,60,240,threshold,symmetric,1.0,1.0,1.0,1.0,3,1.0,0.25
synth-sym-wide,gaussian,4.0,18,cluster2,60,240,threshold,symmetric,0.95,1.0,1.0,1.0,3,0.2608695652173913,0.0375
synth-sym-wide,gaussian,4.0,18,cluster2,60,240,threshold,symmetric,0.9,1.0,1.0,1.0,3,0.09523809523809523,0.0125
synth-sym-wide,gaussian,4.0,18,cluster2,60,240,threshold,symmetric,0.8,1.0,1.0,1.0,3,0.0,0.0
synth-sym-wide,gaussian,4.0,18,cluster2,60,240,db,severity,1.0,0.5,0.3333333333333333,0.4,2,1.0,0.25
synth-sym-wide,gaussian,4.0,18,cluster2,60,240,db,severity,0.95,1.0,0.3333333333333333,0.5,1,0.9572649572649572,0.2375
synth-sym-wide,gaussian,4.0,18,cluster2,60,240,db,severity,0.9,1.0,0.3333333333333333,0.5,1,0.9380530973451328,0.22083333333333333
synth-sym-wide,gaussian,4.0,18,cluster2,60,240,db,severity,0.8,1.0,0.3333333333333333,0.5,1,0.888888888888889,0.2
synth-sym-wide,gaussian,4.0,18,cluster2,60,240,db,symmetric,1.0,0.5,0.3333333333333333,0.4,2,1.0,0.25
synth-sym-wide,gaussian,4.0,18,cluster2,60,240,db,symmetric,0.95,1.0,0.3333333333333333,0.5,1,0.9572649572649572,0.2375
synth-sym-wide,gaussian,4.0,18,cluster2,60,240,db,symmetric,0.9,1.0,0.3333333333333333,0.5,1,0.9473684210526316,0.225
synth-sym-wide,gaussian,4.0,18,cluster2,60,240,db,symmetric,0.8,1.0,0.3333333333333333,0.5,1,0.888888888888889,0.2
synth-sym-wide,gaussian,4.0,18,cluster3,60,240,threshold,severity,1.0,1.0,1.0,1.0,3,1.0,0.25
synth-sym-wide,gaussian,4.0,18,cluster3,60,240,threshold,severity,0.95,1.0,1.0,1.0,3,0.30985915492957744,0.04583333333333333
synth-sym-wide,gaussian,4.0,18,cluster3,60,240,threshold,severity,0.9,1.0,1.0,1.0,3,0.125,0.016666666666666666
synth-sym-wide,gaussian,4.0,18,cluster3,60,240,threshold,severity,0.8,1.0,1.0,1.0,3,0.0,0.0
synth-sym-wide,gaussian,4.0,18,cluster3,60,240,threshold,symmetric,1.0,1.0,1.0,1.0,3,1.0,0.25
synth-sym-wide,gaussian,4.0,18,cluster3,60,240,threshold,symmetric,0.95,1.0,1.0,1.0,3,0.30985915492957744,0.04583333333333333
synth-sym-wide,gaussian,4.0,18,cluster3,60,240,threshold,symmetric,0.9,1.0,1.0,1.0,3,0.18181818181818182,0.025
synth-sym-wide,gaussian,4.0,18,cluster3,60,240,threshold,symmetric,0.8,1.0,1.0,1.0,3,0.0,0.0
synth-sym-wide,gaussian,4.0,18,cluster3,60,240,db,severity,1.0,1.0,0.3333333333333333,0.5,1,1.0,0.25
synth-sym-wide,gaussian,4.0,18,cluster3,60,240,db,severity,0.95,1.0,0.3333333333333333,0.5,1,0.9655172413793104,0.23333333333333334
synth-sym-wide,gaussian,4.0,18,cluster3,60,240,db,severity,0.9,1.0,0.3333333333333333,0.5,1,0.9473684210526316,0.225
synth-sym-wide,gaussian,4.0,18,cluster3,60,240,db,severity,0.8,1.0,0.3333333333333333,0.5,1,0.888888888888889,0.2
synth-sym-wide,gaussian,4.0,18,cluster3,60,240,db,symmetric,1.0,1.0,0.3333333333333333,0.5,1,1.0,0.25
synth-sym-wide,gaussian,4.0,18,cluster3,60,240,db,symmetric,0.95,1.0,0.3333333333333333,0.5,1,0.9655172413793104,0.23333333333333334
synth-sym-wide,gaussian,4.0,18,cluster3,60,240,db,symmetric,0.9,1.0,0.3333333333333333,0.5,1,0.9473684210526316,0.225
synth-sym-wide,gaussian,4.0,18,cluster3,60,240,db,symmetric,0.8,1.0,0.3333333333333333,0.5,1,0.888888888888889,0.2
synth-sym-wide,gaussian,4.0,19,cluster0,60,240,threshold,severity,1.0,1.0,1.0,1.0,3,1.0,0.25
synth-sym-wide,gaussian,4.0,19,cluster0,60,240,threshold,severity,0.95,1.0,1.0,1.0,3,0.18181818181818182,0.025
synth-sym-wide,gaussian,4.0,19,cluster0,60,240,threshold,severity,0.9,1.0,1.0,1.0,3,0.06451612903225806,0.008333333333333333
synth-sym-wide,gaussian,4.0,19,cluster0,60,240,threshold,severity,0.8,1.0,1.0,1.0,3,0.0,0.0
synth-sym-wide,gaussian,4.0,19,cluster0,60,240,threshold,symmetric,1.0,1.0,1.0,1.0,3,1.0,0.25
synth-sym-wide,gaussian,4.0,19,cluster0,60,240,threshold,symmetric,0.95,1.0,1.0,1.0,3,0.18181818181818182,0.025
synth-sym-wide,gaussian,4.0,19,cluster0,60,240,threshold,symmetric,0.9,1.0,1.0,1.0,3,0.125,0.016666666666666666
synth-sym-wide,gaussian,4.0,19,cluster0,60,240,threshold,symmetric,0.8,1.0,1.0,1.0,3,0.0,0.0
synth-sym-wide,gaussian,4.0,19,cluster0,60,240,db,severity,1.0,1.0,0.3333333333333333,0.5,1,1.0,0.25
synth-sym-wide,gaussian,4.0,19,cluster0,60,240,db,severity,0.95,1.0,0.3333333333333333,0.5,1,0.9655172413793104,0.23333333333333334
synth-sym-wide,gaussian,4.0,19,cluster0,60,240,db,severity,0.9,1.0,0.3333333333333333,0.5,1,0.9380530973451328,0.22083333333333333
synth-sym-wide,gaussian,4.0,19,cluster0,60,240,db,severity,0.8,1.0,0.3333333333333333,0.5,1,0.8785046728971964,0.19583333333333333
synth-sym-wide,gaussian,4.0,19,cluster0,60,240,db,symmetric,1.0,1.0,0.3333333333333333,0.5,1,1.0,0.25
synth-sym-wide,gaussian,4.0,19,cluster0,60,240,db,symmetric,0.95,1.0,0.3333333333333333,0.5,1,0.9655172413793104,0.23333333333333334
synth-sym-wide,gaussian,4.0,19,cluster0,60,240,db,symmetric,0.9,1.0,0.3333333333333333,0.5,1,0.9473684210526316,0.225
synth-sym-wide,gaussian,4.0,19,cluster0,60,240,db,symmetric,0.8,1.0,0.3333333333333333,0.5,1,0.888888888888889,0.2
synth-sym-wide,gaussian,4.0,19,cluster1,60,240,threshold,severity,1.0,1.0,1.0,1.0,3,1.0,0.25
synth-sym-wide,gaussian,4.0,19,cluster1,60,240,threshold,severity,0.95,1.0,1.0,1.0,3,0.37837837837837834,0.058333333333333334
synth-sym-wide,gaussian,4.0,19,cluster1,60,240,threshold,severity,0.9,1.0,1.0,1.0,3,0.125,0.016666666666666666
synth-sym-wide,gaussian,4.0,19,cluster1,60,240,threshold,severity,0.8,1.0,1.0,1.0,3,0.0,0.0
synth-sym-wide,gaussian,4.0,19,cluster1,60,240,threshold,symmetric,1.0,1.0,1.0,1.0,3,1.0,0.25
synth-sym-wide,gaussian,4.0,19,cluster1,60,240,threshold,symmetric,0.95,1.0,1.0,1.0,3,0.3561643835616438,0.05416666666666667
synth-sym-wide,gaussian,4.0,19,cluster1,60,240,threshold,symmetric,0.9,1.0,1.0,1.0,3,0.18181818181818182,0.025
synth-sym-wide,gaussian,4.0,19,cluster1,60,240,threshold,symmetric,0.8,1.0,1.0,1.0,3,0.03278688524590164,0.004166666666666667
synth-sym-wide,gaussian,4.0,19,cluster1,60,240,db,severity,1.0,1.0,0.3333333333333333,0.5,1,1.0,0.25
synth-sym-wide,gaussian,4.0,19,cluster1,60,240,db,severity,0.95,1.0,0.3333333333333333,0.5,1,0.9655172413793104,0.23333333333333334
synth-sym-wide,gaussian,4.0,19,cluster1,60,240,db,severity,0.9,1.0,0.3333333333333333,0.5,1,0.9380530973451328,0.22083333333333333
synth-sym-wide,gaussian,4.0,19,cluster1,60,240,db,severity,0.8,1.0,0.3333333333333333,0.5,1,0.8785046728971964,0.19583333333333333
synth-sym-wide,gaussian,4.0,19,cluster1,60,240,db,symmetric,1.0,1.0,0.3333333333333333,0.5,1,1.0,0.25
synth-sym-wide,gaussian,4.0,19,cluster1,60,240,db,symmetric,0.95,1.0,0.3333333333333333,0.5,1,0.9655172413793104,0.23333333333333334
synth-sym-wide,gaussian,4.0,19,cluster1,60,240,db,symmetric,0.9,1.0,0.3333333333333333,0.5,1,0.9473684210526316,0.225
synth-sym-wide,gaussian,4.0,19,cluster1,60,240,db,symmetric,0.8,1.0,0.3333333333333333,0.5,1,0.888888888888889,0.2
synth-sym-wide,gaussian,4.0,19,cluster2,60,240,threshold,severity,1.0,1.0,1.0,1.0,3,1.0,0.25
synth-sym-wide,gaussian,4.0,19,cluster2,60,240,threshold,severity,0.95,1.0,1.0,1.0,3,0.2608695652173913,0.0375
synth-sym-wide,gaussian,4.0,19,cluster2,60,240,threshold,severity,0.9,1.0,1.0,1.0,3,0.09523809523809523,0.0125
synth-sym-wide,gaussian,4.0,19,cluster2,60,240,threshold,severity,0.8,1.0,1.0,1.0,3,0.0,0.0
synth-sym-wide,gaussian,4.0,19,cluster2,60,240,threshold,symmetric,1.0,1.0,1.0,1.0,3,1.0,0.25
synth-sym-wide,gaussian,4.0,19,cluster2,60,240,threshold,symmetric,0.95,1.0,1.0,1.0,3,0.2608695652173913,0.0375
synth-sym-wide,gaussian,4.0,19,cluster2,60,240,threshold,symmetric,0.9,1.0,1.0,1.0,3,0.09523809523809523,0.0125
synth-sym-wide,gaussian,4.0,19,cluster2,60,240,threshold,symmetric,0.8,1.0,1.0,1.0,3,0.0,0.0
synth-sym-wide,gaussian,4.0,19,cluster2,60,240,db,severity,1.0,1.0,0.3333333333333333,0.5,1,1.0,0.25
synth-sym-wide,gaussian,4.0,19,cluster2,60,240,db,severity,0.95,1.0,0.3333333333333333,0.5,1,0.9655172413793104,0.23333333333333334
synth-sym-wide,gaussian,4.0,19,cluster2,60,240,db,severity,0.9,1.0,0.3333333333333333,0.5,1,0.9380530973451328,0.22083333333333333
synth-sym-wide,gaussian,4.0,19,cluster2,60,240,db,severity,0.8,1.0,0.3333333333333333,0.5,1,0.8785046728971964,0.19583333333333333
synth-sym-wide,gaussian,4.0,19,cluster2,60,240,db,symmetric,1.0,1.0,0.3333333333333333,0.5,1,1.0,0.25
synth-sym-wide,gaussian,4.0,19,cluster2,60,240,db,symmetric,0.95,1.0,0.3333333333333333,0.5,1,0.9655172413793104,0.23333333333333334
synth-sym-wide,gaussian,4.0,19,cluster2,60,240,db,symmetric,0.9,1.0,0.3333333333333333,0.5,1,0.9473684210526316,0.225
synth-sym-wide,gaussian,4.0,19,cluster2,60,240,db,symmetric,0.8,1.0,0.3333333333333333,0.5,1,0.888888888888889,0.2
synth-sym-wide,gaussian,4.0,19,cluster3,60,240,threshold,severity,1.0,1.0,1.0,1.0,3,1.0,0.25
synth-sym-wide,gaussian,4.0,19,cluster3,60,240,threshold,severity,0.95,1.0,1.0,1.0,3,0.18181818181818182,0.025
synth-sym-wide,gaussian,4.0,19,cluster3,60,240,threshold,severity,0.9,1.0,1.0,1.0,3,0.06451612903225806,0.008333333333333333
synth-sym-wide,gaussian,4.0,19,cluster3,60,240,threshold,severity,0.8,1.0,1.0,1.0,3,0.0,0.0
synth-sym-wide,gaussian,4.0,19,cluster3,60,240,threshold,symmetric,1.0,1.0,1.0,1.0,3,1.0,0.25
synth-sym-wide,gaussian,4.0,19,cluster3,60,240,threshold,symmetric,0.95,1.0,1.0,1.0,3,0.18181818181818182,0.025
synth-sym-wide,gaussian,4.0,19,cluster3,60,240,threshold,symmetric,0.9,1.0,1.0,1.0,3,0.09523809523809523,0.0125
synth-sym-wide,gaussian,4.0,19,cluster3,60,240,threshold,symmetric,0.8,1.0,1.0,1.0,3,0.0,0.0
synth-sym-wide,gaussian,4.0,19,cluster3,60,240,db,severity,1.0,1.0,0.3333333333333333,0.5,1,1.0,0.25
synth-sym-wide,gaussian,4.0,19,cluster3,60,240,db,severity,0.95,1.0,0.3333333333333333,0.5,1,0.9655172413793104,0.23333333333333334
synth-sym-wide,gaussian,4.0,19,cluster3,60,240,db,severity,0.9,1.0,0.3333333333333333,0.5,1,0.9380530973451328,0.22083333333333333
synth-sym-wide,gaussian,4.0,19,cluster3,60,240,db,severity,0.8,1.0,0.3333333333333333,0.5,1,0.888888888888889,0.2
synth-sym-wide,gaussian,4.0,19,cluster3,60,240,db,symmetric,1.0,1.0,0.3333333333333333,0.5,1,1.0,0.25
synth-sym-wide,gaussian,4.0,19,cluster3,60,240,db,symmetric,0.95,1.0,0.3333333333333333,0.5,1,0.9655172413793104,0.23333333333333334
synth-sym-wide,gaussian,4.0,19,cluster3,60,240,db,symmetric,0.9,1.0,0.3333333333333333,0.5,1,0.9473684210526316,0.225
synth-sym-wide,gaussian,4.0,19,cluster3,60,240,db,symmetric,0.8,1.0,0.3333333333333333,0.5,1,0.888888888888889,0.2
synth-sym-tight,gaussian,1.5,0,cluster0,60,240,threshold,severity,1.0,1.0,1.0,1.0,3,0.9523809523809523,0.275
synth-sym-tight,gaussian,1.5,0,cluster0,60,240,threshold,severity,0.95,1.0,1.0,1.0,3,0.30985915492957744,0.04583333333333333
synth-sym-tight,gaussian,1.5,0,cluster0,60,240,threshold,severity,0.9,1.0,1.0,1.0,3,0.03278688524590164,0.004166666666666667
synth-sym-tight,gaussian,1.5,0,cluster0,60,240,threshold,severity,0.8,1.0,1.0,1.0,3,0.0,0.0
synth-sym-tight,gaussian,1.5,0,cluster0,60,240,threshold,symmetric,1.0,1.0,1.0,1.0,3,0.9523809523809523,0.275
synth-sym-tight,gaussian,1.5,0,cluster0,60,240,threshold,symmetric,0.95,1.0,1.0,1.0,3,0.30985915492957744,0.04583333333333333
synth-sym-tight,gaussian,1.5,0,cluster0,60,240,threshold,symmetric,0.9,1.0,1.0,1.0,3,0.06451612903225806,0.008333333333333333
synth-sym-tight,gaussian,1.5,0,cluster0,60,240,threshold,symmetric,0.8,1.0,1.0,1.0,3,0.0,0.0
synth-sym-tight,gaussian,1.5,0,cluster0,60,240,db,severity,1.0,0.375,1.0,0.5454545454545454,8,0.9523809523809523,0.275
synth-sym-tight,gaussian,1.5,0,cluster0,60,240,db,severity,0.95,1.0,1.0,1.0,3,0.8620689655172413,0.23333333333333334
synth-sym-tight,gaussian,1.5,0,cluster0,60,240,db,severity,0.9,1.0,0.6666666666666666,0.8,2,0.8245614035087719,0.225
synth-sym-tight,gaussian,1.5,0,cluster0,60,240,db,severity,0.8,1.0,0.3333333333333333,0.5,1,0.7218045112781954,0.30416666666666664
synth-sym-tight,gaussian,1.5,0,cluster0,60,240,db,symmetric,1.0,0.375,1.0,0.5454545454545454,8,0.9523809523809523,0.275
synth-sym-tight,gaussian,1.5,0,cluster0,60,240,db,symmetric,0.95,1.0,1.0,1.0,3,0.8547008547008548,0.2375
synth-sym-tight,gaussian,1.5,0,cluster0,60,240,db,symmetric,0.9,1.0,0.6666666666666666,0.8,2,0.8205128205128205,0.2375
synth-sym-tight,gaussian,1.5,0,cluster0,60,240,db,symmetric,0.8,1.0,0.3333333333333333,0.5,1,0.7218045112781954,0.30416666666666664
synth-sym-tight,gaussian,1.5,0,cluster1,60,240,threshold,severity,1.0,1.0,1.0,1.0,3,0.9836065573770492,0.25833333333333336
synth-sym-tight,gaussian,1.5,0,cluster1,60,240,threshold,severity,0.95,1.0,1.0,1.0,3,0.2857142857142857,0.041666666666666664
synth-sym-tight,gaussian,1.5,0,cluster1,60,240,threshold,severity,0.9,1.0,1.0,1.0,3,0.06451612903225806,0.008333333333333333
synth-sym-tight,gaussian,1.5,0,cluster1,60,240,threshold,severity,0.8,1.0,1.0,1.0,3,0.0,0.0
synth-sym-tight,gaussian,1.5,0,cluster1,60,240,threshold,symmetric,1.0,1.0,1.0,1.0,3,0.9836065573770492,0.25833333333333336
synth-sym-tight,gaussian,1.5,0,cluster1,60,240,threshold,symmetric,0.95,1.0,1.0,1.0,3,0.2857142857142857,0.041666666666666664
synth-sym-tight,gaussian,1.5,0,cluster1,60,240,threshold,symmetric,0.9,1.0,1.0,1.0,3,0.06451612903225806,0.008333333333333333
synth-sym-tight,gaussian,1.5,0,cluster1,60,240,threshold,symmetric,0.8,1.0,1.0,1.0,3,0.0,0.0
synth-sym-tight,gaussian,1.5,0,cluster1,60,240,db,severity,1.0,0.5,1.0,0.6666666666666666,6,0.9836065573770492,0.25833333333333336
synth-sym-tight,gaussian,1.5,0,cluster1,60,240,db,severity,0.95,1.0,1.0,1.0,3,0.8749999999999999,0.21666666666666667
synth-sym-tight,gaussian,1.5,0,cluster1,60,240,db,severity,0.9,1.0,0.6666666666666666,0.8,2,0.8275862068965518,0.23333333333333334
synth-sym-tight,gaussian,1.5,0,cluster1,60,240,db,severity,0.8,1.0,0.6666666666666666,0.8,2,0.75,0.18333333333333332
synth-sym-tight,gaussian,1.5,0,cluster1,60,240,db,symmetric,1.0,0.5,1.0,0.6666666666666666,6,0.9836065573770492,0.25833333333333336
synth-sym-tight,gaussian,1.5,0,cluster1,60,240,db,symmetric,0.95,1.0,1.0,1.0,3,0.8749999999999999,0.21666666666666667
synth-sym-tight,gaussian,1.5,0,cluster1,60,240,db,symmetric,0.9,1.0,0.6666666666666666,0.8,2,0.847457627118644,0.24166666666666667
synth-sym-tight,gaussian,1.5,0,cluster1,60,240,db,symmetric,0.8,1.0,0.6666666666666666,0.8,2,0.7428571428571429,0.1875
synth-sym-tight,gaussian,1.5,0,cluster2,60,240,threshold,severity,1.0,1.0,1.0,1.0,3,0.9836065573770492,0.25833333333333336
synth-sym-tight,gaussian,1.5,0,cluster2,60,240,threshold,severity,0.95,1.0,1.0,1.0,3,0.208955223880597,0.029166666666666667
synth-sym-tight,gaussian,1.5,0,cluster2,60,240,threshold,severity,0.9,1.0,1.0,1.0,3,0.06451612903225806,0.008333333333333333
synth-sym-tight,gaussian,1.5,0,cluster2,60,240,threshold,severity,0.8,1.0,1.0,1.0,3,0.0,0.0
synth-sym-tight,gaussian,1.5,0,cluster2,60,240,threshold,symmetric,1.0,1.0,1.0,1.0,3,0.9836065573770492,0.25833333333333336
synth-sym-tight,gaussian,1.5,0,cluster2,60,240,threshold,symmetric,0.95,1.0,1.0,1.0,3,0.208955223880597,0.029166666666666667
synth-sym-tight,gaussian,1.5,0,cluster2,60,240,threshold,symmetric,0.9,1.0,1.0,1.0,3,0.09523809523809523,0.0125
synth-sym-tight,gaussian,1.5,0,cluster2,60,240,threshold,symmetric,0.8,1.0,1.0,1.0,3,0.03278688524590164,0.004166666666666667
synth-sym-tight,gaussian,1.5,0,cluster2,60,240,db,severity,1.0,0.42857142857142855,1.0,0.6,7,0.9836065573770492,0.25833333333333336
synth-sym-tight,gaussian,1.5,0,cluster2,60,240,db,severity,0.95,0.6666666666666666,0.6666666666666666,0.6666666666666666,3,0.8749999999999999,0.21666666666666667
synth-sym-tight,gaussian,1.5,0,cluster2,60,240,db,severity,0.9,1.0,0.6666666666666666,0.8,2,0.8275862068965518,0.23333333333333334
synth-sym-tight,gaussian,1.5,0,cluster2,60,240,db,severity,0.8,1.0,0.6666666666666666,0.8,2,0.7307692307692307,0.18333333333333332
synth-sym-tight,gaussian,1.5,0,cluster2,60,240,db,symmetric,1.0,0.42857142857142855,1.0,0.6,7,0.9836065573770492,0.25833333333333336
synth-sym-tight,gaussian,1.5,0,cluster2,60,240,db,symmetric,0.95,0.6666666666666666,0.6666666666666666,0.6666666666666666,3,0.8749999999999999,0.21666666666666667
synth-sym-tight,gaussian,1.5,0,cluster2,60,240,db,symmetric,0.9,0.6666666666666666,0.6666666666666666,0.6666666666666666,3,0.8392857142857143,0.21666666666666667
synth-sym-tight,gaussian,1.5,0,cluster2,60,240,db,symmetric,0.8,1.0,0.6666666666666666,0.8,2,0.761904761904762,0.1875
synth-sym-tight,gaussian,1.5,0,cluster3,60,240,threshold,severity,1.0,1.0,1.0,1.0,3,0.9836065573770492,0.25833333333333336
synth-sym-tight,gaussian,1.5,0,cluster3,60,240,threshold,severity,0.95,1.0,1.0,1.0,3,0.18181818181818182,0.025
synth-sym-tight,gaussian,1.5,0,cluster3,60,240,threshold,severity,0.9,1.0,1.0,1.0,3,0.0,0.0
synth-sym-tight,gaussian,1.5,0,cluster3,60,240,threshold,severity,0.8,1.0,1.0,1.0,3,0.0,0.0
synth-sym-tight,gaussian,1.5,0,cluster3,60,240,threshold,symmetric,1.0,1.0,1.0,1.0,3,0.9836065573770492,0.25833333333333336
synth-sym-tight,gaussian,1.5,0,cluster3,60,240,threshold,symmetric,0.95,1.0,1.0,1.0,3,0.18181818181818182,0.025
synth-sym-tight,gaussian,1.5,0,cluster3,60,240,threshold,symmetric,0.9,1.0,1.0,1.0,3,0.06451612903225806,0.008333333333333333
synth-sym-tight,gaussian,1.5,0,cluster3,60,240,threshold,symmetric,0.8,1.0,1.0,1.0,3,0.0,0.0
synth-sym-tight,gaussian,1.5,0,cluster3,60,240,db,severity,1.0,0.42857142857142855,1.0,0.6,7,0.9836065573770492,0.25833333333333336
synth-sym-tight,gaussian,1.5,0,cluster3,60,240,db,severity,0.95,0.6666666666666666,0.6666666666666666,0.6666666666666666,3,0.8947368421052632,0.225
synth-sym-tight,gaussian,1.5,0,cluster3,60,240,db,severity,0.9,1.0,0.6666666666666666,0.8,2,0.8288288288288289,0.2125
synth-sym-tight,gaussian,1.5,0,cluster3,60,240,db,severity,0.8,1.0,0.6666666666666666,0.8,2,0.7551020408163265,0.15833333333333333
synth-sym-tight,gaussian,1.5,0,cluster3,60,240,db,symmetric,1.0,0.42857142857142855,1.0,0.6,7,0.9836065573770492,0.25833333333333336
synth-sym-tight,gaussian,1.5,0,cluster3,60,240,db,symmetric,0.95,0.6666666666666666,0.6666666666666666,0.6666666666666666,3,0.8793103448275861,0.23333333333333334
synth-sym-tight,gaussian,1.5,0,cluster3,60,240,db,symmetric,0.9,1.0,0.6666666666666666,0.8,2,0.8495575221238938,0.22083333333333333
synth-sym-tight,gaussian,1.5,0,cluster3,60,240,db,symmetric,0.8,1.0,0.6666666666666666,0.8,2,0.7599999999999999,0.16666666666666666
synth-sym-tight,gaussian,1.5,1,cluster0,60,240,threshold,severity,1.0,1.0,1.0,1.0,3,0.975609756097561,0.2625
synth-sym-tight,gaussian,1.5,1,cluster0,60,240,threshold,severity,0.95,1.0,1.0,1.0,3,0.3684210526315789,0.06666666666666667
synth-sym-tight,gaussian,1.5,1,cluster0,60,240,threshold,severity,0.9,1.0,1.0,1.0,3,0.09523809523809523,0.0125
synth-sym-tight,gaussian,1.5,1,cluster0,60,240,threshold,severity,0.8,1.0,1.0,1.0,3,0.0,0.0
synth-sym-tight,gaussian,1.5,1,cluster0,60,240,threshold,symmetric,1.0,1.0,1.0,1.0,3,0.975609756097561,0.2625
synth-sym-tight,gaussian,1.5,1,cluster0,60,240,threshold,symmetric,0.95,1.0,1.0,1.0,3,0.3684210526315789,0.06666666666666667
synth-sym-tight,gaussian,1.5,1,cluster0,60,240,threshold,symmetric,0.9,1.0,1.0,1.0,3,0.125,0.016666666666666666
synth-sym-tight,gaussian,1.5,1,cluster0,60,240,threshold,symmetric,0.8,1.0,1.0,1.0,3,0.0,0.0
synth-sym-tight,gaussian,1.5,1,cluster0,60,240,db,severity,1.0,0.5,1.0,0.6666666666666666,6,0.975609756097561,0.2625
synth-sym-tight,gaussian,1.5,1,cluster0,60,240,db,severity,0.95,1.0,1.0,1.0,3,0.8672566371681416,0.22083333333333333
synth-sym-tight,gaussian,1.5,1,cluster0,60,240,db,severity,0.9,1.0,0.6666666666666666,0.8,2,0.8495575221238938,0.22083333333333333
synth-sym-tight,gaussian,1.5,1,cluster0,60,240,db,severity,0.8,1.0,0.6666666666666666,0.8,2,0.7524752475247526,0.17083333333333334
synth-sym-tight,gaussian,1.5,1,cluster0,60,240,db,symmetric,1.0,0.5,1.0,0.6666666666666666,6,0.975609756097561,0.2625
synth-sym-tight,gaussian,1.5,1,cluster0,60,240,db,symmetric,0.95,1.0,0.6666666666666666,0.8,2,0.8739495798319329,0.24583333333333332
synth-sym-tight,gaussian,1.5,1,cluster0,60,240,db,symmetric,0.9,1.0,0.6666666666666666,0.8,2,0.8596491228070176,0.225
synth-sym-tight,gaussian,1.5,1,cluster0,60,240,db,symmetric,0.8,1.0,0.6666666666666666,0.8,2,0.7647058823529412,0.175
synth-sym-tight,gaussian,1.5,1,cluster1,60,240,threshold,severity,1.0,1.0,1.0,1.0,3,0.9917355371900827,0.25416666666666665
synth-sym-tight,gaussian,1.5,1,cluster1,60,240,threshold,severity,0.95,1.0,1.0,1.0,3,0.2318840579710145,0.0375
synth-sym-tight,gaussian,1.5,1,cluster1,60,240,threshold,severity,0.9,1.0,1.0,1.0,3,0.06451612903225806,0.008333333333333333
synth-sym-tight,gaussian,1.5,1,cluster1,60,240,threshold,severity,0.8,1.0,1.0,1.0,3,0.0,0.0
synth-sym-tight,gaussian,1.5,1,cluster1,60,240,threshold,symmetric,1.0,1.0,1.0,1.0,3,0.9917355371900827,0.25416666666666665
synth-sym-tight,gaussian,1.5,1,cluster1,60,240,threshold,symmetric,0.95,1.0,1.0,1.0,3,0.2318840579710145,0.0375
synth-sym-tight,gaussian,1.5,1,cluster1,60,240,threshold,symmetric,0.9,1.0,1.0,1.0,3,0.09523809523809523,0.0125
synth-sym-tight,gaussian,1.5,1,cluster1,60,240,threshold,symmetric,0.8,1.0,1.0,1.0,3,0.0,0.0
synth-sym-tight,gaussian,1.5,1,cluster1,60,240,db,severity,1.0,0.42857142857142855,1.0,0.6,7,0.9917355371900827,0.25416666666666665
synth-sym-tight,gaussian,1.5,1,cluster1,60,240,db,severity,0.95,1.0,1.0,1.0,3,0.8596491228070176,0.225
synth-sym-tight,gaussian,1.5,1,cluster1,60,240,db,severity,0.9,1.0,0.6666666666666666,0.8,2,0.8141592920353983,0.22083333333333333
synth-sym-tight,gaussian,1.5,1,cluster1,60,240,db,severity,0.8,1.0,0.6666666666666666,0.8,2,0.7551020408163265,0.15833333333333333
synth-sym-tight,gaussian,1.5,1,cluster1,60,240,db,symmetric,1.0,0.42857142857142855,1.0,0.6,7,0.9917355371900827,0.25416666666666665
synth-sym-tight,gaussian,1.5,1,cluster1,60,240,db,symmetric,0.95,1.0,1.0,1.0,3,0.8596491228070176,0.225
synth-sym-tight,gaussian,1.5,1,cluster1,60,240,db,symmetric,0.9,1.0,0.6666666666666666,0.8,2,0.8347826086956521,0.22916666666666666
synth-sym-tight,gaussian,1.5,1,cluster1,60,240,db,symmetric,0.8,1.0,0.6666666666666666,0.8,2,0.7676767676767675,0.1625
synth-sym-tight,gaussian,1.5,1,cluster2,60,240,threshold,severity,1.0,1.0,1.0,1.0,3,0.923076923076923,0.2916666666666667
synth-sym-tight,gaussian,1.5,1,cluster2,60,240,threshold,severity,0.95,1.0,1.0,1.0,3,0.23529411764705882,0.03333333333333333
synth-sym-tight,gaussian,1.5,1,cluster2,60,240,threshold,severity,0.9,1.0,1.0,1.0,3,0.03278688524590164,0.004166666666666667
synth-sym-tight,gaussian,1.5,1,cluster2,60,240,threshold,severity,0.8,1.0,1.0,1.0,3,0.0,0.0
synth-sym-tight,gaussian,1.5,1,cluster2,60,240,threshold,symmetric,1.0,1.0,1.0,1.0,3,0.923076923076923,0.2916666666666667
synth-sym-tight,gaussian,1.5,1,cluster2,60,240,threshold,symmetric,0.95,1.0,1.0,1.0,3,0.208955223880597,0.029166666666666667
synth-sym-tight,gaussian,1.5,1,cluster2,60,240,threshold,symmetric,0.9,1.0,1.0,1.0,3,0.09523809523809523,0.0125
synth-sym-tight,gaussian,1.5,1,cluster2,60,240,threshold,symmetric,0.8,1.0,1.0,1.0,3,0.0,0.0
synth-sym-tight,gaussian,1.5,1,cluster2,60,240,db,severity,1.0,0.375,1.0,0.5454545454545454,8,0.923076923076923,0.2916666666666667
synth-sym-tight,gaussian,1.5,1,cluster2,60,240,db,severity,0.95,1.0,1.0,1.0,3,0.8749999999999999,0.21666666666666667
synth-sym-tight,gaussian,1.5,1,cluster2,60,240,db,severity,0.9,1.0,0.6666666666666666,0.8,2,0.8495575221238938,0.22083333333333333
synth-sym-tight,gaussian,1.5,1,cluster2,60,240,db,severity,0.8,1.0,0.6666666666666666,0.8,2,0.7524752475247526,0.17083333333333334
synth-sym-tight,gaussian,1.5,1,cluster2,60,240,db,symmetric,1.0,0.375,1.0,0.5454545454545454,8,0.923076923076923,0.2916666666666667
synth-sym-tight,gaussian,1.5,1,cluster2,60,240,db,symmetric,0.95,1.0,1.0,1.0,3,0.8749999999999999,0.21666666666666667
synth-sym-tight,gaussian,1.5,1,cluster2,60,240,db,symmetric,0.9,1.0,0.6666666666666666,0.8,2,0.8596491228070176,0.225
synth-sym-tight,gaussian,1.5,1,cluster2,60,240,db,symmetric,0.8,1.0,0.6666666666666666,0.8,2,0.7647058823529412,0.175
synth-sym-tight,gaussian,1.5,1,cluster3,60,240,threshold,severity,1.0,1.0,1.0,1.0,3,0.9836065573770492,0.25833333333333336
synth-sym-tight,gaussian,1.5,1,cluster3,60,240,threshold,severity,0.95,1.0,1.0,1.0,3,0.23529411764705882,0.03333333333333333
synth-sym-tight,gaussian,1.5,1,cluster3,60,240,threshold,severity,0.9,1.0,1.0,1.0,3,0.09523809523809523,0.0125
synth-sym-tight,gaussian,1.5,1,cluster3,60,240,threshold,severity,0.8,1.0,1.0,1.0,3,0.03278688524590164,0.004166666666666667
synth-sym-tight,gaussian,1.5,1,cluster3,60,240,threshold,symmetric,1.0,1.0,1.0,1.0,3,0.9836065573770492,0.25833333333333336
synth-sym-tight,gaussian,1.5,1,cluster3,60,240,threshold,symmetric,0.95,1.0,1.0,1.0,3,0.2318840579710145,0.0375
synth-sym-tight,gaussian,1.5,1,cluster3,60,240,threshold,symmetric,0.9,1.0,1.0,1.0,3,0.18181818181818182,0.025
synth-sym-tight,gaussian,1.5,1,cluster3,60,240,threshold,symmetric,0.8,1.0,1.0,1.0,3,0.03278688524590164,0.004166666666666667
synth-sym-tight,gaussian,1.5,1,cluster3,60,240,db,severity,1.0,0.3333333333333333,1.0,0.5,9,0.9836065573770492,0.25833333333333336
synth-sym-tight,gaussian,1.5,1,cluster3,60,240,db,severity,0.95,1.0,1.0,1.0,3,0.8421052631578948,0.225
synth-sym-tight,gaussian,1.5,1,cluster3,60,240,db,severity,0.9,1.0,0.6666666666666666,0.8,2,0.8141592920353983,0.22083333333333333
synth-sym-tight,gaussian,1.5,1,cluster3,60,240,db,severity,0.8,1.0,0.6666666666666666,0.8,2,0.7058823529411764,0.175
synth-sym-tight,gaussian,1.5,1,cluster3,60,240,db,symmetric,1.0,0.3333333333333333,1.0,0.5,9,0.9836065573770492,0.25833333333333336
synth-sym-tight,gaussian,1.5,1,cluster3,60,240,db,symmetric,0.95,1.0,1.0,1.0,3,0.8421052631578948,0.225
synth-sym-tight,gaussian,1.5,1,cluster3,60,240,db,symmetric,0.9,1.0,0.6666666666666666,0.8,2,0.8347826086956521,0.22916666666666666
synth-sym-tight,gaussian,1.5,1,cluster3,60,240,db,symmetric,0.8,1.0,0.6666666666666666,0.8,2,0.7184466019417476,0.17916666666666667
synth-sym-tight,gaussian,1.5,2,cluster0,60,240,threshold,severity,1.0,1.0,1.0,1.0,3,0.967741935483871,0.26666666666666666
synth-sym-tight,gaussian,1.5,2,cluster0,60,240,threshold,severity,0.95,1.0,1.0,1.0,3,0.2318840579710145,0.0375
synth-sym-tight,gaussian,1.5,2,cluster0,60,240,threshold,severity,0.9,1.0,1.0,1.0,3,0.06451612903225806,0.008333333333333333
synth-sym-tight,gaussian,1.5,2,cluster0,60,240,threshold,severity,0.8,1.0,1.0,1.0,3,0.0,0.0
synth-sym-tight,gaussian,1.5,2,cluster0,60,240,threshold,symmetric,1.0,1.0,1.0,1.0,3,0.967741935483871,0.26666666666666666
synth-sym-tight,gaussian,1.5,2,cluster0,60,240,threshold,symmetric,0.95,1.0,1.0,1.0,3,0.23529411764705882,0.03333333333333333
synth-sym-tight,gaussian,1.5,2,cluster0,60,240,threshold,symmetric,0.9,1.0,1.0,1.0,3,0.09523809523809523,0.0125
synth-sym-tight,gaussian,1.5,2,cluster0,60,240,threshold,symmetric,0.8,1.0,1.0,1.0,3,0.0,0.0
synth-sym-tight,gaussian,1.5,2,cluster0,60,240,db,severity,1.0,0.42857142857142855,1.0,0.6,7,0.967741935483871,0.26666666666666666
synth-sym-tight,gaussian,1.5,2,cluster0,60,240,db,severity,0.95,1.0,1.0,1.0,3,0.8421052631578948,0.225
synth-sym-tight,gaussian,1.5,2,cluster0,60,240,db,severity,0.9,1.0,0.6666666666666666,0.8,2,0.793103448275862,0.23333333333333334
synth-sym-tight,gaussian,1.5,2,cluster0,60,240,db,severity,0.8,1.0,0.6666666666666666,0.8,2,0.7047619047619048,0.1875
synth-sym-tight,gaussian,1.5,2,cluster0,60,240,db,symmetric,1.0,0.42857142857142855,1.0,0.6,7,0.967741935483871,0.26666666666666666
synth-sym-tight,gaussian,1.5,2,cluster0,60,240,db,symmetric,0.95,1.0,1.0,1.0,3,0.8495575221238938,0.22083333333333333
synth-sym-tight,gaussian,1.5,2,cluster0,60,240,db,symmetric,0.9,1.0,0.6666666666666666,0.8,2,0.8135593220338982,0.24166666666666667
synth-sym-tight,gaussian,1.5,2,cluster0,60,240,db,symmetric,0.8,1.0,0.6666666666666666,0.8,2,0.7047619047619048,0.1875
synth-sym-tight,gaussian,1.5,2,cluster1,60,240,threshold,severity,1.0,1.0,1.0,1.0,3,1.0,0.25
synth-sym-tight,gaussian,1.5,2,cluster1,60,240,threshold,severity,0.95,1.0,1.0,1.0,3,0.30985915492957744,0.04583333333333333
synth-sym-tight,gaussian,1.5,2,cluster1,60,240,threshold,severity,0.9,1.0,1.0,1.0,3,0.09523809523809523,0.0125
synth-sym-tight,gaussian,1.5,2,cluster1,60,240,threshold,severity,0.8,1.0,1.0,1.0,3,0.0,0.0
synth-sym-tight,gaussian,1.5,2,cluster1,60,240,threshold,symmetric,1.0,1.0,1.0,1.0,3,1.0,0.25
synth-sym-tight,gaussian,1.5,2,cluster1,60,240,threshold,symmetric,0.95,1.0,1.0,1.0,3,0.30985915492957744,0.04583333333333333
synth-sym-tight,gaussian,1.5,2,cluster1,60,240,threshold,symmetric,0.9,1.0,1.0,1.0,3,0.125,0.016666666666666666
synth-sym-tight,gaussian,1.5,2,cluster1,60,240,threshold,symmetric,0.8,1.0,1.0,1.0,3,0.0,0.0
synth-sym-tight,gaussian,1.5,2,cluster1,60,240,db,severity,1.0,0.5,1.0,0.6666666666666666,6,1.0,0.25
synth-sym-tight,gaussian,1.5,2,cluster1,60,240,db,severity,0.95,1.0,1.0,1.0,3,0.8928571428571429,0.21666666666666667
synth-sym-tight,gaussian,1.5,2,cluster1,60,240,db,severity,0.9,1.0,0.6666666666666666,0.8,2,0.8468468468468469,0.2125
synth-sym-tight,gaussian,1.5,2,cluster1,60,240,db,severity,0.8,1.0,0.6666666666666666,0.8,2,0.7676767676767675,0.1625
synth-sym-tight,gaussian,1.5,2,cluster1,60,240,db,symmetric,1.0,0.5,1.0,0.6666666666666666,6,1.0,0.25
synth-sym-tight,gaussian,1.5,2,cluster1,60,240,db,symmetric,0.95,1.0,1.0,1.0,3,0.8928571428571429,0.21666666666666667
synth-sym-tight,gaussian,1.5,2,cluster1,60,240,db,symmetric,0.9,1.0,0.6666666666666666,0.8,2,0.8596491228070176,0.225
synth-sym-tight,gaussian,1.5,2,cluster1,60,240,db,symmetric,0.8,1.0,0.6666666666666666,0.8,2,0.7599999999999999,0.16666666666666666
synth-sym-tight,gaussian,1.5,2,cluster2,60,240,threshold,severity,1.0,1.0,1.0,1.0,3,0.975609756097561,0.2625
synth-sym-tight,gaussian,1.5,2,cluster2,60,240,threshold,severity,0.95,1.0,1.0,1.0,3,0.39473684210526316,0.06666666666666667
synth-sym-tight,gaussian,1.5,2,cluster2,60,240,threshold,severity,0.9,1.0,1.0,1.0,3,0.09375000000000001,0.016666666666666666
synth-sym-tight,gaussian,1.5,2,cluster2,60,240,threshold,severity,0.8,1.0,1.0,1.0,3,0.0,0.0
synth-sym-tight,gaussian,1.5,2,cluster2,60,240,threshold,symmetric,1.0,1.0,1.0,1.0,3,0.975609756097561,0.2625
synth-sym-tight,gaussian,1.5,2,cluster2,60,240,threshold,symmetric,0.95,1.0,1.0,1.0,3,0.39473684210526316,0.06666666666666667
synth-sym-tight,gaussian,1.5,2,cluster2,60,240,threshold,symmetric,0.9,1.0,1.0,1.0,3,0.15151515151515152,0.025
synth-sym-tight,gaussian,1.5,2,cluster2,60,240,threshold,symmetric,0.8,1.0,1.0,1.0,3,0.0,0.0
synth-sym-tight,gaussian,1.5,2,cluster2,60,240,db,severity,1.0,0.42857142857142855,1.0,0.6,7,0.975609756097561,0.2625
synth-sym-tight,gaussian,1.5,2,cluster2,60,240,db,severity,0.95,0.6666666666666666,0.6666666666666666,0.6666666666666666,3,0.8620689655172413,0.23333333333333334
synth-sym-tight,gaussian,1.5,2,cluster2,60,240,db,severity,0.9,1.0,0.6666666666666666,0.8,2,0.8421052631578948,0.225
synth-sym-tight,gaussian,1.5,2,cluster2,60,240,db,severity,0.8,1.0,0.6666666666666666,0.8,2,0.7254901960784315,0.175
synth-sym-tight,gaussian,1.5,2,cluster2,60,240,db,symmetric,1.0,0.42857142857142855,1.0,0.6,7,0.975609756097561,0.2625
synth-sym-tight,gaussian,1.5,2,cluster2,60,240,db,symmetric,0.95,0.6666666666666666,0.6666666666666666,0.6666666666666666,3,0.8620689655172413,0.23333333333333334
synth-sym-tight,gaussian,1.5,2,cluster2,60,240,db,symmetric,0.9,1.0,0.6666666666666666,0.8,2,0.8448275862068966,0.23333333333333334
synth-sym-tight,gaussian,1.5,2,cluster2,60,240,db,symmetric,0.8,1.0,0.6666666666666666,0.8,2,0.75,0.18333333333333332
synth-sym-tight,gaussian,1.5,2,cluster3,60,240,threshold,severity,1.0,1.0,1.0,1.0,3,0.9917355371900827,0.25416666666666665
synth-sym-tight,gaussian,1.5,2,cluster3,60,240,threshold,severity,0.95,1.0,1.0,1.0,3,0.30985915492957744,0.04583333333333333
synth-sym-tight,gaussian,1.5,2,cluster3,60,240,threshold,severity,0.9,1.0,1.0,1.0,3,0.06451612903225806,0.008333333333333333
synth-sym-tight,gaussian,1.5,2,cluster3,60,240,threshold,severity,0.8,1.0,1.0,1.0,3,0.0,0.0
synth-sym-tight,gaussian,1.5,2,cluster3,60,240,threshold,symmetric,1.0,1.0,1.0,1.0,3,0.9917355371900827,0.25416666666666665
synth-sym-tight,gaussian,1.5,2,cluster3,60,240,threshold,symmetric,0.95,1.0,1.0,1.0,3,0.30985915492957744,0.04583333333333333
synth-sym-tight,gaussian,1.5,2,cluster3,60,240,threshold,symmetric,0.9,1.0,1.0,1.0,3,0.15384615384615385,0.020833333333333332
synth-sym-tight,gaussian,1.5,2,cluster3,60,240,threshold,symmetric,0.8,1.0,1.0,1.0,3,0.0,0.0
synth-sym-tight,gaussian,1.5,2,cluster3,60,240,db,severity,1.0,0.5,1.0,0.6666666666666666,6,0.9917355371900827,0.25416666666666665
synth-sym-tight,gaussian,1.5,2,cluster3,60,240,db,severity,0.95,1.0,1.0,1.0,3,0.8727272727272728,0.20833333333333334
synth-sym-tight,gaussian,1.5,2,cluster3,60,240,db,severity,0.9,1.0,0.6666666666666666,0.8,2,0.8347826086956521,0.22916666666666666
synth-sym-tight,gaussian,1.5,2,cluster3,60,240,db,severity,0.8,1.0,0.3333333333333333,0.5,1,0.7343749999999999,0.2833333333333333
synth-sym-tight,gaussian,1.5,2,cluster3,60,240,db,symmetric,1.0,0.5,1.0,0.6666666666666666,6,0.9917355371900827,0.25416666666666665
synth-sym-tight,gaussian,1.5,2,cluster3,60,240,db,symmetric,0.95,1.0,1.0,1.0,3,0.8727272727272728,0.20833333333333334
synth-sym-tight,gaussian,1.5,2,cluster3,60,240,db,symmetric,0.9,1.0,0.6666666666666666,0.8,2,0.8448275862068966,0.23333333333333334
synth-sym-tight,gaussian,1.5,2,cluster3,60,240,db,symmetric,0.8,1.0,0.6666666666666666,0.8,2,0.7572815533980582,0.17916666666666667
synth-sym-tight,gaussian,1.5,3,cluster0,60,240,threshold,severity,1.0,1.0,1.0,1.0,3,0.975609756097561,0.2625
synth-sym-tight,gaussian,1.5,3,cluster0,60,240,threshold,severity,0.95,1.0,1.0,1.0,3,0.2857142857142857,0.041666666666666664
synth-sym-tight,gaussian,1.5,3,cluster0,60,240,threshold,severity,0.9,1.0,1.0,1.0,3,0.09523809523809523,0.0125
synth-sym-tight,gaussian,1.5,3,cluster0,60,240,threshold,severity,0.8,1.0,1.0,1.0,3,0.03278688524590164,0.004166666666666667
synth-sym-tight,gaussian,1.5,3,cluster0,60,240,threshold,symmetric,1.0,1.0,1.0,1.0,3,0.975609756097561,0.2625
synth-sym-tight,gaussian,1.5,3,cluster0,60,240,threshold,symmetric,0.95,1.0,1.0,1.0,3,0.2857142857142857,0.041666666666666664
synth-sym-tight,gaussian,1.5,3,cluster0,60,240,threshold,symmetric,0.9,1.0,1.0,1.0,3,0.09523809523809523,0.0125
synth-sym-tight,gaussian,1.5,3,cluster0,60,240,threshold,symmetric,0.8,1.0,1.0,1.0,3,0.03278688524590164,0.004166666666666667
synth-sym-tight,gaussian,1.5,3,cluster0,60,240,db,severity,1.0,0.375,1.0,0.5454545454545454,8,0.975609756097561,0.2625
synth-sym-tight,gaussian,1.5,3,cluster0,60,240,db,severity,0.95,1.0,1.0,1.0,3,0.8695652173913043,0.22916666666666666
synth-sym-tight,gaussian,1.5,3,cluster0,60,240,db,severity,0.9,1.0,0.6666666666666666,0.8,2,0.8376068376068376,0.2375
synth-sym-tight,gaussian,1.5,3,cluster0,60,240,db,severity,0.8,1.0,0.6666666666666666,0.8,2,0.7692307692307692,0.18333333333333332
synth-sym-tight,gaussian,1.5,3,cluster0,60,240,db,symmetric,1.0,0.375,1.0,0.5454545454545454,8,0.975609756097561,0.2625
synth-sym-tight,gaussian,1.5,3,cluster0,60,240,db,symmetric,0.95,1.0,1.0,1.0,3,0.8695652173913043,0.22916666666666666
synth-sym-tight,gaussian,1.5,3,cluster0,60,240,db,symmetric,0.9,1.0,0.6666666666666666,0.8,2,0.8333333333333334,0.25
synth-sym-tight,gaussian,1.5,3,cluster0,60,240,db,symmetric,0.8,1.0,0.6666666666666666,0.8,2,0.7547169811320754,0.19166666666666668
synth-sym-tight,gaussian,1.5,3,cluster1,60,240,threshold,severity,1.0,1.0,1.0,1.0,3,0.9836065573770492,0.25833333333333336
synth-sym-tight,gaussian,1.5,3,cluster1,60,240,threshold,severity,0.95,1.0,1.0,1.0,3,0.18181818181818182,0.025
synth-sym-tight,gaussian,1.5,3,cluster1,60,240,threshold,severity,0.9,1.0,1.0,1.0,3,0.03278688524590164,0.004166666666666667
synth-sym-tight,gaussian,1.5,3,cluster1,60,240,threshold,severity,0.8,1.0,1.0,1.0,3,0.0,0.0
synth-sym-tight,gaussian,1.5,3,cluster1,60,240,threshold,symmetric,1.0,1.0,1.0,1.0,3,0.9836065573770492,0.25833333333333336
synth-sym-tight,gaussian,1.5,3,cluster1,60,240,threshold,symmetric,0.95,1.0,1.0,1.0,3,0.18181818181818182,0.025
synth-sym-tight,gaussian,1.5,3,cluster1,60,240,threshold,symmetric,0.9,1.0,1.0,1.0,3,0.03278688524590164,0.004166666666666667
synth-sym-tight,gaussian,1.5,3,cluster1,60,240,threshold,symmetric,0.8,1.0,1.0,1.0,3,0.0,0.0
synth-sym-tight,gaussian,1.5,3,cluster1,60,240,db,severity,1.0,0.375,1.0,0.5454545454545454,8,0.9836065573770492,0.25833333333333336
synth-sym-tight,gaussian,1.5,3,cluster1,60,240,db,severity,0.95,1.0,0.6666666666666666,0.8,2,0.8595041322314049,0.25416666666666665
synth-sym-tight,gaussian,1.5,3,cluster1,60,240,db,severity,0.9,1.0,0.6666666666666666,0.8,2,0.8141592920353983,0.22083333333333333
synth-sym-tight,gaussian,1.5,3,cluster1,60,240,db,severity,0.8,1.0,0.3333333333333333,0.5,1,0.7343749999999999,0.2833333333333333
synth-sym-tight,gaussian,1.5,3,cluster1,60,240,db,symmetric,1.0,0.375,1.0,0.5454545454545454,8,0.9836065573770492,0.25833333333333336
synth-sym-tight,gaussian,1.5,3,cluster1,60,240,db,symmetric,0.95,1.0,0.6666666666666666,0.8,2,0.8595041322314049,0.25416666666666665
synth-sym-tight,gaussian,1.5,3,cluster1,60,240,db,symmetric,0.9,1.0,0.6666666666666666,0.8,2,0.8421052631578948,0.225
synth-sym-tight,gaussian,1.5,3,cluster1,60,240,db,symmetric,0.8,1.0,0.3333333333333333,0.5,1,0.7559055118110236,0.2791666666666667
synth-sym-tight,gaussian,1.5,3,cluster2,60,240,threshold,severity,1.0,1.0,1.0,1.0,3,0.967741935483871,0.26666666666666666
synth-sym-tight,gaussian,1.5,3,cluster2,60,240,threshold,severity,0.95,1.0,1.0,1.0,3,0.4210526315789474,0.06666666666666667
synth-sym-tight,gaussian,1.5,3,cluster2,60,240,threshold,severity,0.9,1.0,1.0,1.0,3,0.06451612903225806,0.008333333333333333
synth-sym-tight,gaussian,1.5,3,cluster2,60,240,threshold,severity,0.8,1.0,1.0,1.0,3,0.0,0.0
synth-sym-tight,gaussian,1.5,3,cluster2,60,240,threshold,symmetric,1.0,1.0,1.0,1.0,3,0.967741935483871,0.26666666666666666
synth-sym-tight,gaussian,1.5,3,cluster2,60,240,threshold,symmetric,0.95,1.0,1.0,1.0,3,0.4,0.0625
synth-sym-tight,gaussian,1.5,3,cluster2,60,240,threshold,symmetric,0.9,1.0,1.0,1.0,3,0.125,0.016666666666666666
synth-sym-tight,gaussian,1.5,3,cluster2,60,240,threshold,symmetric,0.8,1.0,1.0,1.0,3,0.0,0.0
synth-sym-tight,gaussian,1.5,3,cluster2,60,240,db,severity,1.0,0.3333333333333333,1.0,0.5,9,0.967741935483871,0.26666666666666666
synth-sym-tight,gaussian,1.5,3,cluster2,60,240,db,severity,0.95,1.0,0.6666666666666666,0.8,2,0.8524590163934426,0.25833333333333336
synth-sym-tight,gaussian,1.5,3,cluster2,60,240,db,severity,0.9,1.0,0.6666666666666666,0.8,2,0.817391304347826,0.22916666666666666
synth-sym-tight,gaussian,1.5,3,cluster2,60,240,db,severity,0.8,1.0,0.6666666666666666,0.8,2,0.7254901960784315,0.175
synth-sym-tight,gaussian,1.5,3,cluster2,60,240,db,symmetric,1.0,0.3333333333333333,1.0,0.5,9,0.967741935483871,0.26666666666666666
synth-sym-tight,gaussian,1.5,3,cluster2,60,240,db,symmetric,0.95,1.0,0.6666666666666666,0.8,2,0.8524590163934426,0.25833333333333336
synth-sym-tight,gaussian,1.5,3,cluster2,60,240,db,symmetric,0.9,1.0,0.6666666666666666,0.8,2,0.8347826086956521,0.22916666666666666
synth-sym-tight,gaussian,1.5,3,cluster2,60,240,db,symmetric,0.8,1.0,0.6666666666666666,0.8,2,0.75,0.18333333333333332
synth-sym-tight,gaussian,1.5,3,cluster3,60,240,threshold,severity,1.0,1.0,1.0,1.0,3,0.9917355371900827,0.25416666666666665
synth-sym-tight,gaussian,1.5,3,cluster3,60,240,threshold,severity,0.95,1.0,1.0,1.0,3,0.35135135135135137,0.058333333333333334
synth-sym-tight,gaussian,1.5,3,cluster3,60,240,threshold,severity,0.9,1.0,1.0,1.0,3,0.09523809523809523,0.0125
synth-sym-tight,gaussian,1.5,3,cluster3,60,240,threshold,severity,0.8,1.0,1.0,1.0,3,0.03278688524590164,0.004166666666666667
synth-sym-tight,gaussian,1.5,3,cluster3,60,240,threshold,symmetric,1.0,1.0,1.0,1.0,3,0.9917355371900827,0.25416666666666665
synth-sym-tight,gaussian,1.5,3,cluster3,60,240,threshold,symmetric,0.95,1.0,1.0,1.0,3,0.35135135135135137,0.058333333333333334
synth-sym-tight,gaussian,1.5,3,cluster3,60,240,threshold,symmetric,0.9,1.0,1.0,1.0,3,0.125,0.016666666666666666
synth-sym-tight,gaussian,1.5,3,cluster3,60,240,threshold,symmetric,0.8,1.0,1.0,1.0,3,0.0,0.0
synth-sym-tight,gaussian,1.5,3,cluster3,60,240,db,severity,1.0,0.375,1.0,0.5454545454545454,8,0.9917355371900827,0.25416666666666665
synth-sym-tight,gaussian,1.5,3,cluster3,60,240,db,severity,0.95,1.0,1.0,1.0,3,0.8727272727272728,0.20833333333333334
synth-sym-tight,gaussian,1.5,3,cluster3,60,240,db,severity,0.9,1.0,0.6666666666666666,0.8,2,0.8034188034188033,0.2375
synth-sym-tight,gaussian,1.5,3,cluster3,60,240,db,severity,0.8,1.0,0.6666666666666666,0.8,2,0.6990291262135923,0.17916666666666667
synth-sym-tight,gaussian,1.5,3,cluster3,60,240,db,symmetric,1.0,0.375,1.0,0.5454545454545454,8,0.9917355371900827,0.25416666666666665
synth-sym-tight,gaussian,1.5,3,cluster3,60,240,db,symmetric,0.95,1.0,1.0,1.0,3,0.8727272727272728,0.20833333333333334
synth-sym-tight,gaussian,1.5,3,cluster3,60,240,db,symmetric,0.9,1.0,1.0,1.0,3,0.8190476190476191,0.1875
synth-sym-tight,gaussian,1.5,3,cluster3,60,240,db,symmetric,0.8,1.0,0.6666666666666666,0.8,2,0.7307692307692307,0.18333333333333332
synth-sym-tight,gaussian,1.5,4,cluster0,60,240,threshold,severity,1.0,1.0,1.0,1.0,3,0.9836065573770492,0.25833333333333336
synth-sym-tight,gaussian,1.5,4,cluster0,60,240,threshold,severity,0.95,1.0,1.0,1.0,3,0.23529411764705882,0.03333333333333333
synth-sym-tight,gaussian,1.5,4,cluster0,60,240,threshold,severity,0.9,1.0,1.0,1.0,3,0.06451612903225806,0.008333333333333333
synth-sym-tight,gaussian,1.5,4,cluster0,60,240,threshold,severity,0.8,1.0,1.0,1.0,3,0.0,0.0
synth-sym-tight,gaussian,1.5,4,cluster0,60,240,threshold,symmetric,1.0,1.0,1.0,1.0,3,0.9836065573770492,0.25833333333333336
synth-sym-tight,gaussian,1.5,4,cluster0,60,240,threshold,symmetric,0.95,1.0,1.0,1.0,3,0.23529411764705882,0.03333333333333333
synth-sym-tight,gaussian,1.5,4,cluster0,60,240,threshold,symmetric,0.9,1.0,1.0,1.0,3,0.06451612903225806,0.008333333333333333
synth-sym-tight,gaussian,1.5,4,cluster0,60,240,threshold,symmetric,0.8,1.0,1.0,1.0,3,0.0,0.0
synth-sym-tight,gaussian,1.5,4,cluster0,60,240,db,severity,1.0,0.42857142857142855,1.0,0.6,7,0.9836065573770492,0.25833333333333336
synth-sym-tight,gaussian,1.5,4,cluster0,60,240,db,severity,0.95,1.0,0.6666666666666666,0.8,2,0.8888888888888888,0.2375
synth-sym-tight,gaussian,1.5,4,cluster0,60,240,db,severity,0.9,1.0,0.6666666666666666,0.8,2,0.8648648648648648,0.2125
synth-sym-tight,gaussian,1.5,4,cluster0,60,240,db,severity,0.8,1.0,0.6666666666666666,0.8,2,0.7599999999999999,0.16666666666666666
synth-sym-tight,gaussian,1.5,4,cluster0,60,240,db,symmetric,1.0,0.42857142857142855,1.0,0.6,7,0.9836065573770492,0.25833333333333336
synth-sym-tight,gaussian,1.5,4,cluster0,60,240,db,symmetric,0.95,1.0,0.6666666666666666,0.8,2,0.8888888888888888,0.2375
synth-sym-tight,gaussian,1.5,4,cluster0,60,240,db,symmetric,0.9,1.0,0.6666666666666666,0.8,2,0.8849557522123894,0.22083333333333333
synth-sym-tight,gaussian,1.5,4,cluster0,60,240,db,symmetric,0.8,1.0,0.6666666666666666,0.8,2,0.7843137254901961,0.175
synth-sym-tight,gaussian,1.5,4,cluster1,60,240,threshold,severity,1.0,1.0,1.0,1.0,3,0.9836065573770492,0.25833333333333336
synth-sym-tight,gaussian,1.5,4,cluster1,60,240,threshold,severity,0.95,1.0,1.0,1.0,3,0.2608695652173913,0.0375
synth-sym-tight,gaussian,1.5,4,cluster1,60,240,threshold,severity,0.9,1.0,1.0,1.0,3,0.06451612903225806,0.008333333333333333
synth-sym-tight,gaussian,1.5,4,cluster1,60,240,threshold,severity,0.8,1.0,1.0,1.0,3,0.0,0.0
synth-sym-tight,gaussian,1.5,4,cluster1,60,240,threshold,symmetric,1.0,1.0,1.0,1.0,3,0.9836065573770492,0.25833333333333336
synth-sym-tight,gaussian,1.5,4,cluster1,60,240,threshold,symmetric,0.95,1.0,1.0,1.0,3,0.2608695652173913,0.0375
synth-sym-tight,gaussian,1.5,4,cluster1,60,240,threshold,symmetric,0.9,1.0,1.0,1.0,3,0.09523809523809523,0.0125
synth-sym-tight,gaussian,1.5,4,cluster1,60,240,threshold,symmetric,0.8,1.0,1.0,1.0,3,0.0,0.0
synth-sym-tight,gaussian,1.5,4,cluster1,60,240,db,severity,1.0,0.5,1.0,0.6666666666666666,6,0.9836065573770492,0.25833333333333336
synth-sym-tight,gaussian,1.5,4,cluster1,60,240,db,severity,0.95,1.0,1.0,1.0,3,0.8672566371681416,0.22083333333333333
synth-sym-tight,gaussian,1.5,4,cluster1,60,240,db,severity,0.9,0.6666666666666666,0.6666666666666666,0.6666666666666666,3,0.8288288288288289,0.2125
synth-sym-tight,gaussian,1.5,4,cluster1,60,240,db,severity,0.8,1.0,0.3333333333333333,0.5,1,0.7401574803149608,0.2791666666666667
synth-sym-tight,gaussian,1.5,4,cluster1,60,240,db,symmetric,1.0,0.5,1.0,0.6666666666666666,6,0.9836065573770492,0.25833333333333336
synth-sym-tight,gaussian,1.5,4,cluster1,60,240,db,symmetric,0.95,0.6666666666666666,0.6666666666666666,0.6666666666666666,3,0.8695652173913043,0.22916666666666666
synth-sym-tight,gaussian,1.5,4,cluster1,60,240,db,symmetric,0.9,1.0,0.6666666666666666,0.8,2,0.847457627118644,0.24166666666666667
synth-sym-tight,gaussian,1.5,4,cluster1,60,240,db,symmetric,0.8,1.0,0.3333333333333333,0.5,1,0.7441860465116279,0.2875
synth-sym-tight,gaussian,1.5,4,cluster2,60,240,threshold,severity,1.0,1.0,1.0,1.0,3,0.9600000000000001,0.2708333333333333
synth-sym-tight,gaussian,1.5,4,cluster2,60,240,threshold,severity,0.95,1.0,1.0,1.0,3,0.20588235294117646,0.03333333333333333
synth-sym-tight,gaussian,1.5,4,cluster2,60,240,threshold,severity,0.9,1.0,1.0,1.0,3,0.06349206349206349,0.0125
synth-sym-tight,gaussian,1.5,4,cluster2,60,240,threshold,severity,0.8,1.0,1.0,1.0,3,0.0,0.0
synth-sym-tight,gaussian,1.5,4,cluster2,60,240,threshold,symmetric,1.0,1.0,1.0,1.0,3,0.9600000000000001,0.2708333333333333
synth-sym-tight,gaussian,1.5,4,cluster2,60,240,threshold,symmetric,0.95,1.0,1.0,1.0,3,0.20588235294117646,0.03333333333333333
synth-sym-tight,gaussian,1.5,4,cluster2,60,240,threshold,symmetric,0.9,1.0,1.0,1.0,3,0.125,0.016666666666666666
synth-sym-tight,gaussian,1.5,4,cluster2,60,240,threshold,symmetric,0.8,1.0,1.0,1.0,3,0.0,0.0
synth-sym-tight,gaussian,1.5,4,cluster2,60,240,db,severity,1.0,0.5,1.0,0.6666666666666666,6,0.9600000000000001,0.2708333333333333
synth-sym-tight,gaussian,1.5,4,cluster2,60,240,db,severity,0.95,1.0,1.0,1.0,3,0.8727272727272728,0.20833333333333334
synth-sym-tight,gaussian,1.5,4,cluster2,60,240,db,severity,0.9,1.0,0.6666666666666666,0.8,2,0.8141592920353983,0.22083333333333333
synth-sym-tight,gaussian,1.5,4,cluster2,60,240,db,severity,0.8,1.0,0.6666666666666666,0.8,2,0.7524752475247526,0.17083333333333334
synth-sym-tight,gaussian,1.5,4,cluster2,60,240,db,symmetric,1.0,0.5,1.0,0.6666666666666666,6,0.9600000000000001,0.2708333333333333
synth-sym-tight,gaussian,1.5,4,cluster2,60,240,db,symmetric,0.95,1.0,1.0,1.0,3,0.8727272727272728,0.20833333333333334
synth-sym-tight,gaussian,1.5,4,cluster2,60,240,db,symmetric,0.9,1.0,0.6666666666666666,0.8,2,0.8347826086956521,0.22916666666666666
synth-sym-tight,gaussian,1.5,4,cluster2,60,240,db,symmetric,0.8,1.0,0.3333333333333333,0.5,1,0.768,0.2708333333333333
synth-sym-tight,gaussian,1.5,4,cluster3,60,240,threshold,severity,1.0,1.0,1.0,1.0,3,1.0,0.25
synth-sym-tight,gaussian,1.5,4,cluster3,60,240,threshold,severity,0.95,1.0,1.0,1.0,3,0.37837837837837834,0.058333333333333334
synth-sym-tight,gaussian,1.5,4,cluster3,60,240,threshold,severity,0.9,1.0,1.0,1.0,3,0.15384615384615385,0.020833333333333332
synth-sym-tight,gaussian,1.5,4,cluster3,60,240,threshold,severity,0.8,1.0,1.0,1.0,3,0.0,0.0
synth-sym-tight,gaussian,1.5,4,cluster3,60,240,threshold,symmetric,1.0,1.0,1.0,1.0,3,1.0,0.25
synth-sym-tight,gaussian,1.5,4,cluster3,60,240,threshold,symmetric,0.95,1.0,1.0,1.0,3,0.37837837837837834,0.058333333333333334
synth-sym-tight,gaussian,1.5,4,cluster3,60,240,threshold,symmetric,0.9,1.0,1.0,1.0,3,0.2608695652173913,0.0375
synth-sym-tight,gaussian,1.5,4,cluster3,60,240,threshold,symmetric,0.8,1.0,1.0,1.0,3,0.0,0.0
synth-sym-tight,gaussian,1.5,4,cluster3,60,240,db,severity,1.0,0.375,1.0,0.5454545454545454,8,1.0,0.25
synth-sym-tight,gaussian,1.5,4,cluster3,60,240,db,severity,0.95,1.0,1.0,1.0,3,0.8849557522123894,0.22083333333333333
synth-sym-tight,gaussian,1.5,4,cluster3,60,240,db,severity,0.9,1.0,0.6666666666666666,0.8,2,0.817391304347826,0.22916666666666666
synth-sym-tight,gaussian,1.5,4,cluster3,60,240,db,severity,0.8,1.0,0.6666666666666666,0.8,2,0.7184466019417476,0.17916666666666667
synth-sym-tight,gaussian,1.5,4,cluster3,60,240,db,symmetric,1.0,0.375,1.0,0.5454545454545454,8,1.0,0.25
synth-sym-tight,gaussian,1.5,4,cluster3,60,240,db,symmetric,0.95,1.0,1.0,1.0,3,0.8849557522123894,0.22083333333333333
synth-sym-tight,gaussian,1.5,4,cluster3,60,240,db,symmetric,0.9,1.0,0.6666666666666666,0.8,2,0.8376068376068376,0.2375
synth-sym-tight,gaussian,1.5,4,cluster3,60,240,db,symmetric,0.8,1.0,0.6666666666666666,0.8,2,0.7307692307692307,0.18333333333333332
synth-sym-tight,gaussian,1.5,5,cluster0,60,240,threshold,severity,1.0,1.0,1.0,1.0,3,0.9917355371900827,0.25416666666666665
synth-sym-tight,gaussian,1.5,5,cluster0,60,240,threshold,severity,0.95,1.0,1.0,1.0,3,0.17910447761194032,0.029166666666666667
synth-sym-tight,gaussian,1.5,5,cluster0,60,240,threshold,severity,0.9,1.0,1.0,1.0,3,0.06349206349206349,0.0125
synth-sym-tight,gaussian,1.5,5,cluster0,60,240,threshold,severity,0.8,1.0,1.0,1.0,3,0.0,0.0
synth-sym-tight,gaussian,1.5,5,cluster0,60,240,threshold,symmetric,1.0,1.0,1.0,1.0,3,0.9917355371900827,0.25416666666666665
synth-sym-tight,gaussian,1.5,5,cluster0,60,240,threshold,symmetric,0.95,1.0,1.0,1.0,3,0.17910447761194032,0.029166666666666667
synth-sym-tight,gaussian,1.5,5,cluster0,60,240,threshold,symmetric,0.9,1.0,1.0,1.0,3,0.06349206349206349,0.0125
synth-sym-tight,gaussian,1.5,5,cluster0,60,240,threshold,symmetric,0.8,1.0,1.0,1.0,3,0.0,0.0
synth-sym-tight,gaussian,1.5,5,cluster0,60,240,db,severity,1.0,0.3333333333333333,1.0,0.5,9,0.9917355371900827,0.25416666666666665
synth-sym-tight,gaussian,1.5,5,cluster0,60,240,db,severity,0.95,1.0,1.0,1.0,3,0.8672566371681416,0.22083333333333333
synth-sym-tight,gaussian,1.5,5,cluster0,60,240,db,severity,0.9,1.0,0.6666666666666666,0.8,2,0.8448275862068966,0.23333333333333334
synth-sym-tight,gaussian,1.5,5,cluster0,60,240,db,severity,0.8,1.0,0.6666666666666666,0.8,2,0.7307692307692307,0.18333333333333332
synth-sym-tight,gaussian,1.5,5,cluster0,60,240,db,symmetric,1.0,0.3333333333333333,1.0,0.5,9,0.9917355371900827,0.25416666666666665
synth-sym-tight,gaussian,1.5,5,cluster0,60,240,db,symmetric,0.95,1.0,1.0,1.0,3,0.8672566371681416,0.22083333333333333
synth-sym-tight,gaussian,1.5,5,cluster0,60,240,db,symmetric,0.9,1.0,0.6666666666666666,0.8,2,0.8448275862068966,0.23333333333333334
synth-sym-tight,gaussian,1.5,5,cluster0,60,240,db,symmetric,0.8,1.0,0.6666666666666666,0.8,2,0.74,0.16666666666666666
synth-sym-tight,gaussian,1.5,5,cluster1,60,240,threshold,severity,1.0,1.0,1.0,1.0,3,0.967741935483871,0.26666666666666666
synth-sym-tight,gaussian,1.5,5,cluster1,60,240,threshold,severity,0.95,1.0,1.0,1.0,3,0.4415584415584416,0.07083333333333333
synth-sym-tight,gaussian,1.5,5,cluster1,60,240,threshold,severity,0.9,1.0,1.0,1.0,3,0.03278688524590164,0.004166666666666667
synth-sym-tight,gaussian,1.5,5,cluster1,60,240,threshold,severity,0.8,1.0,1.0,1.0,3,0.0,0.0
synth-sym-tight,gaussian,1.5,5,cluster1,60,240,threshold,symmetric,1.0,1.0,1.0,1.0,3,0.967741935483871,0.26666666666666666
synth-sym-tight,gaussian,1.5,5,cluster1,60,240,threshold,symmetric,0.95,1.0,1.0,1.0,3,0.4210526315789474,0.06666666666666667
synth-sym-tight,gaussian,1.5,5,cluster1,60,240,threshold,symmetric,0.9,1.0,1.0,1.0,3,0.09523809523809523,0.0125
synth-sym-tight,gaussian,1.5,5,cluster1,60,240,threshold,symmetric,0.8,1.0,1.0,1.0,3,0.0,0.0
synth-sym-tight,gaussian,1.5,5,cluster1,60,240,db,severity,1.0,0.375,1.0,0.5454545454545454,8,0.967741935483871,0.26666666666666666
synth-sym-tight,gaussian,1.5,5,cluster1,60,240,db,severity,0.95,1.0,1.0,1.0,3,0.8648648648648648,0.2125
synth-sym-tight,gaussian,1.5,5,cluster1,60,240,db,severity,0.9,1.0,0.6666666666666666,0.8,2,0.8305084745762712,0.24166666666666667
synth-sym-tight,gaussian,1.5,5,cluster1,60,240,db,severity,0.8,1.0,0.6666666666666666,0.8,2,0.7358490566037735,0.19166666666666668
synth-sym-tight,gaussian,1.5,5,cluster1,60,240,db,symmetric,1.0,0.375,1.0,0.5454545454545454,8,0.967741935483871,0.26666666666666666
synth-sym-tight,gaussian,1.5,5,cluster1,60,240,db,symmetric,0.95,1.0,1.0,1.0,3,0.8648648648648648,0.2125
synth-sym-tight,gaussian,1.5,5,cluster1,60,240,db,symmetric,0.9,1.0,1.0,1.0,3,0.8411214953271028,0.19583333333333333
synth-sym-tight,gaussian,1.5,5,cluster1,60,240,db,symmetric,0.8,1.0,0.6666666666666666,0.8,2,0.7476635514018691,0.19583333333333333
synth-sym-tight,gaussian,1.5,5,cluster2,60,240,threshold,severity,1.0,1.0,1.0,1.0,3,0.9600000000000001,0.2708333333333333
synth-sym-tight,gaussian,1.5,5,cluster2,60,240,threshold,severity,0.95,1.0,1.0,1.0,3,0.2816901408450704,0.04583333333333333
synth-sym-tight,gaussian,1.5,5,cluster2,60,240,threshold,severity,0.9,1.0,1.0,1.0,3,0.09523809523809523,0.0125
synth-sym-tight,gaussian,1.5,5,cluster2,60,240,threshold,severity,0.8,1.0,1.0,1.0,3,0.0,0.0
synth-sym-tight,gaussian,1.5,5,cluster2,60,240,threshold,symmetric,1.0,1.0,1.0,1.0,3,0.9600000000000001,0.2708333333333333
synth-sym-tight,gaussian,1.5,5,cluster2,60,240,threshold,symmetric,0.95,1.0,1.0,1.0,3,0.2777777777777778,0.05
synth-sym-tight,gaussian,1.5,5,cluster2,60,240,threshold,symmetric,0.9,1.0,1.0,1.0,3,0.15384615384615385,0.020833333333333332
synth-sym-tight,gaussian,1.5,5,cluster2,60,240,threshold,symmetric,0.8,1.0,1.0,1.0,3,0.0,0.0
synth-sym-tight,gaussian,1.5,5,cluster2,60,240,db,severity,1.0,0.5,1.0,0.6666666666666666,6,0.9600000000000001,0.2708333333333333
synth-sym-tight,gaussian,1.5,5,cluster2,60,240,db,severity,0.95,1.0,1.0,1.0,3,0.8648648648648648,0.2125
synth-sym-tight,gaussian,1.5,5,cluster2,60,240,db,severity,0.9,1.0,1.0,1.0,3,0.8190476190476191,0.1875
synth-sym-tight,gaussian,1.5,5,cluster2,60,240,db,severity,0.8,1.0,0.6666666666666666,0.8,2,0.7339449541284403,0.20416666666666666
synth-sym-tight,gaussian,1.5,5,cluster2,60,240,db,symmetric,1.0,0.5,1.0,0.6666666666666666,6,0.9600000000000001,0.2708333333333333
synth-sym-tight,gaussian,1.5,5,cluster2,60,240,db,symmetric,0.95,1.0,1.0,1.0,3,0.8571428571428571,0.21666666666666667
synth-sym-tight,gaussian,1.5,5,cluster2,60,240,db,symmetric,0.9,1.0,1.0,1.0,3,0.8411214953271028,0.19583333333333333
synth-sym-tight,gaussian,1.5,5,cluster2,60,240,db,symmetric,0.8,1.0,0.6666666666666666,0.8,2,0.7378640776699028,0.17916666666666667
synth-sym-tight,gaussian,1.5,5,cluster3,60,240,threshold,severity,1.0,1.0,1.0,1.0,3,1.0,0.25
synth-sym-tight,gaussian,1.5,5,cluster3,60,240,threshold,severity,0.95,1.0,1.0,1.0,3,0.2608695652173913,0.0375
synth-sym-tight,gaussian,1.5,5,cluster3,60,240,threshold,severity,0.9,1.0,1.0,1.0,3,0.03278688524590164,0.004166666666666667
synth-sym-tight,gaussian,1.5,5,cluster3,60,240,threshold,severity,0.8,1.0,1.0,1.0,3,0.0,0.0
synth-sym-tight,gaussian,1.5,5,cluster3,60,240,threshold,symmetric,1.0,1.0,1.0,1.0,3,1.0,0.25
synth-sym-tight,gaussian,1.5,5,cluster3,60,240,threshold,symmetric,0.95,1.0,1.0,1.0,3,0.2608695652173913,0.0375
synth-sym-tight,gaussian,1.5,5,cluster3,60,240,threshold,symmetric,0.9,1.0,1.0,1.0,3,0.125,0.016666666666666666
synth-sym-tight,gaussian,1.5,5,cluster3,60,240,threshold,symmetric,0.8,1.0,1.0,1.0,3,0.0,0.0
synth-sym-tight,gaussian,1.5,5,cluster3,60,240,db,severity,1.0,0.75,1.0,0.8571428571428571,4,1.0,0.25
synth-sym-tight,gaussian,1.5,5,cluster3,60,240,db,severity,0.95,1.0,0.6666666666666666,0.8,2,0.8983050847457628,0.24166666666666667
synth-sym-tight,gaussian,1.5,5,cluster3,60,240,db,severity,0.9,1.0,0.6666666666666666,0.8,2,0.8495575221238938,0.22083333333333333
synth-sym-tight,gaussian,1.5,5,cluster3,60,240,db,severity,0.8,1.0,0.6666666666666666,0.8,2,0.7307692307692307,0.18333333333333332
synth-sym-tight,gaussian,1.5,5,cluster3,60,240,db,symmetric,1.0,0.75,1.0,0.8571428571428571,4,1.0,0.25
synth-sym-tight,gaussian,1.5,5,cluster3,60,240,db,symmetric,0.95,1.0,0.6666666666666666,0.8,2,0.8983050847457628,0.24166666666666667
synth-sym-tight,gaussian,1.5,5,cluster3,60,240,db,symmetric,0.9,1.0,0.6666666666666666,0.8,2,0.8695652173913043,0.22916666666666666
synth-sym-tight,gaussian,1.5,5,cluster3,60,240,db,symmetric,0.8,1.0,0.6666666666666666,0.8,2,0.7766990291262136,0.17916666666666667
synth-sym-tight,gaussian,1.5,6,cluster0,60,240,threshold,severity,1.0,1.0,1.0,1.0,3,0.9523809523809523,0.275
synth-sym-tight,gaussian,1.5,6,cluster0,60,240,threshold,severity,0.95,1.0,1.0,1.0,3,0.2857142857142857,0.041666666666666664
synth-sym-tight,gaussian,1.5,6,cluster0,60,240,threshold,severity,0.9,1.0,1.0,1.0,3,0.06451612903225806,0.008333333333333333
synth-sym-tight,gaussian,1.5,6,cluster0,60,240,threshold,severity,0.8,1.0,1.0,1.0,3,0.03278688524590164,0.004166666666666667
synth-sym-tight,gaussian,1.5,6,cluster0,60,240,threshold,symmetric,1.0,1.0,1.0,1.0,3,0.9523809523809523,0.275
synth-sym-tight,gaussian,1.5,6,cluster0,60,240,threshold,symmetric,0.95,1.0,1.0,1.0,3,0.2857142857142857,0.041666666666666664
synth-sym-tight,gaussian,1.5,6,cluster0,60,240,threshold,symmetric,0.9,1.0,1.0,1.0,3,0.125,0.016666666666666666
synth-sym-tight,gaussian,1.5,6,cluster0,60,240,threshold,symmetric,0.8,1.0,1.0,1.0,3,0.03278688524590164,0.004166666666666667
synth-sym-tight,gaussian,1.5,6,cluster0,60,240,db,severity,1.0,0.42857142857142855,1.0,0.6,7,0.9523809523809523,0.275
synth-sym-tight,gaussian,1.5,6,cluster0,60,240,db,severity,0.95,1.0,1.0,1.0,3,0.8672566371681416,0.22083333333333333
synth-sym-tight,gaussian,1.5,6,cluster0,60,240,db,severity,0.9,1.0,0.6666666666666666,0.8,2,0.8135593220338982,0.24166666666666667
synth-sym-tight,gaussian,1.5,6,cluster0,60,240,db,severity,0.8,1.0,0.6666666666666666,0.8,2,0.7450980392156863,0.175
synth-sym-tight,gaussian,1.5,6,cluster0,60,240,db,symmetric,1.0,0.42857142857142855,1.0,0.6,7,0.9523809523809523,0.275
synth-sym-tight,gaussian,1.5,6,cluster0,60,240,db,symmetric,0.95,1.0,1.0,1.0,3,0.8672566371681416,0.22083333333333333
synth-sym-tight,gaussian,1.5,6,cluster0,60,240,db,symmetric,0.9,0.6666666666666666,0.6666666666666666,0.6666666666666666,3,0.8363636363636363,0.20833333333333334
synth-sym-tight,gaussian,1.5,6,cluster0,60,240,db,symmetric,0.8,1.0,0.6666666666666666,0.8,2,0.7572815533980582,0.17916666666666667
synth-sym-tight,gaussian,1.5,6,cluster1,60,240,threshold,severity,1.0,1.0,1.0,1.0,3,0.9375,0.2833333333333333
synth-sym-tight,gaussian,1.5,6,cluster1,60,240,threshold,severity,0.95,1.0,1.0,1.0,3,0.3055555555555556,0.05
synth-sym-tight,gaussian,1.5,6,cluster1,60,240,threshold,severity,0.9,1.0,1.0,1.0,3,0.09523809523809523,0.0125
synth-sym-tight,gaussian,1.5,6,cluster1,60,240,threshold,severity,0.8,1.0,1.0,1.0,3,0.03278688524590164,0.004166666666666667
synth-sym-tight,gaussian,1.5,6,cluster1,60,240,threshold,symmetric,1.0,1.0,1.0,1.0,3,0.9375,0.2833333333333333
synth-sym-tight,gaussian,1.5,6,cluster1,60,240,threshold,symmetric,0.95,1.0,1.0,1.0,3,0.3055555555555556,0.05
synth-sym-tight,gaussian,1.5,6,cluster1,60,240,threshold,symmetric,0.9,1.0,1.0,1.0,3,0.12307692307692308,0.020833333333333332
synth-sym-tight,gaussian,1.5,6,cluster1,60,240,threshold,symmetric,0.8,1.0,1.0,1.0,3,0.03278688524590164,0.004166666666666667
synth-sym-tight,gaussian,1.5,6,cluster1,60,240,db,severity,1.0,0.42857142857142855,1.0,0.6,7,0.9375,0.2833333333333333
synth-sym-tight,gaussian,1.5,6,cluster1,60,240,db,severity,0.95,1.0,1.0,1.0,3,0.8448275862068966,0.23333333333333334
synth-sym-tight,gaussian,1.5,6,cluster1,60,240,db,severity,0.9,1.0,0.6666666666666666,0.8,2,0.8318584070796461,0.22083333333333333
synth-sym-tight,gaussian,1.5,6,cluster1,60,240,db,severity,0.8,1.0,0.6666666666666666,0.8,2,0.7307692307692307,0.18333333333333332
synth-sym-tight,gaussian,1.5,6,cluster1,60,240,db,symmetric,1.0,0.42857142857142855,1.0,0.6,7,0.9375,0.2833333333333333
synth-sym-tight,gaussian,1.5,6,cluster1,60,240,db,symmetric,0.95,0.75,1.0,0.8571428571428571,4,0.8495575221238938,0.22083333333333333
synth-sym-tight,gaussian,1.5,6,cluster1,60,240,db,symmetric,0.9,1.0,0.6666666666666666,0.8,2,0.8521739130434782,0.22916666666666666
synth-sym-tight,gaussian,1.5,6,cluster1,60,240,db,symmetric,0.8,1.0,0.6666666666666666,0.8,2,0.7289719626168223,0.19583333333333333
synth-sym-tight,gaussian,1.5,6,cluster2,60,240,threshold,severity,1.0,1.0,1.0,1.0,3,0.967741935483871,0.26666666666666666
synth-sym-tight,gaussian,1.5,6,cluster2,60,240,threshold,severity,0.95,1.0,1.0,1.0,3,0.23529411764705882,0.03333333333333333
synth-sym-tight,gaussian,1.5,6,cluster2,60,240,threshold,severity,0.9,1.0,1.0,1.0,3,0.06451612903225806,0.008333333333333333
synth-sym-tight,gaussian,1.5,6,cluster2,60,240,threshold,severity,0.8,1.0,1.0,1.0,3,0.0,0.0
synth-sym-tight,gaussian,1.5,6,cluster2,60,240,threshold,symmetric,1.0,1.0,1.0,1.0,3,0.967741935483871,0.26666666666666666
synth-sym-tight,gaussian,1.5,6,cluster2,60,240,threshold,symmetric,0.95,1.0,1.0,1.0,3,0.23529411764705882,0.03333333333333333
synth-sym-tight,gaussian,1.5,6,cluster2,60,240,threshold,symmetric,0.9,1.0,1.0,1.0,3,0.15384615384615385,0.020833333333333332
synth-sym-tight,gaussian,1.5,6,cluster2,60,240,threshold,symmetric,0.8,1.0,1.0,1.0,3,0.0,0.0
synth-sym-tight,gaussian,1.5,6,cluster2,60,240,db,severity,1.0,0.2727272727272727,1.0,0.42857142857142855,11,0.967741935483871,0.26666666666666666
synth-sym-tight,gaussian,1.5,6,cluster2,60,240,db,severity,0.95,1.0,1.0,1.0,3,0.8596491228070176,0.225
synth-sym-tight,gaussian,1.5,6,cluster2,60,240,db,severity,0.9,1.0,0.6666666666666666,0.8,2,0.8135593220338982,0.24166666666666667
synth-sym-tight,gaussian,1.5,6,cluster2,60,240,db,severity,0.8,1.0,0.6666666666666666,0.8,2,0.7254901960784315,0.175
synth-sym-tight,gaussian,1.5,6,cluster2,60,240,db,symmetric,1.0,0.2727272727272727,1.0,0.42857142857142855,11,0.967741935483871,0.26666666666666666
synth-sym-tight,gaussian,1.5,6,cluster2,60,240,db,symmetric,0.95,1.0,1.0,1.0,3,0.8521739130434782,0.22916666666666666
synth-sym-tight,gaussian,1.5,6,cluster2,60,240,db,symmetric,0.9,1.0,1.0,1.0,3,0.8411214953271028,0.19583333333333333
synth-sym-tight,gaussian,1.5,6,cluster2,60,240,db,symmetric,0.8,1.0,0.6666666666666666,0.8,2,0.7428571428571429,0.1875
synth-sym-tight,gaussian,1.5,6,cluster3,60,240,threshold,severity,1.0,1.0,1.0,1.0,3,0.9917355371900827,0.25416666666666665
synth-sym-tight,gaussian,1.5,6,cluster3,60,240,threshold,severity,0.95,1.0,1.0,1.0,3,0.2608695652173913,0.0375
synth-sym-tight,gaussian,1.5,6,cluster3,60,240,threshold,severity,0.9,1.0,1.0,1.0,3,0.06451612903225806,0.008333333333333333
synth-sym-tight,gaussian,1.5,6,cluster3,60,240,threshold,severity,0.8,1.0,1.0,1.0,3,0.0,0.0
synth-sym-tight,gaussian,1.5,6,cluster3,60,240,threshold,symmetric,1.0,1.0,1.0,1.0,3,0.9917355371900827,0.25416666666666665
synth-sym-tight,gaussian,1.5,6,cluster3,60,240,threshold,symmetric,0.95,1.0,1.0,1.0,3,0.2608695652173913,0.0375
synth-sym-tight,gaussian,1.5,6,cluster3,60,240,threshold,symmetric,0.9,1.0,1.0,1.0,3,0.09523809523809523,0.0125
synth-sym-tight,gaussian,1.5,6,cluster3,60,240,threshold,symmetric,0.8,1.0,1.0,1.0,3,0.0,0.0
synth-sym-tight,gaussian,1.5,6,cluster3,60,240,db,severity,1.0,0.75,1.0,0.8571428571428571,4,0.9917355371900827,0.25416666666666665
synth-sym-tight,gaussian,1.5,6,cluster3,60,240,db,severity,0.95,1.0,1.0,1.0,3,0.882882882882883,0.2125
synth-sym-tight,gaussian,1.5,6,cluster3,60,240,db,severity,0.9,1.0,0.6666666666666666,0.8,2,0.8421052631578948,0.225
synth-sym-tight,gaussian,1.5,6,cluster3,60,240,db,severity,0.8,1.0,0.6666666666666666,0.8,2,0.7524752475247526,0.17083333333333334
synth-sym-tight,gaussian,1.5,6,cluster3,60,240,db,symmetric,1.0,0.75,1.0,0.8571428571428571,4,0.9917355371900827,0.25416666666666665
synth-sym-tight,gaussian,1.5,6,cluster3,60,240,db,symmetric,0.95,1.0,1.0,1.0,3,0.882882882882883,0.2125
synth-sym-tight,gaussian,1.5,6,cluster3,60,240,db,symmetric,0.9,1.0,0.6666666666666666,0.8,2,0.8521739130434782,0.22916666666666666
synth-sym-tight,gaussian,1.5,6,cluster3,60,240,db,symmetric,0.8,1.0,0.6666666666666666,0.8,2,0.7692307692307692,0.18333333333333332
synth-sym-tight,gaussian,1.5,7,cluster0,60,240,threshold,severity,1.0,1.0,1.0,1.0,3,0.9523809523809523,0.275
synth-sym-tight,gaussian,1.5,7,cluster0,60,240,threshold,severity,0.95,1.0,1.0,1.0,3,0.208955223880597,0.029166666666666667
synth-sym-tight,gaussian,1.5,7,cluster0,60,240,threshold,severity,0.9,1.0,1.0,1.0,3,0.03278688524590164,0.004166666666666667
synth-sym-tight,gaussian,1.5,7,cluster0,60,240,threshold,severity,0.8,1.0,1.0,1.0,3,0.0,0.0
synth-sym-tight,gaussian,1.5,7,cluster0,60,240,threshold,symmetric,1.0,1.0,1.0,1.0,3,0.9523809523809523,0.275
synth-sym-tight,gaussian,1.5,7,cluster0,60,240,threshold,symmetric,0.95,1.0,1.0,1.0,3,0.2318840579710145,0.0375
synth-sym-tight,gaussian,1.5,7,cluster0,60,240,threshold,symmetric,0.9,1.0,1.0,1.0,3,0.09523809523809523,0.0125
synth-sym-tight,gaussian,1.5,7,cluster0,60,240,threshold,symmetric,0.8,1.0,1.0,1.0,3,0.0,0.0
synth-sym-tight,gaussian,1.5,7,cluster0,60,240,db,severity,1.0,0.3333333333333333,1.0,0.5,9,0.9523809523809523,0.275
synth-sym-tight,gaussian,1.5,7,cluster0,60,240,db,severity,0.95,1.0,1.0,1.0,3,0.8448275862068966,0.23333333333333334
synth-sym-tight,gaussian,1.5,7,cluster0,60,240,db,severity,0.9,1.0,0.6666666666666666,0.8,2,0.8103448275862069,0.23333333333333334
synth-sym-tight,gaussian,1.5,7,cluster0,60,240,db,severity,0.8,1.0,0.6666666666666666,0.8,2,0.7184466019417476,0.17916666666666667
synth-sym-tight,gaussian,1.5,7,cluster0,60,240,db,symmetric,1.0,0.3333333333333333,1.0,0.5,9,0.9523809523809523,0.275
synth-sym-tight,gaussian,1.5,7,cluster0,60,240,db,symmetric,0.95,1.0,1.0,1.0,3,0.8448275862068966,0.23333333333333334
synth-sym-tight,gaussian,1.5,7,cluster0,60,240,db,symmetric,0.9,1.0,0.6666666666666666,0.8,2,0.8305084745762712,0.24166666666666667
synth-sym-tight,gaussian,1.5,7,cluster0,60,240,db,symmetric,0.8,1.0,0.6666666666666666,0.8,2,0.7428571428571429,0.1875
synth-sym-tight,gaussian,1.5,7,cluster1,60,240,threshold,severity,1.0,1.0,1.0,1.0,3,0.9836065573770492,0.25833333333333336
synth-sym-tight,gaussian,1.5,7,cluster1,60,240,threshold,severity,0.95,1.0,1.0,1.0,3,0.09523809523809523,0.0125
synth-sym-tight,gaussian,1.5,7,cluster1,60,240,threshold,severity,0.9,1.0,1.0,1.0,3,0.03278688524590164,0.004166666666666667
synth-sym-tight,gaussian,1.5,7,cluster1,60,240,threshold,severity,0.8,1.0,1.0,1.0,3,0.0,0.0
synth-sym-tight,gaussian,1.5,7,cluster1,60,240,threshold,symmetric,1.0,1.0,1.0,1.0,3,0.9836065573770492,0.25833333333333336
synth-sym-tight,gaussian,1.5,7,cluster1,60,240,threshold,symmetric,0.95,1.0,1.0,1.0,3,0.09523809523809523,0.0125
synth-sym-tight,gaussian,1.5,7,cluster1,60,240,threshold,symmetric,0.9,1.0,1.0,1.0,3,0.06451612903225806,0.008333333333333333
synth-sym-tight,gaussian,1.5,7,cluster1,60,240,threshold,symmetric,0.8,1.0,1.0,1.0,3,0.0,0.0
synth-sym-tight,gaussian,1.5,7,cluster1,60,240,db,severity,1.0,0.6,1.0,0.7499999999999999,5,0.9836065573770492,0.25833333333333336
synth-sym-tight,gaussian,1.5,7,cluster1,60,240,db,severity,0.95,1.0,1.0,1.0,3,0.890909090909091,0.20833333333333334
synth-sym-tight,gaussian,1.5,7,cluster1,60,240,db,severity,0.9,1.0,0.6666666666666666,0.8,2,0.8288288288288289,0.2125
synth-sym-tight,gaussian,1.5,7,cluster1,60,240,db,severity,0.8,1.0,0.6666666666666666,0.8,2,0.7289719626168223,0.19583333333333333
synth-sym-tight,gaussian,1.5,7,cluster1,60,240,db,symmetric,1.0,0.6,1.0,0.7499999999999999,5,0.9836065573770492,0.25833333333333336
synth-sym-tight,gaussian,1.5,7,cluster1,60,240,db,symmetric,0.95,1.0,1.0,1.0,3,0.890909090909091,0.20833333333333334
synth-sym-tight,gaussian,1.5,7,cluster1,60,240,db,symmetric,0.9,1.0,0.6666666666666666,0.8,2,0.8495575221238938,0.22083333333333333
synth-sym-tight,gaussian,1.5,7,cluster1,60,240,db,symmetric,0.8,1.0,0.6666666666666666,0.8,2,0.766355140186916,0.19583333333333333
synth-sym-tight,gaussian,1.5,7,cluster2,60,240,threshold,severity,1.0,1.0,1.0,1.0,3,0.975609756097561,0.2625
synth-sym-tight,gaussian,1.5,7,cluster2,60,240,threshold,severity,0.95,1.0,1.0,1.0,3,0.2608695652173913,0.0375
synth-sym-tight,gaussian,1.5,7,cluster2,60,240,threshold,severity,0.9,1.0,1.0,1.0,3,0.06451612903225806,0.008333333333333333
synth-sym-tight,gaussian,1.5,7,cluster2,60,240,threshold,severity,0.8,1.0,1.0,1.0,3,0.0,0.0
synth-sym-tight,gaussian,1.5,7,cluster2,60,240,threshold,symmetric,1.0,1.0,1.0,1.0,3,0.975609756097561,0.2625
synth-sym-tight,gaussian,1.5,7,cluster2,60,240,threshold,symmetric,0.95,1.0,1.0,1.0,3,0.23529411764705882,0.03333333333333333
synth-sym-tight,gaussian,1.5,7,cluster2,60,240,threshold,symmetric,0.9,1.0,1.0,1.0,3,0.09523809523809523,0.0125
synth-sym-tight,gaussian,1.5,7,cluster2,60,240,threshold,symmetric,0.8,1.0,1.0,1.0,3,0.0,0.0
synth-sym-tight,gaussian,1.5,7,cluster2,60,240,db,severity,1.0,1.0,1.0,1.0,3,0.975609756097561,0.2625
synth-sym-tight,gaussian,1.5,7,cluster2,60,240,db,severity,0.95,1.0,1.0,1.0,3,0.890909090909091,0.20833333333333334
synth-sym-tight,gaussian,1.5,7,cluster2,60,240,db,severity,0.9,1.0,0.6666666666666666,0.8,2,0.8571428571428571,0.21666666666666667
synth-sym-tight,gaussian,1.5,7,cluster2,60,240,db,severity,0.8,1.0,0.6666666666666666,0.8,2,0.7272727272727274,0.1625
synth-sym-tight,gaussian,1.5,7,cluster2,60,240,db,symmetric,1.0,1.0,1.0,1.0,3,0.975609756097561,0.2625
synth-sym-tight,gaussian,1.5,7,cluster2,60,240,db,symmetric,0.95,1.0,1.0,1.0,3,0.890909090909091,0.20833333333333334
synth-sym-tight,gaussian,1.5,7,cluster2,60,240,db,symmetric,0.9,1.0,0.6666666666666666,0.8,2,0.8771929824561403,0.225
synth-sym-tight,gaussian,1.5,7,cluster2,60,240,db,symmetric,0.8,1.0,0.6666666666666666,0.8,2,0.7524752475247526,0.17083333333333334
synth-sym-tight,gaussian,1.5,7,cluster3,60,240,threshold,severity,1.0,1.0,1.0,1.0,3,0.975609756097561,0.2625
synth-sym-tight,gaussian,1.5,7,cluster3,60,240,threshold,severity,0.95,1.0,1.0,1.0,3,0.3561643835616438,0.05416666666666667
synth-sym-tight,gaussian,1.5,7,cluster3,60,240,threshold,severity,0.9,1.0,1.0,1.0,3,0.06451612903225806,0.008333333333333333
synth-sym-tight,gaussian,1.5,7,cluster3,60,240,threshold,severity,0.8,1.0,1.0,1.0,3,0.0,0.0
synth-sym-tight,gaussian,1.5,7,cluster3,60,240,threshold,symmetric,1.0,1.0,1.0,1.0,3,0.975609756097561,0.2625
synth-sym-tight,gaussian,1.5,7,cluster3,60,240,threshold,symmetric,0.95,1.0,1.0,1.0,3,0.3561643835616438,0.05416666666666667
synth-sym-tight,gaussian,1.5,7,cluster3,60,240,threshold,symmetric,0.9,1.0,1.0,1.0,3,0.125,0.016666666666666666
synth-sym-tight,gaussian,1.5,7,cluster3,60,240,threshold,symmetric,0.8,1.0,1.0,1.0,3,0.0,0.0
synth-sym-tight,gaussian,1.5,7,cluster3,60,240,db,severity,1.0,0.3333333333333333,1.0,0.5,9,0.975609756097561,0.2625
synth-sym-tight,gaussian,1.5,7,cluster3,60,240,db,severity,0.95,1.0,1.0,1.0,3,0.890909090909091,0.20833333333333334
synth-sym-tight,gaussian,1.5,7,cluster3,60,240,db,severity,0.9,1.0,0.6666666666666666,0.8,2,0.817391304347826,0.22916666666666666
synth-sym-tight,gaussian,1.5,7,cluster3,60,240,db,severity,0.8,1.0,0.6666666666666666,0.8,2,0.7358490566037735,0.19166666666666668
synth-sym-tight,gaussian,1.5,7,cluster3,60,240,db,symmetric,1.0,0.3333333333333333,1.0,0.5,9,0.975609756097561,0.2625
synth-sym-tight,gaussian,1.5,7,cluster3,60,240,db,symmetric,0.95,1.0,1.0,1.0,3,0.890909090909091,0.20833333333333334
synth-sym-tight,gaussian,1.5,7,cluster3,60,240,db,symmetric,0.9,1.0,1.0,1.0,3,0.849056603773585,0.19166666666666668
synth-sym-tight,gaussian,1.5,7,cluster3,60,240,db,symmetric,0.8,1.0,0.6666666666666666,0.8,2,0.7476635514018691,0.19583333333333333
synth-sym-tight,gaussian,1.5,8,cluster0,60,240,threshold,severity,1.0,1.0,1.0,1.0,3,0.9302325581395349,0.2875
synth-sym-tight,gaussian,1.5,8,cluster0,60,240,threshold,severity,0.95,1.0,1.0,1.0,3,0.33333333333333337,0.05
synth-sym-tight,gaussian,1.5,8,cluster0,60,240,threshold,severity,0.9,1.0,1.0,1.0,3,0.06451612903225806,0.008333333333333333
synth-sym-tight,gaussian,1.5,8,cluster0,60,240,threshold,severity,0.8,1.0,1.0,1.0,3,0.0,0.0
synth-sym-tight,gaussian,1.5,8,cluster0,60,240,threshold,symmetric,1.0,1.0,1.0,1.0,3,0.9302325581395349,0.2875
synth-sym-tight,gaussian,1.5,8,cluster0,60,240,threshold,symmetric,0.95,1.0,1.0,1.0,3,0.33333333333333337,0.05
synth-sym-tight,gaussian,1.5,8,cluster0,60,240,threshold,symmetric,0.9,1.0,1.0,1.0,3,0.125,0.016666666666666666
synth-sym-tight,gaussian,1.5,8,cluster0,60,240,threshold,symmetric,0.8,1.0,1.0,1.0,3,0.0,0.0
synth-sym-tight,gaussian,1.5,8,cluster0,60,240,db,severity,1.0,0.25,1.0,0.4,12,0.9302325581395349,0.2875
synth-sym-tight,gaussian,1.5,8,cluster0,60,240,db,severity,0.95,1.0,1.0,1.0,3,0.882882882882883,0.2125
synth-sym-tight,gaussian,1.5,8,cluster0,60,240,db,severity,0.9,1.0,1.0,1.0,3,0.8155339805825242,0.17916666666666667
synth-sym-tight,gaussian,1.5,8,cluster0,60,240,db,severity,0.8,1.0,0.3333333333333333,0.5,1,0.7230769230769231,0.2916666666666667
synth-sym-tight,gaussian,1.5,8,cluster0,60,240,db,symmetric,1.0,0.25,1.0,0.4,12,0.9302325581395349,0.2875
synth-sym-tight,gaussian,1.5,8,cluster0,60,240,db,symmetric,0.95,1.0,1.0,1.0,3,0.882882882882883,0.2125
synth-sym-tight,gaussian,1.5,8,cluster0,60,240,db,symmetric,0.9,1.0,1.0,1.0,3,0.838095238095238,0.1875
synth-sym-tight,gaussian,1.5,8,cluster0,60,240,db,symmetric,0.8,1.0,0.6666666666666666,0.8,2,0.7339449541284403,0.20416666666666666
synth-sym-tight,gaussian,1.5,8,cluster1,60,240,threshold,severity,1.0,1.0,1.0,1.0,3,0.967741935483871,0.26666666666666666
synth-sym-tight,gaussian,1.5,8,cluster1,60,240,threshold,severity,0.95,1.0,1.0,1.0,3,0.3561643835616438,0.05416666666666667
synth-sym-tight,gaussian,1.5,8,cluster1,60,240,threshold,severity,0.9,1.0,1.0,1.0,3,0.208955223880597,0.029166666666666667
synth-sym-tight,gaussian,1.5,8,cluster1,60,240,threshold,severity,0.8,1.0,1.0,1.0,3,0.03278688524590164,0.004166666666666667
synth-sym-tight,gaussian,1.5,8,cluster1,60,240,threshold,symmetric,1.0,1.0,1.0,1.0,3,0.967741935483871,0.26666666666666666
synth-sym-tight,gaussian,1.5,8,cluster1,60,240,threshold,symmetric,0.95,1.0,1.0,1.0,3,0.3561643835616438,0.05416666666666667
synth-sym-tight,gaussian,1.5,8,cluster1,60,240,threshold,symmetric,0.9,1.0,1.0,1.0,3,0.23529411764705882,0.03333333333333333
synth-sym-tight,gaussian,1.5,8,cluster1,60,240,threshold,symmetric,0.8,1.0,1.0,1.0,3,0.03278688524590164,0.004166666666666667
synth-sym-tight,gaussian,1.5,8,cluster1,60,240,db,severity,1.0,1.0,1.0,1.0,3,0.967741935483871,0.26666666666666666
synth-sym-tight,gaussian,1.5,8,cluster1,60,240,db,severity,0.95,1.0,1.0,1.0,3,0.8990825688073394,0.20416666666666666
synth-sym-tight,gaussian,1.5,8,cluster1,60,240,db,severity,0.9,1.0,0.6666666666666666,0.8,2,0.8727272727272728,0.20833333333333334
synth-sym-tight,gaussian,1.5,8,cluster1,60,240,db,severity,0.8,1.0,0.3333333333333333,0.5,1,0.768,0.2708333333333333
synth-sym-tight,gaussian,1.5,8,cluster1,60,240,db,symmetric,1.0,1.0,1.0,1.0,3,0.967741935483871,0.26666666666666666
synth-sym-tight,gaussian,1.5,8,cluster1,60,240,db,symmetric,0.95,1.0,1.0,1.0,3,0.8990825688073394,0.20416666666666666
synth-sym-tight,gaussian,1.5,8,cluster1,60,240,db,symmetric,0.9,1.0,0.6666666666666666,0.8,2,0.8727272727272728,0.20833333333333334
synth-sym-tight,gaussian,1.5,8,cluster1,60,240,db,symmetric,0.8,1.0,0.3333333333333333,0.5,1,0.768,0.2708333333333333
synth-sym-tight,gaussian,1.5,8,cluster2,60,240,threshold,severity,1.0,0.6666666666666666,0.6666666666666666,0.6666666666666666,3,0.9448818897637796,0.2791666666666667
synth-sym-tight,gaussian,1.5,8,cluster2,60,240,threshold,severity,0.95,1.0,1.0,1.0,3,0.208955223880597,0.029166666666666667
synth-sym-tight,gaussian,1.5,8,cluster2,60,240,threshold,severity,0.9,1.0,1.0,1.0,3,0.06451612903225806,0.008333333333333333
synth-sym-tight,gaussian,1.5,8,cluster2,60,240,threshold,severity,0.8,1.0,1.0,1.0,3,0.03278688524590164,0.004166666666666667
synth-sym-tight,gaussian,1.5,8,cluster2,60,240,threshold,symmetric,1.0,0.6666666666666666,0.6666666666666666,0.6666666666666666,3,0.9448818897637796,0.2791666666666667
synth-sym-tight,gaussian,1.5,8,cluster2,60,240,threshold,symmetric,0.95,1.0,1.0,1.0,3,0.208955223880597,0.029166666666666667
synth-sym-tight,gaussian,1.5,8,cluster2,60,240,threshold,symmetric,0.9,1.0,1.0,1.0,3,0.09523809523809523,0.0125
synth-sym-tight,gaussian,1.5,8,cluster2,60,240,threshold,symmetric,0.8,1.0,1.0,1.0,3,0.03278688524590164,0.004166666666666667
synth-sym-tight,gaussian,1.5,8,cluster2,60,240,db,severity,1.0,0.42857142857142855,1.0,0.6,7,0.9448818897637796,0.2791666666666667
synth-sym-tight,gaussian,1.5,8,cluster2,60,240,db,severity,0.95,1.0,1.0,1.0,3,0.8849557522123894,0.22083333333333333
synth-sym-tight,gaussian,1.5,8,cluster2,60,240,db,severity,0.9,1.0,0.6666666666666666,0.8,2,0.8135593220338982,0.24166666666666667
synth-sym-tight,gaussian,1.5,8,cluster2,60,240,db,severity,0.8,1.0,0.6666666666666666,0.8,2,0.7326732673267328,0.17083333333333334
synth-sym-tight,gaussian,1.5,8,cluster2,60,240,db,symmetric,1.0,0.42857142857142855,1.0,0.6,7,0.9448818897637796,0.2791666666666667
synth-sym-tight,gaussian,1.5,8,cluster2,60,240,db,symmetric,0.95,1.0,1.0,1.0,3,0.8695652173913043,0.22916666666666666
synth-sym-tight,gaussian,1.5,8,cluster2,60,240,db,symmetric,0.9,1.0,0.6666666666666666,0.8,2,0.8333333333333334,0.25
synth-sym-tight,gaussian,1.5,8,cluster2,60,240,db,symmetric,0.8,1.0,0.6666666666666666,0.8,2,0.7572815533980582,0.17916666666666667
synth-sym-tight,gaussian,1.5,8,cluster3,60,240,threshold,severity,1.0,1.0,1.0,1.0,3,0.9917355371900827,0.25416666666666665
synth-sym-tight,gaussian,1.5,8,cluster3,60,240,threshold,severity,0.95,1.0,1.0,1.0,3,0.2816901408450704,0.04583333333333333
synth-sym-tight,gaussian,1.5,8,cluster3,60,240,threshold,severity,0.9,1.0,1.0,1.0,3,0.03278688524590164,0.004166666666666667
synth-sym-tight,gaussian,1.5,8,cluster3,60,240,threshold,severity,0.8,1.0,1.0,1.0,3,0.0,0.0
synth-sym-tight,gaussian,1.5,8,cluster3,60,240,threshold,symmetric,1.0,1.0,1.0,1.0,3,0.9917355371900827,0.25416666666666665
synth-sym-tight,gaussian,1.5,8,cluster3,60,240,threshold,symmetric,0.95,1.0,1.0,1.0,3,0.2816901408450704,0.04583333333333333
synth-sym-tight,gaussian,1.5,8,cluster3,60,240,threshold,symmetric,0.9,1.0,1.0,1.0,3,0.06451612903225806,0.008333333333333333
synth-sym-tight,gaussian,1.5,8,cluster3,60,240,threshold,symmetric,0.8,1.0,1.0,1.0,3,0.0,0.0
synth-sym-tight,gaussian,1.5,8,cluster3,60,240,db,severity,1.0,0.75,1.0,0.8571428571428571,4,0.9917355371900827,0.25416666666666665
synth-sym-tight,gaussian,1.5,8,cluster3,60,240,db,severity,0.95,1.0,1.0,1.0,3,0.8928571428571429,0.21666666666666667
synth-sym-tight,gaussian,1.5,8,cluster3,60,240,db,severity,0.9,1.0,0.6666666666666666,0.8,2,0.8275862068965518,0.23333333333333334
synth-sym-tight,gaussian,1.5,8,cluster3,60,240,db,severity,0.8,1.0,0.6666666666666666,0.8,2,0.74,0.16666666666666666
synth-sym-tight,gaussian,1.5,8,cluster3,60,240,db,symmetric,1.0,0.75,1.0,0.8571428571428571,4,0.9917355371900827,0.25416666666666665
synth-sym-tight,gaussian,1.5,8,cluster3,60,240,db,symmetric,0.95,1.0,1.0,1.0,3,0.8928571428571429,0.21666666666666667
synth-sym-tight,gaussian,1.5,8,cluster3,60,240,db,symmetric,0.9,1.0,1.0,1.0,3,0.849056603773585,0.19166666666666668
synth-sym-tight,gaussian,1.5,8,cluster3,60,240,db,symmetric,0.8,1.0,0.6666666666666666,0.8,2,0.7722772277227723,0.17083333333333334
synth-sym-tight,gaussian,1.5,9,cluster0,60,240,threshold,severity,1.0,1.0,1.0,1.0,3,0.975609756097561,0.2625
synth-sym-tight,gaussian,1.5,9,cluster0,60,240,threshold,severity,0.95,1.0,1.0,1.0,3,0.30985915492957744,0.04583333333333333
synth-sym-tight,gaussian,1.5,9,cluster0,60,240,threshold,severity,0.9,1.0,1.0,1.0,3,0.06451612903225806,0.008333333333333333
synth-sym-tight,gaussian,1.5,9,cluster0,60,240,threshold,severity,0.8,1.0,1.0,1.0,3,0.0,0.0
synth-sym-tight,gaussian,1.5,9,cluster0,60,240,threshold,symmetric,1.0,1.0,1.0,1.0,3,0.975609756097561,0.2625
synth-sym-tight,gaussian,1.5,9,cluster0,60,240,threshold,symmetric,0.95,1.0,1.0,1.0,3,0.30985915492957744,0.04583333333333333
synth-sym-tight,gaussian,1.5,9,cluster0,60,240,threshold,symmetric,0.9,1.0,1.0,1.0,3,0.09523809523809523,0.0125
synth-sym-tight,gaussian,1.5,9,cluster0,60,240,threshold,symmetric,0.8,1.0,1.0,1.0,3,0.0,0.0
synth-sym-tight,gaussian,1.5,9,cluster0,60,240,db,severity,1.0,0.42857142857142855,1.0,0.6,7,0.975609756097561,0.2625
synth-sym-tight,gaussian,1.5,9,cluster0,60,240,db,severity,0.95,0.75,1.0,0.8571428571428571,4,0.8785046728971964,0.19583333333333333
synth-sym-tight,gaussian,1.5,9,cluster0,60,240,db,severity,0.9,1.0,0.6666666666666666,0.8,2,0.8392857142857143,0.21666666666666667
synth-sym-tight,gaussian,1.5,9,cluster0,60,240,db,severity,0.8,1.0,0.3333333333333333,0.5,1,0.7704918032786884,0.25833333333333336
synth-sym-tight,gaussian,1.5,9,cluster0,60,240,db,symmetric,1.0,0.42857142857142855,1.0,0.6,7,0.975609756097561,0.2625
synth-sym-tight,gaussian,1.5,9,cluster0,60,240,db,symmetric,0.95,0.75,1.0,0.8571428571428571,4,0.8785046728971964,0.19583333333333333
synth-sym-tight,gaussian,1.5,9,cluster0,60,240,db,symmetric,0.9,1.0,0.6666666666666666,0.8,2,0.8521739130434782,0.22916666666666666
synth-sym-tight,gaussian,1.5,9,cluster0,60,240,db,symmetric,0.8,1.0,0.6666666666666666,0.8,2,0.78,0.16666666666666666
synth-sym-tight,gaussian,1.5,9,cluster1,60,240,threshold,severity,1.0,1.0,1.0,1.0,3,0.9917355371900827,0.25416666666666665
synth-sym-tight,gaussian,1.5,9,cluster1,60,240,threshold,severity,0.95,1.0,1.0,1.0,3,0.208955223880597,0.029166666666666667
synth-sym-tight,gaussian,1.5,9,cluster1,60,240,threshold,severity,0.9,1.0,1.0,1.0,3,0.09523809523809523,0.0125
synth-sym-tight,gaussian,1.5,9,cluster1,60,240,threshold,severity,0.8,1.0,1.0,1.0,3,0.03278688524590164,0.004166666666666667
synth-sym-tight,gaussian,1.5,9,cluster1,60,240,threshold,symmetric,1.0,1.0,1.0,1.0,3,0.9917355371900827,0.25416666666666665
synth-sym-tight,gaussian,1.5,9,cluster1,60,240,threshold,symmetric,0.95,1.0,1.0,1.0,3,0.208955223880597,0.029166666666666667
synth-sym-tight,gaussian,1.5,9,cluster1,60,240,threshold,symmetric,0.9,1.0,1.0,1.0,3,0.15384615384615385,0.020833333333333332
synth-sym-tight,gaussian,1.5,9,cluster1,60,240,threshold,symmetric,0.8,1.0,1.0,1.0,3,0.03278688524590164,0.004166666666666667
synth-sym-tight,gaussian,1.5,9,cluster1,60,240,db,severity,1.0,0.5,1.0,0.6666666666666666,6,0.9917355371900827,0.25416666666666665
synth-sym-tight,gaussian,1.5,9,cluster1,60,240,db,severity,0.95,1.0,1.0,1.0,3,0.8990825688073394,0.20416666666666666
synth-sym-tight,gaussian,1.5,9,cluster1,60,240,db,severity,0.9,1.0,1.0,1.0,3,0.8235294117647058,0.175
synth-sym-tight,gaussian,1.5,9,cluster1,60,240,db,severity,0.8,1.0,0.6666666666666666,0.8,2,0.7450980392156863,0.175
synth-sym-tight,gaussian,1.5,9,cluster1,60,240,db,symmetric,1.0,0.5,1.0,0.6666666666666666,6,0.9917355371900827,0.25416666666666665
synth-sym-tight,gaussian,1.5,9,cluster1,60,240,db,symmetric,0.95,1.0,1.0,1.0,3,0.8990825688073394,0.20416666666666666
synth-sym-tight,gaussian,1.5,9,cluster1,60,240,db,symmetric,0.9,1.0,1.0,1.0,3,0.846153846153846,0.18333333333333332
synth-sym-tight,gaussian,1.5,9,cluster1,60,240,db,symmetric,0.8,1.0,0.6666666666666666,0.8,2,0.7647058823529412,0.175
synth-sym-tight,gaussian,1.5,9,cluster2,60,240,threshold,severity,1.0,1.0,1.0,1.0,3,0.9836065573770492,0.25833333333333336
synth-sym-tight,gaussian,1.5,9,cluster2,60,240,threshold,severity,0.95,1.0,1.0,1.0,3,0.2608695652173913,0.0375
synth-sym-tight,gaussian,1.5,9,cluster2,60,240,threshold,severity,0.9,1.0,1.0,1.0,3,0.06451612903225806,0.008333333333333333
synth-sym-tight,gaussian,1.5,9,cluster2,60,240,threshold,severity,0.8,1.0,1.0,1.0,3,0.0,0.0
synth-sym-tight,gaussian,1.5,9,cluster2,60,240,threshold,symmetric,1.0,1.0,1.0,1.0,3,0.9836065573770492,0.25833333333333336
synth-sym-tight,gaussian,1.5,9,cluster2,60,240,threshold,symmetric,0.95,1.0,1.0,1.0,3,0.2608695652173913,0.0375
synth-sym-tight,gaussian,1.5,9,cluster2,60,240,threshold,symmetric,0.9,1.0,1.0,1.0,3,0.09523809523809523,0.0125
synth-sym-tight,gaussian,1.5,9,cluster2,60,240,threshold,symmetric,0.8,1.0,1.0,1.0,3,0.0,0.0
synth-sym-tight,gaussian,1.5,9,cluster2,60,240,db,severity,1.0,0.42857142857142855,1.0,0.6,7,0.9836065573770492,0.25833333333333336
synth-sym-tight,gaussian,1.5,9,cluster2,60,240,db,severity,0.95,1.0,1.0,1.0,3,0.8521739130434782,0.22916666666666666
synth-sym-tight,gaussian,1.5,9,cluster2,60,240,db,severity,0.9,1.0,0.6666666666666666,0.8,2,0.8034188034188033,0.2375
synth-sym-tight,gaussian,1.5,9,cluster2,60,240,db,severity,0.8,1.0,0.6666666666666666,0.8,2,0.7378640776699028,0.17916666666666667
synth-sym-tight,gaussian,1.5,9,cluster2,60,240,db,symmetric,1.0,0.42857142857142855,1.0,0.6,7,0.9836065573770492,0.25833333333333336
synth-sym-tight,gaussian,1.5,9,cluster2,60,240,db,symmetric,0.95,0.6666666666666666,0.6666666666666666,0.6666666666666666,3,0.8547008547008548,0.2375
synth-sym-tight,gaussian,1.5,9,cluster2,60,240,db,symmetric,0.9,1.0,0.6666666666666666,0.8,2,0.8166666666666667,0.25
synth-sym-tight,gaussian,1.5,9,cluster2,60,240,db,symmetric,0.8,1.0,0.6666666666666666,0.8,2,0.7428571428571429,0.1875
synth-sym-tight,gaussian,1.5,9,cluster3,60,240,threshold,severity,1.0,1.0,1.0,1.0,3,0.975609756097561,0.2625
synth-sym-tight,gaussian,1.5,9,cluster3,60,240,threshold,severity,0.95,1.0,1.0,1.0,3,0.2777777777777778,0.05
synth-sym-tight,gaussian,1.5,9,cluster3,60,240,threshold,severity,0.9,1.0,1.0,1.0,3,0.09523809523809523,0.0125
synth-sym-tight,gaussian,1.5,9,cluster3,60,240,threshold,severity,0.8,1.0,1.0,1.0,3,0.0,0.0
synth-sym-tight,gaussian,1.5,9,cluster3,60,240,threshold,symmetric,1.0,1.0,1.0,1.0,3,0.975609756097561,0.2625
synth-sym-tight,gaussian,1.5,9,cluster3,60,240,threshold,symmetric,0.95,1.0,1.0,1.0,3,0.2777777777777778,0.05
synth-sym-tight,gaussian,1.5,9,cluster3,60,240,threshold,symmetric,0.9,1.0,1.0,1.0,3,0.125,0.016666666666666666
synth-sym-tight,gaussian,1.5,9,cluster3,60,240,threshold,symmetric,0.8,1.0,1.0,1.0,3,0.0,0.0
synth-sym-tight,gaussian,1.5,9,cluster3,60,240,db,severity,1.0,0.42857142857142855,1.0,0.6,7,0.975609756097561,0.2625
synth-sym-tight,gaussian,1.5,9,cluster3,60,240,db,severity,0.95,1.0,1.0,1.0,3,0.8620689655172413,0.23333333333333334
synth-sym-tight,gaussian,1.5,9,cluster3,60,240,db,severity,0.9,1.0,1.0,1.0,3,0.8037383177570094,0.19583333333333333
synth-sym-tight,gaussian,1.5,9,cluster3,60,240,db,severity,0.8,1.0,0.6666666666666666,0.8,2,0.7238095238095237,0.1875
synth-sym-tight,gaussian,1.5,9,cluster3,60,240,db,symmetric,1.0,0.42857142857142855,1.0,0.6,7,0.975609756097561,0.2625
synth-sym-tight,gaussian,1.5,9,cluster3,60,240,db,symmetric,0.95,1.0,1.0,1.0,3,0.8620689655172413,0.23333333333333334
synth-sym-tight,gaussian,1.5,9,cluster3,60,240,db,symmetric,0.9,1.0,1.0,1.0,3,0.8363636363636363,0.20833333333333334
synth-sym-tight,gaussian,1.5,9,cluster3,60,240,db,symmetric,0.8,1.0,0.6666666666666666,0.8,2,0.7358490566037735,0.19166666666666668
synth-sym-tight,gaussian,1.5,10,cluster0,60,240,threshold,severity,1.0,1.0,1.0,1.0,3,1.0,0.25
synth-sym-tight,gaussian,1.5,10,cluster0,60,240,threshold,severity,0.95,1.0,1.0,1.0,3,0.208955223880597,0.029166666666666667
synth-sym-tight,gaussian,1.5,10,cluster0,60,240,threshold,severity,0.9,1.0,1.0,1.0,3,0.06451612903225806,0.008333333333333333
synth-sym-tight,gaussian,1.5,10,cluster0,60,240,threshold,severity,0.8,1.0,1.0,1.0,3,0.0,0.0
synth-sym-tight,gaussian,1.5,10,cluster0,60,240,threshold,symmetric,1.0,1.0,1.0,1.0,3,1.0,0.25
synth-sym-tight,gaussian,1.5,10,cluster0,60,240,threshold,symmetric,0.95,1.0,1.0,1.0,3,0.208955223880597,0.029166666666666667
synth-sym-tight,gaussian,1.5,10,cluster0,60,240,threshold,symmetric,0.9,1.0,1.0,1.0,3,0.06451612903225806,0.008333333333333333
synth-sym-tight,gaussian,1.5,10,cluster0,60,240,threshold,symmetric,0.8,1.0,1.0,1.0,3,0.0,0.0
synth-sym-tight,gaussian,1.5,10,cluster0,60,240,db,severity,1.0,0.5,1.0,0.6666666666666666,6,1.0,0.25
synth-sym-tight,gaussian,1.5,10,cluster0,60,240,db,severity,0.95,0.75,1.0,0.8571428571428571,4,0.8623853211009175,0.20416666666666666
synth-sym-tight,gaussian,1.5,10,cluster0,60,240,db,severity,0.9,1.0,0.6666666666666666,0.8,2,0.8214285714285715,0.21666666666666667
synth-sym-tight,gaussian,1.5,10,cluster0,60,240,db,severity,0.8,1.0,0.6666666666666666,0.8,2,0.7142857142857143,0.15833333333333333
synth-sym-tight,gaussian,1.5,10,cluster0,60,240,db,symmetric,1.0,0.5,1.0,0.6666666666666666,6,1.0,0.25
synth-sym-tight,gaussian,1.5,10,cluster0,60,240,db,symmetric,0.95,0.75,1.0,0.8571428571428571,4,0.8623853211009175,0.20416666666666666
synth-sym-tight,gaussian,1.5,10,cluster0,60,240,db,symmetric,0.9,1.0,0.6666666666666666,0.8,2,0.8495575221238938,0.22083333333333333
synth-sym-tight,gaussian,1.5,10,cluster0,60,240,db,symmetric,0.8,1.0,0.6666666666666666,0.8,2,0.74,0.16666666666666666
synth-sym-tight,gaussian,1.5,10,cluster1,60,240,threshold,severity,1.0,1.0,1.0,1.0,3,0.9600000000000001,0.2708333333333333
synth-sym-tight,gaussian,1.5,10,cluster1,60,240,threshold,severity,0.95,1.0,1.0,1.0,3,0.3561643835616438,0.05416666666666667
synth-sym-tight,gaussian,1.5,10,cluster1,60,240,threshold,severity,0.9,1.0,1.0,1.0,3,0.125,0.016666666666666666
synth-sym-tight,gaussian,1.5,10,cluster1,60,240,threshold,severity,0.8,1.0,1.0,1.0,3,0.0,0.0
synth-sym-tight,gaussian,1.5,10,cluster1,60,240,threshold,symmetric,1.0,1.0,1.0,1.0,3,0.9600000000000001,0.2708333333333333
synth-sym-tight,gaussian,1.5,10,cluster1,60,240,threshold,symmetric,0.95,1.0,1.0,1.0,3,0.3561643835616438,0.05416666666666667
synth-sym-tight,gaussian,1.5,10,cluster1,60,240,threshold,symmetric,0.9,1.0,1.0,1.0,3,0.125,0.016666666666666666
synth-sym-tight,gaussian,1.5,10,cluster1,60,240,threshold,symmetric,0.8,1.0,1.0,1.0,3,0.0,0.0
synth-sym-tight,gaussian,1.5,10,cluster1,60,240,db,severity,1.0,0.6,1.0,0.7499999999999999,5,0.9600000000000001,0.2708333333333333
synth-sym-tight,gaussian,1.5,10,cluster1,60,240,db,severity,0.95,1.0,0.6666666666666666,0.8,2,0.8888888888888888,0.2375
synth-sym-tight,gaussian,1.5,10,cluster1,60,240,db,severity,0.9,1.0,0.6666666666666666,0.8,2,0.8495575221238938,0.22083333333333333
synth-sym-tight,gaussian,1.5,10,cluster1,60,240,db,severity,0.8,1.0,0.6666666666666666,0.8,2,0.75,0.18333333333333332
synth-sym-tight,gaussian,1.5,10,cluster1,60,240,db,symmetric,1.0,0.6,1.0,0.7499999999999999,5,0.9600000000000001,0.2708333333333333
synth-sym-tight,gaussian,1.5,10,cluster1,60,240,db,symmetric,0.95,1.0,0.6666666666666666,0.8,2,0.8813559322033899,0.24166666666666667
synth-sym-tight,gaussian,1.5,10,cluster1,60,240,db,symmetric,0.9,1.0,0.6666666666666666,0.8,2,0.8672566371681416,0.22083333333333333
synth-sym-tight,gaussian,1.5,10,cluster1,60,240,db,symmetric,0.8,1.0,0.6666666666666666,0.8,2,0.761904761904762,0.1875
synth-sym-tight,gaussian,1.5,10,cluster2,60,240,threshold,severity,1.0,1.0,1.0,1.0,3,0.9917355371900827,0.25416666666666665
synth-sym-tight,gaussian,1.5,10,cluster2,60,240,threshold,severity,0.95,1.0,1.0,1.0,3,0.30985915492957744,0.04583333333333333
synth-sym-tight,gaussian,1.5,10,cluster2,60,240,threshold,severity,0.9,1.0,1.0,1.0,3,0.0,0.0
synth-sym-tight,gaussian,1.5,10,cluster2,60,240,threshold,severity,0.8,1.0,1.0,1.0,3,0.0,0.0
synth-sym-tight,gaussian,1.5,10,cluster2,60,240,threshold,symmetric,1.0,1.0,1.0,1.0,3,0.9917355371900827,0.25416666666666665
synth-sym-tight,gaussian,1.5,10,cluster2,60,240,threshold,symmetric,0.95,1.0,1.0,1.0,3,0.30985915492957744,0.04583333333333333
synth-sym-tight,gaussian,1.5,10,cluster2,60,240,threshold,symmetric,0.9,1.0,1.0,1.0,3,0.06451612903225806,0.008333333333333333
synth-sym-tight,gaussian,1.5,10,cluster2,60,240,threshold,symmetric,0.8,1.0,1.0,1.0,3,0.0,0.0
synth-sym-tight,gaussian,1.5,10,cluster2,60,240,db,severity,1.0,0.42857142857142855,1.0,0.6,7,0.9917355371900827,0.25416666666666665
synth-sym-tight,gaussian,1.5,10,cluster2,60,240,db,severity,0.95,1.0,0.6666666666666666,0.8,2,0.8739495798319329,0.24583333333333332
synth-sym-tight,gaussian,1.5,10,cluster2,60,240,db,severity,0.9,1.0,0.6666666666666666,0.8,2,0.8392857142857143,0.21666666666666667
synth-sym-tight,gaussian,1.5,10,cluster2,60,240,db,severity,0.8,1.0,0.6666666666666666,0.8,2,0.7474747474747475,0.1625
synth-sym-tight,gaussian,1.5,10,cluster2,60,240,db,symmetric,1.0,0.42857142857142855,1.0,0.6,7,0.9917355371900827,0.25416666666666665
synth-sym-tight,gaussian,1.5,10,cluster2,60,240,db,symmetric,0.95,1.0,0.6666666666666666,0.8,2,0.8739495798319329,0.24583333333333332
synth-sym-tight,gaussian,1.5,10,cluster2,60,240,db,symmetric,0.9,1.0,0.6666666666666666,0.8,2,0.8495575221238938,0.22083333333333333
synth-sym-tight,gaussian,1.5,10,cluster2,60,240,db,symmetric,0.8,1.0,0.6666666666666666,0.8,2,0.7474747474747475,0.1625
synth-sym-tight,gaussian,1.5,10,cluster3,60,240,threshold,severity,1.0,1.0,1.0,1.0,3,0.9600000000000001,0.2708333333333333
synth-sym-tight,gaussian,1.5,10,cluster3,60,240,threshold,severity,0.95,1.0,1.0,1.0,3,0.2608695652173913,0.0375
synth-sym-tight,gaussian,1.5,10,cluster3,60,240,threshold,severity,0.9,1.0,1.0,1.0,3,0.15384615384615385,0.020833333333333332
synth-sym-tight,gaussian,1.5,10,cluster3,60,240,threshold,severity,0.8,1.0,1.0,1.0,3,0.0,0.0
synth-sym-tight,gaussian,1.5,10,cluster3,60,240,threshold,symmetric,1.0,1.0,1.0,1.0,3,0.9600000000000001,0.2708333333333333
synth-sym-tight,gaussian,1.5,10,cluster3,60,240,threshold,symmetric,0.95,1.0,1.0,1.0,3,0.2608695652173913,0.0375
synth-sym-tight,gaussian,1.5,10,cluster3,60,240,threshold,symmetric,0.9,1.0,1.0,1.0,3,0.18181818181818182,0.025
synth-sym-tight,gaussian,1.5,10,cluster3,60,240,threshold,symmetric,0.8,1.0,1.0,1.0,3,0.03278688524590164,0.004166666666666667
synth-sym-tight,gaussian,1.5,10,cluster3,60,240,db,severity,1.0,0.3333333333333333,1.0,0.5,9,0.9600000000000001,0.2708333333333333
synth-sym-tight,gaussian,1.5,10,cluster3,60,240,db,severity,0.95,1.0,1.0,1.0,3,0.8495575221238938,0.22083333333333333
synth-sym-tight,gaussian,1.5,10,cluster3,60,240,db,severity,0.9,1.0,0.6666666666666666,0.8,2,0.8392857142857143,0.21666666666666667
synth-sym-tight,gaussian,1.5,10,cluster3,60,240,db,severity,0.8,1.0,0.3333333333333333,0.5,1,0.752,0.2708333333333333
synth-sym-tight,gaussian,1.5,10,cluster3,60,240,db,symmetric,1.0,0.3333333333333333,1.0,0.5,9,0.9600000000000001,0.2708333333333333
synth-sym-tight,gaussian,1.5,10,cluster3,60,240,db,symmetric,0.95,1.0,1.0,1.0,3,0.8571428571428571,0.21666666666666667
synth-sym-tight,gaussian,1.5,10,cluster3,60,240,db,symmetric,0.9,1.0,0.6666666666666666,0.8,2,0.8448275862068966,0.23333333333333334
synth-sym-tight,gaussian,1.5,10,cluster3,60,240,db,symmetric,0.8,1.0,0.3333333333333333,0.5,1,0.7559055118110236,0.2791666666666667
synth-sym-tight,gaussian,1.5,11,cluster0,60,240,threshold,severity,1.0,1.0,1.0,1.0,3,0.9917355371900827,0.25416666666666665
synth-sym-tight,gaussian,1.5,11,cluster0,60,240,threshold,severity,0.95,1.0,1.0,1.0,3,0.2857142857142857,0.041666666666666664
synth-sym-tight,gaussian,1.5,11,cluster0,60,240,threshold,severity,0.9,1.0,1.0,1.0,3,0.09523809523809523,0.0125
synth-sym-tight,gaussian,1.5,11,cluster0,60,240,threshold,severity,0.8,1.0,1.0,1.0,3,0.0,0.0
synth-sym-tight,gaussian,1.5,11,cluster0,60,240,threshold,symmetric,1.0,1.0,1.0,1.0,3,0.9917355371900827,0.25416666666666665
synth-sym-tight,gaussian,1.5,11,cluster0,60,240,threshold,symmetric,0.95,1.0,1.0,1.0,3,0.2857142857142857,0.041666666666666664
synth-sym-tight,gaussian,1.5,11,cluster0,60,240,threshold,symmetric,0.9,1.0,1.0,1.0,3,0.15384615384615385,0.020833333333333332
synth-sym-tight,gaussian,1.5,11,cluster0,60,240,threshold,symmetric,0.8,1.0,1.0,1.0,3,0.0,0.0
synth-sym-tight,gaussian,1.5,11,cluster0,60,240,db,severity,1.0,0.5,1.0,0.6666666666666666,6,0.9917355371900827,0.25416666666666665
synth-sym-tight,gaussian,1.5,11,cluster0,60,240,db,severity,0.95,1.0,1.0,1.0,3,0.8749999999999999,0.21666666666666667
synth-sym-tight,gaussian,1.5,11,cluster0,60,240,db,severity,0.9,1.0,1.0,1.0,3,0.8076923076923077,0.18333333333333332
synth-sym-tight,gaussian,1.5,11,cluster0,60,240,db,severity,0.8,1.0,0.6666666666666666,0.8,2,0.7254901960784315,0.175
synth-sym-tight,gaussian,1.5,11,cluster0,60,240,db,symmetric,1.0,0.5,1.0,0.6666666666666666,6,0.9917355371900827,0.25416666666666665
synth-sym-tight,gaussian,1.5,11,cluster0,60,240,db,symmetric,0.95,1.0,1.0,1.0,3,0.8749999999999999,0.21666666666666667
synth-sym-tight,gaussian,1.5,11,cluster0,60,240,db,symmetric,0.9,1.0,1.0,1.0,3,0.8411214953271028,0.19583333333333333
synth-sym-tight,gaussian,1.5,11,cluster0,60,240,db,symmetric,0.8,1.0,0.6666666666666666,0.8,2,0.7547169811320754,0.19166666666666668
synth-sym-tight,gaussian,1.5,11,cluster1,60,240,threshold,severity,1.0,1.0,1.0,1.0,3,0.967741935483871,0.26666666666666666
synth-sym-tight,gaussian,1.5,11,cluster1,60,240,threshold,severity,0.95,1.0,1.0,1.0,3,0.2571428571428572,0.041666666666666664
synth-sym-tight,gaussian,1.5,11,cluster1,60,240,threshold,severity,0.9,1.0,1.0,1.0,3,0.03278688524590164,0.004166666666666667
synth-sym-tight,gaussian,1.5,11,cluster1,60,240,threshold,severity,0.8,1.0,1.0,1.0,3,0.0,0.0
synth-sym-tight,gaussian,1.5,11,cluster1,60,240,threshold,symmetric,1.0,1.0,1.0,1.0,3,0.967741935483871,0.26666666666666666
synth-sym-tight,gaussian,1.5,11,cluster1,60,240,threshold,symmetric,0.95,1.0,1.0,1.0,3,0.2571428571428572,0.041666666666666664
synth-sym-tight,gaussian,1.5,11,cluster1,60,240,threshold,symmetric,0.9,1.0,1.0,1.0,3,0.06451612903225806,0.008333333333333333
synth-sym-tight,gaussian,1.5,11,cluster1,60,240,threshold,symmetric,0.8,1.0,1.0,1.0,3,0.0,0.0
synth-sym-tight,gaussian,1.5,11,cluster1,60,240,db,severity,1.0,0.5,1.0,0.6666666666666666,6,0.967741935483871,0.26666666666666666
synth-sym-tight,gaussian,1.5,11,cluster1,60,240,db,severity,0.95,1.0,1.0,1.0,3,0.8521739130434782,0.22916666666666666
synth-sym-tight,gaussian,1.5,11,cluster1,60,240,db,severity,0.9,1.0,0.6666666666666666,0.8,2,0.8103448275862069,0.23333333333333334
synth-sym-tight,gaussian,1.5,11,cluster1,60,240,db,severity,0.8,1.0,0.6666666666666666,0.8,2,0.75,0.18333333333333332
synth-sym-tight,gaussian,1.5,11,cluster1,60,240,db,symmetric,1.0,0.5,1.0,0.6666666666666666,6,0.967741935483871,0.26666666666666666
synth-sym-tight,gaussian,1.5,11,cluster1,60,240,db,symmetric,0.95,1.0,1.0,1.0,3,0.8521739130434782,0.22916666666666666
synth-sym-tight,gaussian,1.5,11,cluster1,60,240,db,symmetric,0.9,1.0,0.6666666666666666,0.8,2,0.8305084745762712,0.24166666666666667
synth-sym-tight,gaussian,1.5,11,cluster1,60,240,db,symmetric,0.8,1.0,0.6666666666666666,0.8,2,0.7547169811320754,0.19166666666666668
synth-sym-tight,gaussian,1.5,11,cluster2,60,240,threshold,severity,1.0,1.0,1.0,1.0,3,0.967741935483871,0.26666666666666666
synth-sym-tight,gaussian,1.5,11,cluster2,60,240,threshold,severity,0.95,1.0,1.0,1.0,3,0.208955223880597,0.029166666666666667
synth-sym-tight,gaussian,1.5,11,cluster2,60,240,threshold,severity,0.9,1.0,1.0,1.0,3,0.0,0.0
synth-sym-tight,gaussian,1.5,11,cluster2,60,240,threshold,severity,0.8,1.0,1.0,1.0,3,0.0,0.0
synth-sym-tight,gaussian,1.5,11,cluster2,60,240,threshold,symmetric,1.0,1.0,1.0,1.0,3,0.967741935483871,0.26666666666666666
synth-sym-tight,gaussian,1.5,11,cluster2,60,240,threshold,symmetric,0.95,1.0,1.0,1.0,3,0.208955223880597,0.029166666666666667
synth-sym-tight,gaussian,1.5,11,cluster2,60,240,threshold,symmetric,0.9,1.0,1.0,1.0,3,0.0,0.0
synth-sym-tight,gaussian,1.5,11,cluster2,60,240,threshold,symmetric,0.8,1.0,1.0,1.0,3,0.0,0.0
synth-sym-tight,gaussian,1.5,11,cluster2,60,240,db,severity,1.0,0.3333333333333333,1.0,0.5,9,0.967741935483871,0.26666666666666666
synth-sym-tight,gaussian,1.5,11,cluster2,60,240,db,severity,0.95,1.0,0.6666666666666666,0.8,2,0.8688524590163934,0.25833333333333336
synth-sym-tight,gaussian,1.5,11,cluster2,60,240,db,severity,0.9,1.0,0.6666666666666666,0.8,2,0.8495575221238938,0.22083333333333333
synth-sym-tight,gaussian,1.5,11,cluster2,60,240,db,severity,0.8,1.0,0.6666666666666666,0.8,2,0.74,0.16666666666666666
synth-sym-tight,gaussian,1.5,11,cluster2,60,240,db,symmetric,1.0,0.3333333333333333,1.0,0.5,9,0.967741935483871,0.26666666666666666
synth-sym-tight,gaussian,1.5,11,cluster2,60,240,db,symmetric,0.95,1.0,0.6666666666666666,0.8,2,0.8688524590163934,0.25833333333333336
synth-sym-tight,gaussian,1.5,11,cluster2,60,240,db,symmetric,0.9,1.0,0.6666666666666666,0.8,2,0.8672566371681416,0.22083333333333333
synth-sym-tight,gaussian,1.5,11,cluster2,60,240,db,symmetric,0.8,1.0,0.6666666666666666,0.8,2,0.7524752475247526,0.17083333333333334
synth-sym-tight,gaussian,1.5,11,cluster3,60,240,threshold,severity,1.0,1.0,1.0,1.0,3,0.967741935483871,0.26666666666666666
synth-sym-tight,gaussian,1.5,11,cluster3,60,240,threshold,severity,0.95,1.0,1.0,1.0,3,0.39473684210526316,0.06666666666666667
synth-sym-tight,gaussian,1.5,11,cluster3,60,240,threshold,severity,0.9,1.0,1.0,1.0,3,0.208955223880597,0.029166666666666667
synth-sym-tight,gaussian,1.5,11,cluster3,60,240,threshold,severity,0.8,1.0,1.0,1.0,3,0.0,0.0
synth-sym-tight,gaussian,1.5,11,cluster3,60,240,threshold,symmetric,1.0,1.0,1.0,1.0,3,0.967741935483871,0.26666666666666666
synth-sym-tight,gaussian,1.5,11,cluster3,60,240,threshold,symmetric,0.95,1.0,1.0,1.0,3,0.4,0.0625
synth-sym-tight,gaussian,1.5,11,cluster3,60,240,threshold,symmetric,0.9,1.0,1.0,1.0,3,0.23529411764705882,0.03333333333333333
synth-sym-tight,gaussian,1.5,11,cluster3,60,240,threshold,symmetric,0.8,1.0,1.0,1.0,3,0.0,0.0
synth-sym-tight,gaussian,1.5,11,cluster3,60,240,db,severity,1.0,0.3333333333333333,1.0,0.5,9,0.967741935483871,0.26666666666666666
synth-sym-tight,gaussian,1.5,11,cluster3,60,240,db,severity,0.95,1.0,1.0,1.0,3,0.8749999999999999,0.21666666666666667
synth-sym-tight,gaussian,1.5,11,cluster3,60,240,db,severity,0.9,1.0,1.0,1.0,3,0.8155339805825242,0.17916666666666667
synth-sym-tight,gaussian,1.5,11,cluster3,60,240,db,severity,0.8,1.0,0.6666666666666666,0.8,2,0.7474747474747475,0.1625
synth-sym-tight,gaussian,1.5,11,cluster3,60,240,db,symmetric,1.0,0.3333333333333333,1.0,0.5,9,0.967741935483871,0.26666666666666666
synth-sym-tight,gaussian,1.5,11,cluster3,60,240,db,symmetric,0.95,1.0,1.0,1.0,3,0.8749999999999999,0.21666666666666667
synth-sym-tight,gaussian,1.5,11,cluster3,60,240,db,symmetric,0.9,1.0,1.0,1.0,3,0.838095238095238,0.1875
synth-sym-tight,gaussian,1.5,11,cluster3,60,240,db,symmetric,0.8,1.0,0.6666666666666666,0.8,2,0.761904761904762,0.1875
synth-sym-tight,gaussian,1.5,12,cluster0,60,240,threshold,severity,1.0,1.0,1.0,1.0,3,0.975609756097561,0.2625
synth-sym-tight,gaussian,1.5,12,cluster0,60,240,threshold,severity,0.95,1.0,1.0,1.0,3,0.2857142857142857,0.041666666666666664
synth-sym-tight,gaussian,1.5,12,cluster0,60,240,threshold,severity,0.9,1.0,1.0,1.0,3,0.06451612903225806,0.008333333333333333
synth-sym-tight,gaussian,1.5,12,cluster0,60,240,threshold,severity,0.8,1.0,1.0,1.0,3,0.0,0.0
synth-sym-tight,gaussian,1.5,12,cluster0,60,240,threshold,symmetric,1.0,1.0,1.0,1.0,3,0.975609756097561,0.2625
synth-sym-tight,gaussian,1.5,12,cluster0,60,240,threshold,symmetric,0.95,1.0,1.0,1.0,3,0.2857142857142857,0.041666666666666664
synth-sym-tight,gaussian,1.5,12,cluster0,60,240,threshold,symmetric,0.9,1.0,1.0,1.0,3,0.09523809523809523,0.0125
synth-sym-tight,gaussian,1.5,12,cluster0,60,240,threshold,symmetric,0.8,1.0,1.0,1.0,3,0.0,0.0
synth-sym-tight,gaussian,1.5,12,cluster0,60,240,db,severity,1.0,0.75,1.0,0.8571428571428571,4,0.975609756097561,0.2625
synth-sym-tight,gaussian,1.5,12,cluster0,60,240,db,severity,0.95,1.0,0.6666666666666666,0.8,2,0.8813559322033899,0.24166666666666667
synth-sym-tight,gaussian,1.5,12,cluster0,60,240,db,severity,0.9,1.0,0.6666666666666666,0.8,2,0.8363636363636363,0.20833333333333334
synth-sym-tight,gaussian,1.5,12,cluster0,60,240,db,severity,0.8,1.0,0.3333333333333333,0.5,1,0.752,0.2708333333333333
synth-sym-tight,gaussian,1.5,12,cluster0,60,240,db,symmetric,1.0,0.75,1.0,0.8571428571428571,4,0.975609756097561,0.2625
synth-sym-tight,gaussian,1.5,12,cluster0,60,240,db,symmetric,0.95,1.0,0.6666666666666666,0.8,2,0.8813559322033899,0.24166666666666667
synth-sym-tight,gaussian,1.5,12,cluster0,60,240,db,symmetric,0.9,1.0,0.6666666666666666,0.8,2,0.8571428571428571,0.21666666666666667
synth-sym-tight,gaussian,1.5,12,cluster0,60,240,db,symmetric,0.8,1.0,0.3333333333333333,0.5,1,0.761904761904762,0.275
synth-sym-tight,gaussian,1.5,12,cluster1,60,240,threshold,severity,1.0,1.0,1.0,1.0,3,0.9917355371900827,0.25416666666666665
synth-sym-tight,gaussian,1.5,12,cluster1,60,240,threshold,severity,0.95,1.0,1.0,1.0,3,0.33333333333333337,0.05
synth-sym-tight,gaussian,1.5,12,cluster1,60,240,threshold,severity,0.9,1.0,1.0,1.0,3,0.06451612903225806,0.008333333333333333
synth-sym-tight,gaussian,1.5,12,cluster1,60,240,threshold,severity,0.8,1.0,1.0,1.0,3,0.0,0.0
synth-sym-tight,gaussian,1.5,12,cluster1,60,240,threshold,symmetric,1.0,1.0,1.0,1.0,3,0.9917355371900827,0.25416666666666665
synth-sym-tight,gaussian,1.5,12,cluster1,60,240,threshold,symmetric,0.95,1.0,1.0,1.0,3,0.33333333333333337,0.05
synth-sym-tight,gaussian,1.5,12,cluster1,60,240,threshold,symmetric,0.9,1.0,1.0,1.0,3,0.09523809523809523,0.0125
synth-sym-tight,gaussian,1.5,12,cluster1,60,240,threshold,symmetric,0.8,1.0,1.0,1.0,3,0.0,0.0
synth-sym-tight,gaussian,1.5,12,cluster1,60,240,db,severity,1.0,0.6,1.0,0.7499999999999999,5,0.9917355371900827,0.25416666666666665
synth-sym-tight,gaussian,1.5,12,cluster1,60,240,db,severity,0.95,1.0,0.6666666666666666,0.8,2,0.8813559322033899,0.24166666666666667
synth-sym-tight,gaussian,1.5,12,cluster1,60,240,db,severity,0.9,1.0,0.6666666666666666,0.8,2,0.8468468468468469,0.2125
synth-sym-tight,gaussian,1.5,12,cluster1,60,240,db,severity,0.8,1.0,0.3333333333333333,0.5,1,0.7804878048780488,0.2625
synth-sym-tight,gaussian,1.5,12,cluster1,60,240,db,symmetric,1.0,0.6,1.0,0.7499999999999999,5,0.9917355371900827,0.25416666666666665
synth-sym-tight,gaussian,1.5,12,cluster1,60,240,db,symmetric,0.95,1.0,0.6666666666666666,0.8,2,0.8813559322033899,0.24166666666666667
synth-sym-tight,gaussian,1.5,12,cluster1,60,240,db,symmetric,0.9,1.0,0.6666666666666666,0.8,2,0.8749999999999999,0.21666666666666667
synth-sym-tight,gaussian,1.5,12,cluster1,60,240,db,symmetric,0.8,1.0,0.3333333333333333,0.5,1,0.7804878048780488,0.2625
synth-sym-tight,gaussian,1.5,12,cluster2,60,240,threshold,severity,1.0,1.0,1.0,1.0,3,0.9836065573770492,0.25833333333333336
synth-sym-tight,gaussian,1.5,12,cluster2,60,240,threshold,severity,0.95,1.0,1.0,1.0,3,0.30985915492957744,0.04583333333333333
synth-sym-tight,gaussian,1.5,12,cluster2,60,240,threshold,severity,0.9,1.0,1.0,1.0,3,0.06451612903225806,0.008333333333333333
synth-sym-tight,gaussian,1.5,12,cluster2,60,240,threshold,severity,0.8,1.0,1.0,1.0,3,0.0,0.0
synth-sym-tight,gaussian,1.5,12,cluster2,60,240,threshold,symmetric,1.0,1.0,1.0,1.0,3,0.9836065573770492,0.25833333333333336
synth-sym-tight,gaussian,1.5,12,cluster2,60,240,threshold,symmetric,0.95,1.0,1.0,1.0,3,0.30985915492957744,0.04583333333333333
synth-sym-tight,gaussian,1.5,12,cluster2,60,240,threshold,symmetric,0.9,1.0,1.0,1.0,3,0.09523809523809523,0.0125
synth-sym-tight,gaussian,1.5,12,cluster2,60,240,threshold,symmetric,0.8,1.0,1.0,1.0,3,0.03278688524590164,0.004166666666666667
synth-sym-tight,gaussian,1.5,12,cluster2,60,240,db,severity,1.0,0.5,1.0,0.6666666666666666,6,0.9836065573770492,0.25833333333333336
synth-sym-tight,gaussian,1.5,12,cluster2,60,240,db,severity,0.95,1.0,1.0,1.0,3,0.9009009009009009,0.2125
synth-sym-tight,gaussian,1.5,12,cluster2,60,240,db,severity,0.9,1.0,0.6666666666666666,0.8,2,0.8495575221238938,0.22083333333333333
synth-sym-tight,gaussian,1.5,12,cluster2,60,240,db,severity,0.8,1.0,0.6666666666666666,0.8,2,0.7599999999999999,0.16666666666666666
synth-sym-tight,gaussian,1.5,12,cluster2,60,240,db,symmetric,1.0,0.5,1.0,0.6666666666666666,6,0.9836065573770492,0.25833333333333336
synth-sym-tight,gaussian,1.5,12,cluster2,60,240,db,symmetric,0.95,1.0,1.0,1.0,3,0.9009009009009009,0.2125
synth-sym-tight,gaussian,1.5,12,cluster2,60,240,db,symmetric,0.9,1.0,0.6666666666666666,0.8,2,0.8695652173913043,0.22916666666666666
synth-sym-tight,gaussian,1.5,12,cluster2,60,240,db,symmetric,0.8,1.0,0.6666666666666666,0.8,2,0.7843137254901961,0.175
synth-sym-tight,gaussian,1.5,12,cluster3,60,240,threshold,severity,1.0,1.0,1.0,1.0,3,0.9836065573770492,0.25833333333333336
synth-sym-tight,gaussian,1.5,12,cluster3,60,240,threshold,severity,0.95,1.0,1.0,1.0,3,0.2608695652173913,0.0375
synth-sym-tight,gaussian,1.5,12,cluster3,60,240,threshold,severity,0.9,1.0,1.0,1.0,3,0.06451612903225806,0.008333333333333333
synth-sym-tight,gaussian,1.5,12,cluster3,60,240,threshold,severity,0.8,1.0,1.0,1.0,3,0.0,0.0
synth-sym-tight,gaussian,1.5,12,cluster3,60,240,threshold,symmetric,1.0,1.0,1.0,1.0,3,0.9836065573770492,0.25833333333333336
synth-sym-tight,gaussian,1.5,12,cluster3,60,240,threshold,symmetric,0.95,1.0,1.0,1.0,3,0.2608695652173913,0.0375
synth-sym-tight,gaussian,1.5,12,cluster3,60,240,threshold,symmetric,0.9,1.0,1.0,1.0,3,0.09523809523809523,0.0125
synth-sym-tight,gaussian,1.5,12,cluster3,60,240,threshold,symmetric,0.8,1.0,1.0,1.0,3,0.0,0.0
synth-sym-tight,gaussian,1.5,12,cluster3,60,240,db,severity,1.0,0.42857142857142855,1.0,0.6,7,0.9836065573770492,0.25833333333333336
synth-sym-tight,gaussian,1.5,12,cluster3,60,240,db,severity,0.95,0.75,1.0,0.8571428571428571,4,0.8785046728971964,0.19583333333333333
synth-sym-tight,gaussian,1.5,12,cluster3,60,240,db,severity,0.9,1.0,0.6666666666666666,0.8,2,0.8318584070796461,0.22083333333333333
synth-sym-tight,gaussian,1.5,12,cluster3,60,240,db,severity,0.8,1.0,0.6666666666666666,0.8,2,0.7326732673267328,0.17083333333333334
synth-sym-tight,gaussian,1.5,12,cluster3,60,240,db,symmetric,1.0,0.42857142857142855,1.0,0.6,7,0.9836065573770492,0.25833333333333336
synth-sym-tight,gaussian,1.5,12,cluster3,60,240,db,symmetric,0.95,0.75,1.0,0.8571428571428571,4,0.8785046728971964,0.19583333333333333
synth-sym-tight,gaussian,1.5,12,cluster3,60,240,db,symmetric,0.9,1.0,0.6666666666666666,0.8,2,0.8495575221238938,0.22083333333333333
synth-sym-tight,gaussian,1.5,12,cluster3,60,240,db,symmetric,0.8,1.0,0.6666666666666666,0.8,2,0.7599999999999999,0.16666666666666666
synth-sym-tight,gaussian,1.5,13,cluster0,60,240,threshold,severity,1.0,1.0,1.0,1.0,3,0.9836065573770492,0.25833333333333336
synth-sym-tight,gaussian,1.5,13,cluster0,60,240,threshold,severity,0.95,1.0,1.0,1.0,3,0.3055555555555556,0.05
synth-sym-tight,gaussian,1.5,13,cluster0,60,240,threshold,severity,0.9,1.0,1.0,1.0,3,0.06451612903225806,0.008333333333333333
synth-sym-tight,gaussian,1.5,13,cluster0,60,240,threshold,severity,0.8,1.0,1.0,1.0,3,0.0,0.0
synth-sym-tight,gaussian,1.5,13,cluster0,60,240,threshold,symmetric,1.0,1.0,1.0,1.0,3,0.9836065573770492,0.25833333333333336
synth-sym-tight,gaussian,1.5,13,cluster0,60,240,threshold,symmetric,0.95,1.0,1.0,1.0,3,0.3055555555555556,0.05
synth-sym-tight,gaussian,1.5,13,cluster0,60,240,threshold,symmetric,0.9,1.0,1.0,1.0,3,0.09523809523809523,0.0125
synth-sym-tight,gaussian,1.5,13,cluster0,60,240,threshold,symmetric,0.8,1.0,1.0,1.0,3,0.0,0.0
synth-sym-tight,gaussian,1.5,13,cluster0,60,240,db,severity,1.0,0.5,1.0,0.6666666666666666,6,0.9836065573770492,0.25833333333333336
synth-sym-tight,gaussian,1.5,13,cluster0,60,240,db,severity,0.95,1.0,1.0,1.0,3,0.8672566371681416,0.22083333333333333
synth-sym-tight,gaussian,1.5,13,cluster0,60,240,db,severity,0.9,1.0,0.6666666666666666,0.8,2,0.8275862068965518,0.23333333333333334
synth-sym-tight,gaussian,1.5,13,cluster0,60,240,db,severity,0.8,1.0,0.6666666666666666,0.8,2,0.7254901960784315,0.175
synth-sym-tight,gaussian,1.5,13,cluster0,60,240,db,symmetric,1.0,0.5,1.0,0.6666666666666666,6,0.9836065573770492,0.25833333333333336
synth-sym-tight,gaussian,1.5,13,cluster0,60,240,db,symmetric,0.95,1.0,1.0,1.0,3,0.8672566371681416,0.22083333333333333
synth-sym-tight,gaussian,1.5,13,cluster0,60,240,db,symmetric,0.9,1.0,0.6666666666666666,0.8,2,0.847457627118644,0.24166666666666667
synth-sym-tight,gaussian,1.5,13,cluster0,60,240,db,symmetric,0.8,1.0,0.6666666666666666,0.8,2,0.7378640776699028,0.17916666666666667
synth-sym-tight,gaussian,1.5,13,cluster1,60,240,threshold,severity,1.0,1.0,1.0,1.0,3,0.9917355371900827,0.25416666666666665
synth-sym-tight,gaussian,1.5,13,cluster1,60,240,threshold,severity,0.95,1.0,1.0,1.0,3,0.208955223880597,0.029166666666666667
synth-sym-tight,gaussian,1.5,13,cluster1,60,240,threshold,severity,0.9,1.0,1.0,1.0,3,0.09523809523809523,0.0125
synth-sym-tight,gaussian,1.5,13,cluster1,60,240,threshold,severity,0.8,1.0,1.0,1.0,3,0.0,0.0
synth-sym-tight,gaussian,1.5,13,cluster1,60,240,threshold,symmetric,1.0,1.0,1.0,1.0,3,0.9917355371900827,0.25416666666666665
synth-sym-tight,gaussian,1.5,13,cluster1,60,240,threshold,symmetric,0.95,1.0,1.0,1.0,3,0.208955223880597,0.029166666666666667
synth-sym-tight,gaussian,1.5,13,cluster1,60,240,threshold,symmetric,0.9,1.0,1.0,1.0,3,0.125,0.016666666666666666
synth-sym-tight,gaussian,1.5,13,cluster1,60,240,threshold,symmetric,0.8,1.0,1.0,1.0,3,0.03278688524590164,0.004166666666666667
synth-sym-tight,gaussian,1.5,13,cluster1,60,240,db,severity,1.0,0.42857142857142855,1.0,0.6,7,0.9917355371900827,0.25416666666666665
synth-sym-tight,gaussian,1.5,13,cluster1,60,240,db,severity,0.95,1.0,0.6666666666666666,0.8,2,0.8813559322033899,0.24166666666666667
synth-sym-tight,gaussian,1.5,13,cluster1,60,240,db,severity,0.9,1.0,0.6666666666666666,0.8,2,0.8468468468468469,0.2125
synth-sym-tight,gaussian,1.5,13,cluster1,60,240,db,severity,0.8,1.0,0.6666666666666666,0.8,2,0.74,0.16666666666666666
synth-sym-tight,gaussian,1.5,13,cluster1,60,240,db,symmetric,1.0,0.42857142857142855,1.0,0.6,7,0.9917355371900827,0.25416666666666665
synth-sym-tight,gaussian,1.5,13,cluster1,60,240,db,symmetric,0.95,1.0,0.6666666666666666,0.8,2,0.8813559322033899,0.24166666666666667
synth-sym-tight,gaussian,1.5,13,cluster1,60,240,db,symmetric,0.9,1.0,0.6666666666666666,0.8,2,0.8571428571428571,0.21666666666666667
synth-sym-tight,gaussian,1.5,13,cluster1,60,240,db,symmetric,0.8,1.0,0.6666666666666666,0.8,2,0.74,0.16666666666666666
synth-sym-tight,gaussian,1.5,13,cluster2,60,240,threshold,severity,1.0,1.0,1.0,1.0,3,0.9302325581395349,0.2875
synth-sym-tight,gaussian,1.5,13,cluster2,60,240,threshold,severity,0.95,1.0,1.0,1.0,3,0.2318840579710145,0.0375
synth-sym-tight,gaussian,1.5,13,cluster2,60,240,threshold,severity,0.9,1.0,1.0,1.0,3,0.03278688524590164,0.004166666666666667
synth-sym-tight,gaussian,1.5,13,cluster2,60,240,threshold,severity,0.8,1.0,1.0,1.0,3,0.0,0.0
synth-sym-tight,gaussian,1.5,13,cluster2,60,240,threshold,symmetric,1.0,1.0,1.0,1.0,3,0.9302325581395349,0.2875
synth-sym-tight,gaussian,1.5,13,cluster2,60,240,threshold,symmetric,0.95,1.0,1.0,1.0,3,0.2318840579710145,0.0375
synth-sym-tight,gaussian,1.5,13,cluster2,60,240,threshold,symmetric,0.9,1.0,1.0,1.0,3,0.06451612903225806,0.008333333333333333
synth-sym-tight,gaussian,1.5,13,cluster2,60,240,threshold,symmetric,0.8,1.0,1.0,1.0,3,0.0,0.0
synth-sym-tight,gaussian,1.5,13,cluster2,60,240,db,severity,1.0,0.3333333333333333,1.0,0.5,9,0.9302325581395349,0.2875
synth-sym-tight,gaussian,1.5,13,cluster2,60,240,db,severity,0.95,1.0,1.0,1.0,3,0.8648648648648648,0.2125
synth-sym-tight,gaussian,1.5,13,cluster2,60,240,db,severity,0.9,1.0,0.6666666666666666,0.8,2,0.8648648648648648,0.2125
synth-sym-tight,gaussian,1.5,13,cluster2,60,240,db,severity,0.8,1.0,0.6666666666666666,0.8,2,0.8118811881188119,0.17083333333333334
synth-sym-tight,gaussian,1.5,13,cluster2,60,240,db,symmetric,1.0,0.3333333333333333,1.0,0.5,9,0.9302325581395349,0.2875
synth-sym-tight,gaussian,1.5,13,cluster2,60,240,db,symmetric,0.95,1.0,1.0,1.0,3,0.8571428571428571,0.21666666666666667
synth-sym-tight,gaussian,1.5,13,cluster2,60,240,db,symmetric,0.9,1.0,0.6666666666666666,0.8,2,0.8749999999999999,0.21666666666666667
synth-sym-tight,gaussian,1.5,13,cluster2,60,240,db,symmetric,0.8,1.0,0.6666666666666666,0.8,2,0.7920792079207921,0.17083333333333334
synth-sym-tight,gaussian,1.5,13,cluster3,60,240,threshold,severity,1.0,1.0,1.0,1.0,3,0.967741935483871,0.26666666666666666
synth-sym-tight,gaussian,1.5,13,cluster3,60,240,threshold,severity,0.95,1.0,1.0,1.0,3,0.37837837837837834,0.058333333333333334
synth-sym-tight,gaussian,1.5,13,cluster3,60,240,threshold,severity,0.9,1.0,1.0,1.0,3,0.09523809523809523,0.0125
synth-sym-tight,gaussian,1.5,13,cluster3,60,240,threshold,severity,0.8,1.0,1.0,1.0,3,0.0,0.0
synth-sym-tight,gaussian,1.5,13,cluster3,60,240,threshold,symmetric,1.0,1.0,1.0,1.0,3,0.967741935483871,0.26666666666666666
synth-sym-tight,gaussian,1.5,13,cluster3,60,240,threshold,symmetric,0.95,1.0,1.0,1.0,3,0.3561643835616438,0.05416666666666667
synth-sym-tight,gaussian,1.5,13,cluster3,60,240,threshold,symmetric,0.9,1.0,1.0,1.0,3,0.15384615384615385,0.020833333333333332
synth-sym-tight,gaussian,1.5,13,cluster3,60,240,threshold,symmetric,0.8,1.0,1.0,1.0,3,0.0,0.0
synth-sym-tight,gaussian,1.5,13,cluster3,60,240,db,severity,1.0,0.5,1.0,0.6666666666666666,6,0.967741935483871,0.26666666666666666
synth-sym-tight,gaussian,1.5,13,cluster3,60,240,db,severity,0.95,1.0,1.0,1.0,3,0.8749999999999999,0.21666666666666667
synth-sym-tight,gaussian,1.5,13,cluster3,60,240,db,severity,0.9,1.0,0.6666666666666666,0.8,2,0.8275862068965518,0.23333333333333334
synth-sym-tight,gaussian,1.5,13,cluster3,60,240,db,severity,0.8,1.0,0.6666666666666666,0.8,2,0.7428571428571429,0.1875
synth-sym-tight,gaussian,1.5,13,cluster3,60,240,db,symmetric,1.0,0.5,1.0,0.6666666666666666,6,0.967741935483871,0.26666666666666666
synth-sym-tight,gaussian,1.5,13,cluster3,60,240,db,symmetric,0.95,1.0,1.0,1.0,3,0.8648648648648648,0.2125
synth-sym-tight,gaussian,1.5,13,cluster3,60,240,db,symmetric,0.9,1.0,0.6666666666666666,0.8,2,0.8421052631578948,0.225
synth-sym-tight,gaussian,1.5,13,cluster3,60,240,db,symmetric,0.8,1.0,0.6666666666666666,0.8,2,0.7647058823529412,0.175
synth-sym-tight,gaussian,1.5,14,cluster0,60,240,threshold,severity,1.0,1.0,1.0,1.0,3,0.9523809523809523,0.275
synth-sym-tight,gaussian,1.5,14,cluster0,60,240,threshold,severity,0.95,1.0,1.0,1.0,3,0.208955223880597,0.029166666666666667
synth-sym-tight,gaussian,1.5,14,cluster0,60,240,threshold,severity,0.9,1.0,1.0,1.0,3,0.09523809523809523,0.0125
synth-sym-tight,gaussian,1.5,14,cluster0,60,240,threshold,severity,0.8,1.0,1.0,1.0,3,0.0,0.0
synth-sym-tight,gaussian,1.5,14,cluster0,60,240,threshold,symmetric,1.0,1.0,1.0,1.0,3,0.9523809523809523,0.275
synth-sym-tight,gaussian,1.5,14,cluster0,60,240,threshold,symmetric,0.95,1.0,1.0,1.0,3,0.208955223880597,0.029166666666666667
synth-sym-tight,gaussian,1.5,14,cluster0,60,240,threshold,symmetric,0.9,1.0,1.0,1.0,3,0.09523809523809523,0.0125
synth-sym-tight,gaussian,1.5,14,cluster0,60,240,threshold,symmetric,0.8,1.0,1.0,1.0,3,0.0,0.0
synth-sym-tight,gaussian,1.5,14,cluster0,60,240,db,severity,1.0,0.3,1.0,0.4615384615384615,10,0.9523809523809523,0.275
synth-sym-tight,gaussian,1.5,14,cluster0,60,240,db,severity,0.95,0.6666666666666666,0.6666666666666666,0.6666666666666666,3,0.8596491228070176,0.225
synth-sym-tight,gaussian,1.5,14,cluster0,60,240,db,severity,0.9,1.0,0.6666666666666666,0.8,2,0.8103448275862069,0.23333333333333334
synth-sym-tight,gaussian,1.5,14,cluster0,60,240,db,severity,0.8,1.0,0.3333333333333333,0.5,1,0.752,0.2708333333333333
synth-sym-tight,gaussian,1.5,14,cluster0,60,240,db,symmetric,1.0,0.3,1.0,0.4615384615384615,10,0.9523809523809523,0.275
synth-sym-tight,gaussian,1.5,14,cluster0,60,240,db,symmetric,0.95,0.6666666666666666,0.6666666666666666,0.6666666666666666,3,0.8596491228070176,0.225
synth-sym-tight,gaussian,1.5,14,cluster0,60,240,db,symmetric,0.9,0.6666666666666666,0.6666666666666666,0.6666666666666666,3,0.8148148148148148,0.2
synth-sym-tight,gaussian,1.5,14,cluster0,60,240,db,symmetric,0.8,1.0,0.6666666666666666,0.8,2,0.7692307692307692,0.18333333333333332
synth-sym-tight,gaussian,1.5,14,cluster1,60,240,threshold,severity,1.0,1.0,1.0,1.0,3,0.967741935483871,0.26666666666666666
synth-sym-tight,gaussian,1.5,14,cluster1,60,240,threshold,severity,0.95,1.0,1.0,1.0,3,0.2608695652173913,0.0375
synth-sym-tight,gaussian,1.5,14,cluster1,60,240,threshold,severity,0.9,1.0,1.0,1.0,3,0.03278688524590164,0.004166666666666667
synth-sym-tight,gaussian,1.5,14,cluster1,60,240,threshold,severity,0.8,1.0,1.0,1.0,3,0.0,0.0
synth-sym-tight,gaussian,1.5,14,cluster1,60,240,threshold,symmetric,1.0,1.0,1.0,1.0,3,0.967741935483871,0.26666666666666666
synth-sym-tight,gaussian,1.5,14,cluster1,60,240,threshold,symmetric,0.95,1.0,1.0,1.0,3,0.2608695652173913,0.0375
synth-sym-tight,gaussian,1.5,14,cluster1,60,240,threshold,symmetric,0.9,1.0,1.0,1.0,3,0.06451612903225806,0.008333333333333333
synth-sym-tight,gaussian,1.5,14,cluster1,60,240,threshold,symmetric,0.8,1.0,1.0,1.0,3,0.0,0.0
synth-sym-tight,gaussian,1.5,14,cluster1,60,240,db,severity,1.0,0.5,1.0,0.6666666666666666,6,0.967741935483871,0.26666666666666666
synth-sym-tight,gaussian,1.5,14,cluster1,60,240,db,severity,0.95,1.0,1.0,1.0,3,0.888888888888889,0.2
synth-sym-tight,gaussian,1.5,14,cluster1,60,240,db,severity,0.9,1.0,0.6666666666666666,0.8,2,0.8318584070796461,0.22083333333333333
synth-sym-tight,gaussian,1.5,14,cluster1,60,240,db,severity,0.8,1.0,0.6666666666666666,0.8,2,0.7272727272727274,0.1625
synth-sym-tight,gaussian,1.5,14,cluster1,60,240,db,symmetric,1.0,0.5,1.0,0.6666666666666666,6,0.967741935483871,0.26666666666666666
synth-sym-tight,gaussian,1.5,14,cluster1,60,240,db,symmetric,0.95,1.0,1.0,1.0,3,0.888888888888889,0.2
synth-sym-tight,gaussian,1.5,14,cluster1,60,240,db,symmetric,0.9,1.0,0.6666666666666666,0.8,2,0.8421052631578948,0.225
synth-sym-tight,gaussian,1.5,14,cluster1,60,240,db,symmetric,0.8,1.0,0.6666666666666666,0.8,2,0.7450980392156863,0.175
synth-sym-tight,gaussian,1.5,14,cluster2,60,240,threshold,severity,1.0,1.0,1.0,1.0,3,0.9836065573770492,0.25833333333333336
synth-sym-tight,gaussian,1.5,14,cluster2,60,240,threshold,severity,0.95,1.0,1.0,1.0,3,0.3561643835616438,0.05416666666666667
synth-sym-tight,gaussian,1.5,14,cluster2,60,240,threshold,severity,0.9,1.0,1.0,1.0,3,0.125,0.016666666666666666
synth-sym-tight,gaussian,1.5,14,cluster2,60,240,threshold,severity,0.8,1.0,1.0,1.0,3,0.0,0.0
synth-sym-tight,gaussian,1.5,14,cluster2,60,240,threshold,symmetric,1.0,1.0,1.0,1.0,3,0.9836065573770492,0.25833333333333336
synth-sym-tight,gaussian,1.5,14,cluster2,60,240,threshold,symmetric,0.95,1.0,1.0,1.0,3,0.3561643835616438,0.05416666666666667
synth-sym-tight,gaussian,1.5,14,cluster2,60,240,threshold,symmetric,0.9,1.0,1.0,1.0,3,0.15384615384615385,0.020833333333333332
synth-sym-tight,gaussian,1.5,14,cluster2,60,240,threshold,symmetric,0.8,1.0,1.0,1.0,3,0.0,0.0
synth-sym-tight,gaussian,1.5,14,cluster2,60,240,db,severity,1.0,0.375,1.0,0.5454545454545454,8,0.9836065573770492,0.25833333333333336
synth-sym-tight,gaussian,1.5,14,cluster2,60,240,db,severity,0.95,0.6666666666666666,0.6666666666666666,0.6666666666666666,3,0.8547008547008548,0.2375
synth-sym-tight,gaussian,1.5,14,cluster2,60,240,db,severity,0.9,1.0,0.6666666666666666,0.8,2,0.8103448275862069,0.23333333333333334
synth-sym-tight,gaussian,1.5,14,cluster2,60,240,db,severity,0.8,1.0,0.6666666666666666,0.8,2,0.7450980392156863,0.175
synth-sym-tight,gaussian,1.5,14,cluster2,60,240,db,symmetric,1.0,0.375,1.0,0.5454545454545454,8,0.9836065573770492,0.25833333333333336
synth-sym-tight,gaussian,1.5,14,cluster2,60,240,db,symmetric,0.95,0.6666666666666666,0.6666666666666666,0.6666666666666666,3,0.8547008547008548,0.2375
synth-sym-tight,gaussian,1.5,14,cluster2,60,240,db,symmetric,0.9,0.6666666666666666,0.6666666666666666,0.6666666666666666,3,0.8301886792452831,0.19166666666666668
synth-sym-tight,gaussian,1.5,14,cluster2,60,240,db,symmetric,0.8,1.0,0.6666666666666666,0.8,2,0.7428571428571429,0.1875
synth-sym-tight,gaussian,1.5,14,cluster3,60,240,threshold,severity,1.0,1.0,1.0,1.0,3,0.9836065573770492,0.25833333333333336
synth-sym-tight,gaussian,1.5,14,cluster3,60,240,threshold,severity,0.95,1.0,1.0,1.0,3,0.30985915492957744,0.04583333333333333
synth-sym-tight,gaussian,1.5,14,cluster3,60,240,threshold,severity,0.9,1.0,1.0,1.0,3,0.09523809523809523,0.0125
synth-sym-tight,gaussian,1.5,14,cluster3,60,240,threshold,severity,0.8,1.0,1.0,1.0,3,0.0,0.0
synth-sym-tight,gaussian,1.5,14,cluster3,60,240,threshold,symmetric,1.0,1.0,1.0,1.0,3,0.9836065573770492,0.25833333333333336
synth-sym-tight,gaussian,1.5,14,cluster3,60,240,threshold,symmetric,0.95,1.0,1.0,1.0,3,0.30985915492957744,0.04583333333333333
synth-sym-tight,gaussian,1.5,14,cluster3,60,240,threshold,symmetric,0.9,1.0,1.0,1.0,3,0.15384615384615385,0.020833333333333332
synth-sym-tight,gaussian,1.5,14,cluster3,60,240,threshold,symmetric,0.8,1.0,1.0,1.0,3,0.0,0.0
synth-sym-tight,gaussian,1.5,14,cluster3,60,240,db,severity,1.0,0.42857142857142855,1.0,0.6,7,0.9836065573770492,0.25833333333333336
synth-sym-tight,gaussian,1.5,14,cluster3,60,240,db,severity,0.95,0.6666666666666666,0.6666666666666666,0.6666666666666666,3,0.8571428571428572,0.24583333333333332
synth-sym-tight,gaussian,1.5,14,cluster3,60,240,db,severity,0.9,1.0,0.6666666666666666,0.8,2,0.8245614035087719,0.225
synth-sym-tight,gaussian,1.5,14,cluster3,60,240,db,severity,0.8,1.0,0.6666666666666666,0.8,2,0.7428571428571429,0.1875
synth-sym-tight,gaussian,1.5,14,cluster3,60,240,db,symmetric,1.0,0.42857142857142855,1.0,0.6,7,0.9836065573770492,0.25833333333333336
synth-sym-tight,gaussian,1.5,14,cluster3,60,240,db,symmetric,0.95,0.6666666666666666,0.6666666666666666,0.6666666666666666,3,0.8571428571428572,0.24583333333333332
synth-sym-tight,gaussian,1.5,14,cluster3,60,240,db,symmetric,0.9,0.6666666666666666,0.6666666666666666,0.6666666666666666,3,0.8392857142857143,0.21666666666666667
synth-sym-tight,gaussian,1.5,14,cluster3,60,240,db,symmetric,0.8,1.0,0.6666666666666666,0.8,2,0.7547169811320754,0.19166666666666668
synth-sym-tight,gaussian,1.5,15,cluster0,60,240,threshold,severity,1.0,1.0,1.0,1.0,3,0.975609756097561,0.2625
synth-sym-tight,gaussian,1.5,15,cluster0,60,240,threshold,severity,0.95,1.0,1.0,1.0,3,0.2608695652173913,0.0375
synth-sym-tight,gaussian,1.5,15,cluster0,60,240,threshold,severity,0.9,1.0,1.0,1.0,3,0.06451612903225806,0.008333333333333333
synth-sym-tight,gaussian,1.5,15,cluster0,60,240,threshold,severity,0.8,1.0,1.0,1.0,3,0.03278688524590164,0.004166666666666667
synth-sym-tight,gaussian,1.5,15,cluster0,60,240,threshold,symmetric,1.0,1.0,1.0,1.0,3,0.975609756097561,0.2625
synth-sym-tight,gaussian,1.5,15,cluster0,60,240,threshold,symmetric,0.95,1.0,1.0,1.0,3,0.2608695652173913,0.0375
synth-sym-tight,gaussian,1.5,15,cluster0,60,240,threshold,symmetric,0.9,1.0,1.0,1.0,3,0.125,0.016666666666666666
synth-sym-tight,gaussian,1.5,15,cluster0,60,240,threshold,symmetric,0.8,1.0,1.0,1.0,3,0.03278688524590164,0.004166666666666667
synth-sym-tight,gaussian,1.5,15,cluster0,60,240,db,severity,1.0,0.5,1.0,0.6666666666666666,6,0.975609756097561,0.2625
synth-sym-tight,gaussian,1.5,15,cluster0,60,240,db,severity,0.95,1.0,1.0,1.0,3,0.8648648648648648,0.2125
synth-sym-tight,gaussian,1.5,15,cluster0,60,240,db,severity,0.9,1.0,0.6666666666666666,0.8,2,0.8571428571428571,0.21666666666666667
synth-sym-tight,gaussian,1.5,15,cluster0,60,240,db,severity,0.8,1.0,0.6666666666666666,0.8,2,0.7647058823529412,0.175
synth-sym-tight,gaussian,1.5,15,cluster0,60,240,db,symmetric,1.0,0.5,1.0,0.6666666666666666,6,0.975609756097561,0.2625
synth-sym-tight,gaussian,1.5,15,cluster0,60,240,db,symmetric,0.95,1.0,1.0,1.0,3,0.8648648648648648,0.2125
synth-sym-tight,gaussian,1.5,15,cluster0,60,240,db,symmetric,0.9,1.0,0.6666666666666666,0.8,2,0.8672566371681416,0.22083333333333333
synth-sym-tight,gaussian,1.5,15,cluster0,60,240,db,symmetric,0.8,1.0,0.6666666666666666,0.8,2,0.7766990291262136,0.17916666666666667
synth-sym-tight,gaussian,1.5,15,cluster1,60,240,threshold,severity,1.0,1.0,1.0,1.0,3,0.9836065573770492,0.25833333333333336
synth-sym-tight,gaussian,1.5,15,cluster1,60,240,threshold,severity,0.95,1.0,1.0,1.0,3,0.2857142857142857,0.041666666666666664
synth-sym-tight,gaussian,1.5,15,cluster1,60,240,threshold,severity,0.9,1.0,1.0,1.0,3,0.125,0.016666666666666666
synth-sym-tight,gaussian,1.5,15,cluster1,60,240,threshold,severity,0.8,1.0,1.0,1.0,3,0.0,0.0
synth-sym-tight,gaussian,1.5,15,cluster1,60,240,threshold,symmetric,1.0,1.0,1.0,1.0,3,0.9836065573770492,0.25833333333333336
synth-sym-tight,gaussian,1.5,15,cluster1,60,240,threshold,symmetric,0.95,1.0,1.0,1.0,3,0.2857142857142857,0.041666666666666664
synth-sym-tight,gaussian,1.5,15,cluster1,60,240,threshold,symmetric,0.9,1.0,1.0,1.0,3,0.15384615384615385,0.020833333333333332
synth-sym-tight,gaussian,1.5,15,cluster1,60,240,threshold,symmetric,0.8,1.0,1.0,1.0,3,0.03278688524590164,0.004166666666666667
synth-sym-tight,gaussian,1.5,15,cluster1,60,240,db,severity,1.0,0.375,1.0,0.5454545454545454,8,0.9836065573770492,0.25833333333333336
synth-sym-tight,gaussian,1.5,15,cluster1,60,240,db,severity,0.95,0.6666666666666666,0.6666666666666666,0.6666666666666666,3,0.8749999999999999,0.21666666666666667
synth-sym-tight,gaussian,1.5,15,cluster1,60,240,db,severity,0.9,1.0,0.6666666666666666,0.8,2,0.8141592920353983,0.22083333333333333
synth-sym-tight,gaussian,1.5,15,cluster1,60,240,db,severity,0.8,1.0,0.6666666666666666,0.8,2,0.7599999999999999,0.16666666666666666
synth-sym-tight,gaussian,1.5,15,cluster1,60,240,db,symmetric,1.0,0.375,1.0,0.5454545454545454,8,0.9836065573770492,0.25833333333333336
synth-sym-tight,gaussian,1.5,15,cluster1,60,240,db,symmetric,0.95,0.6666666666666666,0.6666666666666666,0.6666666666666666,3,0.8672566371681416,0.22083333333333333
synth-sym-tight,gaussian,1.5,15,cluster1,60,240,db,symmetric,0.9,1.0,0.6666666666666666,0.8,2,0.8448275862068966,0.23333333333333334
synth-sym-tight,gaussian,1.5,15,cluster1,60,240,db,symmetric,0.8,1.0,0.6666666666666666,0.8,2,0.7766990291262136,0.17916666666666667
synth-sym-tight,gaussian,1.5,15,cluster2,60,240,threshold,severity,1.0,1.0,1.0,1.0,3,0.9523809523809523,0.275
synth-sym-tight,gaussian,1.5,15,cluster2,60,240,threshold,severity,0.95,0.6666666666666666,0.6666666666666666,0.6666666666666666,3,0.09375000000000001,0.016666666666666666
synth-sym-tight,gaussian,1.5,15,cluster2,60,240,threshold,severity,0.9,1.0,1.0,1.0,3,0.0,0.0
synth-sym-tight,gaussian,1.5,15,cluster2,60,240,threshold,severity,0.8,1.0,1.0,1.0,3,0.0,0.0
synth-sym-tight,gaussian,1.5,15,cluster2,60,240,threshold,symmetric,1.0,1.0,1.0,1.0,3,0.9523809523809523,0.275
synth-sym-tight,gaussian,1.5,15,cluster2,60,240,threshold,symmetric,0.95,1.0,1.0,1.0,3,0.12307692307692308,0.020833333333333332
synth-sym-tight,gaussian,1.5,15,cluster2,60,240,threshold,symmetric,0.9,1.0,1.0,1.0,3,0.0,0.0
synth-sym-tight,gaussian,1.5,15,cluster2,60,240,threshold,symmetric,0.8,1.0,1.0,1.0,3,0.0,0.0
synth-sym-tight,gaussian,1.5,15,cluster2,60,240,db,severity,1.0,0.75,1.0,0.8571428571428571,4,0.9523809523809523,0.275
synth-sym-tight,gaussian,1.5,15,cluster2,60,240,db,severity,0.95,0.6666666666666666,0.6666666666666666,0.6666666666666666,3,0.8849557522123894,0.22083333333333333
synth-sym-tight,gaussian,1.5,15,cluster2,60,240,db,severity,0.9,1.0,0.6666666666666666,0.8,2,0.8421052631578948,0.225
synth-sym-tight,gaussian,1.5,15,cluster2,60,240,db,severity,0.8,1.0,0.6666666666666666,0.8,2,0.7524752475247526,0.17083333333333334
synth-sym-tight,gaussian,1.5,15,cluster2,60,240,db,symmetric,1.0,0.75,1.0,0.8571428571428571,4,0.9523809523809523,0.275
synth-sym-tight,gaussian,1.5,15,cluster2,60,240,db,symmetric,0.95,0.6666666666666666,0.6666666666666666,0.6666666666666666,3,0.8849557522123894,0.22083333333333333
synth-sym-tight,gaussian,1.5,15,cluster2,60,240,db,symmetric,0.9,1.0,0.6666666666666666,0.8,2,0.8521739130434782,0.22916666666666666
synth-sym-tight,gaussian,1.5,15,cluster2,60,240,db,symmetric,0.8,1.0,0.6666666666666666,0.8,2,0.7647058823529412,0.175
synth-sym-tight,gaussian,1.5,15,cluster3,60,240,threshold,severity,1.0,1.0,1.0,1.0,3,0.967741935483871,0.26666666666666666
synth-sym-tight,gaussian,1.5,15,cluster3,60,240,threshold,severity,0.95,1.0,1.0,1.0,3,0.2857142857142857,0.041666666666666664
synth-sym-tight,gaussian,1.5,15,cluster3,60,240,threshold,severity,0.9,1.0,1.0,1.0,3,0.06451612903225806,0.008333333333333333
synth-sym-tight,gaussian,1.5,15,cluster3,60,240,threshold,severity,0.8,1.0,1.0,1.0,3,0.0,0.0
synth-sym-tight,gaussian,1.5,15,cluster3,60,240,threshold,symmetric,1.0,1.0,1.0,1.0,3,0.967741935483871,0.26666666666666666
synth-sym-tight,gaussian,1.5,15,cluster3,60,240,threshold,symmetric,0.95,1.0,1.0,1.0,3,0.2857142857142857,0.041666666666666664
synth-sym-tight,gaussian,1.5,15,cluster3,60,240,threshold,symmetric,0.9,1.0,1.0,1.0,3,0.09523809523809523,0.0125
synth-sym-tight,gaussian,1.5,15,cluster3,60,240,threshold,symmetric,0.8,1.0,1.0,1.0,3,0.0,0.0
synth-sym-tight,gaussian,1.5,15,cluster3,60,240,db,severity,1.0,0.42857142857142855,1.0,0.6,7,0.967741935483871,0.26666666666666666
synth-sym-tight,gaussian,1.5,15,cluster3,60,240,db,severity,0.95,1.0,1.0,1.0,3,0.8620689655172413,0.23333333333333334
synth-sym-tight,gaussian,1.5,15,cluster3,60,240,db,severity,0.9,1.0,0.6666666666666666,0.8,2,0.8403361344537815,0.24583333333333332
synth-sym-tight,gaussian,1.5,15,cluster3,60,240,db,severity,0.8,1.0,0.6666666666666666,0.8,2,0.7572815533980582,0.17916666666666667
synth-sym-tight,gaussian,1.5,15,cluster3,60,240,db,symmetric,1.0,0.42857142857142855,1.0,0.6,7,0.967741935483871,0.26666666666666666
synth-sym-tight,gaussian,1.5,15,cluster3,60,240,db,symmetric,0.95,1.0,1.0,1.0,3,0.8695652173913043,0.22916666666666666
synth-sym-tight,gaussian,1.5,15,cluster3,60,240,db,symmetric,0.9,1.0,1.0,1.0,3,0.8518518518518519,0.2
synth-sym-tight,gaussian,1.5,15,cluster3,60,240,db,symmetric,0.8,1.0,0.6666666666666666,0.8,2,0.7572815533980582,0.17916666666666667
synth-sym-tight,gaussian,1.5,16,cluster0,60,240,threshold,severity,1.0,1.0,1.0,1.0,3,0.9836065573770492,0.25833333333333336
synth-sym-tight,gaussian,1.5,16,cluster0,60,240,threshold,severity,0.95,1.0,1.0,1.0,3,0.09523809523809523,0.0125
synth-sym-tight,gaussian,1.5,16,cluster0,60,240,threshold,severity,0.9,1.0,1.0,1.0,3,0.0,0.0
synth-sym-tight,gaussian,1.5,16,cluster0,60,240,threshold,severity,0.8,1.0,1.0,1.0,3,0.0,0.0
synth-sym-tight,gaussian,1.5,16,cluster0,60,240,threshold,symmetric,1.0,1.0,1.0,1.0,3,0.9836065573770492,0.25833333333333336
synth-sym-tight,gaussian,1.5,16,cluster0,60,240,threshold,symmetric,0.95,1.0,1.0,1.0,3,0.09523809523809523,0.0125
synth-sym-tight,gaussian,1.5,16,cluster0,60,240,threshold,symmetric,0.9,1.0,1.0,1.0,3,0.03278688524590164,0.004166666666666667
synth-sym-tight,gaussian,1.5,16,cluster0,60,240,threshold,symmetric,0.8,1.0,1.0,1.0,3,0.0,0.0
synth-sym-tight,gaussian,1.5,16,cluster0,60,240,db,severity,1.0,0.5,1.0,0.6666666666666666,6,0.9836065573770492,0.25833333333333336
synth-sym-tight,gaussian,1.5,16,cluster0,60,240,db,severity,0.95,1.0,0.6666666666666666,0.8,2,0.8813559322033899,0.24166666666666667
synth-sym-tight,gaussian,1.5,16,cluster0,60,240,db,severity,0.9,1.0,0.6666666666666666,0.8,2,0.8421052631578948,0.225
synth-sym-tight,gaussian,1.5,16,cluster0,60,240,db,severity,0.8,1.0,0.6666666666666666,0.8,2,0.7676767676767675,0.1625
synth-sym-tight,gaussian,1.5,16,cluster0,60,240,db,symmetric,1.0,0.5,1.0,0.6666666666666666,6,0.9836065573770492,0.25833333333333336
synth-sym-tight,gaussian,1.5,16,cluster0,60,240,db,symmetric,0.95,1.0,0.6666666666666666,0.8,2,0.8888888888888888,0.2375
synth-sym-tight,gaussian,1.5,16,cluster0,60,240,db,symmetric,0.9,1.0,0.6666666666666666,0.8,2,0.8495575221238938,0.22083333333333333
synth-sym-tight,gaussian,1.5,16,cluster0,60,240,db,symmetric,0.8,1.0,0.6666666666666666,0.8,2,0.7676767676767675,0.1625
synth-sym-tight,gaussian,1.5,16,cluster1,60,240,threshold,severity,1.0,1.0,1.0,1.0,3,0.9836065573770492,0.25833333333333336
synth-sym-tight,gaussian,1.5,16,cluster1,60,240,threshold,severity,0.95,1.0,1.0,1.0,3,0.33333333333333337,0.05
synth-sym-tight,gaussian,1.5,16,cluster1,60,240,threshold,severity,0.9,1.0,1.0,1.0,3,0.06451612903225806,0.008333333333333333
synth-sym-tight,gaussian,1.5,16,cluster1,60,240,threshold,severity,0.8,1.0,1.0,1.0,3,0.0,0.0
synth-sym-tight,gaussian,1.5,16,cluster1,60,240,threshold,symmetric,1.0,1.0,1.0,1.0,3,0.9836065573770492,0.25833333333333336
synth-sym-tight,gaussian,1.5,16,cluster1,60,240,threshold,symmetric,0.95,1.0,1.0,1.0,3,0.33333333333333337,0.05
synth-sym-tight,gaussian,1.5,16,cluster1,60,240,threshold,symmetric,0.9,1.0,1.0,1.0,3,0.09523809523809523,0.0125
synth-sym-tight,gaussian,1.5,16,cluster1,60,240,threshold,symmetric,0.8,1.0,1.0,1.0,3,0.0,0.0
synth-sym-tight,gaussian,1.5,16,cluster1,60,240,db,severity,1.0,0.6,1.0,0.7499999999999999,5,0.9836065573770492,0.25833333333333336
synth-sym-tight,gaussian,1.5,16,cluster1,60,240,db,severity,0.95,1.0,0.6666666666666666,0.8,2,0.8739495798319329,0.24583333333333332
synth-sym-tight,gaussian,1.5,16,cluster1,60,240,db,severity,0.9,1.0,0.6666666666666666,0.8,2,0.8141592920353983,0.22083333333333333
synth-sym-tight,gaussian,1.5,16,cluster1,60,240,db,severity,0.8,1.0,0.3333333333333333,0.5,1,0.761904761904762,0.275
synth-sym-tight,gaussian,1.5,16,cluster1,60,240,db,symmetric,1.0,0.6,1.0,0.7499999999999999,5,0.9836065573770492,0.25833333333333336
synth-sym-tight,gaussian,1.5,16,cluster1,60,240,db,symmetric,0.95,1.0,0.6666666666666666,0.8,2,0.8739495798319329,0.24583333333333332
synth-sym-tight,gaussian,1.5,16,cluster1,60,240,db,symmetric,0.9,1.0,0.6666666666666666,0.8,2,0.8347826086956521,0.22916666666666666
synth-sym-tight,gaussian,1.5,16,cluster1,60,240,db,symmetric,0.8,1.0,0.3333333333333333,0.5,1,0.761904761904762,0.275
synth-sym-tight,gaussian,1.5,16,cluster2,60,240,threshold,severity,1.0,1.0,1.0,1.0,3,0.9836065573770492,0.25833333333333336
synth-sym-tight,gaussian,1.5,16,cluster2,60,240,threshold,severity,0.95,1.0,1.0,1.0,3,0.23529411764705882,0.03333333333333333
synth-sym-tight,gaussian,1.5,16,cluster2,60,240,threshold,severity,0.9,1.0,1.0,1.0,3,0.03278688524590164,0.004166666666666667
synth-sym-tight,gaussian,1.5,16,cluster2,60,240,threshold,severity,0.8,1.0,1.0,1.0,3,0.0,0.0
synth-sym-tight,gaussian,1.5,16,cluster2,60,240,threshold,symmetric,1.0,1.0,1.0,1.0,3,0.9836065573770492,0.25833333333333336
synth-sym-tight,gaussian,1.5,16,cluster2,60,240,threshold,symmetric,0.95,1.0,1.0,1.0,3,0.23529411764705882,0.03333333333333333
synth-sym-tight,gaussian,1.5,16,cluster2,60,240,threshold,symmetric,0.9,1.0,1.0,1.0,3,0.03278688524590164,0.004166666666666667
synth-sym-tight,gaussian,1.5,16,cluster2,60,240,threshold,symmetric,0.8,1.0,1.0,1.0,3,0.0,0.0
synth-sym-tight,gaussian,1.5,16,cluster2,60,240,db,severity,1.0,0.5,1.0,0.6666666666666666,6,0.9836065573770492,0.25833333333333336
synth-sym-tight,gaussian,1.5,16,cluster2,60,240,db,severity,0.95,1.0,1.0,1.0,3,0.882882882882883,0.2125
synth-sym-tight,gaussian,1.5,16,cluster2,60,240,db,severity,0.9,1.0,0.6666666666666666,0.8,2,0.8214285714285715,0.21666666666666667
synth-sym-tight,gaussian,1.5,16,cluster2,60,240,db,severity,0.8,1.0,0.6666666666666666,0.8,2,0.7450980392156863,0.175
synth-sym-tight,gaussian,1.5,16,cluster2,60,240,db,symmetric,1.0,0.5,1.0,0.6666666666666666,6,0.9836065573770492,0.25833333333333336
synth-sym-tight,gaussian,1.5,16,cluster2,60,240,db,symmetric,0.95,1.0,1.0,1.0,3,0.882882882882883,0.2125
synth-sym-tight,gaussian,1.5,16,cluster2,60,240,db,symmetric,0.9,1.0,0.6666666666666666,0.8,2,0.8448275862068966,0.23333333333333334
synth-sym-tight,gaussian,1.5,16,cluster2,60,240,db,symmetric,0.8,1.0,0.6666666666666666,0.8,2,0.7572815533980582,0.17916666666666667
synth-sym-tight,gaussian,1.5,16,cluster3,60,240,threshold,severity,1.0,1.0,1.0,1.0,3,0.967741935483871,0.26666666666666666
synth-sym-tight,gaussian,1.5,16,cluster3,60,240,threshold,severity,0.95,1.0,1.0,1.0,3,0.2318840579710145,0.0375
synth-sym-tight,gaussian,1.5,16,cluster3,60,240,threshold,severity,0.9,1.0,1.0,1.0,3,0.06451612903225806,0.008333333333333333
synth-sym-tight,gaussian,1.5,16,cluster3,60,240,threshold,severity,0.8,1.0,1.0,1.0,3,0.0,0.0
synth-sym-tight,gaussian,1.5,16,cluster3,60,240,threshold,symmetric,1.0,1.0,1.0,1.0,3,0.967741935483871,0.26666666666666666
synth-sym-tight,gaussian,1.5,16,cluster3,60,240,threshold,symmetric,0.95,1.0,1.0,1.0,3,0.23529411764705882,0.03333333333333333
synth-sym-tight,gaussian,1.5,16,cluster3,60,240,threshold,symmetric,0.9,1.0,1.0,1.0,3,0.09523809523809523,0.0125
synth-sym-tight,gaussian,1.5,16,cluster3,60,240,threshold,symmetric,0.8,1.0,1.0,1.0,3,0.0,0.0
synth-sym-tight,gaussian,1.5,16,cluster3,60,240,db,severity,1.0,0.6,1.0,0.7499999999999999,5,0.967741935483871,0.26666666666666666
synth-sym-tight,gaussian,1.5,16,cluster3,60,240,db,severity,0.95,1.0,1.0,1.0,3,0.8869565217391303,0.22916666666666666
synth-sym-tight,gaussian,1.5,16,cluster3,60,240,db,severity,0.9,1.0,0.6666666666666666,0.8,2,0.8347826086956521,0.22916666666666666
synth-sym-tight,gaussian,1.5,16,cluster3,60,240,db,severity,0.8,0.5,0.3333333333333333,0.4,2,0.7256637168141593,0.22083333333333333
synth-sym-tight,gaussian,1.5,16,cluster3,60,240,db,symmetric,1.0,0.6,1.0,0.7499999999999999,5,0.967741935483871,0.26666666666666666
synth-sym-tight,gaussian,1.5,16,cluster3,60,240,db,symmetric,0.95,1.0,1.0,1.0,3,0.8771929824561403,0.225
synth-sym-tight,gaussian,1.5,16,cluster3,60,240,db,symmetric,0.9,1.0,1.0,1.0,3,0.8440366972477065,0.20416666666666666
synth-sym-tight,gaussian,1.5,16,cluster3,60,240,db,symmetric,0.8,1.0,0.6666666666666666,0.8,2,0.7339449541284403,0.20416666666666666
synth-sym-tight,gaussian,1.5,17,cluster0,60,240,threshold,severity,1.0,1.0,1.0,1.0,3,0.9917355371900827,0.25416666666666665
synth-sym-tight,gaussian,1.5,17,cluster0,60,240,threshold,severity,0.95,1.0,1.0,1.0,3,0.30985915492957744,0.04583333333333333
synth-sym-tight,gaussian,1.5,17,cluster0,60,240,threshold,severity,0.9,1.0,1.0,1.0,3,0.06451612903225806,0.008333333333333333
synth-sym-tight,gaussian,1.5,17,cluster0,60,240,threshold,severity,0.8,1.0,1.0,1.0,3,0.0,0.0
synth-sym-tight,gaussian,1.5,17,cluster0,60,240,threshold,symmetric,1.0,1.0,1.0,1.0,3,0.9917355371900827,0.25416666666666665
synth-sym-tight,gaussian,1.5,17,cluster0,60,240,threshold,symmetric,0.95,1.0,1.0,1.0,3,0.30985915492957744,0.04583333333333333
synth-sym-tight,gaussian,1.5,17,cluster0,60,240,threshold,symmetric,0.9,1.0,1.0,1.0,3,0.125,0.016666666666666666
synth-sym-tight,gaussian,1.5,17,cluster0,60,240,threshold,symmetric,0.8,1.0,1.0,1.0,3,0.0,0.0
synth-sym-tight,gaussian,1.5,17,cluster0,60,240,db,severity,1.0,0.6,1.0,0.7499999999999999,5,0.9917355371900827,0.25416666666666665
synth-sym-tight,gaussian,1.5,17,cluster0,60,240,db,severity,0.95,1.0,0.6666666666666666,0.8,2,0.8666666666666667,0.25
synth-sym-tight,gaussian,1.5,17,cluster0,60,240,db,severity,0.9,1.0,0.6666666666666666,0.8,2,0.8421052631578948,0.225
synth-sym-tight,gaussian,1.5,17,cluster0,60,240,db,severity,0.8,1.0,0.6666666666666666,0.8,2,0.7307692307692307,0.18333333333333332
synth-sym-tight,gaussian,1.5,17,cluster0,60,240,db,symmetric,1.0,0.6,1.0,0.7499999999999999,5,0.9917355371900827,0.25416666666666665
synth-sym-tight,gaussian,1.5,17,cluster0,60,240,db,symmetric,0.95,0.6666666666666666,0.6666666666666666,0.6666666666666666,3,0.8672566371681416,0.22083333333333333
synth-sym-tight,gaussian,1.5,17,cluster0,60,240,db,symmetric,0.9,1.0,0.6666666666666666,0.8,2,0.8521739130434782,0.22916666666666666
synth-sym-tight,gaussian,1.5,17,cluster0,60,240,db,symmetric,0.8,1.0,0.6666666666666666,0.8,2,0.7307692307692307,0.18333333333333332
synth-sym-tight,gaussian,1.5,17,cluster1,60,240,threshold,severity,1.0,1.0,1.0,1.0,3,0.9302325581395349,0.2875
synth-sym-tight,gaussian,1.5,17,cluster1,60,240,threshold,severity,0.95,1.0,1.0,1.0,3,0.2816901408450704,0.04583333333333333
synth-sym-tight,gaussian,1.5,17,cluster1,60,240,threshold,severity,0.9,1.0,1.0,1.0,3,0.09523809523809523,0.0125
synth-sym-tight,gaussian,1.5,17,cluster1,60,240,threshold,severity,0.8,1.0,1.0,1.0,3,0.0,0.0
synth-sym-tight,gaussian,1.5,17,cluster1,60,240,threshold,symmetric,1.0,1.0,1.0,1.0,3,0.9302325581395349,0.2875
synth-sym-tight,gaussian,1.5,17,cluster1,60,240,threshold,symmetric,0.95,1.0,1.0,1.0,3,0.2816901408450704,0.04583333333333333
synth-sym-tight,gaussian,1.5,17,cluster1,60,240,threshold,symmetric,0.9,1.0,1.0,1.0,3,0.09523809523809523,0.0125
synth-sym-tight,gaussian,1.5,17,cluster1,60,240,threshold,symmetric,0.8,1.0,1.0,1.0,3,0.0,0.0
synth-sym-tight,gaussian,1.5,17,cluster1,60,240,db,severity,1.0,0.5,1.0,0.6666666666666666,6,0.9302325581395349,0.2875
synth-sym-tight,gaussian,1.5,17,cluster1,60,240,db,severity,0.95,1.0,1.0,1.0,3,0.882882882882883,0.2125
synth-sym-tight,gaussian,1.5,17,cluster1,60,240,db,severity,0.9,1.0,0.6666666666666666,0.8,2,0.8392857142857143,0.21666666666666667
synth-sym-tight,gaussian,1.5,17,cluster1,60,240,db,severity,0.8,1.0,0.6666666666666666,0.8,2,0.7474747474747475,0.1625
synth-sym-tight,gaussian,1.5,17,cluster1,60,240,db,symmetric,1.0,0.5,1.0,0.6666666666666666,6,0.9302325581395349,0.2875
synth-sym-tight,gaussian,1.5,17,cluster1,60,240,db,symmetric,0.95,1.0,1.0,1.0,3,0.882882882882883,0.2125
synth-sym-tight,gaussian,1.5,17,cluster1,60,240,db,symmetric,0.9,1.0,0.6666666666666666,0.8,2,0.8495575221238938,0.22083333333333333
synth-sym-tight,gaussian,1.5,17,cluster1,60,240,db,symmetric,0.8,1.0,0.3333333333333333,0.5,1,0.7384615384615385,0.2916666666666667
synth-sym-tight,gaussian,1.5,17,cluster2,60,240,threshold,severity,1.0,1.0,1.0,1.0,3,1.0,0.25
synth-sym-tight,gaussian,1.5,17,cluster2,60,240,threshold,severity,0.95,1.0,1.0,1.0,3,0.3561643835616438,0.05416666666666667
synth-sym-tight,gaussian,1.5,17,cluster2,60,240,threshold,severity,0.9,1.0,1.0,1.0,3,0.125,0.016666666666666666
synth-sym-tight,gaussian,1.5,17,cluster2,60,240,threshold,severity,0.8,1.0,1.0,1.0,3,0.0,0.0
synth-sym-tight,gaussian,1.5,17,cluster2,60,240,threshold,symmetric,1.0,1.0,1.0,1.0,3,1.0,0.25
synth-sym-tight,gaussian,1.5,17,cluster2,60,240,threshold,symmetric,0.95,1.0,1.0,1.0,3,0.3561643835616438,0.05416666666666667
synth-sym-tight,gaussian,1.5,17,cluster2,60,240,threshold,symmetric,0.9,1.0,1.0,1.0,3,0.208955223880597,0.029166666666666667
synth-sym-tight,gaussian,1.5,17,cluster2,60,240,threshold,symmetric,0.8,1.0,1.0,1.0,3,0.0,0.0
synth-sym-tight,gaussian,1.5,17,cluster2,60,240,db,severity,1.0,0.6,1.0,0.7499999999999999,5,1.0,0.25
synth-sym-tight,gaussian,1.5,17,cluster2,60,240,db,severity,0.95,1.0,0.6666666666666666,0.8,2,0.8739495798319329,0.24583333333333332
synth-sym-tight,gaussian,1.5,17,cluster2,60,240,db,severity,0.9,1.0,0.6666666666666666,0.8,2,0.8318584070796461,0.22083333333333333
synth-sym-tight,gaussian,1.5,17,cluster2,60,240,db,severity,0.8,1.0,0.3333333333333333,0.5,1,0.7899159663865546,0.24583333333333332
synth-sym-tight,gaussian,1.5,17,cluster2,60,240,db,symmetric,1.0,0.6,1.0,0.7499999999999999,5,1.0,0.25
synth-sym-tight,gaussian,1.5,17,cluster2,60,240,db,symmetric,0.95,1.0,0.6666666666666666,0.8,2,0.8739495798319329,0.24583333333333332
synth-sym-tight,gaussian,1.5,17,cluster2,60,240,db,symmetric,0.9,1.0,0.6666666666666666,0.8,2,0.8521739130434782,0.22916666666666666
synth-sym-tight,gaussian,1.5,17,cluster2,60,240,db,symmetric,0.8,1.0,0.3333333333333333,0.5,1,0.7933884297520661,0.25416666666666665
synth-sym-tight,gaussian,1.5,17,cluster3,60,240,threshold,severity,1.0,0.6666666666666666,0.6666666666666666,0.6666666666666666,3,0.9836065573770492,0.25833333333333336
synth-sym-tight,gaussian,1.5,17,cluster3,60,240,threshold,severity,0.95,1.0,1.0,1.0,3,0.23529411764705882,0.03333333333333333
synth-sym-tight,gaussian,1.5,17,cluster3,60,240,threshold,severity,0.9,1.0,1.0,1.0,3,0.03278688524590164,0.004166666666666667
synth-sym-tight,gaussian,1.5,17,cluster3,60,240,threshold,severity,0.8,1.0,1.0,1.0,3,0.0,0.0
synth-sym-tight,gaussian,1.5,17,cluster3,60,240,threshold,symmetric,1.0,0.6666666666666666,0.6666666666666666,0.6666666666666666,3,0.9836065573770492,0.25833333333333336
synth-sym-tight,gaussian,1.5,17,cluster3,60,240,threshold,symmetric,0.95,1.0,1.0,1.0,3,0.23529411764705882,0.03333333333333333
synth-sym-tight,gaussian,1.5,17,cluster3,60,240,threshold,symmetric,0.9,1.0,1.0,1.0,3,0.06451612903225806,0.008333333333333333
synth-sym-tight,gaussian,1.5,17,cluster3,60,240,threshold,symmetric,0.8,1.0,1.0,1.0,3,0.03278688524590164,0.004166666666666667
synth-sym-tight,gaussian,1.5,17,cluster3,60,240,db,severity,1.0,0.42857142857142855,1.0,0.6,7,0.9836065573770492,0.25833333333333336
synth-sym-tight,gaussian,1.5,17,cluster3,60,240,db,severity,0.95,0.75,1.0,0.8571428571428571,4,0.8648648648648648,0.2125
synth-sym-tight,gaussian,1.5,17,cluster3,60,240,db,severity,0.9,1.0,0.6666666666666666,0.8,2,0.817391304347826,0.22916666666666666
synth-sym-tight,gaussian,1.5,17,cluster3,60,240,db,severity,0.8,1.0,0.6666666666666666,0.8,2,0.7428571428571429,0.1875
synth-sym-tight,gaussian,1.5,17,cluster3,60,240,db,symmetric,1.0,0.42857142857142855,1.0,0.6,7,0.9836065573770492,0.25833333333333336
synth-sym-tight,gaussian,1.5,17,cluster3,60,240,db,symmetric,0.95,1.0,1.0,1.0,3,0.8521739130434782,0.22916666666666666
synth-sym-tight,gaussian,1.5,17,cluster3,60,240,db,symmetric,0.9,1.0,0.6666666666666666,0.8,2,0.8347826086956521,0.22916666666666666
synth-sym-tight,gaussian,1.5,17,cluster3,60,240,db,symmetric,0.8,1.0,0.6666666666666666,0.8,2,0.7358490566037735,0.19166666666666668
synth-sym-tight,gaussian,1.5,18,cluster0,60,240,threshold,severity,1.0,1.0,1.0,1.0,3,0.975609756097561,0.2625
synth-sym-tight,gaussian,1.5,18,cluster0,60,240,threshold,severity,0.95,1.0,1.0,1.0,3,0.2857142857142857,0.041666666666666664
synth-sym-tight,gaussian,1.5,18,cluster0,60,240,threshold,severity,0.9,1.0,1.0,1.0,3,0.09523809523809523,0.0125
synth-sym-tight,gaussian,1.5,18,cluster0,60,240,threshold,severity,0.8,1.0,1.0,1.0,3,0.0,0.0
synth-sym-tight,gaussian,1.5,18,cluster0,60,240,threshold,symmetric,1.0,1.0,1.0,1.0,3,0.975609756097561,0.2625
synth-sym-tight,gaussian,1.5,18,cluster0,60,240,threshold,symmetric,0.95,1.0,1.0,1.0,3,0.2857142857142857,0.041666666666666664
synth-sym-tight,gaussian,1.5,18,cluster0,60,240,threshold,symmetric,0.9,1.0,1.0,1.0,3,0.15384615384615385,0.020833333333333332
synth-sym-tight,gaussian,1.5,18,cluster0,60,240,threshold,symmetric,0.8,1.0,1.0,1.0,3,0.0,0.0
synth-sym-tight,gaussian,1.5,18,cluster0,60,240,db,severity,1.0,0.42857142857142855,1.0,0.6,7,0.975609756097561,0.2625
synth-sym-tight,gaussian,1.5,18,cluster0,60,240,db,severity,0.95,1.0,0.6666666666666666,0.8,2,0.8813559322033899,0.24166666666666667
synth-sym-tight,gaussian,1.5,18,cluster0,60,240,db,severity,0.9,1.0,0.6666666666666666,0.8,2,0.8363636363636363,0.20833333333333334
synth-sym-tight,gaussian,1.5,18,cluster0,60,240,db,severity,0.8,1.0,0.6666666666666666,0.8,2,0.7524752475247526,0.17083333333333334
synth-sym-tight,gaussian,1.5,18,cluster0,60,240,db,symmetric,1.0,0.42857142857142855,1.0,0.6,7,0.975609756097561,0.2625
synth-sym-tight,gaussian,1.5,18,cluster0,60,240,db,symmetric,0.95,1.0,0.6666666666666666,0.8,2,0.8813559322033899,0.24166666666666667
synth-sym-tight,gaussian,1.5,18,cluster0,60,240,db,symmetric,0.9,1.0,0.6666666666666666,0.8,2,0.8495575221238938,0.22083333333333333
synth-sym-tight,gaussian,1.5,18,cluster0,60,240,db,symmetric,0.8,1.0,0.6666666666666666,0.8,2,0.7647058823529412,0.175
synth-sym-tight,gaussian,1.5,18,cluster1,60,240,threshold,severity,1.0,1.0,1.0,1.0,3,0.967741935483871,0.26666666666666666
synth-sym-tight,gaussian,1.5,18,cluster1,60,240,threshold,severity,0.95,1.0,1.0,1.0,3,0.2777777777777778,0.05
synth-sym-tight,gaussian,1.5,18,cluster1,60,240,threshold,severity,0.9,1.0,1.0,1.0,3,0.09375000000000001,0.016666666666666666
synth-sym-tight,gaussian,1.5,18,cluster1,60,240,threshold,severity,0.8,1.0,1.0,1.0,3,0.03278688524590164,0.004166666666666667
synth-sym-tight,gaussian,1.5,18,cluster1,60,240,threshold,symmetric,1.0,1.0,1.0,1.0,3,0.967741935483871,0.26666666666666666
synth-sym-tight,gaussian,1.5,18,cluster1,60,240,threshold,symmetric,0.95,1.0,1.0,1.0,3,0.273972602739726,0.05416666666666667
synth-sym-tight,gaussian,1.5,18,cluster1,60,240,threshold,symmetric,0.9,1.0,1.0,1.0,3,0.15151515151515152,0.025
synth-sym-tight,gaussian,1.5,18,cluster1,60,240,threshold,symmetric,0.8,1.0,1.0,1.0,3,0.03278688524590164,0.004166666666666667
synth-sym-tight,gaussian,1.5,18,cluster1,60,240,db,severity,1.0,0.375,1.0,0.5454545454545454,8,0.967741935483871,0.26666666666666666
synth-sym-tight,gaussian,1.5,18,cluster1,60,240,db,severity,0.95,1.0,1.0,1.0,3,0.8521739130434782,0.22916666666666666
synth-sym-tight,gaussian,1.5,18,cluster1,60,240,db,severity,0.9,1.0,0.6666666666666666,0.8,2,0.8135593220338982,0.24166666666666667
synth-sym-tight,gaussian,1.5,18,cluster1,60,240,db,severity,0.8,1.0,0.6666666666666666,0.8,2,0.7378640776699028,0.17916666666666667
synth-sym-tight,gaussian,1.5,18,cluster1,60,240,db,symmetric,1.0,0.375,1.0,0.5454545454545454,8,0.967741935483871,0.26666666666666666
synth-sym-tight,gaussian,1.5,18,cluster1,60,240,db,symmetric,0.95,1.0,1.0,1.0,3,0.8521739130434782,0.22916666666666666
synth-sym-tight,gaussian,1.5,18,cluster1,60,240,db,symmetric,0.9,1.0,0.6666666666666666,0.8,2,0.8235294117647058,0.24583333333333332
synth-sym-tight,gaussian,1.5,18,cluster1,60,240,db,symmetric,0.8,1.0,0.6666666666666666,0.8,2,0.7358490566037735,0.19166666666666668
synth-sym-tight,gaussian,1.5,18,cluster2,60,240,threshold,severity,1.0,1.0,1.0,1.0,3,0.9836065573770492,0.25833333333333336
synth-sym-tight,gaussian,1.5,18,cluster2,60,240,threshold,severity,0.95,1.0,1.0,1.0,3,0.2608695652173913,0.0375
synth-sym-tight,gaussian,1.5,18,cluster2,60,240,threshold,severity,0.9,1.0,1.0,1.0,3,0.09523809523809523,0.0125
synth-sym-tight,gaussian,1.5,18,cluster2,60,240,threshold,severity,0.8,1.0,1.0,1.0,3,0.0,0.0
synth-sym-tight,gaussian,1.5,18,cluster2,60,240,threshold,symmetric,1.0,1.0,1.0,1.0,3,0.9836065573770492,0.25833333333333336
synth-sym-tight,gaussian,1.5,18,cluster2,60,240,threshold,symmetric,0.95,1.0,1.0,1.0,3,0.2608695652173913,0.0375
synth-sym-tight,gaussian,1.5,18,cluster2,60,240,threshold,symmetric,0.9,1.0,1.0,1.0,3,0.09523809523809523,0.0125
synth-sym-tight,gaussian,1.5,18,cluster2,60,240,threshold,symmetric,0.8,1.0,1.0,1.0,3,0.0,0.0
synth-sym-tight,gaussian,1.5,18,cluster2,60,240,db,severity,1.0,0.5,1.0,0.6666666666666666,6,0.9836065573770492,0.25833333333333336
synth-sym-tight,gaussian,1.5,18,cluster2,60,240,db,severity,0.95,1.0,1.0,1.0,3,0.8749999999999999,0.21666666666666667
synth-sym-tight,gaussian,1.5,18,cluster2,60,240,db,severity,0.9,1.0,1.0,1.0,3,0.8190476190476191,0.1875
synth-sym-tight,gaussian,1.5,18,cluster2,60,240,db,severity,0.8,1.0,0.6666666666666666,0.8,2,0.7289719626168223,0.19583333333333333
synth-sym-tight,gaussian,1.5,18,cluster2,60,240,db,symmetric,1.0,0.5,1.0,0.6666666666666666,6,0.9836065573770492,0.25833333333333336
synth-sym-tight,gaussian,1.5,18,cluster2,60,240,db,symmetric,0.95,1.0,1.0,1.0,3,0.8596491228070176,0.225
synth-sym-tight,gaussian,1.5,18,cluster2,60,240,db,symmetric,0.9,1.0,1.0,1.0,3,0.8411214953271028,0.19583333333333333
synth-sym-tight,gaussian,1.5,18,cluster2,60,240,db,symmetric,0.8,1.0,0.6666666666666666,0.8,2,0.75,0.18333333333333332
synth-sym-tight,gaussian,1.5,18,cluster3,60,240,threshold,severity,1.0,1.0,1.0,1.0,3,0.975609756097561,0.2625
synth-sym-tight,gaussian,1.5,18,cluster3,60,240,threshold,severity,0.95,1.0,1.0,1.0,3,0.30985915492957744,0.04583333333333333
synth-sym-tight,gaussian,1.5,18,cluster3,60,240,threshold,severity,0.9,1.0,1.0,1.0,3,0.125,0.016666666666666666
synth-sym-tight,gaussian,1.5,18,cluster3,60,240,threshold,severity,0.8,1.0,1.0,1.0,3,0.0,0.0
synth-sym-tight,gaussian,1.5,18,cluster3,60,240,threshold,symmetric,1.0,1.0,1.0,1.0,3,0.975609756097561,0.2625
synth-sym-tight,gaussian,1.5,18,cluster3,60,240,threshold,symmetric,0.95,1.0,1.0,1.0,3,0.30985915492957744,0.04583333333333333
synth-sym-tight,gaussian,1.5,18,cluster3,60,240,threshold,symmetric,0.9,1.0,1.0,1.0,3,0.18181818181818182,0.025
synth-sym-tight,gaussian,1.5,18,cluster3,60,240,threshold,symmetric,0.8,1.0,1.0,1.0,3,0.0,0.0
synth-sym-tight,gaussian,1.5,18,cluster3,60,240,db,severity,1.0,0.5,1.0,0.6666666666666666,6,0.975609756097561,0.2625
synth-sym-tight,gaussian,1.5,18,cluster3,60,240,db,severity,0.95,0.6666666666666666,0.6666666666666666,0.6666666666666666,3,0.8547008547008548,0.2375
synth-sym-tight,gaussian,1.5,18,cluster3,60,240,db,severity,0.9,1.0,0.6666666666666666,0.8,2,0.8392857142857143,0.21666666666666667
synth-sym-tight,gaussian,1.5,18,cluster3,60,240,db,severity,0.8,1.0,0.6666666666666666,0.8,2,0.7307692307692307,0.18333333333333332
synth-sym-tight,gaussian,1.5,18,cluster3,60,240,db,symmetric,1.0,0.5,1.0,0.6666666666666666,6,0.975609756097561,0.2625
synth-sym-tight,gaussian,1.5,18,cluster3,60,240,db,symmetric,0.95,0.6666666666666666,0.6666666666666666,0.6666666666666666,3,0.8547008547008548,0.2375
synth-sym-tight,gaussian,1.5,18,cluster3,60,240,db,symmetric,0.9,1.0,0.6666666666666666,0.8,2,0.8596491228070176,0.225
synth-sym-tight,gaussian,1.5,18,cluster3,60,240,db,symmetric,0.8,1.0,0.6666666666666666,0.8,2,0.75,0.18333333333333332
synth-sym-tight,gaussian,1.5,19,cluster0,60,240,threshold,severity,1.0,1.0,1.0,1.0,3,0.975609756097561,0.2625
synth-sym-tight,gaussian,1.5,19,cluster0,60,240,threshold,severity,0.95,1.0,1.0,1.0,3,0.18181818181818182,0.025
synth-sym-tight,gaussian,1.5,19,cluster0,60,240,threshold,severity,0.9,1.0,1.0,1.0,3,0.06451612903225806,0.008333333333333333
synth-sym-tight,gaussian,1.5,19,cluster0,60,240,threshold,severity,0.8,1.0,1.0,1.0,3,0.0,0.0
synth-sym-tight,gaussian,1.5,19,cluster0,60,240,threshold,symmetric,1.0,1.0,1.0,1.0,3,0.975609756097561,0.2625
synth-sym-tight,gaussian,1.5,19,cluster0,60,240,threshold,symmetric,0.95,1.0,1.0,1.0,3,0.17910447761194032,0.029166666666666667
synth-sym-tight,gaussian,1.5,19,cluster0,60,240,threshold,symmetric,0.9,1.0,1.0,1.0,3,0.125,0.016666666666666666
synth-sym-tight,gaussian,1.5,19,cluster0,60,240,threshold,symmetric,0.8,1.0,1.0,1.0,3,0.0,0.0
synth-sym-tight,gaussian,1.5,19,cluster0,60,240,db,severity,1.0,0.375,1.0,0.5454545454545454,8,0.975609756097561,0.2625
synth-sym-tight,gaussian,1.5,19,cluster0,60,240,db,severity,0.95,1.0,1.0,1.0,3,0.882882882882883,0.2125
synth-sym-tight,gaussian,1.5,19,cluster0,60,240,db,severity,0.9,1.0,0.6666666666666666,0.8,2,0.8318584070796461,0.22083333333333333
synth-sym-tight,gaussian,1.5,19,cluster0,60,240,db,severity,0.8,1.0,0.6666666666666666,0.8,2,0.74,0.16666666666666666
synth-sym-tight,gaussian,1.5,19,cluster0,60,240,db,symmetric,1.0,0.375,1.0,0.5454545454545454,8,0.975609756097561,0.2625
synth-sym-tight,gaussian,1.5,19,cluster0,60,240,db,symmetric,0.95,1.0,1.0,1.0,3,0.8749999999999999,0.21666666666666667
synth-sym-tight,gaussian,1.5,19,cluster0,60,240,db,symmetric,0.9,1.0,0.6666666666666666,0.8,2,0.8521739130434782,0.22916666666666666
synth-sym-tight,gaussian,1.5,19,cluster0,60,240,db,symmetric,0.8,1.0,0.6666666666666666,0.8,2,0.7572815533980582,0.17916666666666667
synth-sym-tight,gaussian,1.5,19,cluster1,60,240,threshold,severity,1.0,1.0,1.0,1.0,3,1.0,0.25
synth-sym-tight,gaussian,1.5,19,cluster1,60,240,threshold,severity,0.95,1.0,1.0,1.0,3,0.37837837837837834,0.058333333333333334
synth-sym-tight,gaussian,1.5,19,cluster1,60,240,threshold,severity,0.9,1.0,1.0,1.0,3,0.125,0.016666666666666666
synth-sym-tight,gaussian,1.5,19,cluster1,60,240,threshold,severity,0.8,1.0,1.0,1.0,3,0.0,0.0
synth-sym-tight,gaussian,1.5,19,cluster1,60,240,threshold,symmetric,1.0,1.0,1.0,1.0,3,1.0,0.25
synth-sym-tight,gaussian,1.5,19,cluster1,60,240,threshold,symmetric,0.95,1.0,1.0,1.0,3,0.3561643835616438,0.05416666666666667
synth-sym-tight,gaussian,1.5,19,cluster1,60,240,threshold,symmetric,0.9,1.0,1.0,1.0,3,0.18181818181818182,0.025
synth-sym-tight,gaussian,1.5,19,cluster1,60,240,threshold,symmetric,0.8,1.0,1.0,1.0,3,0.03278688524590164,0.004166666666666667
synth-sym-tight,gaussian,1.5,19,cluster1,60,240,db,severity,1.0,0.42857142857142855,1.0,0.6,7,1.0,0.25
synth-sym-tight,gaussian,1.5,19,cluster1,60,240,db,severity,0.95,1.0,1.0,1.0,3,0.8648648648648648,0.2125
synth-sym-tight,gaussian,1.5,19,cluster1,60,240,db,severity,0.9,1.0,0.6666666666666666,0.8,2,0.8141592920353983,0.22083333333333333
synth-sym-tight,gaussian,1.5,19,cluster1,60,240,db,severity,0.8,1.0,0.6666666666666666,0.8,2,0.7200000000000001,0.16666666666666666
synth-sym-tight,gaussian,1.5,19,cluster1,60,240,db,symmetric,1.0,0.42857142857142855,1.0,0.6,7,1.0,0.25
synth-sym-tight,gaussian,1.5,19,cluster1,60,240,db,symmetric,0.95,1.0,1.0,1.0,3,0.8727272727272728,0.20833333333333334
synth-sym-tight,gaussian,1.5,19,cluster1,60,240,db,symmetric,0.9,1.0,0.6666666666666666,0.8,2,0.8347826086956521,0.22916666666666666
synth-sym-tight,gaussian,1.5,19,cluster1,60,240,db,symmetric,0.8,1.0,0.6666666666666666,0.8,2,0.7450980392156863,0.175
synth-sym-tight,gaussian,1.5,19,cluster2,60,240,threshold,severity,1.0,1.0,1.0,1.0,3,0.975609756097561,0.2625
synth-sym-tight,gaussian,1.5,19,cluster2,60,240,threshold,severity,0.95,1.0,1.0,1.0,3,0.2608695652173913,0.0375
synth-sym-tight,gaussian,1.5,19,cluster2,60,240,threshold,severity,0.9,1.0,1.0,1.0,3,0.09523809523809523,0.0125
synth-sym-tight,gaussian,1.5,19,cluster2,60,240,threshold,severity,0.8,1.0,1.0,1.0,3,0.0,0.0
synth-sym-tight,gaussian,1.5,19,cluster2,60,240,threshold,symmetric,1.0,1.0,1.0,1.0,3,0.975609756097561,0.2625
synth-sym-tight,gaussian,1.5,19,cluster2,60,240,threshold,symmetric,0.95,1.0,1.0,1.0,3,0.2608695652173913,0.0375
synth-sym-tight,gaussian,1.5,19,cluster2,60,240,threshold,symmetric,0.9,1.0,1.0,1.0,3,0.09523809523809523,0.0125
synth-sym-tight,gaussian,1.5,19,cluster2,60,240,threshold,symmetric,0.8,1.0,1.0,1.0,3,0.0,0.0
synth-sym-tight,gaussian,1.5,19,cluster2,60,240,db,severity,1.0,0.6,1.0,0.7499999999999999,5,0.975609756097561,0.2625
synth-sym-tight,gaussian,1.5,19,cluster2,60,240,db,severity,0.95,1.0,1.0,1.0,3,0.8648648648648648,0.2125
synth-sym-tight,gaussian,1.5,19,cluster2,60,240,db,severity,0.9,1.0,0.6666666666666666,0.8,2,0.8245614035087719,0.225
synth-sym-tight,gaussian,1.5,19,cluster2,60,240,db,severity,0.8,1.0,0.6666666666666666,0.8,2,0.7647058823529412,0.175
synth-sym-tight,gaussian,1.5,19,cluster2,60,240,db,symmetric,1.0,0.6,1.0,0.7499999999999999,5,0.975609756097561,0.2625
synth-sym-tight,gaussian,1.5,19,cluster2,60,240,db,symmetric,0.95,1.0,1.0,1.0,3,0.8648648648648648,0.2125
synth-sym-tight,gaussian,1.5,19,cluster2,60,240,db,symmetric,0.9,1.0,0.6666666666666666,0.8,2,0.8347826086956521,0.22916666666666666
synth-sym-tight,gaussian,1.5,19,cluster2,60,240,db,symmetric,0.8,1.0,0.6666666666666666,0.8,2,0.7843137254901961,0.175
synth-sym-tight,gaussian,1.5,19,cluster3,60,240,threshold,severity,1.0,1.0,1.0,1.0,3,0.9917355371900827,0.25416666666666665
synth-sym-tight,gaussian,1.5,19,cluster3,60,240,threshold,severity,0.95,1.0,1.0,1.0,3,0.18181818181818182,0.025
synth-sym-tight,gaussian,1.5,19,cluster3,60,240,threshold,severity,0.9,1.0,1.0,1.0,3,0.06451612903225806,0.008333333333333333
synth-sym-tight,gaussian,1.5,19,cluster3,60,240,threshold,severity,0.8,1.0,1.0,1.0,3,0.0,0.0
synth-sym-tight,gaussian,1.5,19,cluster3,60,240,threshold,symmetric,1.0,1.0,1.0,1.0,3,0.9917355371900827,0.25416666666666665
synth-sym-tight,gaussian,1.5,19,cluster3,60,240,threshold,symmetric,0.95,1.0,1.0,1.0,3,0.18181818181818182,0.025
synth-sym-tight,gaussian,1.5,19,cluster3,60,240,threshold,symmetric,0.9,1.0,1.0,1.0,3,0.09523809523809523,0.0125
synth-sym-tight,gaussian,1.5,19,cluster3,60,240,threshold,symmetric,0.8,1.0,1.0,1.0,3,0.0,0.0
synth-sym-tight,gaussian,1.5,19,cluster3,60,240,db,severity,1.0,0.75,1.0,0.8571428571428571,4,0.9917355371900827,0.25416666666666665
synth-sym-tight,gaussian,1.5,19,cluster3,60,240,db,severity,0.95,1.0,1.0,1.0,3,0.8928571428571429,0.21666666666666667
synth-sym-tight,gaussian,1.5,19,cluster3,60,240,db,severity,0.9,1.0,0.6666666666666666,0.8,2,0.8392857142857143,0.21666666666666667
synth-sym-tight,gaussian,1.5,19,cluster3,60,240,db,severity,0.8,1.0,0.3333333333333333,0.5,1,0.7401574803149608,0.2791666666666667
synth-sym-tight,gaussian,1.5,19,cluster3,60,240,db,symmetric,1.0,0.75,1.0,0.8571428571428571,4,0.9917355371900827,0.25416666666666665
synth-sym-tight,gaussian,1.5,19,cluster3,60,240,db,symmetric,0.95,1.0,1.0,1.0,3,0.8928571428571429,0.21666666666666667
synth-sym-tight,gaussian,1.5,19,cluster3,60,240,db,symmetric,0.9,1.0,0.6666666666666666,0.8,2,0.8596491228070176,0.225
synth-sym-tight,gaussian,1.5,19,cluster3,60,240,db,symmetric,0.8,1.0,0.3333333333333333,0.5,1,0.7559055118110236,0.2791666666666667
synth-skew-wide,lognormal,4.0,0,cluster0,60,240,threshold,severity,1.0,1.0,1.0,1.0,3,1.0,0.25
synth-skew-wide,lognormal,4.0,0,cluster0,60,240,threshold,severity,0.95,1.0,1.0,1.0,3,0.30985915492957744,0.04583333333333333
synth-skew-wide,lognormal,4.0,0,cluster0,60,240,threshold,severity,0.9,1.0,1.0,1.0,3,0.03278688524590164,0.004166666666666667
synth-skew-wide,lognormal,4.0,0,cluster0,60,240,threshold,severity,0.8,1.0,1.0,1.0,3,0.0,0.0
synth-skew-wide,lognormal,4.0,0,cluster0,60,240,threshold,symmetric,1.0,1.0,1.0,1.0,3,1.0,0.25
synth-skew-wide,lognormal,4.0,0,cluster0,60,240,threshold,symmetric,0.95,1.0,1.0,1.0,3,0.30985915492957744,0.04583333333333333
synth-skew-wide,lognormal,4.0,0,cluster0,60,240,threshold,symmetric,0.9,1.0,1.0,1.0,3,0.06451612903225806,0.008333333333333333
synth-skew-wide,lognormal,4.0,0,cluster0,60,240,threshold,symmetric,0.8,1.0,1.0,1.0,3,0.0,0.0
synth-skew-wide,lognormal,4.0,0,cluster0,60,240,db,severity,1.0,1.0,0.3333333333333333,0.5,1,1.0,0.25
synth-skew-wide,lognormal,4.0,0,cluster0,60,240,db,severity,0.95,1.0,0.3333333333333333,0.5,1,0.9655172413793104,0.23333333333333334
synth-skew-wide,lognormal,4.0,0,cluster0,60,240,db,severity,0.9,1.0,0.3333333333333333,0.5,1,0.9380530973451328,0.22083333333333333
synth-skew-wide,lognormal,4.0,0,cluster0,60,240,db,severity,0.8,1.0,0.3333333333333333,0.5,1,0.8785046728971964,0.19583333333333333
synth-skew-wide,lognormal,4.0,0,cluster0,60,240,db,symmetric,1.0,1.0,0.3333333333333333,0.5,1,1.0,0.25
synth-skew-wide,lognormal,4.0,0,cluster0,60,240,db,symmetric,0.95,1.0,0.3333333333333333,0.5,1,0.9655172413793104,0.23333333333333334
synth-skew-wide,lognormal,4.0,0,cluster0,60,240,db,symmetric,0.9,1.0,0.3333333333333333,0.5,1,0.9473684210526316,0.225
synth-skew-wide,lognormal,4.0,0,cluster0,60,240,db,symmetric,0.8,1.0,0.3333333333333333,0.5,1,0.888888888888889,0.2
synth-skew-wide,lognormal,4.0,0,cluster1,60,240,threshold,severity,1.0,1.0,1.0,1.0,3,1.0,0.25
synth-skew-wide,lognormal,4.0,0,cluster1,60,240,threshold,severity,0.95,1.0,1.0,1.0,3,0.208955223880597,0.029166666666666667
synth-skew-wide,lognormal,4.0,0,cluster1,60,240,threshold,severity,0.9,1.0,1.0,1.0,3,0.06451612903225806,0.008333333333333333
synth-skew-wide,lognormal,4.0,0,cluster1,60,240,threshold,severity,0.8,1.0,1.0,1.0,3,0.0,0.0
synth-skew-wide,lognormal,4.0,0,cluster1,60,240,threshold,symmetric,1.0,1.0,1.0,1.0,3,1.0,0.25
synth-skew-wide,lognormal,4.0,0,cluster1,60,240,threshold,symmetric,0.95,1.0,1.0,1.0,3,0.2857142857142857,0.041666666666666664
synth-skew-wide,lognormal,4.0,0,cluster1,60,240,threshold,symmetric,0.9,1.0,1.0,1.0,3,0.06451612903225806,0.008333333333333333
synth-skew-wide,lognormal,4.0,0,cluster1,60,240,threshold,symmetric,0.8,1.0,1.0,1.0,3,0.0,0.0
synth-skew-wide,lognormal,4.0,0,cluster1,60,240,db,severity,1.0,1.0,0.3333333333333333,0.5,1,1.0,0.25
synth-skew-wide,lognormal,4.0,0,cluster1,60,240,db,severity,0.95,1.0,0.3333333333333333,0.5,1,0.9655172413793104,0.23333333333333334
synth-skew-wide,lognormal,4.0,0,cluster1,60,240,db,severity,0.9,1.0,0.3333333333333333,0.5,1,0.9380530973451328,0.22083333333333333
synth-skew-wide,lognormal,4.0,0,cluster1,60,240,db,severity,0.8,1.0,0.3333333333333333,0.5,1,0.8785046728971964,0.19583333333333333
synth-skew-wide,lognormal,4.0,0,cluster1,60,240,db,symmetric,1.0,1.0,0.3333333333333333,0.5,1,1.0,0.25
synth-skew-wide,lognormal,4.0,0,cluster1,60,240,db,symmetric,0.95,1.0,0.3333333333333333,0.5,1,0.9655172413793104,0.23333333333333334
synth-skew-wide,lognormal,4.0,0,cluster1,60,240,db,symmetric,0.9,1.0,0.3333333333333333,0.5,1,0.9473684210526316,0.225
synth-skew-wide,lognormal,4.0,0,cluster1,60,240,db,symmetric,0.8,1.0,0.3333333333333333,0.5,1,0.888888888888889,0.2
synth-skew-wide,lognormal,4.0,0,cluster2,60,240,threshold,severity,1.0,0.6666666666666666,0.6666666666666666,0.6666666666666666,3,1.0,0.25
synth-skew-wide,lognormal,4.0,0,cluster2,60,240,threshold,severity,0.95,1.0,1.0,1.0,3,0.208955223880597,0.029166666666666667
synth-skew-wide,lognormal,4.0,0,cluster2,60,240,threshold,severity,0.9,1.0,1.0,1.0,3,0.06451612903225806,0.008333333333333333
synth-skew-wide,lognormal,4.0,0,cluster2,60,240,threshold,severity,0.8,1.0,1.0,1.0,3,0.0,0.0
synth-skew-wide,lognormal,4.0,0,cluster2,60,240,threshold,symmetric,1.0,0.6666666666666666,0.6666666666666666,0.6666666666666666,3,1.0,0.25
synth-skew-wide,lognormal,4.0,0,cluster2,60,240,threshold,symmetric,0.95,1.0,1.0,1.0,3,0.208955223880597,0.029166666666666667
synth-skew-wide,lognormal,4.0,0,cluster2,60,240,threshold,symmetric,0.9,1.0,1.0,1.0,3,0.09523809523809523,0.0125
synth-skew-wide,lognormal,4.0,0,cluster2,60,240,threshold,symmetric,0.8,1.0,1.0,1.0,3,0.03278688524590164,0.004166666666666667
synth-skew-wide,lognormal,4.0,0,cluster2,60,240,db,severity,1.0,1.0,0.6666666666666666,0.8,2,1.0,0.25
synth-skew-wide,lognormal,4.0,0,cluster2,60,240,db,severity,0.95,1.0,0.3333333333333333,0.5,1,0.9655172413793104,0.23333333333333334
synth-skew-wide,lognormal,4.0,0,cluster2,60,240,db,severity,0.9,1.0,0.3333333333333333,0.5,1,0.9380530973451328,0.22083333333333333
synth-skew-wide,lognormal,4.0,0,cluster2,60,240,db,severity,0.8,1.0,0.3333333333333333,0.5,1,0.8785046728971964,0.19583333333333333
synth-skew-wide,lognormal,4.0,0,cluster2,60,240,db,symmetric,1.0,1.0,0.6666666666666666,0.8,2,1.0,0.25
synth-skew-wide,lognormal,4.0,0,cluster2,60,240,db,symmetric,0.95,1.0,0.3333333333333333,0.5,1,0.9572649572649572,0.2375
synth-skew-wide,lognormal,4.0,0,cluster2,60,240,db,symmetric,0.9,1.0,0.3333333333333333,0.5,1,0.9473684210526316,0.225
synth-skew-wide,lognormal,4.0,0,cluster2,60,240,db,symmetric,0.8,1.0,0.3333333333333333,0.5,1,0.888888888888889,0.2
synth-skew-wide,lognormal,4.0,0,cluster3,60,240,threshold,severity,1.0,1.0,1.0,1.0,3,1.0,0.25
synth-skew-wide,lognormal,4.0,0,cluster3,60,240,threshold,severity,0.95,1.0,1.0,1.0,3,0.15384615384615385,0.020833333333333332
synth-skew-wide,lognormal,4.0,0,cluster3,60,240,threshold,severity,0.9,1.0,1.0,1.0,3,0.0,0.0
synth-skew-wide,lognormal,4.0,0,cluster3,60,240,threshold,severity,0.8,1.0,1.0,1.0,3,0.0,0.0
synth-skew-wide,lognormal,4.0,0,cluster3,60,240,threshold,symmetric,1.0,1.0,1.0,1.0,3,1.0,0.25
synth-skew-wide,lognormal,4.0,0,cluster3,60,240,threshold,symmetric,0.95,1.0,1.0,1.0,3,0.18181818181818182,0.025
synth-skew-wide,lognormal,4.0,0,cluster3,60,240,threshold,symmetric,0.9,1.0,1.0,1.0,3,0.06451612903225806,0.008333333333333333
synth-skew-wide,lognormal,4.0,0,cluster3,60,240,threshold,symmetric,0.8,1.0,1.0,1.0,3,0.0,0.0
synth-skew-wide,lognormal,4.0,0,cluster3,60,240,db,severity,1.0,1.0,0.3333333333333333,0.5,1,1.0,0.25
synth-skew-wide,lognormal,4.0,0,cluster3,60,240,db,severity,0.95,1.0,0.3333333333333333,0.5,1,0.9655172413793104,0.23333333333333334
synth-skew-wide,lognormal,4.0,0,cluster3,60,240,db,severity,0.9,1.0,0.3333333333333333,0.5,1,0.9473684210526316,0.225
synth-skew-wide,lognormal,4.0,0,cluster3,60,240,db,severity,0.8,1.0,0.3333333333333333,0.5,1,0.888888888888889,0.2
synth-skew-wide,lognormal,4.0,0,cluster3,60,240,db,symmetric,1.0,1.0,0.3333333333333333,0.5,1,1.0,0.25
synth-skew-wide,lognormal,4.0,0,cluster3,60,240,db,symmetric,0.95,1.0,0.3333333333333333,0.5,1,0.9655172413793104,0.23333333333333334
synth-skew-wide,lognormal,4.0,0,cluster3,60,240,db,symmetric,0.9,1.0,0.3333333333333333,0.5,1,0.9473684210526316,0.225
synth-skew-wide,lognormal,4.0,0,cluster3,60,240,db,symmetric,0.8,1.0,0.3333333333333333,0.5,1,0.888888888888889,0.2
synth-skew-wide,lognormal,4.0,1,cluster0,60,240,threshold,severity,1.0,1.0,1.0,1.0,3,1.0,0.25
synth-skew-wide,lognormal,4.0,1,cluster0,60,240,threshold,severity,0.95,1.0,1.0,1.0,3,0.37837837837837834,0.058333333333333334
synth-skew-wide,lognormal,4.0,1,cluster0,60,240,threshold,severity,0.9,1.0,1.0,1.0,3,0.09523809523809523,0.0125
synth-skew-wide,lognormal,4.0,1,cluster0,60,240,threshold,severity,0.8,1.0,1.0,1.0,3,0.0,0.0
synth-skew-wide,lognormal,4.0,1,cluster0,60,240,threshold,symmetric,1.0,1.0,1.0,1.0,3,1.0,0.25
synth-skew-wide,lognormal,4.0,1,cluster0,60,240,threshold,symmetric,0.95,1.0,1.0,1.0,3,0.37837837837837834,0.058333333333333334
synth-skew-wide,lognormal,4.0,1,cluster0,60,240,threshold,symmetric,0.9,1.0,1.0,1.0,3,0.125,0.016666666666666666
synth-skew-wide,lognormal,4.0,1,cluster0,60,240,threshold,symmetric,0.8,1.0,1.0,1.0,3,0.0,0.0
synth-skew-wide,lognormal,4.0,1,cluster0,60,240,db,severity,1.0,1.0,0.3333333333333333,0.5,1,1.0,0.25
synth-skew-wide,lognormal,4.0,1,cluster0,60,240,db,severity,0.95,1.0,0.3333333333333333,0.5,1,0.9655172413793104,0.23333333333333334
synth-skew-wide,lognormal,4.0,1,cluster0,60,240,db,severity,0.9,1.0,0.3333333333333333,0.5,1,0.9380530973451328,0.22083333333333333
synth-skew-wide,lognormal,4.0,1,cluster0,60,240,db,severity,0.8,1.0,0.3333333333333333,0.5,1,0.8785046728971964,0.19583333333333333
synth-skew-wide,lognormal,4.0,1,cluster0,60,240,db,symmetric,1.0,1.0,0.3333333333333333,0.5,1,1.0,0.25
synth-skew-wide,lognormal,4.0,1,cluster0,60,240,db,symmetric,0.95,1.0,0.3333333333333333,0.5,1,0.9655172413793104,0.23333333333333334
synth-skew-wide,lognormal,4.0,1,cluster0,60,240,db,symmetric,0.9,1.0,0.3333333333333333,0.5,1,0.9473684210526316,0.225
synth-skew-wide,lognormal,4.0,1,cluster0,60,240,db,symmetric,0.8,1.0,0.3333333333333333,0.5,1,0.888888888888889,0.2
synth-skew-wide,lognormal,4.0,1,cluster1,60,240,threshold,severity,1.0,1.0,1.0,1.0,3,1.0,0.25
synth-skew-wide,lognormal,4.0,1,cluster1,60,240,threshold,severity,0.95,1.0,1.0,1.0,3,0.23529411764705882,0.03333333333333333
synth-skew-wide,lognormal,4.0,1,cluster1,60,240,threshold,severity,0.9,1.0,1.0,1.0,3,0.06451612903225806,0.008333333333333333
synth-skew-wide,lognormal,4.0,1,cluster1,60,240,threshold,severity,0.8,1.0,1.0,1.0,3,0.0,0.0
synth-skew-wide,lognormal,4.0,1,cluster1,60,240,threshold,symmetric,1.0,1.0,1.0,1.0,3,1.0,0.25
synth-skew-wide,lognormal,4.0,1,cluster1,60,240,threshold,symmetric,0.95,1.0,1.0,1.0,3,0.23529411764705882,0.03333333333333333
synth-skew-wide,lognormal,4.0,1,cluster1,60,240,threshold,symmetric,0.9,1.0,1.0,1.0,3,0.09523809523809523,0.0125
synth-skew-wide,lognormal,4.0,1,cluster1,60,240,threshold,symmetric,0.8,1.0,1.0,1.0,3,0.0,0.0
synth-skew-wide,lognormal,4.0,1,cluster1,60,240,db,severity,1.0,1.0,0.3333333333333333,0.5,1,1.0,0.25
synth-skew-wide,lognormal,4.0,1,cluster1,60,240,db,severity,0.95,1.0,0.3333333333333333,0.5,1,0.9655172413793104,0.23333333333333334
synth-skew-wide,lognormal,4.0,1,cluster1,60,240,db,severity,0.9,1.0,0.3333333333333333,0.5,1,0.9380530973451328,0.22083333333333333
synth-skew-wide,lognormal,4.0,1,cluster1,60,240,db,severity,0.8,1.0,0.3333333333333333,0.5,1,0.8785046728971964,0.19583333333333333
synth-skew-wide,lognormal,4.0,1,cluster1,60,240,db,symmetric,1.0,1.0,0.3333333333333333,0.5,1,1.0,0.25
synth-skew-wide,lognormal,4.0,1,cluster1,60,240,db,symmetric,0.95,1.0,0.3333333333333333,0.5,1,0.9655172413793104,0.23333333333333334
synth-skew-wide,lognormal,4.0,1,cluster1,60,240,db,symmetric,0.9,1.0,0.3333333333333333,0.5,1,0.9473684210526316,0.225
synth-skew-wide,lognormal,4.0,1,cluster1,60,240,db,symmetric,0.8,1.0,0.3333333333333333,0.5,1,0.888888888888889,0.2
synth-skew-wide,lognormal,4.0,1,cluster2,60,240,threshold,severity,1.0,1.0,1.0,1.0,3,1.0,0.25
synth-skew-wide,lognormal,4.0,1,cluster2,60,240,threshold,severity,0.95,1.0,1.0,1.0,3,0.23529411764705882,0.03333333333333333
synth-skew-wide,lognormal,4.0,1,cluster2,60,240,threshold,severity,0.9,1.0,1.0,1.0,3,0.03278688524590164,0.004166666666666667
synth-skew-wide,lognormal,4.0,1,cluster2,60,240,threshold,severity,0.8,1.0,1.0,1.0,3,0.0,0.0
synth-skew-wide,lognormal,4.0,1,cluster2,60,240,threshold,symmetric,1.0,1.0,1.0,1.0,3,1.0,0.25
synth-skew-wide,lognormal,4.0,1,cluster2,60,240,threshold,symmetric,0.95,1.0,1.0,1.0,3,0.208955223880597,0.029166666666666667
synth-skew-wide,lognormal,4.0,1,cluster2,60,240,threshold,symmetric,0.9,1.0,1.0,1.0,3,0.09523809523809523,0.0125
synth-skew-wide,lognormal,4.0,1,cluster2,60,240,threshold,symmetric,0.8,1.0,1.0,1.0,3,0.0,0.0
synth-skew-wide,lognormal,4.0,1,cluster2,60,240,db,severity,1.0,1.0,0.6666666666666666,0.8,2,1.0,0.25
synth-skew-wide,lognormal,4.0,1,cluster2,60,240,db,severity,0.95,1.0,0.3333333333333333,0.5,1,0.9655172413793104,0.23333333333333334
synth-skew-wide,lognormal,4.0,1,cluster2,60,240,db,severity,0.9,1.0,0.3333333333333333,0.5,1,0.9473684210526316,0.225
synth-skew-wide,lognormal,4.0,1,cluster2,60,240,db,severity,0.8,1.0,0.3333333333333333,0.5,1,0.888888888888889,0.2
synth-skew-wide,lognormal,4.0,1,cluster2,60,240,db,symmetric,1.0,1.0,0.6666666666666666,0.8,2,1.0,0.25
synth-skew-wide,lognormal,4.0,1,cluster2,60,240,db,symmetric,0.95,1.0,0.3333333333333333,0.5,1,0.9655172413793104,0.23333333333333334
synth-skew-wide,lognormal,4.0,1,cluster2,60,240,db,symmetric,0.9,1.0,0.3333333333333333,0.5,1,0.9473684210526316,0.225
synth-skew-wide,lognormal,4.0,1,cluster2,60,240,db,symmetric,0.8,1.0,0.3333333333333333,0.5,1,0.888888888888889,0.2
synth-skew-wide,lognormal,4.0,1,cluster3,60,240,threshold,severity,1.0,0.6666666666666666,0.6666666666666666,0.6666666666666666,3,1.0,0.25
synth-skew-wide,lognormal,4.0,1,cluster3,60,240,threshold,severity,0.95,1.0,1.0,1.0,3,0.23529411764705882,0.03333333333333333
synth-skew-wide,lognormal,4.0,1,cluster3,60,240,threshold,severity,0.9,1.0,1.0,1.0,3,0.06451612903225806,0.008333333333333333
synth-skew-wide,lognormal,4.0,1,cluster3,60,240,threshold,severity,0.8,1.0,1.0,1.0,3,0.03278688524590164,0.004166666666666667
synth-skew-wide,lognormal,4.0,1,cluster3,60,240,threshold,symmetric,1.0,0.6666666666666666,0.6666666666666666,0.6666666666666666,3,1.0,0.25
synth-skew-wide,lognormal,4.0,1,cluster3,60,240,threshold,symmetric,0.95,1.0,1.0,1.0,3,0.23529411764705882,0.03333333333333333
synth-skew-wide,lognormal,4.0,1,cluster3,60,240,threshold,symmetric,0.9,1.0,1.0,1.0,3,0.18181818181818182,0.025
synth-skew-wide,lognormal,4.0,1,cluster3,60,240,threshold,symmetric,0.8,1.0,1.0,1.0,3,0.03278688524590164,0.004166666666666667
synth-skew-wide,lognormal,4.0,1,cluster3,60,240,db,severity,1.0,1.0,0.6666666666666666,0.8,2,1.0,0.25
synth-skew-wide,lognormal,4.0,1,cluster3,60,240,db,severity,0.95,1.0,0.3333333333333333,0.5,1,0.9655172413793104,0.23333333333333334
synth-skew-wide,lognormal,4.0,1,cluster3,60,240,db,severity,0.9,1.0,0.3333333333333333,0.5,1,0.9380530973451328,0.22083333333333333
synth-skew-wide,lognormal,4.0,1,cluster3,60,240,db,severity,0.8,1.0,0.3333333333333333,0.5,1,0.888888888888889,0.2
synth-skew-wide,lognormal,4.0,1,cluster3,60,240,db,symmetric,1.0,1.0,0.6666666666666666,0.8,2,1.0,0.25
synth-skew-wide,lognormal,4.0,1,cluster3,60,240,db,symmetric,0.95,1.0,0.3333333333333333,0.5,1,0.9655172413793104,0.23333333333333334
synth-skew-wide,lognormal,4.0,1,cluster3,60,240,db,symmetric,0.9,1.0,0.3333333333333333,0.5,1,0.9473684210526316,0.225
synth-skew-wide,lognormal,4.0,1,cluster3,60,240,db,symmetric,0.8,1.0,0.3333333333333333,0.5,1,0.888888888888889,0.2
synth-skew-wide,lognormal,4.0,2,cluster0,60,240,threshold,severity,1.0,1.0,1.0,1.0,3,1.0,0.25
synth-skew-wide,lognormal,4.0,2,cluster0,60,240,threshold,severity,0.95,1.0,1.0,1.0,3,0.208955223880597,0.029166666666666667
synth-skew-wide,lognormal,4.0,2,cluster0,60,240,threshold,severity,0.9,1.0,1.0,1.0,3,0.06451612903225806,0.008333333333333333
synth-skew-wide,lognormal,4.0,2,cluster0,60,240,threshold,severity,0.8,1.0,1.0,1.0,3,0.0,0.0
synth-skew-wide,lognormal,4.0,2,cluster0,60,240,threshold,symmetric,1.0,1.0,1.0,1.0,3,1.0,0.25
synth-skew-wide,lognormal,4.0,2,cluster0,60,240,threshold,symmetric,0.95,1.0,1.0,1.0,3,0.23529411764705882,0.03333333333333333
synth-skew-wide,lognormal,4.0,2,cluster0,60,240,threshold,symmetric,0.9,1.0,1.0,1.0,3,0.09523809523809523,0.0125
synth-skew-wide,lognormal,4.0,2,cluster0,60,240,threshold,symmetric,0.8,1.0,1.0,1.0,3,0.0,0.0
synth-skew-wide,lognormal,4.0,2,cluster0,60,240,db,severity,1.0,0.5,0.3333333333333333,0.4,2,1.0,0.25
synth-skew-wide,lognormal,4.0,2,cluster0,60,240,db,severity,0.95,1.0,0.3333333333333333,0.5,1,0.9655172413793104,0.23333333333333334
synth-skew-wide,lognormal,4.0,2,cluster0,60,240,db,severity,0.9,1.0,0.3333333333333333,0.5,1,0.9473684210526316,0.225
synth-skew-wide,lognormal,4.0,2,cluster0,60,240,db,severity,0.8,1.0,0.3333333333333333,0.5,1,0.888888888888889,0.2
synth-skew-wide,lognormal,4.0,2,cluster0,60,240,db,symmetric,1.0,0.5,0.3333333333333333,0.4,2,1.0,0.25
synth-skew-wide,lognormal,4.0,2,cluster0,60,240,db,symmetric,0.95,1.0,0.3333333333333333,0.5,1,0.9655172413793104,0.23333333333333334
synth-skew-wide,lognormal,4.0,2,cluster0,60,240,db,symmetric,0.9,1.0,0.3333333333333333,0.5,1,0.9473684210526316,0.225
synth-skew-wide,lognormal,4.0,2,cluster0,60,240,db,symmetric,0.8,1.0,0.3333333333333333,0.5,1,0.888888888888889,0.2
synth-skew-wide,lognormal,4.0,2,cluster1,60,240,threshold,severity,1.0,1.0,1.0,1.0,3,1.0,0.25
synth-skew-wide,lognormal,4.0,2,cluster1,60,240,threshold,severity,0.95,1.0,1.0,1.0,3,0.30985915492957744,0.04583333333333333
synth-skew-wide,lognormal,4.0,2,cluster1,60,240,threshold,severity,0.9,1.0,1.0,1.0,3,0.09523809523809523,0.0125
synth-skew-wide,lognormal,4.0,2,cluster1,60,240,threshold,severity,0.8,1.0,1.0,1.0,3,0.0,0.0
synth-skew-wide,lognormal,4.0,2,cluster1,60,240,threshold,symmetric,1.0,1.0,1.0,1.0,3,1.0,0.25
synth-skew-wide,lognormal,4.0,2,cluster1,60,240,threshold,symmetric,0.95,1.0,1.0,1.0,3,0.30985915492957744,0.04583333333333333
synth-skew-wide,lognormal,4.0,2,cluster1,60,240,threshold,symmetric,0.9,1.0,1.0,1.0,3,0.125,0.016666666666666666
synth-skew-wide,lognormal,4.0,2,cluster1,60,240,threshold,symmetric,0.8,1.0,1.0,1.0,3,0.0,0.0
synth-skew-wide,lognormal,4.0,2,cluster1,60,240,db,severity,1.0,1.0,0.3333333333333333,0.5,1,1.0,0.25
synth-skew-wide,lognormal,4.0,2,cluster1,60,240,db,severity,0.95,1.0,0.3333333333333333,0.5,1,0.9655172413793104,0.23333333333333334
synth-skew-wide,lognormal,4.0,2,cluster1,60,240,db,severity,0.9,1.0,0.3333333333333333,0.5,1,0.9473684210526316,0.225
synth-skew-wide,lognormal,4.0,2,cluster1,60,240,db,severity,0.8,1.0,0.3333333333333333,0.5,1,0.888888888888889,0.2
synth-skew-wide,lognormal,4.0,2,cluster1,60,240,db,symmetric,1.0,1.0,0.3333333333333333,0.5,1,1.0,0.25
synth-skew-wide,lognormal,4.0,2,cluster1,60,240,db,symmetric,0.95,1.0,0.3333333333333333,0.5,1,0.9655172413793104,0.23333333333333334
synth-skew-wide,lognormal,4.0,2,cluster1,60,240,db,symmetric,0.9,1.0,0.3333333333333333,0.5,1,0.9473684210526316,0.225
synth-skew-wide,lognormal,4.0,2,cluster1,60,240,db,symmetric,0.8,1.0,0.3333333333333333,0.5,1,0.888888888888889,0.2
synth-skew-wide,lognormal,4.0,2,cluster2,60,240,threshold,severity,1.0,0.6666666666666666,0.6666666666666666,0.6666666666666666,3,1.0,0.25
synth-skew-wide,lognormal,4.0,2,cluster2,60,240,threshold,severity,0.95,1.0,1.0,1.0,3,0.4,0.0625
synth-skew-wide,lognormal,4.0,2,cluster2,60,240,threshold,severity,0.9,1.0,1.0,1.0,3,0.09523809523809523,0.0125
synth-skew-wide,lognormal,4.0,2,cluster2,60,240,threshold,severity,0.8,1.0,1.0,1.0,3,0.0,0.0
synth-skew-wide,lognormal,4.0,2,cluster2,60,240,threshold,symmetric,1.0,0.6666666666666666,0.6666666666666666,0.6666666666666666,3,1.0,0.25
synth-skew-wide,lognormal,4.0,2,cluster2,60,240,threshold,symmetric,0.95,1.0,1.0,1.0,3,0.4,0.0625
synth-skew-wide,lognormal,4.0,2,cluster2,60,240,threshold,symmetric,0.9,1.0,1.0,1.0,3,0.15384615384615385,0.020833333333333332
synth-skew-wide,lognormal,4.0,2,cluster2,60,240,threshold,symmetric,0.8,1.0,1.0,1.0,3,0.0,0.0
synth-skew-wide,lognormal,4.0,2,cluster2,60,240,db,severity,1.0,1.0,0.3333333333333333,0.5,1,1.0,0.25
synth-skew-wide,lognormal,4.0,2,cluster2,60,240,db,severity,0.95,1.0,0.3333333333333333,0.5,1,0.9655172413793104,0.23333333333333334
synth-skew-wide,lognormal,4.0,2,cluster2,60,240,db,severity,0.9,1.0,0.3333333333333333,0.5,1,0.9380530973451328,0.22083333333333333
synth-skew-wide,lognormal,4.0,2,cluster2,60,240,db,severity,0.8,1.0,0.3333333333333333,0.5,1,0.8785046728971964,0.19583333333333333
synth-skew-wide,lognormal,4.0,2,cluster2,60,240,db,symmetric,1.0,1.0,0.3333333333333333,0.5,1,1.0,0.25
synth-skew-wide,lognormal,4.0,2,cluster2,60,240,db,symmetric,0.95,1.0,0.3333333333333333,0.5,1,0.9655172413793104,0.23333333333333334
synth-skew-wide,lognormal,4.0,2,cluster2,60,240,db,symmetric,0.9,1.0,0.3333333333333333,0.5,1,0.9473684210526316,0.225
synth-skew-wide,lognormal,4.0,2,cluster2,60,240,db,symmetric,0.8,1.0,0.3333333333333333,0.5,1,0.888888888888889,0.2
synth-skew-wide,lognormal,4.0,2,cluster3,60,240,threshold,severity,1.0,1.0,1.0,1.0,3,1.0,0.25
synth-skew-wide,lognormal,4.0,2,cluster3,60,240,threshold,severity,0.95,1.0,1.0,1.0,3,0.2857142857142857,0.041666666666666664
synth-skew-wide,lognormal,4.0,2,cluster3,60,240,threshold,severity,0.9,1.0,1.0,1.0,3,0.06451612903225806,0.008333333333333333
synth-skew-wide,lognormal,4.0,2,cluster3,60,240,threshold,severity,0.8,1.0,1.0,1.0,3,0.0,0.0
synth-skew-wide,lognormal,4.0,2,cluster3,60,240,threshold,symmetric,1.0,1.0,1.0,1.0,3,1.0,0.25
synth-skew-wide,lognormal,4.0,2,cluster3,60,240,threshold,symmetric,0.95,1.0,1.0,1.0,3,0.30985915492957744,0.04583333333333333
synth-skew-wide,lognormal,4.0,2,cluster3,60,240,threshold,symmetric,0.9,1.0,1.0,1.0,3,0.15384615384615385,0.020833333333333332
synth-skew-wide,lognormal,4.0,2,cluster3,60,240,threshold,symmetric,0.8,1.0,1.0,1.0,3,0.0,0.0
synth-skew-wide,lognormal,4.0,2,cluster3,60,240,db,severity,1.0,1.0,0.3333333333333333,0.5,1,1.0,0.25
synth-skew-wide,lognormal,4.0,2,cluster3,60,240,db,severity,0.95,1.0,0.3333333333333333,0.5,1,0.9655172413793104,0.23333333333333334
synth-skew-wide,lognormal,4.0,2,cluster3,60,240,db,severity,0.9,1.0,0.3333333333333333,0.5,1,0.9473684210526316,0.225
synth-skew-wide,lognormal,4.0,2,cluster3,60,240,db,severity,0.8,1.0,0.3333333333333333,0.5,1,0.888888888888889,0.2
synth-skew-wide,lognormal,4.0,2,cluster3,60,240,db,symmetric,1.0,1.0,0.3333333333333333,0.5,1,1.0,0.25
synth-skew-wide,lognormal,4.0,2,cluster3,60,240,db,symmetric,0.95,1.0,0.3333333333333333,0.5,1,0.9655172413793104,0.23333333333333334
synth-skew-wide,lognormal,4.0,2,cluster3,60,240,db,symmetric,0.9,1.0,0.3333333333333333,0.5,1,0.9473684210526316,0.225
synth-skew-wide,lognormal,4.0,2,cluster3,60,240,db,symmetric,0.8,1.0,0.3333333333333333,0.5,1,0.888888888888889,0.2
synth-skew-wide,lognormal,4.0,3,cluster0,60,240,threshold,severity,1.0,1.0,1.0,1.0,3,1.0,0.25
synth-skew-wide,lognormal,4.0,3,cluster0,60,240,threshold,severity,0.95,1.0,1.0,1.0,3,0.23529411764705882,0.03333333333333333
synth-skew-wide,lognormal,4.0,3,cluster0,60,240,threshold,severity,0.9,1.0,1.0,1.0,3,0.09523809523809523,0.0125
synth-skew-wide,lognormal,4.0,3,cluster0,60,240,threshold,severity,0.8,1.0,1.0,1.0,3,0.0,0.0
synth-skew-wide,lognormal,4.0,3,cluster0,60,240,threshold,symmetric,1.0,1.0,1.0,1.0,3,1.0,0.25
synth-skew-wide,lognormal,4.0,3,cluster0,60,240,threshold,symmetric,0.95,1.0,1.0,1.0,3,0.2857142857142857,0.041666666666666664
synth-skew-wide,lognormal,4.0,3,cluster0,60,240,threshold,symmetric,0.9,1.0,1.0,1.0,3,0.09523809523809523,0.0125
synth-skew-wide,lognormal,4.0,3,cluster0,60,240,threshold,symmetric,0.8,1.0,1.0,1.0,3,0.03278688524590164,0.004166666666666667
synth-skew-wide,lognormal,4.0,3,cluster0,60,240,db,severity,1.0,1.0,0.3333333333333333,0.5,1,1.0,0.25
synth-skew-wide,lognormal,4.0,3,cluster0,60,240,db,severity,0.95,1.0,0.3333333333333333,0.5,1,0.9655172413793104,0.23333333333333334
synth-skew-wide,lognormal,4.0,3,cluster0,60,240,db,severity,0.9,1.0,0.3333333333333333,0.5,1,0.9473684210526316,0.225
synth-skew-wide,lognormal,4.0,3,cluster0,60,240,db,severity,0.8,1.0,0.3333333333333333,0.5,1,0.888888888888889,0.2
synth-skew-wide,lognormal,4.0,3,cluster0,60,240,db,symmetric,1.0,1.0,0.3333333333333333,0.5,1,1.0,0.25
synth-skew-wide,lognormal,4.0,3,cluster0,60,240,db,symmetric,0.95,1.0,0.3333333333333333,0.5,1,0.9655172413793104,0.23333333333333334
synth-skew-wide,lognormal,4.0,3,cluster0,60,240,db,symmetric,0.9,1.0,0.3333333333333333,0.5,1,0.9473684210526316,0.225
synth-skew-wide,lognormal,4.0,3,cluster0,60,240,db,symmetric,0.8,1.0,0.3333333333333333,0.5,1,0.888888888888889,0.2
synth-skew-wide,lognormal,4.0,3,cluster1,60,240,threshold,severity,1.0,1.0,1.0,1.0,3,1.0,0.25
synth-skew-wide,lognormal,4.0,3,cluster1,60,240,threshold,severity,0.95,1.0,1.0,1.0,3,0.208955223880597,0.029166666666666667
synth-skew-wide,lognormal,4.0,3,cluster1,60,240,threshold,severity,0.9,1.0,1.0,1.0,3,0.03278688524590164,0.004166666666666667
synth-skew-wide,lognormal,4.0,3,cluster1,60,240,threshold,severity,0.8,1.0,1.0,1.0,3,0.0,0.0
synth-skew-wide,lognormal,4.0,3,cluster1,60,240,threshold,symmetric,1.0,1.0,1.0,1.0,3,1.0,0.25
synth-skew-wide,lognormal,4.0,3,cluster1,60,240,threshold,symmetric,0.95,1.0,1.0,1.0,3,0.18181818181818182,0.025
synth-skew-wide,lognormal,4.0,3,cluster1,60,240,threshold,symmetric,0.9,1.0,1.0,1.0,3,0.03278688524590164,0.004166666666666667
synth-skew-wide,lognormal,4.0,3,cluster1,60,240,threshold,symmetric,0.8,1.0,1.0,1.0,3,0.0,0.0
synth-skew-wide,lognormal,4.0,3,cluster1,60,240,db,severity,1.0,1.0,0.3333333333333333,0.5,1,1.0,0.25
synth-skew-wide,lognormal,4.0,3,cluster1,60,240,db,severity,0.95,1.0,0.3333333333333333,0.5,1,0.9655172413793104,0.23333333333333334
synth-skew-wide,lognormal,4.0,3,cluster1,60,240,db,severity,0.9,1.0,0.3333333333333333,0.5,1,0.9380530973451328,0.22083333333333333
synth-skew-wide,lognormal,4.0,3,cluster1,60,240,db,severity,0.8,1.0,0.3333333333333333,0.5,1,0.8785046728971964,0.19583333333333333
synth-skew-wide,lognormal,4.0,3,cluster1,60,240,db,symmetric,1.0,1.0,0.3333333333333333,0.5,1,1.0,0.25
synth-skew-wide,lognormal,4.0,3,cluster1,60,240,db,symmetric,0.95,1.0,0.3333333333333333,0.5,1,0.9655172413793104,0.23333333333333334
synth-skew-wide,lognormal,4.0,3,cluster1,60,240,db,symmetric,0.9,1.0,0.3333333333333333,0.5,1,0.9473684210526316,0.225
synth-skew-wide,lognormal,4.0,3,cluster1,60,240,db,symmetric,0.8,1.0,0.3333333333333333,0.5,1,0.888888888888889,0.2
synth-skew-wide,lognormal,4.0,3,cluster2,60,240,threshold,severity,1.0,0.6666666666666666,0.6666666666666666,0.6666666666666666,3,1.0,0.25
synth-skew-wide,lognormal,4.0,3,cluster2,60,240,threshold,severity,0.95,1.0,1.0,1.0,3,0.4,0.0625
synth-skew-wide,lognormal,4.0,3,cluster2,60,240,threshold,severity,0.9,1.0,1.0,1.0,3,0.09523809523809523,0.0125
synth-skew-wide,lognormal,4.0,3,cluster2,60,240,threshold,severity,0.8,1.0,1.0,1.0,3,0.0,0.0
synth-skew-wide,lognormal,4.0,3,cluster2,60,240,threshold,symmetric,1.0,0.6666666666666666,0.6666666666666666,0.6666666666666666,3,1.0,0.25
synth-skew-wide,lognormal,4.0,3,cluster2,60,240,threshold,symmetric,0.95,1.0,1.0,1.0,3,0.4,0.0625
synth-skew-wide,lognormal,4.0,3,cluster2,60,240,threshold,symmetric,0.9,0.6666666666666666,0.6666666666666666,0.6666666666666666,3,0.125,0.016666666666666666
synth-skew-wide,lognormal,4.0,3,cluster2,60,240,threshold,symmetric,0.8,1.0,1.0,1.0,3,0.0,0.0
synth-skew-wide,lognormal,4.0,3,cluster2,60,240,db,severity,1.0,1.0,0.3333333333333333,0.5,1,1.0,0.25
synth-skew-wide,lognormal,4.0,3,cluster2,60,240,db,severity,0.95,1.0,0.3333333333333333,0.5,1,0.9655172413793104,0.23333333333333334
synth-skew-wide,lognormal,4.0,3,cluster2,60,240,db,severity,0.9,1.0,0.3333333333333333,0.5,1,0.9380530973451328,0.22083333333333333
synth-skew-wide,lognormal,4.0,3,cluster2,60,240,db,severity,0.8,1.0,0.3333333333333333,0.5,1,0.8785046728971964,0.19583333333333333
synth-skew-wide,lognormal,4.0,3,cluster2,60,240,db,symmetric,1.0,1.0,0.3333333333333333,0.5,1,1.0,0.25
synth-skew-wide,lognormal,4.0,3,cluster2,60,240,db,symmetric,0.95,1.0,0.3333333333333333,0.5,1,0.9655172413793104,0.23333333333333334
synth-skew-wide,lognormal,4.0,3,cluster2,60,240,db,symmetric,0.9,1.0,0.3333333333333333,0.5,1,0.9473684210526316,0.225
synth-skew-wide,lognormal,4.0,3,cluster2,60,240,db,symmetric,0.8,1.0,0.3333333333333333,0.5,1,0.888888888888889,0.2
synth-skew-wide,lognormal,4.0,3,cluster3,60,240,threshold,severity,1.0,1.0,1.0,1.0,3,1.0,0.25
synth-skew-wide,lognormal,4.0,3,cluster3,60,240,threshold,severity,0.95,1.0,1.0,1.0,3,0.33333333333333337,0.05
synth-skew-wide,lognormal,4.0,3,cluster3,60,240,threshold,severity,0.9,1.0,1.0,1.0,3,0.09523809523809523,0.0125
synth-skew-wide,lognormal,4.0,3,cluster3,60,240,threshold,severity,0.8,1.0,1.0,1.0,3,0.03278688524590164,0.004166666666666667
synth-skew-wide,lognormal,4.0,3,cluster3,60,240,threshold,symmetric,1.0,1.0,1.0,1.0,3,1.0,0.25
synth-skew-wide,lognormal,4.0,3,cluster3,60,240,threshold,symmetric,0.95,1.0,1.0,1.0,3,0.3561643835616438,0.05416666666666667
synth-skew-wide,lognormal,4.0,3,cluster3,60,240,threshold,symmetric,0.9,1.0,1.0,1.0,3,0.125,0.016666666666666666
synth-skew-wide,lognormal,4.0,3,cluster3,60,240,threshold,symmetric,0.8,1.0,1.0,1.0,3,0.0,0.0
synth-skew-wide,lognormal,4.0,3,cluster3,60,240,db,severity,1.0,1.0,0.3333333333333333,0.5,1,1.0,0.25
synth-skew-wide,lognormal,4.0,3,cluster3,60,240,db,severity,0.95,1.0,0.3333333333333333,0.5,1,0.9655172413793104,0.23333333333333334
synth-skew-wide,lognormal,4.0,3,cluster3,60,240,db,severity,0.9,1.0,0.3333333333333333,0.5,1,0.9380530973451328,0.22083333333333333
synth-skew-wide,lognormal,4.0,3,cluster3,60,240,db,severity,0.8,1.0,0.3333333333333333,0.5,1,0.888888888888889,0.2
synth-skew-wide,lognormal,4.0,3,cluster3,60,240,db,symmetric,1.0,1.0,0.3333333333333333,0.5,1,1.0,0.25
synth-skew-wide,lognormal,4.0,3,cluster3,60,240,db,symmetric,0.95,1.0,0.3333333333333333,0.5,1,0.9655172413793104,0.23333333333333334
synth-skew-wide,lognormal,4.0,3,cluster3,60,240,db,symmetric,0.9,1.0,0.3333333333333333,0.5,1,0.9473684210526316,0.225
synth-skew-wide,lognormal,4.0,3,cluster3,60,240,db,symmetric,0.8,1.0,0.3333333333333333,0.5,1,0.888888888888889,0.2
synth-skew-wide,lognormal,4.0,4,cluster0,60,240,threshold,severity,1.0,1.0,1.0,1.0,3,1.0,0.25
synth-skew-wide,lognormal,4.0,4,cluster0,60,240,threshold,severity,0.95,1.0,1.0,1.0,3,0.23529411764705882,0.03333333333333333
synth-skew-wide,lognormal,4.0,4,cluster0,60,240,threshold,severity,0.9,1.0,1.0,1.0,3,0.06451612903225806,0.008333333333333333
synth-skew-wide,lognormal,4.0,4,cluster0,60,240,threshold,severity,0.8,1.0,1.0,1.0,3,0.0,0.0
synth-skew-wide,lognormal,4.0,4,cluster0,60,240,threshold,symmetric,1.0,1.0,1.0,1.0,3,1.0,0.25
synth-skew-wide,lognormal,4.0,4,cluster0,60,240,threshold,symmetric,0.95,1.0,1.0,1.0,3,0.23529411764705882,0.03333333333333333
synth-skew-wide,lognormal,4.0,4,cluster0,60,240,threshold,symmetric,0.9,1.0,1.0,1.0,3,0.06451612903225806,0.008333333333333333
synth-skew-wide,lognormal,4.0,4,cluster0,60,240,threshold,symmetric,0.8,1.0,1.0,1.0,3,0.0,0.0
synth-skew-wide,lognormal,4.0,4,cluster0,60,240,db,severity,1.0,1.0,0.3333333333333333,0.5,1,1.0,0.25
synth-skew-wide,lognormal,4.0,4,cluster0,60,240,db,severity,0.95,1.0,0.3333333333333333,0.5,1,0.9655172413793104,0.23333333333333334
synth-skew-wide,lognormal,4.0,4,cluster0,60,240,db,severity,0.9,1.0,0.3333333333333333,0.5,1,0.9473684210526316,0.225
synth-skew-wide,lognormal,4.0,4,cluster0,60,240,db,severity,0.8,1.0,0.3333333333333333,0.5,1,0.888888888888889,0.2
synth-skew-wide,lognormal,4.0,4,cluster0,60,240,db,symmetric,1.0,1.0,0.3333333333333333,0.5,1,1.0,0.25
synth-skew-wide,lognormal,4.0,4,cluster0,60,240,db,symmetric,0.95,1.0,0.3333333333333333,0.5,1,0.9655172413793104,0.23333333333333334
synth-skew-wide,lognormal,4.0,4,cluster0,60,240,db,symmetric,0.9,1.0,0.3333333333333333,0.5,1,0.9473684210526316,0.225
synth-skew-wide,lognormal,4.0,4,cluster0,60,240,db,symmetric,0.8,1.0,0.3333333333333333,0.5,1,0.888888888888889,0.2
synth-skew-wide,lognormal,4.0,4,cluster1,60,240,threshold,severity,1.0,0.6666666666666666,0.6666666666666666,0.6666666666666666,3,1.0,0.25
synth-skew-wide,lognormal,4.0,4,cluster1,60,240,threshold,severity,0.95,1.0,1.0,1.0,3,0.2608695652173913,0.0375
synth-skew-wide,lognormal,4.0,4,cluster1,60,240,threshold,severity,0.9,1.0,1.0,1.0,3,0.03278688524590164,0.004166666666666667
synth-skew-wide,lognormal,4.0,4,cluster1,60,240,threshold,severity,0.8,1.0,1.0,1.0,3,0.0,0.0
synth-skew-wide,lognormal,4.0,4,cluster1,60,240,threshold,symmetric,1.0,0.6666666666666666,0.6666666666666666,0.6666666666666666,3,1.0,0.25
synth-skew-wide,lognormal,4.0,4,cluster1,60,240,threshold,symmetric,0.95,1.0,1.0,1.0,3,0.2608695652173913,0.0375
synth-skew-wide,lognormal,4.0,4,cluster1,60,240,threshold,symmetric,0.9,1.0,1.0,1.0,3,0.09523809523809523,0.0125
synth-skew-wide,lognormal,4.0,4,cluster1,60,240,threshold,symmetric,0.8,1.0,1.0,1.0,3,0.0,0.0
synth-skew-wide,lognormal,4.0,4,cluster1,60,240,db,severity,1.0,1.0,0.3333333333333333,0.5,1,1.0,0.25
synth-skew-wide,lognormal,4.0,4,cluster1,60,240,db,severity,0.95,1.0,0.3333333333333333,0.5,1,0.9655172413793104,0.23333333333333334
synth-skew-wide,lognormal,4.0,4,cluster1,60,240,db,severity,0.9,1.0,0.3333333333333333,0.5,1,0.9380530973451328,0.22083333333333333
synth-skew-wide,lognormal,4.0,4,cluster1,60,240,db,severity,0.8,1.0,0.3333333333333333,0.5,1,0.888888888888889,0.2
synth-skew-wide,lognormal,4.0,4,cluster1,60,240,db,symmetric,1.0,1.0,0.3333333333333333,0.5,1,1.0,0.25
synth-skew-wide,lognormal,4.0,4,cluster1,60,240,db,symmetric,0.95,1.0,0.3333333333333333,0.5,1,0.9655172413793104,0.23333333333333334
synth-skew-wide,lognormal,4.0,4,cluster1,60,240,db,symmetric,0.9,1.0,0.3333333333333333,0.5,1,0.9473684210526316,0.225
synth-skew-wide,lognormal,4.0,4,cluster1,60,240,db,symmetric,0.8,1.0,0.3333333333333333,0.5,1,0.888888888888889,0.2
synth-skew-wide,lognormal,4.0,4,cluster2,60,240,threshold,severity,1.0,1.0,1.0,1.0,3,1.0,0.25
synth-skew-wide,lognormal,4.0,4,cluster2,60,240,threshold,severity,0.95,1.0,1.0,1.0,3,0.208955223880597,0.029166666666666667
synth-skew-wide,lognormal,4.0,4,cluster2,60,240,threshold,severity,0.9,1.0,1.0,1.0,3,0.06451612903225806,0.008333333333333333
synth-skew-wide,lognormal,4.0,4,cluster2,60,240,threshold,severity,0.8,1.0,1.0,1.0,3,0.0,0.0
synth-skew-wide,lognormal,4.0,4,cluster2,60,240,threshold,symmetric,1.0,1.0,1.0,1.0,3,1.0,0.25
synth-skew-wide,lognormal,4.0,4,cluster2,60,240,threshold,symmetric,0.95,1.0,1.0,1.0,3,0.208955223880597,0.029166666666666667
synth-skew-wide,lognormal,4.0,4,cluster2,60,240,threshold,symmetric,0.9,1.0,1.0,1.0,3,0.125,0.016666666666666666
synth-skew-wide,lognormal,4.0,4,cluster2,60,240,threshold,symmetric,0.8,1.0,1.0,1.0,3,0.0,0.0
synth-skew-wide,lognormal,4.0,4,cluster2,60,240,db,severity,1.0,1.0,0.6666666666666666,0.8,2,1.0,0.25
synth-skew-wide,lognormal,4.0,4,cluster2,60,240,db,severity,0.95,1.0,0.3333333333333333,0.5,1,0.9655172413793104,0.23333333333333334
synth-skew-wide,lognormal,4.0,4,cluster2,60,240,db,severity,0.9,1.0,0.3333333333333333,0.5,1,0.9473684210526316,0.225
synth-skew-wide,lognormal,4.0,4,cluster2,60,240,db,severity,0.8,1.0,0.3333333333333333,0.5,1,0.888888888888889,0.2
synth-skew-wide,lognormal,4.0,4,cluster2,60,240,db,symmetric,1.0,1.0,0.6666666666666666,0.8,2,1.0,0.25
synth-skew-wide,lognormal,4.0,4,cluster2,60,240,db,symmetric,0.95,1.0,0.3333333333333333,0.5,1,0.9655172413793104,0.23333333333333334
synth-skew-wide,lognormal,4.0,4,cluster2,60,240,db,symmetric,0.9,1.0,0.3333333333333333,0.5,1,0.9473684210526316,0.225
synth-skew-wide,lognormal,4.0,4,cluster2,60,240,db,symmetric,0.8,1.0,0.3333333333333333,0.5,1,0.888888888888889,0.2
synth-skew-wide,lognormal,4.0,4,cluster3,60,240,threshold,severity,1.0,1.0,1.0,1.0,3,1.0,0.25
synth-skew-wide,lognormal,4.0,4,cluster3,60,240,threshold,severity,0.95,1.0,1.0,1.0,3,0.37837837837837834,0.058333333333333334
synth-skew-wide,lognormal,4.0,4,cluster3,60,240,threshold,severity,0.9,1.0,1.0,1.0,3,0.15384615384615385,0.020833333333333332
synth-skew-wide,lognormal,4.0,4,cluster3,60,240,threshold,severity,0.8,1.0,1.0,1.0,3,0.0,0.0
synth-skew-wide,lognormal,4.0,4,cluster3,60,240,threshold,symmetric,1.0,1.0,1.0,1.0,3,1.0,0.25
synth-skew-wide,lognormal,4.0,4,cluster3,60,240,threshold,symmetric,0.95,1.0,1.0,1.0,3,0.37837837837837834,0.058333333333333334
synth-skew-wide,lognormal,4.0,4,cluster3,60,240,threshold,symmetric,0.9,1.0,1.0,1.0,3,0.2608695652173913,0.0375
synth-skew-wide,lognormal,4.0,4,cluster3,60,240,threshold,symmetric,0.8,1.0,1.0,1.0,3,0.0,0.0
synth-skew-wide,lognormal,4.0,4,cluster3,60,240,db,severity,1.0,1.0,1.0,1.0,3,1.0,0.25
synth-skew-wide,lognormal,4.0,4,cluster3,60,240,db,severity,0.95,1.0,0.3333333333333333,0.5,1,0.9655172413793104,0.23333333333333334
synth-skew-wide,lognormal,4.0,4,cluster3,60,240,db,severity,0.9,1.0,0.3333333333333333,0.5,1,0.9380530973451328,0.22083333333333333
synth-skew-wide,lognormal,4.0,4,cluster3,60,240,db,severity,0.8,1.0,0.3333333333333333,0.5,1,0.8785046728971964,0.19583333333333333
synth-skew-wide,lognormal,4.0,4,cluster3,60,240,db,symmetric,1.0,1.0,1.0,1.0,3,1.0,0.25
synth-skew-wide,lognormal,4.0,4,cluster3,60,240,db,symmetric,0.95,1.0,0.3333333333333333,0.5,1,0.9655172413793104,0.23333333333333334
synth-skew-wide,lognormal,4.0,4,cluster3,60,240,db,symmetric,0.9,1.0,0.3333333333333333,0.5,1,0.9473684210526316,0.225
synth-skew-wide,lognormal,4.0,4,cluster3,60,240,db,symmetric,0.8,1.0,0.3333333333333333,0.5,1,0.888888888888889,0.2
synth-skew-wide,lognormal,4.0,5,cluster0,60,240,threshold,severity,1.0,1.0,1.0,1.0,3,1.0,0.25
synth-skew-wide,lognormal,4.0,5,cluster0,60,240,threshold,severity,0.95,1.0,1.0,1.0,3,0.23529411764705882,0.03333333333333333
synth-skew-wide,lognormal,4.0,5,cluster0,60,240,threshold,severity,0.9,1.0,1.0,1.0,3,0.06451612903225806,0.008333333333333333
synth-skew-wide,lognormal,4.0,5,cluster0,60,240,threshold,severity,0.8,1.0,1.0,1.0,3,0.0,0.0
synth-skew-wide,lognormal,4.0,5,cluster0,60,240,threshold,symmetric,1.0,1.0,1.0,1.0,3,1.0,0.25
synth-skew-wide,lognormal,4.0,5,cluster0,60,240,threshold,symmetric,0.95,1.0,1.0,1.0,3,0.18181818181818182,0.025
synth-skew-wide,lognormal,4.0,5,cluster0,60,240,threshold,symmetric,0.9,1.0,1.0,1.0,3,0.06451612903225806,0.008333333333333333
synth-skew-wide,lognormal,4.0,5,cluster0,60,240,threshold,symmetric,0.8,1.0,1.0,1.0,3,0.0,0.0
synth-skew-wide,lognormal,4.0,5,cluster0,60,240,db,severity,1.0,0.5,0.3333333333333333,0.4,2,1.0,0.25
synth-skew-wide,lognormal,4.0,5,cluster0,60,240,db,severity,0.95,1.0,0.3333333333333333,0.5,1,0.9655172413793104,0.23333333333333334
synth-skew-wide,lognormal,4.0,5,cluster0,60,240,db,severity,0.9,1.0,0.3333333333333333,0.5,1,0.9380530973451328,0.22083333333333333
synth-skew-wide,lognormal,4.0,5,cluster0,60,240,db,severity,0.8,1.0,0.3333333333333333,0.5,1,0.8785046728971964,0.19583333333333333
synth-skew-wide,lognormal,4.0,5,cluster0,60,240,db,symmetric,1.0,0.5,0.3333333333333333,0.4,2,1.0,0.25
synth-skew-wide,lognormal,4.0,5,cluster0,60,240,db,symmetric,0.95,1.0,0.3333333333333333,0.5,1,0.9655172413793104,0.23333333333333334
synth-skew-wide,lognormal,4.0,5,cluster0,60,240,db,symmetric,0.9,1.0,0.3333333333333333,0.5,1,0.9473684210526316,0.225
synth-skew-wide,lognormal,4.0,5,cluster0,60,240,db,symmetric,0.8,1.0,0.3333333333333333,0.5,1,0.888888888888889,0.2
synth-skew-wide,lognormal,4.0,5,cluster1,60,240,threshold,severity,1.0,0.6666666666666666,0.6666666666666666,0.6666666666666666,3,1.0,0.25
synth-skew-wide,lognormal,4.0,5,cluster1,60,240,threshold,severity,0.95,1.0,1.0,1.0,3,0.4615384615384615,0.075
synth-skew-wide,lognormal,4.0,5,cluster1,60,240,threshold,severity,0.9,1.0,1.0,1.0,3,0.03278688524590164,0.004166666666666667
synth-skew-wide,lognormal,4.0,5,cluster1,60,240,threshold,severity,0.8,1.0,1.0,1.0,3,0.0,0.0
synth-skew-wide,lognormal,4.0,5,cluster1,60,240,threshold,symmetric,1.0,0.6666666666666666,0.6666666666666666,0.6666666666666666,3,1.0,0.25
synth-skew-wide,lognormal,4.0,5,cluster1,60,240,threshold,symmetric,0.95,1.0,1.0,1.0,3,0.4210526315789474,0.06666666666666667
synth-skew-wide,lognormal,4.0,5,cluster1,60,240,threshold,symmetric,0.9,1.0,1.0,1.0,3,0.09523809523809523,0.0125
synth-skew-wide,lognormal,4.0,5,cluster1,60,240,threshold,symmetric,0.8,1.0,1.0,1.0,3,0.0,0.0
synth-skew-wide,lognormal,4.0,5,cluster1,60,240,db,severity,1.0,0.5,0.3333333333333333,0.4,2,1.0,0.25
synth-skew-wide,lognormal,4.0,5,cluster1,60,240,db,severity,0.95,1.0,0.3333333333333333,0.5,1,0.9655172413793104,0.23333333333333334
synth-skew-wide,lognormal,4.0,5,cluster1,60,240,db,severity,0.9,1.0,0.3333333333333333,0.5,1,0.9473684210526316,0.225
synth-skew-wide,lognormal,4.0,5,cluster1,60,240,db,severity,0.8,1.0,0.3333333333333333,0.5,1,0.888888888888889,0.2
synth-skew-wide,lognormal,4.0,5,cluster1,60,240,db,symmetric,1.0,0.5,0.3333333333333333,0.4,2,1.0,0.25
synth-skew-wide,lognormal,4.0,5,cluster1,60,240,db,symmetric,0.95,1.0,0.3333333333333333,0.5,1,0.9655172413793104,0.23333333333333334
synth-skew-wide,lognormal,4.0,5,cluster1,60,240,db,symmetric,0.9,1.0,0.3333333333333333,0.5,1,0.9473684210526316,0.225
synth-skew-wide,lognormal,4.0,5,cluster1,60,240,db,symmetric,0.8,1.0,0.3333333333333333,0.5,1,0.888888888888889,0.2
synth-skew-wide,lognormal,4.0,5,cluster2,60,240,threshold,severity,1.0,1.0,1.0,1.0,3,1.0,0.25
synth-skew-wide,lognormal,4.0,5,cluster2,60,240,threshold,severity,0.95,1.0,1.0,1.0,3,0.2857142857142857,0.041666666666666664
synth-skew-wide,lognormal,4.0,5,cluster2,60,240,threshold,severity,0.9,1.0,1.0,1.0,3,0.06451612903225806,0.008333333333333333
synth-skew-wide,lognormal,4.0,5,cluster2,60,240,threshold,severity,0.8,1.0,1.0,1.0,3,0.0,0.0
synth-skew-wide,lognormal,4.0,5,cluster2,60,240,threshold,symmetric,1.0,1.0,1.0,1.0,3,1.0,0.25
synth-skew-wide,lognormal,4.0,5,cluster2,60,240,threshold,symmetric,0.95,1.0,1.0,1.0,3,0.2857142857142857,0.041666666666666664
synth-skew-wide,lognormal,4.0,5,cluster2,60,240,threshold,symmetric,0.9,1.0,1.0,1.0,3,0.15384615384615385,0.020833333333333332
synth-skew-wide,lognormal,4.0,5,cluster2,60,240,threshold,symmetric,0.8,1.0,1.0,1.0,3,0.0,0.0
synth-skew-wide,lognormal,4.0,5,cluster2,60,240,db,severity,1.0,0.5,0.3333333333333333,0.4,2,1.0,0.25
synth-skew-wide,lognormal,4.0,5,cluster2,60,240,db,severity,0.95,1.0,0.3333333333333333,0.5,1,0.9655172413793104,0.23333333333333334
synth-skew-wide,lognormal,4.0,5,cluster2,60,240,db,severity,0.9,1.0,0.3333333333333333,0.5,1,0.9380530973451328,0.22083333333333333
synth-skew-wide,lognormal,4.0,5,cluster2,60,240,db,severity,0.8,1.0,0.3333333333333333,0.5,1,0.8785046728971964,0.19583333333333333
synth-skew-wide,lognormal,4.0,5,cluster2,60,240,db,symmetric,1.0,0.5,0.3333333333333333,0.4,2,1.0,0.25
synth-skew-wide,lognormal,4.0,5,cluster2,60,240,db,symmetric,0.95,1.0,0.3333333333333333,0.5,1,0.9655172413793104,0.23333333333333334
synth-skew-wide,lognormal,4.0,5,cluster2,60,240,db,symmetric,0.9,1.0,0.3333333333333333,0.5,1,0.9473684210526316,0.225
synth-skew-wide,lognormal,4.0,5,cluster2,60,240,db,symmetric,0.8,1.0,0.3333333333333333,0.5,1,0.888888888888889,0.2
synth-skew-wide,lognormal,4.0,5,cluster3,60,240,threshold,severity,1.0,0.6666666666666666,0.6666666666666666,0.6666666666666666,3,1.0,0.25
synth-skew-wide,lognormal,4.0,5,cluster3,60,240,threshold,severity,0.95,1.0,1.0,1.0,3,0.2857142857142857,0.041666666666666664
synth-skew-wide,lognormal,4.0,5,cluster3,60,240,threshold,severity,0.9,1.0,1.0,1.0,3,0.06451612903225806,0.008333333333333333
synth-skew-wide,lognormal,4.0,5,cluster3,60,240,threshold,severity,0.8,1.0,1.0,1.0,3,0.0,0.0
synth-skew-wide,lognormal,4.0,5,cluster3,60,240,threshold,symmetric,1.0,0.6666666666666666,0.6666666666666666,0.6666666666666666,3,1.0,0.25
synth-skew-wide,lognormal,4.0,5,cluster3,60,240,threshold,symmetric,0.95,1.0,1.0,1.0,3,0.2608695652173913,0.0375
synth-skew-wide,lognormal,4.0,5,cluster3,60,240,threshold,symmetric,0.9,1.0,1.0,1.0,3,0.125,0.016666666666666666
synth-skew-wide,lognormal,4.0,5,cluster3,60,240,threshold,symmetric,0.8,1.0,1.0,1.0,3,0.0,0.0
synth-skew-wide,lognormal,4.0,5,cluster3,60,240,db,severity,1.0,1.0,0.3333333333333333,0.5,1,1.0,0.25
synth-skew-wide,lognormal,4.0,5,cluster3,60,240,db,severity,0.95,1.0,0.3333333333333333,0.5,1,0.9655172413793104,0.23333333333333334
synth-skew-wide,lognormal,4.0,5,cluster3,60,240,db,severity,0.9,1.0,0.3333333333333333,0.5,1,0.9380530973451328,0.22083333333333333
synth-skew-wide,lognormal,4.0,5,cluster3,60,240,db,severity,0.8,1.0,0.3333333333333333,0.5,1,0.888888888888889,0.2
synth-skew-wide,lognormal,4.0,5,cluster3,60,240,db,symmetric,1.0,1.0,0.3333333333333333,0.5,1,1.0,0.25
synth-skew-wide,lognormal,4.0,5,cluster3,60,240,db,symmetric,0.95,1.0,0.3333333333333333,0.5,1,0.9655172413793104,0.23333333333333334
synth-skew-wide,lognormal,4.0,5,cluster3,60,240,db,symmetric,0.9,1.0,0.3333333333333333,0.5,1,0.9473684210526316,0.225
synth-skew-wide,lognormal,4.0,5,cluster3,60,240,db,symmetric,0.8,1.0,0.3333333333333333,0.5,1,0.888888888888889,0.2
synth-skew-wide,lognormal,4.0,6,cluster0,60,240,threshold,severity,1.0,1.0,1.0,1.0,3,1.0,0.25
synth-skew-wide,lognormal,4.0,6,cluster0,60,240,threshold,severity,0.95,1.0,1.0,1.0,3,0.30985915492957744,0.04583333333333333
synth-skew-wide,lognormal,4.0,6,cluster0,60,240,threshold,severity,0.9,1.0,1.0,1.0,3,0.06451612903225806,0.008333333333333333
synth-skew-wide,lognormal,4.0,6,cluster0,60,240,threshold,severity,0.8,1.0,1.0,1.0,3,0.03278688524590164,0.004166666666666667
synth-skew-wide,lognormal,4.0,6,cluster0,60,240,threshold,symmetric,1.0,1.0,1.0,1.0,3,1.0,0.25
synth-skew-wide,lognormal,4.0,6,cluster0,60,240,threshold,symmetric,0.95,1.0,1.0,1.0,3,0.2857142857142857,0.041666666666666664
synth-skew-wide,lognormal,4.0,6,cluster0,60,240,threshold,symmetric,0.9,1.0,1.0,1.0,3,0.125,0.016666666666666666
synth-skew-wide,lognormal,4.0,6,cluster0,60,240,threshold,symmetric,0.8,1.0,1.0,1.0,3,0.03278688524590164,0.004166666666666667
synth-skew-wide,lognormal,4.0,6,cluster0,60,240,db,severity,1.0,1.0,0.6666666666666666,0.8,2,1.0,0.25
synth-skew-wide,lognormal,4.0,6,cluster0,60,240,db,severity,0.95,1.0,0.3333333333333333,0.5,1,0.9655172413793104,0.23333333333333334
synth-skew-wide,lognormal,4.0,6,cluster0,60,240,db,severity,0.9,1.0,0.3333333333333333,0.5,1,0.9473684210526316,0.225
synth-skew-wide,lognormal,4.0,6,cluster0,60,240,db,severity,0.8,1.0,0.3333333333333333,0.5,1,0.888888888888889,0.2
synth-skew-wide,lognormal,4.0,6,cluster0,60,240,db,symmetric,1.0,1.0,0.6666666666666666,0.8,2,1.0,0.25
synth-skew-wide,lognormal,4.0,6,cluster0,60,240,db,symmetric,0.95,1.0,0.3333333333333333,0.5,1,0.9655172413793104,0.23333333333333334
synth-skew-wide,lognormal,4.0,6,cluster0,60,240,db,symmetric,0.9,1.0,0.3333333333333333,0.5,1,0.9473684210526316,0.225
synth-skew-wide,lognormal,4.0,6,cluster0,60,240,db,symmetric,0.8,1.0,0.3333333333333333,0.5,1,0.888888888888889,0.2
synth-skew-wide,lognormal,4.0,6,cluster1,60,240,threshold,severity,1.0,0.6666666666666666,0.6666666666666666,0.6666666666666666,3,1.0,0.25
synth-skew-wide,lognormal,4.0,6,cluster1,60,240,threshold,severity,0.95,1.0,1.0,1.0,3,0.33333333333333337,0.05
synth-skew-wide,lognormal,4.0,6,cluster1,60,240,threshold,severity,0.9,1.0,1.0,1.0,3,0.18181818181818182,0.025
synth-skew-wide,lognormal,4.0,6,cluster1,60,240,threshold,severity,0.8,1.0,1.0,1.0,3,0.03278688524590164,0.004166666666666667
synth-skew-wide,lognormal,4.0,6,cluster1,60,240,threshold,symmetric,1.0,0.6666666666666666,0.6666666666666666,0.6666666666666666,3,1.0,0.25
synth-skew-wide,lognormal,4.0,6,cluster1,60,240,threshold,symmetric,0.95,1.0,1.0,1.0,3,0.30985915492957744,0.04583333333333333
synth-skew-wide,lognormal,4.0,6,cluster1,60,240,threshold,symmetric,0.9,1.0,1.0,1.0,3,0.125,0.016666666666666666
synth-skew-wide,lognormal,4.0,6,cluster1,60,240,threshold,symmetric,0.8,1.0,1.0,1.0,3,0.03278688524590164,0.004166666666666667
synth-skew-wide,lognormal,4.0,6,cluster1,60,240,db,severity,1.0,1.0,0.6666666666666666,0.8,2,1.0,0.25
synth-skew-wide,lognormal,4.0,6,cluster1,60,240,db,severity,0.95,1.0,0.3333333333333333,0.5,1,0.9655172413793104,0.23333333333333334
synth-skew-wide,lognormal,4.0,6,cluster1,60,240,db,severity,0.9,1.0,0.3333333333333333,0.5,1,0.9380530973451328,0.22083333333333333
synth-skew-wide,lognormal,4.0,6,cluster1,60,240,db,severity,0.8,1.0,0.3333333333333333,0.5,1,0.8785046728971964,0.19583333333333333
synth-skew-wide,lognormal,4.0,6,cluster1,60,240,db,symmetric,1.0,1.0,0.6666666666666666,0.8,2,1.0,0.25
synth-skew-wide,lognormal,4.0,6,cluster1,60,240,db,symmetric,0.95,1.0,0.3333333333333333,0.5,1,0.9655172413793104,0.23333333333333334
synth-skew-wide,lognormal,4.0,6,cluster1,60,240,db,symmetric,0.9,1.0,0.3333333333333333,0.5,1,0.9473684210526316,0.225
synth-skew-wide,lognormal,4.0,6,cluster1,60,240,db,symmetric,0.8,1.0,0.3333333333333333,0.5,1,0.888888888888889,0.2
synth-skew-wide,lognormal,4.0,6,cluster2,60,240,threshold,severity,1.0,1.0,1.0,1.0,3,1.0,0.25
synth-skew-wide,lognormal,4.0,6,cluster2,60,240,threshold,severity,0.95,1.0,1.0,1.0,3,0.2608695652173913,0.0375
synth-skew-wide,lognormal,4.0,6,cluster2,60,240,threshold,severity,0.9,1.0,1.0,1.0,3,0.06451612903225806,0.008333333333333333
synth-skew-wide,lognormal,4.0,6,cluster2,60,240,threshold,severity,0.8,1.0,1.0,1.0,3,0.0,0.0
synth-skew-wide,lognormal,4.0,6,cluster2,60,240,threshold,symmetric,1.0,1.0,1.0,1.0,3,1.0,0.25
synth-skew-wide,lognormal,4.0,6,cluster2,60,240,threshold,symmetric,0.95,1.0,1.0,1.0,3,0.23529411764705882,0.03333333333333333
synth-skew-wide,lognormal,4.0,6,cluster2,60,240,threshold,symmetric,0.9,1.0,1.0,1.0,3,0.15384615384615385,0.020833333333333332
synth-skew-wide,lognormal,4.0,6,cluster2,60,240,threshold,symmetric,0.8,1.0,1.0,1.0,3,0.0,0.0
synth-skew-wide,lognormal,4.0,6,cluster2,60,240,db,severity,1.0,1.0,0.3333333333333333,0.5,1,1.0,0.25
synth-skew-wide,lognormal,4.0,6,cluster2,60,240,db,severity,0.95,1.0,0.3333333333333333,0.5,1,0.9655172413793104,0.23333333333333334
synth-skew-wide,lognormal,4.0,6,cluster2,60,240,db,severity,0.9,1.0,0.3333333333333333,0.5,1,0.9380530973451328,0.22083333333333333
synth-skew-wide,lognormal,4.0,6,cluster2,60,240,db,severity,0.8,1.0,0.3333333333333333,0.5,1,0.8785046728971964,0.19583333333333333
synth-skew-wide,lognormal,4.0,6,cluster2,60,240,db,symmetric,1.0,1.0,0.3333333333333333,0.5,1,1.0,0.25
synth-skew-wide,lognormal,4.0,6,cluster2,60,240,db,symmetric,0.95,1.0,0.3333333333333333,0.5,1,0.9655172413793104,0.23333333333333334
synth-skew-wide,lognormal,4.0,6,cluster2,60,240,db,symmetric,0.9,1.0,0.3333333333333333,0.5,1,0.9473684210526316,0.225
synth-skew-wide,lognormal,4.0,6,cluster2,60,240,db,symmetric,0.8,1.0,0.3333333333333333,0.5,1,0.888888888888889,0.2
synth-skew-wide,lognormal,4.0,6,cluster3,60,240,threshold,severity,1.0,1.0,1.0,1.0,3,1.0,0.25
synth-skew-wide,lognormal,4.0,6,cluster3,60,240,threshold,severity,0.95,1.0,1.0,1.0,3,0.23529411764705882,0.03333333333333333
synth-skew-wide,lognormal,4.0,6,cluster3,60,240,threshold,severity,0.9,1.0,1.0,1.0,3,0.03278688524590164,0.004166666666666667
synth-skew-wide,lognormal,4.0,6,cluster3,60,240,threshold,severity,0.8,1.0,1.0,1.0,3,0.0,0.0
synth-skew-wide,lognormal,4.0,6,cluster3,60,240,threshold,symmetric,1.0,1.0,1.0,1.0,3,1.0,0.25
synth-skew-wide,lognormal,4.0,6,cluster3,60,240,threshold,symmetric,0.95,1.0,1.0,1.0,3,0.2608695652173913,0.0375
synth-skew-wide,lognormal,4.0,6,cluster3,60,240,threshold,symmetric,0.9,1.0,1.0,1.0,3,0.09523809523809523,0.0125
synth-skew-wide,lognormal,4.0,6,cluster3,60,240,threshold,symmetric,0.8,1.0,1.0,1.0,3,0.0,0.0
synth-skew-wide,lognormal,4.0,6,cluster3,60,240,db,severity,1.0,1.0,0.3333333333333333,0.5,1,1.0,0.25
synth-skew-wide,lognormal,4.0,6,cluster3,60,240,db,severity,0.95,1.0,0.3333333333333333,0.5,1,0.9655172413793104,0.23333333333333334
synth-skew-wide,lognormal,4.0,6,cluster3,60,240,db,severity,0.9,1.0,0.3333333333333333,0.5,1,0.9380530973451328,0.22083333333333333
synth-skew-wide,lognormal,4.0,6,cluster3,60,240,db,severity,0.8,1.0,0.3333333333333333,0.5,1,0.8785046728971964,0.19583333333333333
synth-skew-wide,lognormal,4.0,6,cluster3,60,240,db,symmetric,1.0,1.0,0.3333333333333333,0.5,1,1.0,0.25
synth-skew-wide,lognormal,4.0,6,cluster3,60,240,db,symmetric,0.95,1.0,0.3333333333333333,0.5,1,0.9655172413793104,0.23333333333333334
synth-skew-wide,lognormal,4.0,6,cluster3,60,240,db,symmetric,0.9,1.0,0.3333333333333333,0.5,1,0.9473684210526316,0.225
synth-skew-wide,lognormal,4.0,6,cluster3,60,240,db,symmetric,0.8,1.0,0.3333333333333333,0.5,1,0.888888888888889,0.2
synth-skew-wide,lognormal,4.0,7,cluster0,60,240,threshold,severity,1.0,1.0,1.0,1.0,3,1.0,0.25
synth-skew-wide,lognormal,4.0,7,cluster0,60,240,threshold,severity,0.95,1.0,1.0,1.0,3,0.23529411764705882,0.03333333333333333
synth-skew-wide,lognormal,4.0,7,cluster0,60,240,threshold,severity,0.9,1.0,1.0,1.0,3,0.03278688524590164,0.004166666666666667
synth-skew-wide,lognormal,4.0,7,cluster0,60,240,threshold,severity,0.8,1.0,1.0,1.0,3,0.0,0.0
synth-skew-wide,lognormal,4.0,7,cluster0,60,240,threshold,symmetric,1.0,1.0,1.0,1.0,3,1.0,0.25
synth-skew-wide,lognormal,4.0,7,cluster0,60,240,threshold,symmetric,0.95,1.0,1.0,1.0,3,0.23529411764705882,0.03333333333333333
synth-skew-wide,lognormal,4.0,7,cluster0,60,240,threshold,symmetric,0.9,1.0,1.0,1.0,3,0.09523809523809523,0.0125
synth-skew-wide,lognormal,4.0,7,cluster0,60,240,threshold,symmetric,0.8,1.0,1.0,1.0,3,0.0,0.0
synth-skew-wide,lognormal,4.0,7,cluster0,60,240,db,severity,1.0,1.0,0.6666666666666666,0.8,2,1.0,0.25
synth-skew-wide,lognormal,4.0,7,cluster0,60,240,db,severity,0.95,1.0,0.3333333333333333,0.5,1,0.9655172413793104,0.23333333333333334
synth-skew-wide,lognormal,4.0,7,cluster0,60,240,db,severity,0.9,1.0,0.3333333333333333,0.5,1,0.9380530973451328,0.22083333333333333
synth-skew-wide,lognormal,4.0,7,cluster0,60,240,db,severity,0.8,1.0,0.3333333333333333,0.5,1,0.8785046728971964,0.19583333333333333
synth-skew-wide,lognormal,4.0,7,cluster0,60,240,db,symmetric,1.0,1.0,0.6666666666666666,0.8,2,1.0,0.25
synth-skew-wide,lognormal,4.0,7,cluster0,60,240,db,symmetric,0.95,1.0,0.3333333333333333,0.5,1,0.9655172413793104,0.23333333333333334
synth-skew-wide,lognormal,4.0,7,cluster0,60,240,db,symmetric,0.9,1.0,0.3333333333333333,0.5,1,0.9473684210526316,0.225
synth-skew-wide,lognormal,4.0,7,cluster0,60,240,db,symmetric,0.8,1.0,0.3333333333333333,0.5,1,0.888888888888889,0.2
synth-skew-wide,lognormal,4.0,7,cluster1,60,240,threshold,severity,1.0,0.6666666666666666,0.6666666666666666,0.6666666666666666,3,1.0,0.25
synth-skew-wide,lognormal,4.0,7,cluster1,60,240,threshold,severity,0.95,1.0,1.0,1.0,3,0.09523809523809523,0.0125
synth-skew-wide,lognormal,4.0,7,cluster1,60,240,threshold,severity,0.9,1.0,1.0,1.0,3,0.03278688524590164,0.004166666666666667
synth-skew-wide,lognormal,4.0,7,cluster1,60,240,threshold,severity,0.8,1.0,1.0,1.0,3,0.0,0.0
synth-skew-wide,lognormal,4.0,7,cluster1,60,240,threshold,symmetric,1.0,0.6666666666666666,0.6666666666666666,0.6666666666666666,3,1.0,0.25
synth-skew-wide,lognormal,4.0,7,cluster1,60,240,threshold,symmetric,0.95,1.0,1.0,1.0,3,0.09523809523809523,0.0125
synth-skew-wide,lognormal,4.0,7,cluster1,60,240,threshold,symmetric,0.9,1.0,1.0,1.0,3,0.06451612903225806,0.008333333333333333
synth-skew-wide,lognormal,4.0,7,cluster1,60,240,threshold,symmetric,0.8,1.0,1.0,1.0,3,0.0,0.0
synth-skew-wide,lognormal,4.0,7,cluster1,60,240,db,severity,1.0,0.5,0.3333333333333333,0.4,2,1.0,0.25
synth-skew-wide,lognormal,4.0,7,cluster1,60,240,db,severity,0.95,1.0,0.3333333333333333,0.5,1,0.9655172413793104,0.23333333333333334
synth-skew-wide,lognormal,4.0,7,cluster1,60,240,db,severity,0.9,1.0,0.3333333333333333,0.5,1,0.9473684210526316,0.225
synth-skew-wide,lognormal,4.0,7,cluster1,60,240,db,severity,0.8,1.0,0.3333333333333333,0.5,1,0.888888888888889,0.2
synth-skew-wide,lognormal,4.0,7,cluster1,60,240,db,symmetric,1.0,0.5,0.3333333333333333,0.4,2,1.0,0.25
synth-skew-wide,lognormal,4.0,7,cluster1,60,240,db,symmetric,0.95,1.0,0.3333333333333333,0.5,1,0.9655172413793104,0.23333333333333334
synth-skew-wide,lognormal,4.0,7,cluster1,60,240,db,symmetric,0.9,1.0,0.3333333333333333,0.5,1,0.9473684210526316,0.225
synth-skew-wide,lognormal,4.0,7,cluster1,60,240,db,symmetric,0.8,1.0,0.3333333333333333,0.5,1,0.888888888888889,0.2
synth-skew-wide,lognormal,4.0,7,cluster2,60,240,threshold,severity,1.0,1.0,1.0,1.0,3,1.0,0.25
synth-skew-wide,lognormal,4.0,7,cluster2,60,240,threshold,severity,0.95,1.0,1.0,1.0,3,0.2608695652173913,0.0375
synth-skew-wide,lognormal,4.0,7,cluster2,60,240,threshold,severity,0.9,1.0,1.0,1.0,3,0.06451612903225806,0.008333333333333333
synth-skew-wide,lognormal,4.0,7,cluster2,60,240,threshold,severity,0.8,1.0,1.0,1.0,3,0.0,0.0
synth-skew-wide,lognormal,4.0,7,cluster2,60,240,threshold,symmetric,1.0,1.0,1.0,1.0,3,1.0,0.25
synth-skew-wide,lognormal,4.0,7,cluster2,60,240,threshold,symmetric,0.95,1.0,1.0,1.0,3,0.23529411764705882,0.03333333333333333
synth-skew-wide,lognormal,4.0,7,cluster2,60,240,threshold,symmetric,0.9,1.0,1.0,1.0,3,0.09523809523809523,0.0125
synth-skew-wide,lognormal,4.0,7,cluster2,60,240,threshold,symmetric,0.8,1.0,1.0,1.0,3,0.0,0.0
synth-skew-wide,lognormal,4.0,7,cluster2,60,240,db,severity,1.0,1.0,0.3333333333333333,0.5,1,1.0,0.25
synth-skew-wide,lognormal,4.0,7,cluster2,60,240,db,severity,0.95,1.0,0.3333333333333333,0.5,1,0.9655172413793104,0.23333333333333334
synth-skew-wide,lognormal,4.0,7,cluster2,60,240,db,severity,0.9,1.0,0.3333333333333333,0.5,1,0.9380530973451328,0.22083333333333333
synth-skew-wide,lognormal,4.0,7,cluster2,60,240,db,severity,0.8,1.0,0.3333333333333333,0.5,1,0.8785046728971964,0.19583333333333333
synth-skew-wide,lognormal,4.0,7,cluster2,60,240,db,symmetric,1.0,1.0,0.3333333333333333,0.5,1,1.0,0.25
synth-skew-wide,lognormal,4.0,7,cluster2,60,240,db,symmetric,0.95,1.0,0.3333333333333333,0.5,1,0.9655172413793104,0.23333333333333334
synth-skew-wide,lognormal,4.0,7,cluster2,60,240,db,symmetric,0.9,1.0,0.3333333333333333,0.5,1,0.9473684210526316,0.225
synth-skew-wide,lognormal,4.0,7,cluster2,60,240,db,symmetric,0.8,1.0,0.3333333333333333,0.5,1,0.888888888888889,0.2
synth-skew-wide,lognormal,4.0,7,cluster3,60,240,threshold,severity,1.0,1.0,1.0,1.0,3,1.0,0.25
synth-skew-wide,lognormal,4.0,7,cluster3,60,240,threshold,severity,0.95,1.0,1.0,1.0,3,0.3561643835616438,0.05416666666666667
synth-skew-wide,lognormal,4.0,7,cluster3,60,240,threshold,severity,0.9,1.0,1.0,1.0,3,0.09523809523809523,0.0125
synth-skew-wide,lognormal,4.0,7,cluster3,60,240,threshold,severity,0.8,1.0,1.0,1.0,3,0.03278688524590164,0.004166666666666667
synth-skew-wide,lognormal,4.0,7,cluster3,60,240,threshold,symmetric,1.0,1.0,1.0,1.0,3,1.0,0.25
synth-skew-wide,lognormal,4.0,7,cluster3,60,240,threshold,symmetric,0.95,1.0,1.0,1.0,3,0.3561643835616438,0.05416666666666667
synth-skew-wide,lognormal,4.0,7,cluster3,60,240,threshold,symmetric,0.9,1.0,1.0,1.0,3,0.125,0.016666666666666666
synth-skew-wide,lognormal,4.0,7,cluster3,60,240,threshold,symmetric,0.8,1.0,1.0,1.0,3,0.0,0.0
synth-skew-wide,lognormal,4.0,7,cluster3,60,240,db,severity,1.0,1.0,0.3333333333333333,0.5,1,1.0,0.25
synth-skew-wide,lognormal,4.0,7,cluster3,60,240,db,severity,0.95,1.0,0.3333333333333333,0.5,1,0.9655172413793104,0.23333333333333334
synth-skew-wide,lognormal,4.0,7,cluster3,60,240,db,severity,0.9,1.0,0.3333333333333333,0.5,1,0.9473684210526316,0.225
synth-skew-wide,lognormal,4.0,7,cluster3,60,240,db,severity,0.8,1.0,0.3333333333333333,0.5,1,0.888888888888889,0.2
synth-skew-wide,lognormal,4.0,7,cluster3,60,240,db,symmetric,1.0,1.0,0.3333333333333333,0.5,1,1.0,0.25
synth-skew-wide,lognormal,4.0,7,cluster3,60,240,db,symmetric,0.95,1.0,0.3333333333333333,0.5,1,0.9655172413793104,0.23333333333333334
synth-skew-wide,lognormal,4.0,7,cluster3,60,240,db,symmetric,0.9,1.0,0.3333333333333333,0.5,1,0.9473684210526316,0.225
synth-skew-wide,lognormal,4.0,7,cluster3,60,240,db,symmetric,0.8,1.0,0.3333333333333333,0.5,1,0.888888888888889,0.2
synth-skew-wide,lognormal,4.0,8,cluster0,60,240,threshold,severity,1.0,1.0,1.0,1.0,3,1.0,0.25
synth-skew-wide,lognormal,4.0,8,cluster0,60,240,threshold,severity,0.95,1.0,1.0,1.0,3,0.3561643835616438,0.05416666666666667
synth-skew-wide,lognormal,4.0,8,cluster0,60,240,threshold,severity,0.9,1.0,1.0,1.0,3,0.03278688524590164,0.004166666666666667
synth-skew-wide,lognormal,4.0,8,cluster0,60,240,threshold,severity,0.8,1.0,1.0,1.0,3,0.0,0.0
synth-skew-wide,lognormal,4.0,8,cluster0,60,240,threshold,symmetric,1.0,1.0,1.0,1.0,3,1.0,0.25
synth-skew-wide,lognormal,4.0,8,cluster0,60,240,threshold,symmetric,0.95,1.0,1.0,1.0,3,0.33333333333333337,0.05
synth-skew-wide,lognormal,4.0,8,cluster0,60,240,threshold,symmetric,0.9,1.0,1.0,1.0,3,0.125,0.016666666666666666
synth-skew-wide,lognormal,4.0,8,cluster0,60,240,threshold,symmetric,0.8,1.0,1.0,1.0,3,0.0,0.0
synth-skew-wide,lognormal,4.0,8,cluster0,60,240,db,severity,1.0,1.0,0.3333333333333333,0.5,1,1.0,0.25
synth-skew-wide,lognormal,4.0,8,cluster0,60,240,db,severity,0.95,1.0,0.3333333333333333,0.5,1,0.9655172413793104,0.23333333333333334
synth-skew-wide,lognormal,4.0,8,cluster0,60,240,db,severity,0.9,1.0,0.3333333333333333,0.5,1,0.9380530973451328,0.22083333333333333
synth-skew-wide,lognormal,4.0,8,cluster0,60,240,db,severity,0.8,1.0,0.3333333333333333,0.5,1,0.8785046728971964,0.19583333333333333
synth-skew-wide,lognormal,4.0,8,cluster0,60,240,db,symmetric,1.0,1.0,0.3333333333333333,0.5,1,1.0,0.25
synth-skew-wide,lognormal,4.0,8,cluster0,60,240,db,symmetric,0.95,1.0,0.3333333333333333,0.5,1,0.9655172413793104,0.23333333333333334
synth-skew-wide,lognormal,4.0,8,cluster0,60,240,db,symmetric,0.9,1.0,0.3333333333333333,0.5,1,0.9473684210526316,0.225
synth-skew-wide,lognormal,4.0,8,cluster0,60,240,db,symmetric,0.8,1.0,0.3333333333333333,0.5,1,0.888888888888889,0.2
synth-skew-wide,lognormal,4.0,8,cluster1,60,240,threshold,severity,1.0,1.0,1.0,1.0,3,1.0,0.25
synth-skew-wide,lognormal,4.0,8,cluster1,60,240,threshold,severity,0.95,1.0,1.0,1.0,3,0.37837837837837834,0.058333333333333334
synth-skew-wide,lognormal,4.0,8,cluster1,60,240,threshold,severity,0.9,1.0,1.0,1.0,3,0.18181818181818182,0.025
synth-skew-wide,lognormal,4.0,8,cluster1,60,240,threshold,severity,0.8,1.0,1.0,1.0,3,0.03278688524590164,0.004166666666666667
synth-skew-wide,lognormal,4.0,8,cluster1,60,240,threshold,symmetric,1.0,1.0,1.0,1.0,3,1.0,0.25
synth-skew-wide,lognormal,4.0,8,cluster1,60,240,threshold,symmetric,0.95,1.0,1.0,1.0,3,0.3561643835616438,0.05416666666666667
synth-skew-wide,lognormal,4.0,8,cluster1,60,240,threshold,symmetric,0.9,1.0,1.0,1.0,3,0.23529411764705882,0.03333333333333333
synth-skew-wide,lognormal,4.0,8,cluster1,60,240,threshold,symmetric,0.8,1.0,1.0,1.0,3,0.03278688524590164,0.004166666666666667
synth-skew-wide,lognormal,4.0,8,cluster1,60,240,db,severity,1.0,0.5,0.3333333333333333,0.4,2,1.0,0.25
synth-skew-wide,lognormal,4.0,8,cluster1,60,240,db,severity,0.95,1.0,0.3333333333333333,0.5,1,0.9655172413793104,0.23333333333333334
synth-skew-wide,lognormal,4.0,8,cluster1,60,240,db,severity,0.9,1.0,0.3333333333333333,0.5,1,0.9380530973451328,0.22083333333333333
synth-skew-wide,lognormal,4.0,8,cluster1,60,240,db,severity,0.8,1.0,0.3333333333333333,0.5,1,0.8785046728971964,0.19583333333333333
synth-skew-wide,lognormal,4.0,8,cluster1,60,240,db,symmetric,1.0,0.5,0.3333333333333333,0.4,2,1.0,0.25
synth-skew-wide,lognormal,4.0,8,cluster1,60,240,db,symmetric,0.95,1.0,0.3333333333333333,0.5,1,0.9655172413793104,0.23333333333333334
synth-skew-wide,lognormal,4.0,8,cluster1,60,240,db,symmetric,0.9,1.0,0.3333333333333333,0.5,1,0.9473684210526316,0.225
synth-skew-wide,lognormal,4.0,8,cluster1,60,240,db,symmetric,0.8,1.0,0.3333333333333333,0.5,1,0.888888888888889,0.2
synth-skew-wide,lognormal,4.0,8,cluster2,60,240,threshold,severity,1.0,1.0,1.0,1.0,3,1.0,0.25
synth-skew-wide,lognormal,4.0,8,cluster2,60,240,threshold,severity,0.95,1.0,1.0,1.0,3,0.23529411764705882,0.03333333333333333
synth-skew-wide,lognormal,4.0,8,cluster2,60,240,threshold,severity,0.9,1.0,1.0,1.0,3,0.06451612903225806,0.008333333333333333
synth-skew-wide,lognormal,4.0,8,cluster2,60,240,threshold,severity,0.8,1.0,1.0,1.0,3,0.03278688524590164,0.004166666666666667
synth-skew-wide,lognormal,4.0,8,cluster2,60,240,threshold,symmetric,1.0,1.0,1.0,1.0,3,1.0,0.25
synth-skew-wide,lognormal,4.0,8,cluster2,60,240,threshold,symmetric,0.95,1.0,1.0,1.0,3,0.208955223880597,0.029166666666666667
synth-skew-wide,lognormal,4.0,8,cluster2,60,240,threshold,symmetric,0.9,1.0,1.0,1.0,3,0.09523809523809523,0.0125
synth-skew-wide,lognormal,4.0,8,cluster2,60,240,threshold,symmetric,0.8,1.0,1.0,1.0,3,0.03278688524590164,0.004166666666666667
synth-skew-wide,lognormal,4.0,8,cluster2,60,240,db,severity,1.0,0.5,0.3333333333333333,0.4,2,1.0,0.25
synth-skew-wide,lognormal,4.0,8,cluster2,60,240,db,severity,0.95,1.0,0.3333333333333333,0.5,1,0.9655172413793104,0.23333333333333334
synth-skew-wide,lognormal,4.0,8,cluster2,60,240,db,severity,0.9,1.0,0.3333333333333333,0.5,1,0.9380530973451328,0.22083333333333333
synth-skew-wide,lognormal,4.0,8,cluster2,60,240,db,severity,0.8,1.0,0.3333333333333333,0.5,1,0.8785046728971964,0.19583333333333333
synth-skew-wide,lognormal,4.0,8,cluster2,60,240,db,symmetric,1.0,0.5,0.3333333333333333,0.4,2,1.0,0.25
synth-skew-wide,lognormal,4.0,8,cluster2,60,240,db,symmetric,0.95,1.0,0.3333333333333333,0.5,1,0.9655172413793104,0.23333333333333334
synth-skew-wide,lognormal,4.0,8,cluster2,60,240,db,symmetric,0.9,1.0,0.3333333333333333,0.5,1,0.9473684210526316,0.225
synth-skew-wide,lognormal,4.0,8,cluster2,60,240,db,symmetric,0.8,1.0,0.3333333333333333,0.5,1,0.888888888888889,0.2
synth-skew-wide,lognormal,4.0,8,cluster3,60,240,threshold,severity,1.0,0.6666666666666666,0.6666666666666666,0.6666666666666666,3,1.0,0.25
synth-skew-wide,lognormal,4.0,8,cluster3,60,240,threshold,severity,0.95,1.0,1.0,1.0,3,0.2857142857142857,0.041666666666666664
synth-skew-wide,lognormal,4.0,8,cluster3,60,240,threshold,severity,0.9,1.0,1.0,1.0,3,0.03278688524590164,0.004166666666666667
synth-skew-wide,lognormal,4.0,8,cluster3,60,240,threshold,severity,0.8,1.0,1.0,1.0,3,0.0,0.0
synth-skew-wide,lognormal,4.0,8,cluster3,60,240,threshold,symmetric,1.0,0.6666666666666666,0.6666666666666666,0.6666666666666666,3,1.0,0.25
synth-skew-wide,lognormal,4.0,8,cluster3,60,240,threshold,symmetric,0.95,1.0,1.0,1.0,3,0.2857142857142857,0.041666666666666664
synth-skew-wide,lognormal,4.0,8,cluster3,60,240,threshold,symmetric,0.9,1.0,1.0,1.0,3,0.06451612903225806,0.008333333333333333
synth-skew-wide,lognormal,4.0,8,cluster3,60,240,threshold,symmetric,0.8,1.0,1.0,1.0,3,0.0,0.0
synth-skew-wide,lognormal,4.0,8,cluster3,60,240,db,severity,1.0,1.0,0.6666666666666666,0.8,2,1.0,0.25
synth-skew-wide,lognormal,4.0,8,cluster3,60,240,db,severity,0.95,1.0,0.3333333333333333,0.5,1,0.9655172413793104,0.23333333333333334
synth-skew-wide,lognormal,4.0,8,cluster3,60,240,db,severity,0.9,1.0,0.3333333333333333,0.5,1,0.9380530973451328,0.22083333333333333
synth-skew-wide,lognormal,4.0,8,cluster3,60,240,db,severity,0.8,1.0,0.3333333333333333,0.5,1,0.8785046728971964,0.19583333333333333
synth-skew-wide,lognormal,4.0,8,cluster3,60,240,db,symmetric,1.0,1.0,0.6666666666666666,0.8,2,1.0,0.25
synth-skew-wide,lognormal,4.0,8,cluster3,60,240,db,symmetric,0.95,1.0,0.3333333333333333,0.5,1,0.9655172413793104,0.23333333333333334
synth-skew-wide,lognormal,4.0,8,cluster3,60,240,db,symmetric,0.9,1.0,0.3333333333333333,0.5,1,0.9473684210526316,0.225
synth-skew-wide,lognormal,4.0,8,cluster3,60,240,db,symmetric,0.8,1.0,0.3333333333333333,0.5,1,0.888888888888889,0.2
synth-skew-wide,lognormal,4.0,9,cluster0,60,240,threshold,severity,1.0,1.0,1.0,1.0,3,1.0,0.25
synth-skew-wide,lognormal,4.0,9,cluster0,60,240,threshold,severity,0.95,1.0,1.0,1.0,3,0.30985915492957744,0.04583333333333333
synth-skew-wide,lognormal,4.0,9,cluster0,60,240,threshold,severity,0.9,1.0,1.0,1.0,3,0.03278688524590164,0.004166666666666667
synth-skew-wide,lognormal,4.0,9,cluster0,60,240,threshold,severity,0.8,1.0,1.0,1.0,3,0.0,0.0
synth-skew-wide,lognormal,4.0,9,cluster0,60,240,threshold,symmetric,1.0,1.0,1.0,1.0,3,1.0,0.25
synth-skew-wide,lognormal,4.0,9,cluster0,60,240,threshold,symmetric,0.95,1.0,1.0,1.0,3,0.30985915492957744,0.04583333333333333
synth-skew-wide,lognormal,4.0,9,cluster0,60,240,threshold,symmetric,0.9,1.0,1.0,1.0,3,0.09523809523809523,0.0125
synth-skew-wide,lognormal,4.0,9,cluster0,60,240,threshold,symmetric,0.8,1.0,1.0,1.0,3,0.0,0.0
synth-skew-wide,lognormal,4.0,9,cluster0,60,240,db,severity,1.0,1.0,0.3333333333333333,0.5,1,1.0,0.25
synth-skew-wide,lognormal,4.0,9,cluster0,60,240,db,severity,0.95,1.0,0.3333333333333333,0.5,1,0.9655172413793104,0.23333333333333334
synth-skew-wide,lognormal,4.0,9,cluster0,60,240,db,severity,0.9,1.0,0.3333333333333333,0.5,1,0.9473684210526316,0.225
synth-skew-wide,lognormal,4.0,9,cluster0,60,240,db,severity,0.8,1.0,0.3333333333333333,0.5,1,0.888888888888889,0.2
synth-skew-wide,lognormal,4.0,9,cluster0,60,240,db,symmetric,1.0,1.0,0.3333333333333333,0.5,1,1.0,0.25
synth-skew-wide,lognormal,4.0,9,cluster0,60,240,db,symmetric,0.95,1.0,0.3333333333333333,0.5,1,0.9655172413793104,0.23333333333333334
synth-skew-wide,lognormal,4.0,9,cluster0,60,240,db,symmetric,0.9,1.0,0.3333333333333333,0.5,1,0.9473684210526316,0.225
synth-skew-wide,lognormal,4.0,9,cluster0,60,240,db,symmetric,0.8,1.0,0.3333333333333333,0.5,1,0.888888888888889,0.2
synth-skew-wide,lognormal,4.0,9,cluster1,60,240,threshold,severity,1.0,1.0,1.0,1.0,3,1.0,0.25
synth-skew-wide,lognormal,4.0,9,cluster1,60,240,threshold,severity,0.95,1.0,1.0,1.0,3,0.208955223880597,0.029166666666666667
synth-skew-wide,lognormal,4.0,9,cluster1,60,240,threshold,severity,0.9,1.0,1.0,1.0,3,0.09523809523809523,0.0125
synth-skew-wide,lognormal,4.0,9,cluster1,60,240,threshold,severity,0.8,1.0,1.0,1.0,3,0.03278688524590164,0.004166666666666667
synth-skew-wide,lognormal,4.0,9,cluster1,60,240,threshold,symmetric,1.0,1.0,1.0,1.0,3,1.0,0.25
synth-skew-wide,lognormal,4.0,9,cluster1,60,240,threshold,symmetric,0.95,1.0,1.0,1.0,3,0.208955223880597,0.029166666666666667
synth-skew-wide,lognormal,4.0,9,cluster1,60,240,threshold,symmetric,0.9,1.0,1.0,1.0,3,0.15384615384615385,0.020833333333333332
synth-skew-wide,lognormal,4.0,9,cluster1,60,240,threshold,symmetric,0.8,1.0,1.0,1.0,3,0.03278688524590164,0.004166666666666667
synth-skew-wide,lognormal,4.0,9,cluster1,60,240,db,severity,1.0,1.0,0.3333333333333333,0.5,1,1.0,0.25
synth-skew-wide,lognormal,4.0,9,cluster1,60,240,db,severity,0.95,1.0,0.3333333333333333,0.5,1,0.9655172413793104,0.23333333333333334
synth-skew-wide,lognormal,4.0,9,cluster1,60,240,db,severity,0.9,1.0,0.3333333333333333,0.5,1,0.9473684210526316,0.225
synth-skew-wide,lognormal,4.0,9,cluster1,60,240,db,severity,0.8,1.0,0.3333333333333333,0.5,1,0.888888888888889,0.2
synth-skew-wide,lognormal,4.0,9,cluster1,60,240,db,symmetric,1.0,1.0,0.3333333333333333,0.5,1,1.0,0.25
synth-skew-wide,lognormal,4.0,9,cluster1,60,240,db,symmetric,0.95,1.0,0.3333333333333333,0.5,1,0.9655172413793104,0.23333333333333334
synth-skew-wide,lognormal,4.0,9,cluster1,60,240,db,symmetric,0.9,1.0,0.3333333333333333,0.5,1,0.9473684210526316,0.225
synth-skew-wide,lognormal,4.0,9,cluster1,60,240,db,symmetric,0.8,1.0,0.3333333333333333,0.5,1,0.888888888888889,0.2
synth-skew-wide,lognormal,4.0,9,cluster2,60,240,threshold,severity,1.0,0.6666666666666666,0.6666666666666666,0.6666666666666666,3,1.0,0.25
synth-skew-wide,lognormal,4.0,9,cluster2,60,240,threshold,severity,0.95,1.0,1.0,1.0,3,0.2608695652173913,0.0375
synth-skew-wide,lognormal,4.0,9,cluster2,60,240,threshold,severity,0.9,1.0,1.0,1.0,3,0.06451612903225806,0.008333333333333333
synth-skew-wide,lognormal,4.0,9,cluster2,60,240,threshold,severity,0.8,1.0,1.0,1.0,3,0.0,0.0
synth-skew-wide,lognormal,4.0,9,cluster2,60,240,threshold,symmetric,1.0,0.6666666666666666,0.6666666666666666,0.6666666666666666,3,1.0,0.25
synth-skew-wide,lognormal,4.0,9,cluster2,60,240,threshold,symmetric,0.95,1.0,1.0,1.0,3,0.2608695652173913,0.0375
synth-skew-wide,lognormal,4.0,9,cluster2,60,240,threshold,symmetric,0.9,1.0,1.0,1.0,3,0.09523809523809523,0.0125
synth-skew-wide,lognormal,4.0,9,cluster2,60,240,threshold,symmetric,0.8,1.0,1.0,1.0,3,0.0,0.0
synth-skew-wide,lognormal,4.0,9,cluster2,60,240,db,severity,1.0,1.0,0.6666666666666666,0.8,2,1.0,0.25
synth-skew-wide,lognormal,4.0,9,cluster2,60,240,db,severity,0.95,1.0,0.3333333333333333,0.5,1,0.9655172413793104,0.23333333333333334
synth-skew-wide,lognormal,4.0,9,cluster2,60,240,db,severity,0.9,1.0,0.3333333333333333,0.5,1,0.9380530973451328,0.22083333333333333
synth-skew-wide,lognormal,4.0,9,cluster2,60,240,db,severity,0.8,1.0,0.3333333333333333,0.5,1,0.8785046728971964,0.19583333333333333
synth-skew-wide,lognormal,4.0,9,cluster2,60,240,db,symmetric,1.0,1.0,0.6666666666666666,0.8,2,1.0,0.25
synth-skew-wide,lognormal,4.0,9,cluster2,60,240,db,symmetric,0.95,1.0,0.3333333333333333,0.5,1,0.9655172413793104,0.23333333333333334
synth-skew-wide,lognormal,4.0,9,cluster2,60,240,db,symmetric,0.9,1.0,0.3333333333333333,0.5,1,0.9473684210526316,0.225
synth-skew-wide,lognormal,4.0,9,cluster2,60,240,db,symmetric,0.8,1.0,0.3333333333333333,0.5,1,0.888888888888889,0.2
synth-skew-wide,lognormal,4.0,9,cluster3,60,240,threshold,severity,1.0,1.0,1.0,1.0,3,1.0,0.25
synth-skew-wide,lognormal,4.0,9,cluster3,60,240,threshold,severity,0.95,1.0,1.0,1.0,3,0.30985915492957744,0.04583333333333333
synth-skew-wide,lognormal,4.0,9,cluster3,60,240,threshold,severity,0.9,1.0,1.0,1.0,3,0.09523809523809523,0.0125
synth-skew-wide,lognormal,4.0,9,cluster3,60,240,threshold,severity,0.8,1.0,1.0,1.0,3,0.0,0.0
synth-skew-wide,lognormal,4.0,9,cluster3,60,240,threshold,symmetric,1.0,1.0,1.0,1.0,3,1.0,0.25
synth-skew-wide,lognormal,4.0,9,cluster3,60,240,threshold,symmetric,0.95,1.0,1.0,1.0,3,0.2857142857142857,0.041666666666666664
synth-skew-wide,lognormal,4.0,9,cluster3,60,240,threshold,symmetric,0.9,1.0,1.0,1.0,3,0.125,0.016666666666666666
synth-skew-wide,lognormal,4.0,9,cluster3,60,240,threshold,symmetric,0.8,1.0,1.0,1.0,3,0.0,0.0
synth-skew-wide,lognormal,4.0,9,cluster3,60,240,db,severity,1.0,1.0,0.3333333333333333,0.5,1,1.0,0.25
synth-skew-wide,lognormal,4.0,9,cluster3,60,240,db,severity,0.95,1.0,0.3333333333333333,0.5,1,0.9655172413793104,0.23333333333333334
synth-skew-wide,lognormal,4.0,9,cluster3,60,240,db,severity,0.9,1.0,0.3333333333333333,0.5,1,0.9380530973451328,0.22083333333333333
synth-skew-wide,lognormal,4.0,9,cluster3,60,240,db,severity,0.8,1.0,0.3333333333333333,0.5,1,0.8785046728971964,0.19583333333333333
synth-skew-wide,lognormal,4.0,9,cluster3,60,240,db,symmetric,1.0,1.0,0.3333333333333333,0.5,1,1.0,0.25
synth-skew-wide,lognormal,4.0,9,cluster3,60,240,db,symmetric,0.95,1.0,0.3333333333333333,0.5,1,0.9655172413793104,0.23333333333333334
synth-skew-wide,lognormal,4.0,9,cluster3,60,240,db,symmetric,0.9,1.0,0.3333333333333333,0.5,1,0.9473684210526316,0.225
synth-skew-wide,lognormal,4.0,9,cluster3,60,240,db,symmetric,0.8,1.0,0.3333333333333333,0.5,1,0.888888888888889,0.2
synth-skew-wide,lognormal,4.0,10,cluster0,60,240,threshold,severity,1.0,1.0,1.0,1.0,3,1.0,0.25
synth-skew-wide,lognormal,4.0,10,cluster0,60,240,threshold,severity,0.95,1.0,1.0,1.0,3,0.23529411764705882,0.03333333333333333
synth-skew-wide,lognormal,4.0,10,cluster0,60,240,threshold,severity,0.9,1.0,1.0,1.0,3,0.09523809523809523,0.0125
synth-skew-wide,lognormal,4.0,10,cluster0,60,240,threshold,severity,0.8,1.0,1.0,1.0,3,0.0,0.0
synth-skew-wide,lognormal,4.0,10,cluster0,60,240,threshold,symmetric,1.0,1.0,1.0,1.0,3,1.0,0.25
synth-skew-wide,lognormal,4.0,10,cluster0,60,240,threshold,symmetric,0.95,1.0,1.0,1.0,3,0.208955223880597,0.029166666666666667
synth-skew-wide,lognormal,4.0,10,cluster0,60,240,threshold,symmetric,0.9,1.0,1.0,1.0,3,0.06451612903225806,0.008333333333333333
synth-skew-wide,lognormal,4.0,10,cluster0,60,240,threshold,symmetric,0.8,1.0,1.0,1.0,3,0.0,0.0
synth-skew-wide,lognormal,4.0,10,cluster0,60,240,db,severity,1.0,1.0,0.3333333333333333,0.5,1,1.0,0.25
synth-skew-wide,lognormal,4.0,10,cluster0,60,240,db,severity,0.95,1.0,0.3333333333333333,0.5,1,0.9655172413793104,0.23333333333333334
synth-skew-wide,lognormal,4.0,10,cluster0,60,240,db,severity,0.9,1.0,0.3333333333333333,0.5,1,0.9380530973451328,0.22083333333333333
synth-skew-wide,lognormal,4.0,10,cluster0,60,240,db,severity,0.8,1.0,0.3333333333333333,0.5,1,0.8785046728971964,0.19583333333333333
synth-skew-wide,lognormal,4.0,10,cluster0,60,240,db,symmetric,1.0,1.0,0.3333333333333333,0.5,1,1.0,0.25
synth-skew-wide,lognormal,4.0,10,cluster0,60,240,db,symmetric,0.95,1.0,0.3333333333333333,0.5,1,0.9655172413793104,0.23333333333333334
synth-skew-wide,lognormal,4.0,10,cluster0,60,240,db,symmetric,0.9,1.0,0.3333333333333333,0.5,1,0.9473684210526316,0.225
synth-skew-wide,lognormal,4.0,10,cluster0,60,240,db,symmetric,0.8,1.0,0.3333333333333333,0.5,1,0.888888888888889,0.2
synth-skew-wide,lognormal,4.0,10,cluster1,60,240,threshold,severity,1.0,1.0,1.0,1.0,3,1.0,0.25
synth-skew-wide,lognormal,4.0,10,cluster1,60,240,threshold,severity,0.95,1.0,1.0,1.0,3,0.37837837837837834,0.058333333333333334
synth-skew-wide,lognormal,4.0,10,cluster1,60,240,threshold,severity,0.9,1.0,1.0,1.0,3,0.125,0.016666666666666666
synth-skew-wide,lognormal,4.0,10,cluster1,60,240,threshold,severity,0.8,1.0,1.0,1.0,3,0.0,0.0
synth-skew-wide,lognormal,4.0,10,cluster1,60,240,threshold,symmetric,1.0,1.0,1.0,1.0,3,1.0,0.25
synth-skew-wide,lognormal,4.0,10,cluster1,60,240,threshold,symmetric,0.95,1.0,1.0,1.0,3,0.3561643835616438,0.05416666666666667
synth-skew-wide,lognormal,4.0,10,cluster1,60,240,threshold,symmetric,0.9,1.0,1.0,1.0,3,0.125,0.016666666666666666
synth-skew-wide,lognormal,4.0,10,cluster1,60,240,threshold,symmetric,0.8,1.0,1.0,1.0,3,0.0,0.0
synth-skew-wide,lognormal,4.0,10,cluster1,60,240,db,severity,1.0,0.5,0.3333333333333333,0.4,2,1.0,0.25
synth-skew-wide,lognormal,4.0,10,cluster1,60,240,db,severity,0.95,1.0,0.3333333333333333,0.5,1,0.9655172413793104,0.23333333333333334
synth-skew-wide,lognormal,4.0,10,cluster1,60,240,db,severity,0.9,1.0,0.3333333333333333,0.5,1,0.9380530973451328,0.22083333333333333
synth-skew-wide,lognormal,4.0,10,cluster1,60,240,db,severity,0.8,1.0,0.3333333333333333,0.5,1,0.8785046728971964,0.19583333333333333
synth-skew-wide,lognormal,4.0,10,cluster1,60,240,db,symmetric,1.0,0.5,0.3333333333333333,0.4,2,1.0,0.25
synth-skew-wide,lognormal,4.0,10,cluster1,60,240,db,symmetric,0.95,1.0,0.3333333333333333,0.5,1,0.9655172413793104,0.23333333333333334
synth-skew-wide,lognormal,4.0,10,cluster1,60,240,db,symmetric,0.9,1.0,0.3333333333333333,0.5,1,0.9473684210526316,0.225
synth-skew-wide,lognormal,4.0,10,cluster1,60,240,db,symmetric,0.8,1.0,0.3333333333333333,0.5,1,0.888888888888889,0.2
synth-skew-wide,lognormal,4.0,10,cluster2,60,240,threshold,severity,1.0,1.0,1.0,1.0,3,1.0,0.25
synth-skew-wide,lognormal,4.0,10,cluster2,60,240,threshold,severity,0.95,1.0,1.0,1.0,3,0.30985915492957744,0.04583333333333333
synth-skew-wide,lognormal,4.0,10,cluster2,60,240,threshold,severity,0.9,1.0,1.0,1.0,3,0.0,0.0
synth-skew-wide,lognormal,4.0,10,cluster2,60,240,threshold,severity,0.8,1.0,1.0,1.0,3,0.0,0.0
synth-skew-wide,lognormal,4.0,10,cluster2,60,240,threshold,symmetric,1.0,1.0,1.0,1.0,3,1.0,0.25
synth-skew-wide,lognormal,4.0,10,cluster2,60,240,threshold,symmetric,0.95,1.0,1.0,1.0,3,0.30985915492957744,0.04583333333333333
synth-skew-wide,lognormal,4.0,10,cluster2,60,240,threshold,symmetric,0.9,1.0,1.0,1.0,3,0.06451612903225806,0.008333333333333333
synth-skew-wide,lognormal,4.0,10,cluster2,60,240,threshold,symmetric,0.8,1.0,1.0,1.0,3,0.0,0.0
synth-skew-wide,lognormal,4.0,10,cluster2,60,240,db,severity,1.0,0.5,0.3333333333333333,0.4,2,1.0,0.25
synth-skew-wide,lognormal,4.0,10,cluster2,60,240,db,severity,0.95,1.0,0.3333333333333333,0.5,1,0.9655172413793104,0.23333333333333334
synth-skew-wide,lognormal,4.0,10,cluster2,60,240,db,severity,0.9,1.0,0.3333333333333333,0.5,1,0.9380530973451328,0.22083333333333333
synth-skew-wide,lognormal,4.0,10,cluster2,60,240,db,severity,0.8,1.0,0.3333333333333333,0.5,1,0.8785046728971964,0.19583333333333333
synth-skew-wide,lognormal,4.0,10,cluster2,60,240,db,symmetric,1.0,0.5,0.3333333333333333,0.4,2,1.0,0.25
synth-skew-wide,lognormal,4.0,10,cluster2,60,240,db,symmetric,0.95,1.0,0.3333333333333333,0.5,1,0.9655172413793104,0.23333333333333334
synth-skew-wide,lognormal,4.0,10,cluster2,60,240,db,symmetric,0.9,1.0,0.3333333333333333,0.5,1,0.9473684210526316,0.225
synth-skew-wide,lognormal,4.0,10,cluster2,60,240,db,symmetric,0.8,1.0,0.3333333333333333,0.5,1,0.888888888888889,0.2
synth-skew-wide,lognormal,4.0,10,cluster3,60,240,threshold,severity,1.0,1.0,1.0,1.0,3,1.0,0.25
synth-skew-wide,lognormal,4.0,10,cluster3,60,240,threshold,severity,0.95,1.0,1.0,1.0,3,0.30985915492957744,0.04583333333333333
synth-skew-wide,lognormal,4.0,10,cluster3,60,240,threshold,severity,0.9,1.0,1.0,1.0,3,0.15384615384615385,0.020833333333333332
synth-skew-wide,lognormal,4.0,10,cluster3,60,240,threshold,severity,0.8,1.0,1.0,1.0,3,0.03278688524590164,0.004166666666666667
synth-skew-wide,lognormal,4.0,10,cluster3,60,240,threshold,symmetric,1.0,1.0,1.0,1.0,3,1.0,0.25
synth-skew-wide,lognormal,4.0,10,cluster3,60,240,threshold,symmetric,0.95,1.0,1.0,1.0,3,0.2608695652173913,0.0375
synth-skew-wide,lognormal,4.0,10,cluster3,60,240,threshold,symmetric,0.9,1.0,1.0,1.0,3,0.18181818181818182,0.025
synth-skew-wide,lognormal,4.0,10,cluster3,60,240,threshold,symmetric,0.8,1.0,1.0,1.0,3,0.03278688524590164,0.004166666666666667
synth-skew-wide,lognormal,4.0,10,cluster3,60,240,db,severity,1.0,1.0,0.3333333333333333,0.5,1,1.0,0.25
synth-skew-wide,lognormal,4.0,10,cluster3,60,240,db,severity,0.95,1.0,0.3333333333333333,0.5,1,0.9655172413793104,0.23333333333333334
synth-skew-wide,lognormal,4.0,10,cluster3,60,240,db,severity,0.9,1.0,0.3333333333333333,0.5,1,0.9380530973451328,0.22083333333333333
synth-skew-wide,lognormal,4.0,10,cluster3,60,240,db,severity,0.8,1.0,0.3333333333333333,0.5,1,0.8785046728971964,0.19583333333333333
synth-skew-wide,lognormal,4.0,10,cluster3,60,240,db,symmetric,1.0,1.0,0.3333333333333333,0.5,1,1.0,0.25
synth-skew-wide,lognormal,4.0,10,cluster3,60,240,db,symmetric,0.95,1.0,0.3333333333333333,0.5,1,0.9655172413793104,0.23333333333333334
synth-skew-wide,lognormal,4.0,10,cluster3,60,240,db,symmetric,0.9,1.0,0.3333333333333333,0.5,1,0.9473684210526316,0.225
synth-skew-wide,lognormal,4.0,10,cluster3,60,240,db,symmetric,0.8,1.0,0.3333333333333333,0.5,1,0.888888888888889,0.2
synth-skew-wide,lognormal,4.0,11,cluster0,60,240,threshold,severity,1.0,1.0,1.0,1.0,3,1.0,0.25
synth-skew-wide,lognormal,4.0,11,cluster0,60,240,threshold,severity,0.95,1.0,1.0,1.0,3,0.30985915492957744,0.04583333333333333
synth-skew-wide,lognormal,4.0,11,cluster0,60,240,threshold,severity,0.9,1.0,1.0,1.0,3,0.09523809523809523,0.0125
synth-skew-wide,lognormal,4.0,11,cluster0,60,240,threshold,severity,0.8,1.0,1.0,1.0,3,0.0,0.0
synth-skew-wide,lognormal,4.0,11,cluster0,60,240,threshold,symmetric,1.0,1.0,1.0,1.0,3,1.0,0.25
synth-skew-wide,lognormal,4.0,11,cluster0,60,240,threshold,symmetric,0.95,1.0,1.0,1.0,3,0.2857142857142857,0.041666666666666664
synth-skew-wide,lognormal,4.0,11,cluster0,60,240,threshold,symmetric,0.9,1.0,1.0,1.0,3,0.15384615384615385,0.020833333333333332
synth-skew-wide,lognormal,4.0,11,cluster0,60,240,threshold,symmetric,0.8,1.0,1.0,1.0,3,0.0,0.0
synth-skew-wide,lognormal,4.0,11,cluster0,60,240,db,severity,1.0,1.0,0.3333333333333333,0.5,1,1.0,0.25
synth-skew-wide,lognormal,4.0,11,cluster0,60,240,db,severity,0.95,1.0,0.3333333333333333,0.5,1,0.9655172413793104,0.23333333333333334
synth-skew-wide,lognormal,4.0,11,cluster0,60,240,db,severity,0.9,1.0,0.3333333333333333,0.5,1,0.9380530973451328,0.22083333333333333
synth-skew-wide,lognormal,4.0,11,cluster0,60,240,db,severity,0.8,1.0,0.3333333333333333,0.5,1,0.8785046728971964,0.19583333333333333
synth-skew-wide,lognormal,4.0,11,cluster0,60,240,db,symmetric,1.0,1.0,0.3333333333333333,0.5,1,1.0,0.25
synth-skew-wide,lognormal,4.0,11,cluster0,60,240,db,symmetric,0.95,1.0,0.3333333333333333,0.5,1,0.9655172413793104,0.23333333333333334
synth-skew-wide,lognormal,4.0,11,cluster0,60,240,db,symmetric,0.9,1.0,0.3333333333333333,0.5,1,0.9473684210526316,0.225
synth-skew-wide,lognormal,4.0,11,cluster0,60,240,db,symmetric,0.8,1.0,0.3333333333333333,0.5,1,0.888888888888889,0.2
synth-skew-wide,lognormal,4.0,11,cluster1,60,240,threshold,severity,1.0,1.0,1.0,1.0,3,1.0,0.25
synth-skew-wide,lognormal,4.0,11,cluster1,60,240,threshold,severity,0.95,1.0,1.0,1.0,3,0.2608695652173913,0.0375
synth-skew-wide,lognormal,4.0,11,cluster1,60,240,threshold,severity,0.9,1.0,1.0,1.0,3,0.06451612903225806,0.008333333333333333
synth-skew-wide,lognormal,4.0,11,cluster1,60,240,threshold,severity,0.8,1.0,1.0,1.0,3,0.0,0.0
synth-skew-wide,lognormal,4.0,11,cluster1,60,240,threshold,symmetric,1.0,1.0,1.0,1.0,3,1.0,0.25
synth-skew-wide,lognormal,4.0,11,cluster1,60,240,threshold,symmetric,0.95,1.0,1.0,1.0,3,0.2608695652173913,0.0375
synth-skew-wide,lognormal,4.0,11,cluster1,60,240,threshold,symmetric,0.9,1.0,1.0,1.0,3,0.06451612903225806,0.008333333333333333
synth-skew-wide,lognormal,4.0,11,cluster1,60,240,threshold,symmetric,0.8,1.0,1.0,1.0,3,0.0,0.0
synth-skew-wide,lognormal,4.0,11,cluster1,60,240,db,severity,1.0,1.0,0.3333333333333333,0.5,1,1.0,0.25
synth-skew-wide,lognormal,4.0,11,cluster1,60,240,db,severity,0.95,1.0,0.3333333333333333,0.5,1,0.9655172413793104,0.23333333333333334
synth-skew-wide,lognormal,4.0,11,cluster1,60,240,db,severity,0.9,1.0,0.3333333333333333,0.5,1,0.9380530973451328,0.22083333333333333
synth-skew-wide,lognormal,4.0,11,cluster1,60,240,db,severity,0.8,1.0,0.3333333333333333,0.5,1,0.8785046728971964,0.19583333333333333
synth-skew-wide,lognormal,4.0,11,cluster1,60,240,db,symmetric,1.0,1.0,0.3333333333333333,0.5,1,1.0,0.25
synth-skew-wide,lognormal,4.0,11,cluster1,60,240,db,symmetric,0.95,1.0,0.3333333333333333,0.5,1,0.9655172413793104,0.23333333333333334
synth-skew-wide,lognormal,4.0,11,cluster1,60,240,db,symmetric,0.9,1.0,0.3333333333333333,0.5,1,0.9473684210526316,0.225
synth-skew-wide,lognormal,4.0,11,cluster1,60,240,db,symmetric,0.8,1.0,0.3333333333333333,0.5,1,0.888888888888889,0.2
synth-skew-wide,lognormal,4.0,11,cluster2,60,240,threshold,severity,1.0,0.6666666666666666,0.6666666666666666,0.6666666666666666,3,1.0,0.25
synth-skew-wide,lognormal,4.0,11,cluster2,60,240,threshold,severity,0.95,1.0,1.0,1.0,3,0.18181818181818182,0.025
synth-skew-wide,lognormal,4.0,11,cluster2,60,240,threshold,severity,0.9,1.0,1.0,1.0,3,0.0,0.0
synth-skew-wide,lognormal,4.0,11,cluster2,60,240,threshold,severity,0.8,1.0,1.0,1.0,3,0.0,0.0
synth-skew-wide,lognormal,4.0,11,cluster2,60,240,threshold,symmetric,1.0,0.6666666666666666,0.6666666666666666,0.6666666666666666,3,1.0,0.25
synth-skew-wide,lognormal,4.0,11,cluster2,60,240,threshold,symmetric,0.95,1.0,1.0,1.0,3,0.208955223880597,0.029166666666666667
synth-skew-wide,lognormal,4.0,11,cluster2,60,240,threshold,symmetric,0.9,1.0,1.0,1.0,3,0.0,0.0
synth-skew-wide,lognormal,4.0,11,cluster2,60,240,threshold,symmetric,0.8,1.0,1.0,1.0,3,0.0,0.0
synth-skew-wide,lognormal,4.0,11,cluster2,60,240,db,severity,1.0,0.5,0.3333333333333333,0.4,2,1.0,0.25
synth-skew-wide,lognormal,4.0,11,cluster2,60,240,db,severity,0.95,1.0,0.3333333333333333,0.5,1,0.9655172413793104,0.23333333333333334
synth-skew-wide,lognormal,4.0,11,cluster2,60,240,db,severity,0.9,1.0,0.3333333333333333,0.5,1,0.9473684210526316,0.225
synth-skew-wide,lognormal,4.0,11,cluster2,60,240,db,severity,0.8,1.0,0.3333333333333333,0.5,1,0.888888888888889,0.2
synth-skew-wide,lognormal,4.0,11,cluster2,60,240,db,symmetric,1.0,0.5,0.3333333333333333,0.4,2,1.0,0.25
synth-skew-wide,lognormal,4.0,11,cluster2,60,240,db,symmetric,0.95,1.0,0.3333333333333333,0.5,1,0.9655172413793104,0.23333333333333334
synth-skew-wide,lognormal,4.0,11,cluster2,60,240,db,symmetric,0.9,1.0,0.3333333333333333,0.5,1,0.9473684210526316,0.225
synth-skew-wide,lognormal,4.0,11,cluster2,60,240,db,symmetric,0.8,1.0,0.3333333333333333,0.5,1,0.888888888888889,0.2
synth-skew-wide,lognormal,4.0,11,cluster3,60,240,threshold,severity,1.0,1.0,1.0,1.0,3,1.0,0.25
synth-skew-wide,lognormal,4.0,11,cluster3,60,240,threshold,severity,0.95,1.0,1.0,1.0,3,0.37837837837837834,0.058333333333333334
synth-skew-wide,lognormal,4.0,11,cluster3,60,240,threshold,severity,0.9,1.0,1.0,1.0,3,0.208955223880597,0.029166666666666667
synth-skew-wide,lognormal,4.0,11,cluster3,60,240,threshold,severity,0.8,1.0,1.0,1.0,3,0.0,0.0
synth-skew-wide,lognormal,4.0,11,cluster3,60,240,threshold,symmetric,1.0,1.0,1.0,1.0,3,1.0,0.25
synth-skew-wide,lognormal,4.0,11,cluster3,60,240,threshold,symmetric,0.95,1.0,1.0,1.0,3,0.4,0.0625
synth-skew-wide,lognormal,4.0,11,cluster3,60,240,threshold,symmetric,0.9,1.0,1.0,1.0,3,0.23529411764705882,0.03333333333333333
synth-skew-wide,lognormal,4.0,11,cluster3,60,240,threshold,symmetric,0.8,1.0,1.0,1.0,3,0.0,0.0
synth-skew-wide,lognormal,4.0,11,cluster3,60,240,db,severity,1.0,1.0,0.3333333333333333,0.5,1,1.0,0.25
synth-skew-wide,lognormal,4.0,11,cluster3,60,240,db,severity,0.95,1.0,0.3333333333333333,0.5,1,0.9655172413793104,0.23333333333333334
synth-skew-wide,lognormal,4.0,11,cluster3,60,240,db,severity,0.9,1.0,0.3333333333333333,0.5,1,0.9380530973451328,0.22083333333333333
synth-skew-wide,lognormal,4.0,11,cluster3,60,240,db,severity,0.8,1.0,0.3333333333333333,0.5,1,0.8785046728971964,0.19583333333333333
synth-skew-wide,lognormal,4.0,11,cluster3,60,240,db,symmetric,1.0,1.0,0.3333333333333333,0.5,1,1.0,0.25
synth-skew-wide,lognormal,4.0,11,cluster3,60,240,db,symmetric,0.95,1.0,0.3333333333333333,0.5,1,0.9655172413793104,0.23333333333333334
synth-skew-wide,lognormal,4.0,11,cluster3,60,240,db,symmetric,0.9,1.0,0.3333333333333333,0.5,1,0.9473684210526316,0.225
synth-skew-wide,lognormal,4.0,11,cluster3,60,240,db,symmetric,0.8,1.0,0.3333333333333333,0.5,1,0.888888888888889,0.2
synth-skew-wide,lognormal,4.0,12,cluster0,60,240,threshold,severity,1.0,1.0,1.0,1.0,3,1.0,0.25
synth-skew-wide,lognormal,4.0,12,cluster0,60,240,threshold,severity,0.95,1.0,1.0,1.0,3,0.2857142857142857,0.041666666666666664
synth-skew-wide,lognormal,4.0,12,cluster0,60,240,threshold,severity,0.9,1.0,1.0,1.0,3,0.06451612903225806,0.008333333333333333
synth-skew-wide,lognormal,4.0,12,cluster0,60,240,threshold,severity,0.8,1.0,1.0,1.0,3,0.0,0.0
synth-skew-wide,lognormal,4.0,12,cluster0,60,240,threshold,symmetric,1.0,1.0,1.0,1.0,3,1.0,0.25
synth-skew-wide,lognormal,4.0,12,cluster0,60,240,threshold,symmetric,0.95,1.0,1.0,1.0,3,0.2857142857142857,0.041666666666666664
synth-skew-wide,lognormal,4.0,12,cluster0,60,240,threshold,symmetric,0.9,1.0,1.0,1.0,3,0.09523809523809523,0.0125
synth-skew-wide,lognormal,4.0,12,cluster0,60,240,threshold,symmetric,0.8,1.0,1.0,1.0,3,0.0,0.0
synth-skew-wide,lognormal,4.0,12,cluster0,60,240,db,severity,1.0,1.0,0.3333333333333333,0.5,1,1.0,0.25
synth-skew-wide,lognormal,4.0,12,cluster0,60,240,db,severity,0.95,1.0,0.3333333333333333,0.5,1,0.9655172413793104,0.23333333333333334
synth-skew-wide,lognormal,4.0,12,cluster0,60,240,db,severity,0.9,1.0,0.3333333333333333,0.5,1,0.9380530973451328,0.22083333333333333
synth-skew-wide,lognormal,4.0,12,cluster0,60,240,db,severity,0.8,1.0,0.3333333333333333,0.5,1,0.8785046728971964,0.19583333333333333
synth-skew-wide,lognormal,4.0,12,cluster0,60,240,db,symmetric,1.0,1.0,0.3333333333333333,0.5,1,1.0,0.25
synth-skew-wide,lognormal,4.0,12,cluster0,60,240,db,symmetric,0.95,1.0,0.3333333333333333,0.5,1,0.9655172413793104,0.23333333333333334
synth-skew-wide,lognormal,4.0,12,cluster0,60,240,db,symmetric,0.9,1.0,0.3333333333333333,0.5,1,0.9473684210526316,0.225
synth-skew-wide,lognormal,4.0,12,cluster0,60,240,db,symmetric,0.8,1.0,0.3333333333333333,0.5,1,0.888888888888889,0.2
synth-skew-wide,lognormal,4.0,12,cluster1,60,240,threshold,severity,1.0,1.0,1.0,1.0,3,1.0,0.25
synth-skew-wide,lognormal,4.0,12,cluster1,60,240,threshold,severity,0.95,1.0,1.0,1.0,3,0.33333333333333337,0.05
synth-skew-wide,lognormal,4.0,12,cluster1,60,240,threshold,severity,0.9,1.0,1.0,1.0,3,0.06451612903225806,0.008333333333333333
synth-skew-wide,lognormal,4.0,12,cluster1,60,240,threshold,severity,0.8,1.0,1.0,1.0,3,0.0,0.0
synth-skew-wide,lognormal,4.0,12,cluster1,60,240,threshold,symmetric,1.0,1.0,1.0,1.0,3,1.0,0.25
synth-skew-wide,lognormal,4.0,12,cluster1,60,240,threshold,symmetric,0.95,1.0,1.0,1.0,3,0.33333333333333337,0.05
synth-skew-wide,lognormal,4.0,12,cluster1,60,240,threshold,symmetric,0.9,1.0,1.0,1.0,3,0.09523809523809523,0.0125
synth-skew-wide,lognormal,4.0,12,cluster1,60,240,threshold,symmetric,0.8,1.0,1.0,1.0,3,0.0,0.0
synth-skew-wide,lognormal,4.0,12,cluster1,60,240,db,severity,1.0,1.0,0.3333333333333333,0.5,1,1.0,0.25
synth-skew-wide,lognormal,4.0,12,cluster1,60,240,db,severity,0.95,1.0,0.3333333333333333,0.5,1,0.9655172413793104,0.23333333333333334
synth-skew-wide,lognormal,4.0,12,cluster1,60,240,db,severity,0.9,1.0,0.3333333333333333,0.5,1,0.9380530973451328,0.22083333333333333
synth-skew-wide,lognormal,4.0,12,cluster1,60,240,db,severity,0.8,1.0,0.3333333333333333,0.5,1,0.8785046728971964,0.19583333333333333
synth-skew-wide,lognormal,4.0,12,cluster1,60,240,db,symmetric,1.0,1.0,0.3333333333333333,0.5,1,1.0,0.25
synth-skew-wide,lognormal,4.0,12,cluster1,60,240,db,symmetric,0.95,1.0,0.3333333333333333,0.5,1,0.9655172413793104,0.23333333333333334
synth-skew-wide,lognormal,4.0,12,cluster1,60,240,db,symmetric,0.9,1.0,0.3333333333333333,0.5,1,0.9473684210526316,0.225
synth-skew-wide,lognormal,4.0,12,cluster1,60,240,db,symmetric,0.8,1.0,0.3333333333333333,0.5,1,0.888888888888889,0.2
synth-skew-wide,lognormal,4.0,12,cluster2,60,240,threshold,severity,1.0,0.6666666666666666,0.6666666666666666,0.6666666666666666,3,1.0,0.25
synth-skew-wide,lognormal,4.0,12,cluster2,60,240,threshold,severity,0.95,1.0,1.0,1.0,3,0.30985915492957744,0.04583333333333333
synth-skew-wide,lognormal,4.0,12,cluster2,60,240,threshold,severity,0.9,1.0,1.0,1.0,3,0.03278688524590164,0.004166666666666667
synth-skew-wide,lognormal,4.0,12,cluster2,60,240,threshold,severity,0.8,1.0,1.0,1.0,3,0.0,0.0
synth-skew-wide,lognormal,4.0,12,cluster2,60,240,threshold,symmetric,1.0,0.6666666666666666,0.6666666666666666,0.6666666666666666,3,1.0,0.25
synth-skew-wide,lognormal,4.0,12,cluster2,60,240,threshold,symmetric,0.95,1.0,1.0,1.0,3,0.30985915492957744,0.04583333333333333
synth-skew-wide,lognormal,4.0,12,cluster2,60,240,threshold,symmetric,0.9,1.0,1.0,1.0,3,0.09523809523809523,0.0125
synth-skew-wide,lognormal,4.0,12,cluster2,60,240,threshold,symmetric,0.8,1.0,1.0,1.0,3,0.03278688524590164,0.004166666666666667
synth-skew-wide,lognormal,4.0,12,cluster2,60,240,db,severity,1.0,0.5,0.3333333333333333,0.4,2,1.0,0.25
synth-skew-wide,lognormal,4.0,12,cluster2,60,240,db,severity,0.95,1.0,0.3333333333333333,0.5,1,0.9655172413793104,0.23333333333333334
synth-skew-wide,lognormal,4.0,12,cluster2,60,240,db,severity,0.9,1.0,0.3333333333333333,0.5,1,0.9473684210526316,0.225
synth-skew-wide,lognormal,4.0,12,cluster2,60,240,db,severity,0.8,1.0,0.3333333333333333,0.5,1,0.888888888888889,0.2
synth-skew-wide,lognormal,4.0,12,cluster2,60,240,db,symmetric,1.0,0.5,0.3333333333333333,0.4,2,1.0,0.25
synth-skew-wide,lognormal,4.0,12,cluster2,60,240,db,symmetric,0.95,1.0,0.3333333333333333,0.5,1,0.9655172413793104,0.23333333333333334
synth-skew-wide,lognormal,4.0,12,cluster2,60,240,db,symmetric,0.9,1.0,0.3333333333333333,0.5,1,0.9473684210526316,0.225
synth-skew-wide,lognormal,4.0,12,cluster2,60,240,db,symmetric,0.8,1.0,0.3333333333333333,0.5,1,0.888888888888889,0.2
synth-skew-wide,lognormal,4.0,12,cluster3,60,240,threshold,severity,1.0,0.6666666666666666,0.6666666666666666,0.6666666666666666,3,1.0,0.25
synth-skew-wide,lognormal,4.0,12,cluster3,60,240,threshold,severity,0.95,1.0,1.0,1.0,3,0.2857142857142857,0.041666666666666664
synth-skew-wide,lognormal,4.0,12,cluster3,60,240,threshold,severity,0.9,1.0,1.0,1.0,3,0.09523809523809523,0.0125
synth-skew-wide,lognormal,4.0,12,cluster3,60,240,threshold,severity,0.8,1.0,1.0,1.0,3,0.0,0.0
synth-skew-wide,lognormal,4.0,12,cluster3,60,240,threshold,symmetric,1.0,0.6666666666666666,0.6666666666666666,0.6666666666666666,3,1.0,0.25
synth-skew-wide,lognormal,4.0,12,cluster3,60,240,threshold,symmetric,0.95,1.0,1.0,1.0,3,0.2608695652173913,0.0375
synth-skew-wide,lognormal,4.0,12,cluster3,60,240,threshold,symmetric,0.9,1.0,1.0,1.0,3,0.09523809523809523,0.0125
synth-skew-wide,lognormal,4.0,12,cluster3,60,240,threshold,symmetric,0.8,1.0,1.0,1.0,3,0.0,0.0
synth-skew-wide,lognormal,4.0,12,cluster3,60,240,db,severity,1.0,1.0,0.3333333333333333,0.5,1,1.0,0.25
synth-skew-wide,lognormal,4.0,12,cluster3,60,240,db,severity,0.95,1.0,0.3333333333333333,0.5,1,0.9655172413793104,0.23333333333333334
synth-skew-wide,lognormal,4.0,12,cluster3,60,240,db,severity,0.9,1.0,0.3333333333333333,0.5,1,0.9380530973451328,0.22083333333333333
synth-skew-wide,lognormal,4.0,12,cluster3,60,240,db,severity,0.8,1.0,0.3333333333333333,0.5,1,0.888888888888889,0.2
synth-skew-wide,lognormal,4.0,12,cluster3,60,240,db,symmetric,1.0,1.0,0.3333333333333333,0.5,1,1.0,0.25
synth-skew-wide,lognormal,4.0,12,cluster3,60,240,db,symmetric,0.95,1.0,0.3333333333333333,0.5,1,0.9655172413793104,0.23333333333333334
synth-skew-wide,lognormal,4.0,12,cluster3,60,240,db,symmetric,0.9,1.0,0.3333333333333333,0.5,1,0.9473684210526316,0.225
synth-skew-wide,lognormal,4.0,12,cluster3,60,240,db,symmetric,0.8,1.0,0.3333333333333333,0.5,1,0.888888888888889,0.2
synth-skew-wide,lognormal,4.0,13,cluster0,60,240,threshold,severity,1.0,1.0,1.0,1.0,3,1.0,0.25
synth-skew-wide,lognormal,4.0,13,cluster0,60,240,threshold,severity,0.95,1.0,1.0,1.0,3,0.2857142857142857,0.041666666666666664
synth-skew-wide,lognormal,4.0,13,cluster0,60,240,threshold,severity,0.9,1.0,1.0,1.0,3,0.09523809523809523,0.0125
synth-skew-wide,lognormal,4.0,13,cluster0,60,240,threshold,severity,0.8,1.0,1.0,1.0,3,0.0,0.0
synth-skew-wide,lognormal,4.0,13,cluster0,60,240,threshold,symmetric,1.0,1.0,1.0,1.0,3,1.0,0.25
synth-skew-wide,lognormal,4.0,13,cluster0,60,240,threshold,symmetric,0.95,1.0,1.0,1.0,3,0.30985915492957744,0.04583333333333333
synth-skew-wide,lognormal,4.0,13,cluster0,60,240,threshold,symmetric,0.9,1.0,1.0,1.0,3,0.09523809523809523,0.0125
synth-skew-wide,lognormal,4.0,13,cluster0,60,240,threshold,symmetric,0.8,1.0,1.0,1.0,3,0.0,0.0
synth-skew-wide,lognormal,4.0,13,cluster0,60,240,db,severity,1.0,1.0,0.3333333333333333,0.5,1,1.0,0.25
synth-skew-wide,lognormal,4.0,13,cluster0,60,240,db,severity,0.95,1.0,0.3333333333333333,0.5,1,0.9655172413793104,0.23333333333333334
synth-skew-wide,lognormal,4.0,13,cluster0,60,240,db,severity,0.9,1.0,0.3333333333333333,0.5,1,0.9380530973451328,0.22083333333333333
synth-skew-wide,lognormal,4.0,13,cluster0,60,240,db,severity,0.8,1.0,0.3333333333333333,0.5,1,0.8785046728971964,0.19583333333333333
synth-skew-wide,lognormal,4.0,13,cluster0,60,240,db,symmetric,1.0,1.0,0.3333333333333333,0.5,1,1.0,0.25
synth-skew-wide,lognormal,4.0,13,cluster0,60,240,db,symmetric,0.95,1.0,0.3333333333333333,0.5,1,0.9655172413793104,0.23333333333333334
synth-skew-wide,lognormal,4.0,13,cluster0,60,240,db,symmetric,0.9,1.0,0.3333333333333333,0.5,1,0.9473684210526316,0.225
synth-skew-wide,lognormal,4.0,13,cluster0,60,240,db,symmetric,0.8,1.0,0.3333333333333333,0.5,1,0.888888888888889,0.2
synth-skew-wide,lognormal,4.0,13,cluster1,60,240,threshold,severity,1.0,0.6666666666666666,0.6666666666666666,0.6666666666666666,3,1.0,0.25
synth-skew-wide,lognormal,4.0,13,cluster1,60,240,threshold,severity,0.95,1.0,1.0,1.0,3,0.23529411764705882,0.03333333333333333
synth-skew-wide,lognormal,4.0,13,cluster1,60,240,threshold,severity,0.9,1.0,1.0,1.0,3,0.09523809523809523,0.0125
synth-skew-wide,lognormal,4.0,13,cluster1,60,240,threshold,severity,0.8,1.0,1.0,1.0,3,0.0,0.0
synth-skew-wide,lognormal,4.0,13,cluster1,60,240,threshold,symmetric,1.0,0.6666666666666666,0.6666666666666666,0.6666666666666666,3,1.0,0.25
synth-skew-wide,lognormal,4.0,13,cluster1,60,240,threshold,symmetric,0.95,1.0,1.0,1.0,3,0.208955223880597,0.029166666666666667
synth-skew-wide,lognormal,4.0,13,cluster1,60,240,threshold,symmetric,0.9,1.0,1.0,1.0,3,0.125,0.016666666666666666
synth-skew-wide,lognormal,4.0,13,cluster1,60,240,threshold,symmetric,0.8,1.0,1.0,1.0,3,0.03278688524590164,0.004166666666666667
synth-skew-wide,lognormal,4.0,13,cluster1,60,240,db,severity,1.0,1.0,0.3333333333333333,0.5,1,1.0,0.25
synth-skew-wide,lognormal,4.0,13,cluster1,60,240,db,severity,0.95,1.0,0.3333333333333333,0.5,1,0.9655172413793104,0.23333333333333334
synth-skew-wide,lognormal,4.0,13,cluster1,60,240,db,severity,0.9,1.0,0.3333333333333333,0.5,1,0.9380530973451328,0.22083333333333333
synth-skew-wide,lognormal,4.0,13,cluster1,60,240,db,severity,0.8,1.0,0.3333333333333333,0.5,1,0.8785046728971964,0.19583333333333333
synth-skew-wide,lognormal,4.0,13,cluster1,60,240,db,symmetric,1.0,1.0,0.3333333333333333,0.5,1,1.0,0.25
synth-skew-wide,lognormal,4.0,13,cluster1,60,240,db,symmetric,0.95,1.0,0.3333333333333333,0.5,1,0.9655172413793104,0.23333333333333334
synth-skew-wide,lognormal,4.0,13,cluster1,60,240,db,symmetric,0.9,1.0,0.3333333333333333,0.5,1,0.9473684210526316,0.225
synth-skew-wide,lognormal,4.0,13,cluster1,60,240,db,symmetric,0.8,1.0,0.3333333333333333,0.5,1,0.888888888888889,0.2
synth-skew-wide,lognormal,4.0,13,cluster2,60,240,threshold,severity,1.0,1.0,1.0,1.0,3,1.0,0.25
synth-skew-wide,lognormal,4.0,13,cluster2,60,240,threshold,severity,0.95,1.0,1.0,1.0,3,0.23529411764705882,0.03333333333333333
synth-skew-wide,lognormal,4.0,13,cluster2,60,240,threshold,severity,0.9,1.0,1.0,1.0,3,0.03278688524590164,0.004166666666666667
synth-skew-wide,lognormal,4.0,13,cluster2,60,240,threshold,severity,0.8,1.0,1.0,1.0,3,0.0,0.0
synth-skew-wide,lognormal,4.0,13,cluster2,60,240,threshold,symmetric,1.0,1.0,1.0,1.0,3,1.0,0.25
synth-skew-wide,lognormal,4.0,13,cluster2,60,240,threshold,symmetric,0.95,1.0,1.0,1.0,3,0.23529411764705882,0.03333333333333333
synth-skew-wide,lognormal,4.0,13,cluster2,60,240,threshold,symmetric,0.9,1.0,1.0,1.0,3,0.06451612903225806,0.008333333333333333
synth-skew-wide,lognormal,4.0,13,cluster2,60,240,threshold,symmetric,0.8,1.0,1.0,1.0,3,0.0,0.0
synth-skew-wide,lognormal,4.0,13,cluster2,60,240,db,severity,1.0,0.5,0.3333333333333333,0.4,2,1.0,0.25
synth-skew-wide,lognormal,4.0,13,cluster2,60,240,db,severity,0.95,1.0,0.3333333333333333,0.5,1,0.9572649572649572,0.2375
synth-skew-wide,lognormal,4.0,13,cluster2,60,240,db,severity,0.9,1.0,0.3333333333333333,0.5,1,0.9473684210526316,0.225
synth-skew-wide,lognormal,4.0,13,cluster2,60,240,db,severity,0.8,1.0,0.3333333333333333,0.5,1,0.888888888888889,0.2
synth-skew-wide,lognormal,4.0,13,cluster2,60,240,db,symmetric,1.0,0.5,0.3333333333333333,0.4,2,1.0,0.25
synth-skew-wide,lognormal,4.0,13,cluster2,60,240,db,symmetric,0.95,1.0,0.3333333333333333,0.5,1,0.9572649572649572,0.2375
synth-skew-wide,lognormal,4.0,13,cluster2,60,240,db,symmetric,0.9,1.0,0.3333333333333333,0.5,1,0.9391304347826087,0.22916666666666666
synth-skew-wide,lognormal,4.0,13,cluster2,60,240,db,symmetric,0.8,1.0,0.3333333333333333,0.5,1,0.888888888888889,0.2
synth-skew-wide,lognormal,4.0,13,cluster3,60,240,threshold,severity,1.0,0.6666666666666666,0.6666666666666666,0.6666666666666666,3,1.0,0.25
synth-skew-wide,lognormal,4.0,13,cluster3,60,240,threshold,severity,0.95,1.0,1.0,1.0,3,0.37837837837837834,0.058333333333333334
synth-skew-wide,lognormal,4.0,13,cluster3,60,240,threshold,severity,0.9,1.0,1.0,1.0,3,0.06451612903225806,0.008333333333333333
synth-skew-wide,lognormal,4.0,13,cluster3,60,240,threshold,severity,0.8,1.0,1.0,1.0,3,0.0,0.0
synth-skew-wide,lognormal,4.0,13,cluster3,60,240,threshold,symmetric,1.0,0.6666666666666666,0.6666666666666666,0.6666666666666666,3,1.0,0.25
synth-skew-wide,lognormal,4.0,13,cluster3,60,240,threshold,symmetric,0.95,1.0,1.0,1.0,3,0.3561643835616438,0.05416666666666667
synth-skew-wide,lognormal,4.0,13,cluster3,60,240,threshold,symmetric,0.9,1.0,1.0,1.0,3,0.15384615384615385,0.020833333333333332
synth-skew-wide,lognormal,4.0,13,cluster3,60,240,threshold,symmetric,0.8,1.0,1.0,1.0,3,0.0,0.0
synth-skew-wide,lognormal,4.0,13,cluster3,60,240,db,severity,1.0,1.0,0.3333333333333333,0.5,1,1.0,0.25
synth-skew-wide,lognormal,4.0,13,cluster3,60,240,db,severity,0.95,1.0,0.3333333333333333,0.5,1,0.9655172413793104,0.23333333333333334
synth-skew-wide,lognormal,4.0,13,cluster3,60,240,db,severity,0.9,1.0,0.3333333333333333,0.5,1,0.9473684210526316,0.225
synth-skew-wide,lognormal,4.0,13,cluster3,60,240,db,severity,0.8,1.0,0.3333333333333333,0.5,1,0.888888888888889,0.2
synth-skew-wide,lognormal,4.0,13,cluster3,60,240,db,symmetric,1.0,1.0,0.3333333333333333,0.5,1,1.0,0.25
synth-skew-wide,lognormal,4.0,13,cluster3,60,240,db,symmetric,0.95,1.0,0.3333333333333333,0.5,1,0.9655172413793104,0.23333333333333334
synth-skew-wide,lognormal,4.0,13,cluster3,60,240,db,symmetric,0.9,1.0,0.3333333333333333,0.5,1,0.9473684210526316,0.225
synth-skew-wide,lognormal,4.0,13,cluster3,60,240,db,symmetric,0.8,1.0,0.3333333333333333,0.5,1,0.888888888888889,0.2
synth-skew-wide,lognormal,4.0,14,cluster0,60,240,threshold,severity,1.0,0.6666666666666666,0.6666666666666666,0.6666666666666666,3,1.0,0.25
synth-skew-wide,lognormal,4.0,14,cluster0,60,240,threshold,severity,0.95,1.0,1.0,1.0,3,0.208955223880597,0.029166666666666667
synth-skew-wide,lognormal,4.0,14,cluster0,60,240,threshold,severity,0.9,1.0,1.0,1.0,3,0.09523809523809523,0.0125
synth-skew-wide,lognormal,4.0,14,cluster0,60,240,threshold,severity,0.8,1.0,1.0,1.0,3,0.0,0.0
synth-skew-wide,lognormal,4.0,14,cluster0,60,240,threshold,symmetric,1.0,0.6666666666666666,0.6666666666666666,0.6666666666666666,3,1.0,0.25
synth-skew-wide,lognormal,4.0,14,cluster0,60,240,threshold,symmetric,0.95,1.0,1.0,1.0,3,0.208955223880597,0.029166666666666667
synth-skew-wide,lognormal,4.0,14,cluster0,60,240,threshold,symmetric,0.9,1.0,1.0,1.0,3,0.09523809523809523,0.0125
synth-skew-wide,lognormal,4.0,14,cluster0,60,240,threshold,symmetric,0.8,1.0,1.0,1.0,3,0.0,0.0
synth-skew-wide,lognormal,4.0,14,cluster0,60,240,db,severity,1.0,1.0,0.6666666666666666,0.8,2,1.0,0.25
synth-skew-wide,lognormal,4.0,14,cluster0,60,240,db,severity,0.95,1.0,0.3333333333333333,0.5,1,0.9655172413793104,0.23333333333333334
synth-skew-wide,lognormal,4.0,14,cluster0,60,240,db,severity,0.9,1.0,0.3333333333333333,0.5,1,0.9473684210526316,0.225
synth-skew-wide,lognormal,4.0,14,cluster0,60,240,db,severity,0.8,1.0,0.3333333333333333,0.5,1,0.888888888888889,0.2
synth-skew-wide,lognormal,4.0,14,cluster0,60,240,db,symmetric,1.0,1.0,0.6666666666666666,0.8,2,1.0,0.25
synth-skew-wide,lognormal,4.0,14,cluster0,60,240,db,symmetric,0.95,1.0,0.3333333333333333,0.5,1,0.9655172413793104,0.23333333333333334
synth-skew-wide,lognormal,4.0,14,cluster0,60,240,db,symmetric,0.9,1.0,0.3333333333333333,0.5,1,0.9473684210526316,0.225
synth-skew-wide,lognormal,4.0,14,cluster0,60,240,db,symmetric,0.8,1.0,0.3333333333333333,0.5,1,0.888888888888889,0.2
synth-skew-wide,lognormal,4.0,14,cluster1,60,240,threshold,severity,1.0,0.6666666666666666,0.6666666666666666,0.6666666666666666,3,1.0,0.25
synth-skew-wide,lognormal,4.0,14,cluster1,60,240,threshold,severity,0.95,1.0,1.0,1.0,3,0.23529411764705882,0.03333333333333333
synth-skew-wide,lognormal,4.0,14,cluster1,60,240,threshold,severity,0.9,1.0,1.0,1.0,3,0.03278688524590164,0.004166666666666667
synth-skew-wide,lognormal,4.0,14,cluster1,60,240,threshold,severity,0.8,1.0,1.0,1.0,3,0.0,0.0
synth-skew-wide,lognormal,4.0,14,cluster1,60,240,threshold,symmetric,1.0,0.6666666666666666,0.6666666666666666,0.6666666666666666,3,1.0,0.25
synth-skew-wide,lognormal,4.0,14,cluster1,60,240,threshold,symmetric,0.95,1.0,1.0,1.0,3,0.2608695652173913,0.0375
synth-skew-wide,lognormal,4.0,14,cluster1,60,240,threshold,symmetric,0.9,1.0,1.0,1.0,3,0.06451612903225806,0.008333333333333333
synth-skew-wide,lognormal,4.0,14,cluster1,60,240,threshold,symmetric,0.8,1.0,1.0,1.0,3,0.0,0.0
synth-skew-wide,lognormal,4.0,14,cluster1,60,240,db,severity,1.0,1.0,0.3333333333333333,0.5,1,1.0,0.25
synth-skew-wide,lognormal,4.0,14,cluster1,60,240,db,severity,0.95,1.0,0.3333333333333333,0.5,1,0.9655172413793104,0.23333333333333334
synth-skew-wide,lognormal,4.0,14,cluster1,60,240,db,severity,0.9,1.0,0.3333333333333333,0.5,1,0.9380530973451328,0.22083333333333333
synth-skew-wide,lognormal,4.0,14,cluster1,60,240,db,severity,0.8,1.0,0.3333333333333333,0.5,1,0.8785046728971964,0.19583333333333333
synth-skew-wide,lognormal,4.0,14,cluster1,60,240,db,symmetric,1.0,1.0,0.3333333333333333,0.5,1,1.0,0.25
synth-skew-wide,lognormal,4.0,14,cluster1,60,240,db,symmetric,0.95,1.0,0.3333333333333333,0.5,1,0.9655172413793104,0.23333333333333334
synth-skew-wide,lognormal,4.0,14,cluster1,60,240,db,symmetric,0.9,1.0,0.3333333333333333,0.5,1,0.9473684210526316,0.225
synth-skew-wide,lognormal,4.0,14,cluster1,60,240,db,symmetric,0.8,1.0,0.3333333333333333,0.5,1,0.888888888888889,0.2
synth-skew-wide,lognormal,4.0,14,cluster2,60,240,threshold,severity,1.0,1.0,1.0,1.0,3,1.0,0.25
synth-skew-wide,lognormal,4.0,14,cluster2,60,240,threshold,severity,0.95,1.0,1.0,1.0,3,0.3561643835616438,0.05416666666666667
synth-skew-wide,lognormal,4.0,14,cluster2,60,240,threshold,severity,0.9,1.0,1.0,1.0,3,0.18181818181818182,0.025
synth-skew-wide,lognormal,4.0,14,cluster2,60,240,threshold,severity,0.8,1.0,1.0,1.0,3,0.0,0.0
synth-skew-wide,lognormal,4.0,14,cluster2,60,240,threshold,symmetric,1.0,1.0,1.0,1.0,3,1.0,0.25
synth-skew-wide,lognormal,4.0,14,cluster2,60,240,threshold,symmetric,0.95,1.0,1.0,1.0,3,0.3561643835616438,0.05416666666666667
synth-skew-wide,lognormal,4.0,14,cluster2,60,240,threshold,symmetric,0.9,1.0,1.0,1.0,3,0.15384615384615385,0.020833333333333332
synth-skew-wide,lognormal,4.0,14,cluster2,60,240,threshold,symmetric,0.8,1.0,1.0,1.0,3,0.0,0.0
synth-skew-wide,lognormal,4.0,14,cluster2,60,240,db,severity,1.0,1.0,0.3333333333333333,0.5,1,1.0,0.25
synth-skew-wide,lognormal,4.0,14,cluster2,60,240,db,severity,0.95,1.0,0.3333333333333333,0.5,1,0.9655172413793104,0.23333333333333334
synth-skew-wide,lognormal,4.0,14,cluster2,60,240,db,severity,0.9,1.0,0.3333333333333333,0.5,1,0.9473684210526316,0.225
synth-skew-wide,lognormal,4.0,14,cluster2,60,240,db,severity,0.8,1.0,0.3333333333333333,0.5,1,0.888888888888889,0.2
synth-skew-wide,lognormal,4.0,14,cluster2,60,240,db,symmetric,1.0,1.0,0.3333333333333333,0.5,1,1.0,0.25
synth-skew-wide,lognormal,4.0,14,cluster2,60,240,db,symmetric,0.95,1.0,0.3333333333333333,0.5,1,0.9655172413793104,0.23333333333333334
synth-skew-wide,lognormal,4.0,14,cluster2,60,240,db,symmetric,0.9,1.0,0.3333333333333333,0.5,1,0.9473684210526316,0.225
synth-skew-wide,lognormal,4.0,14,cluster2,60,240,db,symmetric,0.8,1.0,0.3333333333333333,0.5,1,0.888888888888889,0.2
synth-skew-wide,lognormal,4.0,14,cluster3,60,240,threshold,severity,1.0,1.0,1.0,1.0,3,1.0,0.25
synth-skew-wide,lognormal,4.0,14,cluster3,60,240,threshold,severity,0.95,1.0,1.0,1.0,3,0.30985915492957744,0.04583333333333333
synth-skew-wide,lognormal,4.0,14,cluster3,60,240,threshold,severity,0.9,1.0,1.0,1.0,3,0.06451612903225806,0.008333333333333333
synth-skew-wide,lognormal,4.0,14,cluster3,60,240,threshold,severity,0.8,1.0,1.0,1.0,3,0.0,0.0
synth-skew-wide,lognormal,4.0,14,cluster3,60,240,threshold,symmetric,1.0,1.0,1.0,1.0,3,1.0,0.25
synth-skew-wide,lognormal,4.0,14,cluster3,60,240,threshold,symmetric,0.95,1.0,1.0,1.0,3,0.30985915492957744,0.04583333333333333
synth-skew-wide,lognormal,4.0,14,cluster3,60,240,threshold,symmetric,0.9,1.0,1.0,1.0,3,0.15384615384615385,0.020833333333333332
synth-skew-wide,lognormal,4.0,14,cluster3,60,240,threshold,symmetric,0.8,1.0,1.0,1.0,3,0.0,0.0
synth-skew-wide,lognormal,4.0,14,cluster3,60,240,db,severity,1.0,1.0,0.3333333333333333,0.5,1,1.0,0.25
synth-skew-wide,lognormal,4.0,14,cluster3,60,240,db,severity,0.95,1.0,0.3333333333333333,0.5,1,0.9655172413793104,0.23333333333333334
synth-skew-wide,lognormal,4.0,14,cluster3,60,240,db,severity,0.9,1.0,0.3333333333333333,0.5,1,0.9473684210526316,0.225
synth-skew-wide,lognormal,4.0,14,cluster3,60,240,db,severity,0.8,1.0,0.3333333333333333,0.5,1,0.888888888888889,0.2
synth-skew-wide,lognormal,4.0,14,cluster3,60,240,db,symmetric,1.0,1.0,0.3333333333333333,0.5,1,1.0,0.25
synth-skew-wide,lognormal,4.0,14,cluster3,60,240,db,symmetric,0.95,1.0,0.3333333333333333,0.5,1,0.9655172413793104,0.23333333333333334
synth-skew-wide,lognormal,4.0,14,cluster3,60,240,db,symmetric,0.9,1.0,0.3333333333333333,0.5,1,0.9473684210526316,0.225
synth-skew-wide,lognormal,4.0,14,cluster3,60,240,db,symmetric,0.8,1.0,0.3333333333333333,0.5,1,0.888888888888889,0.2
synth-skew-wide,lognormal,4.0,15,cluster0,60,240,threshold,severity,1.0,0.6666666666666666,0.6666666666666666,0.6666666666666666,3,1.0,0.25
synth-skew-wide,lognormal,4.0,15,cluster0,60,240,threshold,severity,0.95,1.0,1.0,1.0,3,0.30985915492957744,0.04583333333333333
synth-skew-wide,lognormal,4.0,15,cluster0,60,240,threshold,severity,0.9,1.0,1.0,1.0,3,0.06451612903225806,0.008333333333333333
synth-skew-wide,lognormal,4.0,15,cluster0,60,240,threshold,severity,0.8,1.0,1.0,1.0,3,0.03278688524590164,0.004166666666666667
synth-skew-wide,lognormal,4.0,15,cluster0,60,240,threshold,symmetric,1.0,0.6666666666666666,0.6666666666666666,0.6666666666666666,3,1.0,0.25
synth-skew-wide,lognormal,4.0,15,cluster0,60,240,threshold,symmetric,0.95,1.0,1.0,1.0,3,0.2608695652173913,0.0375
synth-skew-wide,lognormal,4.0,15,cluster0,60,240,threshold,symmetric,0.9,1.0,1.0,1.0,3,0.125,0.016666666666666666
synth-skew-wide,lognormal,4.0,15,cluster0,60,240,threshold,symmetric,0.8,1.0,1.0,1.0,3,0.03278688524590164,0.004166666666666667
synth-skew-wide,lognormal,4.0,15,cluster0,60,240,db,severity,1.0,1.0,0.6666666666666666,0.8,2,1.0,0.25
synth-skew-wide,lognormal,4.0,15,cluster0,60,240,db,severity,0.95,1.0,0.3333333333333333,0.5,1,0.9655172413793104,0.23333333333333334
synth-skew-wide,lognormal,4.0,15,cluster0,60,240,db,severity,0.9,1.0,0.3333333333333333,0.5,1,0.9380530973451328,0.22083333333333333
synth-skew-wide,lognormal,4.0,15,cluster0,60,240,db,severity,0.8,1.0,0.3333333333333333,0.5,1,0.8785046728971964,0.19583333333333333
synth-skew-wide,lognormal,4.0,15,cluster0,60,240,db,symmetric,1.0,1.0,0.6666666666666666,0.8,2,1.0,0.25
synth-skew-wide,lognormal,4.0,15,cluster0,60,240,db,symmetric,0.95,1.0,0.3333333333333333,0.5,1,0.9655172413793104,0.23333333333333334
synth-skew-wide,lognormal,4.0,15,cluster0,60,240,db,symmetric,0.9,1.0,0.3333333333333333,0.5,1,0.9473684210526316,0.225
synth-skew-wide,lognormal,4.0,15,cluster0,60,240,db,symmetric,0.8,1.0,0.3333333333333333,0.5,1,0.888888888888889,0.2
synth-skew-wide,lognormal,4.0,15,cluster1,60,240,threshold,severity,1.0,1.0,1.0,1.0,3,1.0,0.25
synth-skew-wide,lognormal,4.0,15,cluster1,60,240,threshold,severity,0.95,1.0,1.0,1.0,3,0.2857142857142857,0.041666666666666664
synth-skew-wide,lognormal,4.0,15,cluster1,60,240,threshold,severity,0.9,1.0,1.0,1.0,3,0.125,0.016666666666666666
synth-skew-wide,lognormal,4.0,15,cluster1,60,240,threshold,severity,0.8,1.0,1.0,1.0,3,0.0,0.0
synth-skew-wide,lognormal,4.0,15,cluster1,60,240,threshold,symmetric,1.0,1.0,1.0,1.0,3,1.0,0.25
synth-skew-wide,lognormal,4.0,15,cluster1,60,240,threshold,symmetric,0.95,1.0,1.0,1.0,3,0.2857142857142857,0.041666666666666664
synth-skew-wide,lognormal,4.0,15,cluster1,60,240,threshold,symmetric,0.9,1.0,1.0,1.0,3,0.15384615384615385,0.020833333333333332
synth-skew-wide,lognormal,4.0,15,cluster1,60,240,threshold,symmetric,0.8,1.0,1.0,1.0,3,0.03278688524590164,0.004166666666666667
synth-skew-wide,lognormal,4.0,15,cluster1,60,240,db,severity,1.0,1.0,0.3333333333333333,0.5,1,1.0,0.25
synth-skew-wide,lognormal,4.0,15,cluster1,60,240,db,severity,0.95,1.0,0.3333333333333333,0.5,1,0.9655172413793104,0.23333333333333334
synth-skew-wide,lognormal,4.0,15,cluster1,60,240,db,severity,0.9,1.0,0.3333333333333333,0.5,1,0.9380530973451328,0.22083333333333333
synth-skew-wide,lognormal,4.0,15,cluster1,60,240,db,severity,0.8,1.0,0.3333333333333333,0.5,1,0.8785046728971964,0.19583333333333333
synth-skew-wide,lognormal,4.0,15,cluster1,60,240,db,symmetric,1.0,1.0,0.3333333333333333,0.5,1,1.0,0.25
synth-skew-wide,lognormal,4.0,15,cluster1,60,240,db,symmetric,0.95,1.0,0.3333333333333333,0.5,1,0.9655172413793104,0.23333333333333334
synth-skew-wide,lognormal,4.0,15,cluster1,60,240,db,symmetric,0.9,1.0,0.3333333333333333,0.5,1,0.9473684210526316,0.225
synth-skew-wide,lognormal,4.0,15,cluster1,60,240,db,symmetric,0.8,1.0,0.3333333333333333,0.5,1,0.888888888888889,0.2
synth-skew-wide,lognormal,4.0,15,cluster2,60,240,threshold,severity,1.0,1.0,1.0,1.0,3,1.0,0.25
synth-skew-wide,lognormal,4.0,15,cluster2,60,240,threshold,severity,0.95,1.0,1.0,1.0,3,0.06451612903225806,0.008333333333333333
synth-skew-wide,lognormal,4.0,15,cluster2,60,240,threshold,severity,0.9,1.0,1.0,1.0,3,0.0,0.0
synth-skew-wide,lognormal,4.0,15,cluster2,60,240,threshold,severity,0.8,1.0,1.0,1.0,3,0.0,0.0
synth-skew-wide,lognormal,4.0,15,cluster2,60,240,threshold,symmetric,1.0,1.0,1.0,1.0,3,1.0,0.25
synth-skew-wide,lognormal,4.0,15,cluster2,60,240,threshold,symmetric,0.95,1.0,1.0,1.0,3,0.125,0.016666666666666666
synth-skew-wide,lognormal,4.0,15,cluster2,60,240,threshold,symmetric,0.9,1.0,1.0,1.0,3,0.0,0.0
synth-skew-wide,lognormal,4.0,15,cluster2,60,240,threshold,symmetric,0.8,1.0,1.0,1.0,3,0.0,0.0
synth-skew-wide,lognormal,4.0,15,cluster2,60,240,db,severity,1.0,1.0,0.3333333333333333,0.5,1,1.0,0.25
synth-skew-wide,lognormal,4.0,15,cluster2,60,240,db,severity,0.95,1.0,0.3333333333333333,0.5,1,0.9655172413793104,0.23333333333333334
synth-skew-wide,lognormal,4.0,15,cluster2,60,240,db,severity,0.9,1.0,0.3333333333333333,0.5,1,0.9473684210526316,0.225
synth-skew-wide,lognormal,4.0,15,cluster2,60,240,db,severity,0.8,1.0,0.3333333333333333,0.5,1,0.888888888888889,0.2
synth-skew-wide,lognormal,4.0,15,cluster2,60,240,db,symmetric,1.0,1.0,0.3333333333333333,0.5,1,1.0,0.25
synth-skew-wide,lognormal,4.0,15,cluster2,60,240,db,symmetric,0.95,1.0,0.3333333333333333,0.5,1,0.9655172413793104,0.23333333333333334
synth-skew-wide,lognormal,4.0,15,cluster2,60,240,db,symmetric,0.9,1.0,0.3333333333333333,0.5,1,0.9473684210526316,0.225
synth-skew-wide,lognormal,4.0,15,cluster2,60,240,db,symmetric,0.8,1.0,0.3333333333333333,0.5,1,0.888888888888889,0.2
synth-skew-wide,lognormal,4.0,15,cluster3,60,240,threshold,severity,1.0,1.0,1.0,1.0,3,1.0,0.25
synth-skew-wide,lognormal,4.0,15,cluster3,60,240,threshold,severity,0.95,1.0,1.0,1.0,3,0.2608695652173913,0.0375
synth-skew-wide,lognormal,4.0,15,cluster3,60,240,threshold,severity,0.9,1.0,1.0,1.0,3,0.06451612903225806,0.008333333333333333
synth-skew-wide,lognormal,4.0,15,cluster3,60,240,threshold,severity,0.8,1.0,1.0,1.0,3,0.0,0.0
synth-skew-wide,lognormal,4.0,15,cluster3,60,240,threshold,symmetric,1.0,1.0,1.0,1.0,3,1.0,0.25
synth-skew-wide,lognormal,4.0,15,cluster3,60,240,threshold,symmetric,0.95,1.0,1.0,1.0,3,0.2857142857142857,0.041666666666666664
synth-skew-wide,lognormal,4.0,15,cluster3,60,240,threshold,symmetric,0.9,1.0,1.0,1.0,3,0.09523809523809523,0.0125
synth-skew-wide,lognormal,4.0,15,cluster3,60,240,threshold,symmetric,0.8,1.0,1.0,1.0,3,0.0,0.0
synth-skew-wide,lognormal,4.0,15,cluster3,60,240,db,severity,1.0,1.0,1.0,1.0,3,1.0,0.25
synth-skew-wide,lognormal,4.0,15,cluster3,60,240,db,severity,0.95,1.0,0.3333333333333333,0.5,1,0.9655172413793104,0.23333333333333334
synth-skew-wide,lognormal,4.0,15,cluster3,60,240,db,severity,0.9,1.0,0.3333333333333333,0.5,1,0.9380530973451328,0.22083333333333333
synth-skew-wide,lognormal,4.0,15,cluster3,60,240,db,severity,0.8,1.0,0.3333333333333333,0.5,1,0.8785046728971964,0.19583333333333333
synth-skew-wide,lognormal,4.0,15,cluster3,60,240,db,symmetric,1.0,1.0,1.0,1.0,3,1.0,0.25
synth-skew-wide,lognormal,4.0,15,cluster3,60,240,db,symmetric,0.95,1.0,0.3333333333333333,0.5,1,0.9655172413793104,0.23333333333333334
synth-skew-wide,lognormal,4.0,15,cluster3,60,240,db,symmetric,0.9,1.0,0.3333333333333333,0.5,1,0.9473684210526316,0.225
synth-skew-wide,lognormal,4.0,15,cluster3,60,240,db,symmetric,0.8,1.0,0.3333333333333333,0.5,1,0.888888888888889,0.2
synth-skew-wide,lognormal,4.0,16,cluster0,60,240,threshold,severity,1.0,0.6666666666666666,0.6666666666666666,0.6666666666666666,3,1.0,0.25
synth-skew-wide,lognormal,4.0,16,cluster0,60,240,threshold,severity,0.95,1.0,1.0,1.0,3,0.125,0.016666666666666666
synth-skew-wide,lognormal,4.0,16,cluster0,60,240,threshold,severity,0.9,1.0,1.0,1.0,3,0.03278688524590164,0.004166666666666667
synth-skew-wide,lognormal,4.0,16,cluster0,60,240,threshold,severity,0.8,1.0,1.0,1.0,3,0.0,0.0
synth-skew-wide,lognormal,4.0,16,cluster0,60,240,threshold,symmetric,1.0,0.6666666666666666,0.6666666666666666,0.6666666666666666,3,1.0,0.25
synth-skew-wide,lognormal,4.0,16,cluster0,60,240,threshold,symmetric,0.95,1.0,1.0,1.0,3,0.09523809523809523,0.0125
synth-skew-wide,lognormal,4.0,16,cluster0,60,240,threshold,symmetric,0.9,1.0,1.0,1.0,3,0.03278688524590164,0.004166666666666667
synth-skew-wide,lognormal,4.0,16,cluster0,60,240,threshold,symmetric,0.8,1.0,1.0,1.0,3,0.0,0.0
synth-skew-wide,lognormal,4.0,16,cluster0,60,240,db,severity,1.0,1.0,0.3333333333333333,0.5,1,1.0,0.25
synth-skew-wide,lognormal,4.0,16,cluster0,60,240,db,severity,0.95,1.0,0.3333333333333333,0.5,1,0.9655172413793104,0.23333333333333334
synth-skew-wide,lognormal,4.0,16,cluster0,60,240,db,severity,0.9,1.0,0.3333333333333333,0.5,1,0.9380530973451328,0.22083333333333333
synth-skew-wide,lognormal,4.0,16,cluster0,60,240,db,severity,0.8,1.0,0.3333333333333333,0.5,1,0.8785046728971964,0.19583333333333333
synth-skew-wide,lognormal,4.0,16,cluster0,60,240,db,symmetric,1.0,1.0,0.3333333333333333,0.5,1,1.0,0.25
synth-skew-wide,lognormal,4.0,16,cluster0,60,240,db,symmetric,0.95,1.0,0.3333333333333333,0.5,1,0.9655172413793104,0.23333333333333334
synth-skew-wide,lognormal,4.0,16,cluster0,60,240,db,symmetric,0.9,1.0,0.3333333333333333,0.5,1,0.9473684210526316,0.225
synth-skew-wide,lognormal,4.0,16,cluster0,60,240,db,symmetric,0.8,1.0,0.3333333333333333,0.5,1,0.888888888888889,0.2
synth-skew-wide,lognormal,4.0,16,cluster1,60,240,threshold,severity,1.0,1.0,1.0,1.0,3,1.0,0.25
synth-skew-wide,lognormal,4.0,16,cluster1,60,240,threshold,severity,0.95,1.0,1.0,1.0,3,0.33333333333333337,0.05
synth-skew-wide,lognormal,4.0,16,cluster1,60,240,threshold,severity,0.9,1.0,1.0,1.0,3,0.06451612903225806,0.008333333333333333
synth-skew-wide,lognormal,4.0,16,cluster1,60,240,threshold,severity,0.8,1.0,1.0,1.0,3,0.0,0.0
synth-skew-wide,lognormal,4.0,16,cluster1,60,240,threshold,symmetric,1.0,1.0,1.0,1.0,3,1.0,0.25
synth-skew-wide,lognormal,4.0,16,cluster1,60,240,threshold,symmetric,0.95,1.0,1.0,1.0,3,0.33333333333333337,0.05
synth-skew-wide,lognormal,4.0,16,cluster1,60,240,threshold,symmetric,0.9,1.0,1.0,1.0,3,0.09523809523809523,0.0125
synth-skew-wide,lognormal,4.0,16,cluster1,60,240,threshold,symmetric,0.8,1.0,1.0,1.0,3,0.0,0.0
synth-skew-wide,lognormal,4.0,16,cluster1,60,240,db,severity,1.0,1.0,0.3333333333333333,0.5,1,1.0,0.25
synth-skew-wide,lognormal,4.0,16,cluster1,60,240,db,severity,0.95,1.0,0.3333333333333333,0.5,1,0.9655172413793104,0.23333333333333334
synth-skew-wide,lognormal,4.0,16,cluster1,60,240,db,severity,0.9,1.0,0.3333333333333333,0.5,1,0.9473684210526316,0.225
synth-skew-wide,lognormal,4.0,16,cluster1,60,240,db,severity,0.8,1.0,0.3333333333333333,0.5,1,0.888888888888889,0.2
synth-skew-wide,lognormal,4.0,16,cluster1,60,240,db,symmetric,1.0,1.0,0.3333333333333333,0.5,1,1.0,0.25
synth-skew-wide,lognormal,4.0,16,cluster1,60,240,db,symmetric,0.95,1.0,0.3333333333333333,0.5,1,0.9655172413793104,0.23333333333333334
synth-skew-wide,lognormal,4.0,16,cluster1,60,240,db,symmetric,0.9,1.0,0.3333333333333333,0.5,1,0.9473684210526316,0.225
synth-skew-wide,lognormal,4.0,16,cluster1,60,240,db,symmetric,0.8,1.0,0.3333333333333333,0.5,1,0.888888888888889,0.2
synth-skew-wide,lognormal,4.0,16,cluster2,60,240,threshold,severity,1.0,1.0,1.0,1.0,3,1.0,0.25
synth-skew-wide,lognormal,4.0,16,cluster2,60,240,threshold,severity,0.95,1.0,1.0,1.0,3,0.208955223880597,0.029166666666666667
synth-skew-wide,lognormal,4.0,16,cluster2,60,240,threshold,severity,0.9,1.0,1.0,1.0,3,0.06451612903225806,0.008333333333333333
synth-skew-wide,lognormal,4.0,16,cluster2,60,240,threshold,severity,0.8,1.0,1.0,1.0,3,0.0,0.0
synth-skew-wide,lognormal,4.0,16,cluster2,60,240,threshold,symmetric,1.0,1.0,1.0,1.0,3,1.0,0.25
synth-skew-wide,lognormal,4.0,16,cluster2,60,240,threshold,symmetric,0.95,1.0,1.0,1.0,3,0.23529411764705882,0.03333333333333333
synth-skew-wide,lognormal,4.0,16,cluster2,60,240,threshold,symmetric,0.9,1.0,1.0,1.0,3,0.03278688524590164,0.004166666666666667
synth-skew-wide,lognormal,4.0,16,cluster2,60,240,threshold,symmetric,0.8,1.0,1.0,1.0,3,0.0,0.0
synth-skew-wide,lognormal,4.0,16,cluster2,60,240,db,severity,1.0,1.0,0.3333333333333333,0.5,1,1.0,0.25
synth-skew-wide,lognormal,4.0,16,cluster2,60,240,db,severity,0.95,1.0,0.3333333333333333,0.5,1,0.9655172413793104,0.23333333333333334
synth-skew-wide,lognormal,4.0,16,cluster2,60,240,db,severity,0.9,1.0,0.3333333333333333,0.5,1,0.9380530973451328,0.22083333333333333
synth-skew-wide,lognormal,4.0,16,cluster2,60,240,db,severity,0.8,1.0,0.3333333333333333,0.5,1,0.8785046728971964,0.19583333333333333
synth-skew-wide,lognormal,4.0,16,cluster2,60,240,db,symmetric,1.0,1.0,0.3333333333333333,0.5,1,1.0,0.25
synth-skew-wide,lognormal,4.0,16,cluster2,60,240,db,symmetric,0.95,1.0,0.3333333333333333,0.5,1,0.9655172413793104,0.23333333333333334
synth-skew-wide,lognormal,4.0,16,cluster2,60,240,db,symmetric,0.9,1.0,0.3333333333333333,0.5,1,0.9473684210526316,0.225
synth-skew-wide,lognormal,4.0,16,cluster2,60,240,db,symmetric,0.8,1.0,0.3333333333333333,0.5,1,0.888888888888889,0.2
synth-skew-wide,lognormal,4.0,16,cluster3,60,240,threshold,severity,1.0,0.6666666666666666,0.6666666666666666,0.6666666666666666,3,1.0,0.25
synth-skew-wide,lognormal,4.0,16,cluster3,60,240,threshold,severity,0.95,1.0,1.0,1.0,3,0.23529411764705882,0.03333333333333333
synth-skew-wide,lognormal,4.0,16,cluster3,60,240,threshold,severity,0.9,1.0,1.0,1.0,3,0.09523809523809523,0.0125
synth-skew-wide,lognormal,4.0,16,cluster3,60,240,threshold,severity,0.8,1.0,1.0,1.0,3,0.0,0.0
synth-skew-wide,lognormal,4.0,16,cluster3,60,240,threshold,symmetric,1.0,0.6666666666666666,0.6666666666666666,0.6666666666666666,3,1.0,0.25
synth-skew-wide,lognormal,4.0,16,cluster3,60,240,threshold,symmetric,0.95,0.6666666666666666,0.6666666666666666,0.6666666666666666,3,0.23529411764705882,0.03333333333333333
synth-skew-wide,lognormal,4.0,16,cluster3,60,240,threshold,symmetric,0.9,1.0,1.0,1.0,3,0.09523809523809523,0.0125
synth-skew-wide,lognormal,4.0,16,cluster3,60,240,threshold,symmetric,0.8,1.0,1.0,1.0,3,0.0,0.0
synth-skew-wide,lognormal,4.0,16,cluster3,60,240,db,severity,1.0,1.0,0.3333333333333333,0.5,1,1.0,0.25
synth-skew-wide,lognormal,4.0,16,cluster3,60,240,db,severity,0.95,1.0,0.3333333333333333,0.5,1,0.9743589743589743,0.2375
synth-skew-wide,lognormal,4.0,16,cluster3,60,240,db,severity,0.9,1.0,0.3333333333333333,0.5,1,0.9473684210526316,0.225
synth-skew-wide,lognormal,4.0,16,cluster3,60,240,db,severity,0.8,1.0,0.3333333333333333,0.5,1,0.888888888888889,0.2
synth-skew-wide,lognormal,4.0,16,cluster3,60,240,db,symmetric,1.0,1.0,0.3333333333333333,0.5,1,1.0,0.25
synth-skew-wide,lognormal,4.0,16,cluster3,60,240,db,symmetric,0.95,1.0,0.3333333333333333,0.5,1,0.9655172413793104,0.23333333333333334
synth-skew-wide,lognormal,4.0,16,cluster3,60,240,db,symmetric,0.9,1.0,0.3333333333333333,0.5,1,0.9473684210526316,0.225
synth-skew-wide,lognormal,4.0,16,cluster3,60,240,db,symmetric,0.8,1.0,0.3333333333333333,0.5,1,0.888888888888889,0.2
synth-skew-wide,lognormal,4.0,17,cluster0,60,240,threshold,severity,1.0,1.0,1.0,1.0,3,1.0,0.25
synth-skew-wide,lognormal,4.0,17,cluster0,60,240,threshold,severity,0.95,1.0,1.0,1.0,3,0.37837837837837834,0.058333333333333334
synth-skew-wide,lognormal,4.0,17,cluster0,60,240,threshold,severity,0.9,1.0,1.0,1.0,3,0.09523809523809523,0.0125
synth-skew-wide,lognormal,4.0,17,cluster0,60,240,threshold,severity,0.8,1.0,1.0,1.0,3,0.03278688524590164,0.004166666666666667
synth-skew-wide,lognormal,4.0,17,cluster0,60,240,threshold,symmetric,1.0,1.0,1.0,1.0,3,1.0,0.25
synth-skew-wide,lognormal,4.0,17,cluster0,60,240,threshold,symmetric,0.95,1.0,1.0,1.0,3,0.30985915492957744,0.04583333333333333
synth-skew-wide,lognormal,4.0,17,cluster0,60,240,threshold,symmetric,0.9,1.0,1.0,1.0,3,0.125,0.016666666666666666
synth-skew-wide,lognormal,4.0,17,cluster0,60,240,threshold,symmetric,0.8,1.0,1.0,1.0,3,0.0,0.0
synth-skew-wide,lognormal,4.0,17,cluster0,60,240,db,severity,1.0,1.0,0.3333333333333333,0.5,1,1.0,0.25
synth-skew-wide,lognormal,4.0,17,cluster0,60,240,db,severity,0.95,1.0,0.3333333333333333,0.5,1,0.9655172413793104,0.23333333333333334
synth-skew-wide,lognormal,4.0,17,cluster0,60,240,db,severity,0.9,1.0,0.3333333333333333,0.5,1,0.9380530973451328,0.22083333333333333
synth-skew-wide,lognormal,4.0,17,cluster0,60,240,db,severity,0.8,1.0,0.3333333333333333,0.5,1,0.8785046728971964,0.19583333333333333
synth-skew-wide,lognormal,4.0,17,cluster0,60,240,db,symmetric,1.0,1.0,0.3333333333333333,0.5,1,1.0,0.25
synth-skew-wide,lognormal,4.0,17,cluster0,60,240,db,symmetric,0.95,1.0,0.3333333333333333,0.5,1,0.9655172413793104,0.23333333333333334
synth-skew-wide,lognormal,4.0,17,cluster0,60,240,db,symmetric,0.9,1.0,0.3333333333333333,0.5,1,0.9473684210526316,0.225
synth-skew-wide,lognormal,4.0,17,cluster0,60,240,db,symmetric,0.8,1.0,0.3333333333333333,0.5,1,0.888888888888889,0.2
synth-skew-wide,lognormal,4.0,17,cluster1,60,240,threshold,severity,1.0,1.0,1.0,1.0,3,1.0,0.25
synth-skew-wide,lognormal,4.0,17,cluster1,60,240,threshold,severity,0.95,1.0,1.0,1.0,3,0.23529411764705882,0.03333333333333333
synth-skew-wide,lognormal,4.0,17,cluster1,60,240,threshold,severity,0.9,1.0,1.0,1.0,3,0.06451612903225806,0.008333333333333333
synth-skew-wide,lognormal,4.0,17,cluster1,60,240,threshold,severity,0.8,1.0,1.0,1.0,3,0.0,0.0
synth-skew-wide,lognormal,4.0,17,cluster1,60,240,threshold,symmetric,1.0,1.0,1.0,1.0,3,1.0,0.25
synth-skew-wide,lognormal,4.0,17,cluster1,60,240,threshold,symmetric,0.95,1.0,1.0,1.0,3,0.2857142857142857,0.041666666666666664
synth-skew-wide,lognormal,4.0,17,cluster1,60,240,threshold,symmetric,0.9,1.0,1.0,1.0,3,0.09523809523809523,0.0125
synth-skew-wide,lognormal,4.0,17,cluster1,60,240,threshold,symmetric,0.8,1.0,1.0,1.0,3,0.0,0.0
synth-skew-wide,lognormal,4.0,17,cluster1,60,240,db,severity,1.0,0.5,0.3333333333333333,0.4,2,1.0,0.25
synth-skew-wide,lognormal,4.0,17,cluster1,60,240,db,severity,0.95,1.0,0.3333333333333333,0.5,1,0.9655172413793104,0.23333333333333334
synth-skew-wide,lognormal,4.0,17,cluster1,60,240,db,severity,0.9,1.0,0.3333333333333333,0.5,1,0.9380530973451328,0.22083333333333333
synth-skew-wide,lognormal,4.0,17,cluster1,60,240,db,severity,0.8,1.0,0.3333333333333333,0.5,1,0.8785046728971964,0.19583333333333333
synth-skew-wide,lognormal,4.0,17,cluster1,60,240,db,symmetric,1.0,0.5,0.3333333333333333,0.4,2,1.0,0.25
synth-skew-wide,lognormal,4.0,17,cluster1,60,240,db,symmetric,0.95,1.0,0.3333333333333333,0.5,1,0.9655172413793104,0.23333333333333334
synth-skew-wide,lognormal,4.0,17,cluster1,60,240,db,symmetric,0.9,1.0,0.3333333333333333,0.5,1,0.9473684210526316,0.225
synth-skew-wide,lognormal,4.0,17,cluster1,60,240,db,symmetric,0.8,1.0,0.3333333333333333,0.5,1,0.888888888888889,0.2
synth-skew-wide,lognormal,4.0,17,cluster2,60,240,threshold,severity,1.0,1.0,1.0,1.0,3,1.0,0.25
synth-skew-wide,lognormal,4.0,17,cluster2,60,240,threshold,severity,0.95,1.0,1.0,1.0,3,0.37837837837837834,0.058333333333333334
synth-skew-wide,lognormal,4.0,17,cluster2,60,240,threshold,severity,0.9,1.0,1.0,1.0,3,0.125,0.016666666666666666
synth-skew-wide,lognormal,4.0,17,cluster2,60,240,threshold,severity,0.8,1.0,1.0,1.0,3,0.03278688524590164,0.004166666666666667
synth-skew-wide,lognormal,4.0,17,cluster2,60,240,threshold,symmetric,1.0,1.0,1.0,1.0,3,1.0,0.25
synth-skew-wide,lognormal,4.0,17,cluster2,60,240,threshold,symmetric,0.95,1.0,1.0,1.0,3,0.3561643835616438,0.05416666666666667
synth-skew-wide,lognormal,4.0,17,cluster2,60,240,threshold,symmetric,0.9,1.0,1.0,1.0,3,0.208955223880597,0.029166666666666667
synth-skew-wide,lognormal,4.0,17,cluster2,60,240,threshold,symmetric,0.8,1.0,1.0,1.0,3,0.0,0.0
synth-skew-wide,lognormal,4.0,17,cluster2,60,240,db,severity,1.0,1.0,0.3333333333333333,0.5,1,1.0,0.25
synth-skew-wide,lognormal,4.0,17,cluster2,60,240,db,severity,0.95,1.0,0.3333333333333333,0.5,1,0.9655172413793104,0.23333333333333334
synth-skew-wide,lognormal,4.0,17,cluster2,60,240,db,severity,0.9,1.0,0.3333333333333333,0.5,1,0.9380530973451328,0.22083333333333333
synth-skew-wide,lognormal,4.0,17,cluster2,60,240,db,severity,0.8,1.0,0.3333333333333333,0.5,1,0.888888888888889,0.2
synth-skew-wide,lognormal,4.0,17,cluster2,60,240,db,symmetric,1.0,1.0,0.3333333333333333,0.5,1,1.0,0.25
synth-skew-wide,lognormal,4.0,17,cluster2,60,240,db,symmetric,0.95,1.0,0.3333333333333333,0.5,1,0.9655172413793104,0.23333333333333334
synth-skew-wide,lognormal,4.0,17,cluster2,60,240,db,symmetric,0.9,1.0,0.3333333333333333,0.5,1,0.9473684210526316,0.225
synth-skew-wide,lognormal,4.0,17,cluster2,60,240,db,symmetric,0.8,1.0,0.3333333333333333,0.5,1,0.888888888888889,0.2
synth-skew-wide,lognormal,4.0,17,cluster3,60,240,threshold,severity,1.0,1.0,1.0,1.0,3,1.0,0.25
synth-skew-wide,lognormal,4.0,17,cluster3,60,240,threshold,severity,0.95,1.0,1.0,1.0,3,0.23529411764705882,0.03333333333333333
synth-skew-wide,lognormal,4.0,17,cluster3,60,240,threshold,severity,0.9,1.0,1.0,1.0,3,0.06451612903225806,0.008333333333333333
synth-skew-wide,lognormal,4.0,17,cluster3,60,240,threshold,severity,0.8,1.0,1.0,1.0,3,0.0,0.0
synth-skew-wide,lognormal,4.0,17,cluster3,60,240,threshold,symmetric,1.0,1.0,1.0,1.0,3,1.0,0.25
synth-skew-wide,lognormal,4.0,17,cluster3,60,240,threshold,symmetric,0.95,1.0,1.0,1.0,3,0.23529411764705882,0.03333333333333333
synth-skew-wide,lognormal,4.0,17,cluster3,60,240,threshold,symmetric,0.9,1.0,1.0,1.0,3,0.06451612903225806,0.008333333333333333
synth-skew-wide,lognormal,4.0,17,cluster3,60,240,threshold,symmetric,0.8,1.0,1.0,1.0,3,0.03278688524590164,0.004166666666666667
synth-skew-wide,lognormal,4.0,17,cluster3,60,240,db,severity,1.0,1.0,0.3333333333333333,0.5,1,1.0,0.25
synth-skew-wide,lognormal,4.0,17,cluster3,60,240,db,severity,0.95,1.0,0.3333333333333333,0.5,1,0.9655172413793104,0.23333333333333334
synth-skew-wide,lognormal,4.0,17,cluster3,60,240,db,severity,0.9,1.0,0.3333333333333333,0.5,1,0.9473684210526316,0.225
synth-skew-wide,lognormal,4.0,17,cluster3,60,240,db,severity,0.8,1.0,0.3333333333333333,0.5,1,0.888888888888889,0.2
synth-skew-wide,lognormal,4.0,17,cluster3,60,240,db,symmetric,1.0,1.0,0.3333333333333333,0.5,1,1.0,0.25
synth-skew-wide,lognormal,4.0,17,cluster3,60,240,db,symmetric,0.95,1.0,0.3333333333333333,0.5,1,0.9655172413793104,0.23333333333333334
synth-skew-wide,lognormal,4.0,17,cluster3,60,240,db,symmetric,0.9,1.0,0.3333333333333333,0.5,1,0.9473684210526316,0.225
synth-skew-wide,lognormal,4.0,17,cluster3,60,240,db,symmetric,0.8,1.0,0.3333333333333333,0.5,1,0.888888888888889,0.2
synth-skew-wide,lognormal,4.0,18,cluster0,60,240,threshold,severity,1.0,1.0,1.0,1.0,3,1.0,0.25
synth-skew-wide,lognormal,4.0,18,cluster0,60,240,threshold,severity,0.95,1.0,1.0,1.0,3,0.30985915492957744,0.04583333333333333
synth-skew-wide,lognormal,4.0,18,cluster0,60,240,threshold,severity,0.9,1.0,1.0,1.0,3,0.09523809523809523,0.0125
synth-skew-wide,lognormal,4.0,18,cluster0,60,240,threshold,severity,0.8,1.0,1.0,1.0,3,0.0,0.0
synth-skew-wide,lognormal,4.0,18,cluster0,60,240,threshold,symmetric,1.0,1.0,1.0,1.0,3,1.0,0.25
synth-skew-wide,lognormal,4.0,18,cluster0,60,240,threshold,symmetric,0.95,1.0,1.0,1.0,3,0.2857142857142857,0.041666666666666664
synth-skew-wide,lognormal,4.0,18,cluster0,60,240,threshold,symmetric,0.9,1.0,1.0,1.0,3,0.15384615384615385,0.020833333333333332
synth-skew-wide,lognormal,4.0,18,cluster0,60,240,threshold,symmetric,0.8,1.0,1.0,1.0,3,0.0,0.0
synth-skew-wide,lognormal,4.0,18,cluster0,60,240,db,severity,1.0,1.0,0.3333333333333333,0.5,1,1.0,0.25
synth-skew-wide,lognormal,4.0,18,cluster0,60,240,db,severity,0.95,1.0,0.3333333333333333,0.5,1,0.9655172413793104,0.23333333333333334
synth-skew-wide,lognormal,4.0,18,cluster0,60,240,db,severity,0.9,1.0,0.3333333333333333,0.5,1,0.9380530973451328,0.22083333333333333
synth-skew-wide,lognormal,4.0,18,cluster0,60,240,db,severity,0.8,1.0,0.3333333333333333,0.5,1,0.8785046728971964,0.19583333333333333
synth-skew-wide,lognormal,4.0,18,cluster0,60,240,db,symmetric,1.0,1.0,0.3333333333333333,0.5,1,1.0,0.25
synth-skew-wide,lognormal,4.0,18,cluster0,60,240,db,symmetric,0.95,1.0,0.3333333333333333,0.5,1,0.9655172413793104,0.23333333333333334
synth-skew-wide,lognormal,4.0,18,cluster0,60,240,db,symmetric,0.9,1.0,0.3333333333333333,0.5,1,0.9473684210526316,0.225
synth-skew-wide,lognormal,4.0,18,cluster0,60,240,db,symmetric,0.8,1.0,0.3333333333333333,0.5,1,0.888888888888889,0.2
synth-skew-wide,lognormal,4.0,18,cluster1,60,240,threshold,severity,1.0,1.0,1.0,1.0,3,1.0,0.25
synth-skew-wide,lognormal,4.0,18,cluster1,60,240,threshold,severity,0.95,1.0,1.0,1.0,3,0.30985915492957744,0.04583333333333333
synth-skew-wide,lognormal,4.0,18,cluster1,60,240,threshold,severity,0.9,1.0,1.0,1.0,3,0.125,0.016666666666666666
synth-skew-wide,lognormal,4.0,18,cluster1,60,240,threshold,severity,0.8,1.0,1.0,1.0,3,0.0,0.0
synth-skew-wide,lognormal,4.0,18,cluster1,60,240,threshold,symmetric,1.0,1.0,1.0,1.0,3,1.0,0.25
synth-skew-wide,lognormal,4.0,18,cluster1,60,240,threshold,symmetric,0.95,1.0,1.0,1.0,3,0.2857142857142857,0.041666666666666664
synth-skew-wide,lognormal,4.0,18,cluster1,60,240,threshold,symmetric,0.9,1.0,1.0,1.0,3,0.15384615384615385,0.020833333333333332
synth-skew-wide,lognormal,4.0,18,cluster1,60,240,threshold,symmetric,0.8,1.0,1.0,1.0,3,0.03278688524590164,0.004166666666666667
synth-skew-wide,lognormal,4.0,18,cluster1,60,240,db,severity,1.0,1.0,0.3333333333333333,0.5,1,1.0,0.25
synth-skew-wide,lognormal,4.0,18,cluster1,60,240,db,severity,0.95,1.0,0.3333333333333333,0.5,1,0.9655172413793104,0.23333333333333334
synth-skew-wide,lognormal,4.0,18,cluster1,60,240,db,severity,0.9,1.0,0.3333333333333333,0.5,1,0.9473684210526316,0.225
synth-skew-wide,lognormal,4.0,18,cluster1,60,240,db,severity,0.8,1.0,0.3333333333333333,0.5,1,0.888888888888889,0.2
synth-skew-wide,lognormal,4.0,18,cluster1,60,240,db,symmetric,1.0,1.0,0.3333333333333333,0.5,1,1.0,0.25
synth-skew-wide,lognormal,4.0,18,cluster1,60,240,db,symmetric,0.95,1.0,0.3333333333333333,0.5,1,0.9655172413793104,0.23333333333333334
synth-skew-wide,lognormal,4.0,18,cluster1,60,240,db,symmetric,0.9,1.0,0.3333333333333333,0.5,1,0.9473684210526316,0.225
synth-skew-wide,lognormal,4.0,18,cluster1,60,240,db,symmetric,0.8,1.0,0.3333333333333333,0.5,1,0.888888888888889,0.2
synth-skew-wide,lognormal,4.0,18,cluster2,60,240,threshold,severity,1.0,0.6666666666666666,0.6666666666666666,0.6666666666666666,3,1.0,0.25
synth-skew-wide,lognormal,4.0,18,cluster2,60,240,threshold,severity,0.95,1.0,1.0,1.0,3,0.2608695652173913,0.0375
synth-skew-wide,lognormal,4.0,18,cluster2,60,240,threshold,severity,0.9,1.0,1.0,1.0,3,0.09523809523809523,0.0125
synth-skew-wide,lognormal,4.0,18,cluster2,60,240,threshold,severity,0.8,1.0,1.0,1.0,3,0.0,0.0
synth-skew-wide,lognormal,4.0,18,cluster2,60,240,threshold,symmetric,1.0,0.6666666666666666,0.6666666666666666,0.6666666666666666,3,1.0,0.25
synth-skew-wide,lognormal,4.0,18,cluster2,60,240,threshold,symmetric,0.95,1.0,1.0,1.0,3,0.2608695652173913,0.0375
synth-skew-wide,lognormal,4.0,18,cluster2,60,240,threshold,symmetric,0.9,1.0,1.0,1.0,3,0.09523809523809523,0.0125
synth-skew-wide,lognormal,4.0,18,cluster2,60,240,threshold,symmetric,0.8,1.0,1.0,1.0,3,0.0,0.0
synth-skew-wide,lognormal,4.0,18,cluster2,60,240,db,severity,1.0,0.5,0.3333333333333333,0.4,2,1.0,0.25
synth-skew-wide,lognormal,4.0,18,cluster2,60,240,db,severity,0.95,1.0,0.3333333333333333,0.5,1,0.9655172413793104,0.23333333333333334
synth-skew-wide,lognormal,4.0,18,cluster2,60,240,db,severity,0.9,1.0,0.3333333333333333,0.5,1,0.9380530973451328,0.22083333333333333
synth-skew-wide,lognormal,4.0,18,cluster2,60,240,db,severity,0.8,1.0,0.3333333333333333,0.5,1,0.8785046728971964,0.19583333333333333
synth-skew-wide,lognormal,4.0,18,cluster2,60,240,db,symmetric,1.0,0.5,0.3333333333333333,0.4,2,1.0,0.25
synth-skew-wide,lognormal,4.0,18,cluster2,60,240,db,symmetric,0.95,1.0,0.3333333333333333,0.5,1,0.9655172413793104,0.23333333333333334
synth-skew-wide,lognormal,4.0,18,cluster2,60,240,db,symmetric,0.9,1.0,0.3333333333333333,0.5,1,0.9473684210526316,0.225
synth-skew-wide,lognormal,4.0,18,cluster2,60,240,db,symmetric,0.8,1.0,0.3333333333333333,0.5,1,0.888888888888889,0.2
synth-skew-wide,lognormal,4.0,18,cluster3,60,240,threshold,severity,1.0,0.6666666666666666,0.6666666666666666,0.6666666666666666,3,1.0,0.25
synth-skew-wide,lognormal,4.0,18,cluster3,60,240,threshold,severity,0.95,1.0,1.0,1.0,3,0.2857142857142857,0.041666666666666664
synth-skew-wide,lognormal,4.0,18,cluster3,60,240,threshold,severity,0.9,1.0,1.0,1.0,3,0.09523809523809523,0.0125
synth-skew-wide,lognormal,4.0,18,cluster3,60,240,threshold,severity,0.8,1.0,1.0,1.0,3,0.0,0.0
synth-skew-wide,lognormal,4.0,18,cluster3,60,240,threshold,symmetric,1.0,0.6666666666666666,0.6666666666666666,0.6666666666666666,3,1.0,0.25
synth-skew-wide,lognormal,4.0,18,cluster3,60,240,threshold,symmetric,0.95,1.0,1.0,1.0,3,0.30985915492957744,0.04583333333333333
synth-skew-wide,lognormal,4.0,18,cluster3,60,240,threshold,symmetric,0.9,1.0,1.0,1.0,3,0.18181818181818182,0.025
synth-skew-wide,lognormal,4.0,18,cluster3,60,240,threshold,symmetric,0.8,1.0,1.0,1.0,3,0.0,0.0
synth-skew-wide,lognormal,4.0,18,cluster3,60,240,db,severity,1.0,1.0,0.6666666666666666,0.8,2,1.0,0.25
synth-skew-wide,lognormal,4.0,18,cluster3,60,240,db,severity,0.95,1.0,0.3333333333333333,0.5,1,0.9655172413793104,0.23333333333333334
synth-skew-wide,lognormal,4.0,18,cluster3,60,240,db,severity,0.9,1.0,0.3333333333333333,0.5,1,0.9380530973451328,0.22083333333333333
synth-skew-wide,lognormal,4.0,18,cluster3,60,240,db,severity,0.8,1.0,0.3333333333333333,0.5,1,0.8785046728971964,0.19583333333333333
synth-skew-wide,lognormal,4.0,18,cluster3,60,240,db,symmetric,1.0,1.0,0.6666666666666666,0.8,2,1.0,0.25
synth-skew-wide,lognormal,4.0,18,cluster3,60,240,db,symmetric,0.95,1.0,0.3333333333333333,0.5,1,0.9655172413793104,0.23333333333333334
synth-skew-wide,lognormal,4.0,18,cluster3,60,240,db,symmetric,0.9,1.0,0.3333333333333333,0.5,1,0.9473684210526316,0.225
synth-skew-wide,lognormal,4.0,18,cluster3,60,240,db,symmetric,0.8,1.0,0.3333333333333333,0.5,1,0.888888888888889,0.2
synth-skew-wide,lognormal,4.0,19,cluster0,60,240,threshold,severity,1.0,1.0,1.0,1.0,3,1.0,0.25
synth-skew-wide,lognormal,4.0,19,cluster0,60,240,threshold,severity,0.95,1.0,1.0,1.0,3,0.18181818181818182,0.025
synth-skew-wide,lognormal,4.0,19,cluster0,60,240,threshold,severity,0.9,1.0,1.0,1.0,3,0.09523809523809523,0.0125
synth-skew-wide,lognormal,4.0,19,cluster0,60,240,threshold,severity,0.8,1.0,1.0,1.0,3,0.0,0.0
synth-skew-wide,lognormal,4.0,19,cluster0,60,240,threshold,symmetric,1.0,1.0,1.0,1.0,3,1.0,0.25
synth-skew-wide,lognormal,4.0,19,cluster0,60,240,threshold,symmetric,0.95,1.0,1.0,1.0,3,0.18181818181818182,0.025
synth-skew-wide,lognormal,4.0,19,cluster0,60,240,threshold,symmetric,0.9,1.0,1.0,1.0,3,0.125,0.016666666666666666
synth-skew-wide,lognormal,4.0,19,cluster0,60,240,threshold,symmetric,0.8,1.0,1.0,1.0,3,0.0,0.0
synth-skew-wide,lognormal,4.0,19,cluster0,60,240,db,severity,1.0,1.0,0.3333333333333333,0.5,1,1.0,0.25
synth-skew-wide,lognormal,4.0,19,cluster0,60,240,db,severity,0.95,1.0,0.3333333333333333,0.5,1,0.9655172413793104,0.23333333333333334
synth-skew-wide,lognormal,4.0,19,cluster0,60,240,db,severity,0.9,1.0,0.3333333333333333,0.5,1,0.9473684210526316,0.225
synth-skew-wide,lognormal,4.0,19,cluster0,60,240,db,severity,0.8,1.0,0.3333333333333333,0.5,1,0.888888888888889,0.2
synth-skew-wide,lognormal,4.0,19,cluster0,60,240,db,symmetric,1.0,1.0,0.3333333333333333,0.5,1,1.0,0.25
synth-skew-wide,lognormal,4.0,19,cluster0,60,240,db,symmetric,0.95,1.0,0.3333333333333333,0.5,1,0.9655172413793104,0.23333333333333334
synth-skew-wide,lognormal,4.0,19,cluster0,60,240,db,symmetric,0.9,1.0,0.3333333333333333,0.5,1,0.9473684210526316,0.225
synth-skew-wide,lognormal,4.0,19,cluster0,60,240,db,symmetric,0.8,1.0,0.3333333333333333,0.5,1,0.888888888888889,0.2
synth-skew-wide,lognormal,4.0,19,cluster1,60,240,threshold,severity,1.0,0.6666666666666666,0.6666666666666666,0.6666666666666666,3,1.0,0.25
synth-skew-wide,lognormal,4.0,19,cluster1,60,240,threshold,severity,0.95,1.0,1.0,1.0,3,0.3561643835616438,0.05416666666666667
synth-skew-wide,lognormal,4.0,19,cluster1,60,240,threshold,severity,0.9,1.0,1.0,1.0,3,0.125,0.016666666666666666
synth-skew-wide,lognormal,4.0,19,cluster1,60,240,threshold,severity,0.8,1.0,1.0,1.0,3,0.0,0.0
synth-skew-wide,lognormal,4.0,19,cluster1,60,240,threshold,symmetric,1.0,0.6666666666666666,0.6666666666666666,0.6666666666666666,3,1.0,0.25
synth-skew-wide,lognormal,4.0,19,cluster1,60,240,threshold,symmetric,0.95,0.6666666666666666,0.6666666666666666,0.6666666666666666,3,0.3561643835616438,0.05416666666666667
synth-skew-wide,lognormal,4.0,19,cluster1,60,240,threshold,symmetric,0.9,1.0,1.0,1.0,3,0.18181818181818182,0.025
synth-skew-wide,lognormal,4.0,19,cluster1,60,240,threshold,symmetric,0.8,1.0,1.0,1.0,3,0.03278688524590164,0.004166666666666667
synth-skew-wide,lognormal,4.0,19,cluster1,60,240,db,severity,1.0,1.0,0.3333333333333333,0.5,1,1.0,0.25
synth-skew-wide,lognormal,4.0,19,cluster1,60,240,db,severity,0.95,1.0,0.3333333333333333,0.5,1,0.9655172413793104,0.23333333333333334
synth-skew-wide,lognormal,4.0,19,cluster1,60,240,db,severity,0.9,1.0,0.3333333333333333,0.5,1,0.9380530973451328,0.22083333333333333
synth-skew-wide,lognormal,4.0,19,cluster1,60,240,db,severity,0.8,1.0,0.3333333333333333,0.5,1,0.8785046728971964,0.19583333333333333
synth-skew-wide,lognormal,4.0,19,cluster1,60,240,db,symmetric,1.0,1.0,0.3333333333333333,0.5,1,1.0,0.25
synth-skew-wide,lognormal,4.0,19,cluster1,60,240,db,symmetric,0.95,1.0,0.3333333333333333,0.5,1,0.9655172413793104,0.23333333333333334
synth-skew-wide,lognormal,4.0,19,cluster1,60,240,db,symmetric,0.9,1.0,0.3333333333333333,0.5,1,0.9473684210526316,0.225
synth-skew-wide,lognormal,4.0,19,cluster1,60,240,db,symmetric,0.8,1.0,0.3333333333333333,0.5,1,0.888888888888889,0.2
synth-skew-wide,lognormal,4.0,19,cluster2,60,240,threshold,severity,1.0,1.0,1.0,1.0,3,1.0,0.25
synth-skew-wide,lognormal,4.0,19,cluster2,60,240,threshold,severity,0.95,1.0,1.0,1.0,3,0.2608695652173913,0.0375
synth-skew-wide,lognormal,4.0,19,cluster2,60,240,threshold,severity,0.9,1.0,1.0,1.0,3,0.09523809523809523,0.0125
synth-skew-wide,lognormal,4.0,19,cluster2,60,240,threshold,severity,0.8,1.0,1.0,1.0,3,0.0,0.0
synth-skew-wide,lognormal,4.0,19,cluster2,60,240,threshold,symmetric,1.0,1.0,1.0,1.0,3,1.0,0.25
synth-skew-wide,lognormal,4.0,19,cluster2,60,240,threshold,symmetric,0.95,1.0,1.0,1.0,3,0.2608695652173913,0.0375
synth-skew-wide,lognormal,4.0,19,cluster2,60,240,threshold,symmetric,0.9,1.0,1.0,1.0,3,0.09523809523809523,0.0125
synth-skew-wide,lognormal,4.0,19,cluster2,60,240,threshold,symmetric,0.8,1.0,1.0,1.0,3,0.0,0.0
synth-skew-wide,lognormal,4.0,19,cluster2,60,240,db,severity,1.0,0.5,0.3333333333333333,0.4,2,1.0,0.25
synth-skew-wide,lognormal,4.0,19,cluster2,60,240,db,severity,0.95,1.0,0.3333333333333333,0.5,1,0.9655172413793104,0.23333333333333334
synth-skew-wide,lognormal,4.0,19,cluster2,60,240,db,severity,0.9,1.0,0.3333333333333333,0.5,1,0.9380530973451328,0.22083333333333333
synth-skew-wide,lognormal,4.0,19,cluster2,60,240,db,severity,0.8,1.0,0.3333333333333333,0.5,1,0.8785046728971964,0.19583333333333333
synth-skew-wide,lognormal,4.0,19,cluster2,60,240,db,symmetric,1.0,0.5,0.3333333333333333,0.4,2,1.0,0.25
synth-skew-wide,lognormal,4.0,19,cluster2,60,240,db,symmetric,0.95,1.0,0.3333333333333333,0.5,1,0.9655172413793104,0.23333333333333334
synth-skew-wide,lognormal,4.0,19,cluster2,60,240,db,symmetric,0.9,1.0,0.3333333333333333,0.5,1,0.9473684210526316,0.225
synth-skew-wide,lognormal,4.0,19,cluster2,60,240,db,symmetric,0.8,1.0,0.3333333333333333,0.5,1,0.888888888888889,0.2
synth-skew-wide,lognormal,4.0,19,cluster3,60,240,threshold,severity,1.0,1.0,1.0,1.0,3,1.0,0.25
synth-skew-wide,lognormal,4.0,19,cluster3,60,240,threshold,severity,0.95,1.0,1.0,1.0,3,0.18181818181818182,0.025
synth-skew-wide,lognormal,4.0,19,cluster3,60,240,threshold,severity,0.9,1.0,1.0,1.0,3,0.06451612903225806,0.008333333333333333
synth-skew-wide,lognormal,4.0,19,cluster3,60,240,threshold,severity,0.8,1.0,1.0,1.0,3,0.0,0.0
synth-skew-wide,lognormal,4.0,19,cluster3,60,240,threshold,symmetric,1.0,1.0,1.0,1.0,3,1.0,0.25
synth-skew-wide,lognormal,4.0,19,cluster3,60,240,threshold,symmetric,0.95,1.0,1.0,1.0,3,0.18181818181818182,0.025
synth-skew-wide,lognormal,4.0,19,cluster3,60,240,threshold,symmetric,0.9,1.0,1.0,1.0,3,0.09523809523809523,0.0125
synth-skew-wide,lognormal,4.0,19,cluster3,60,240,threshold,symmetric,0.8,1.0,1.0,1.0,3,0.0,0.0
synth-skew-wide,lognormal,4.0,19,cluster3,60,240,db,severity,1.0,1.0,0.6666666666666666,0.8,2,1.0,0.25
synth-skew-wide,lognormal,4.0,19,cluster3,60,240,db,severity,0.95,1.0,0.3333333333333333,0.5,1,0.9655172413793104,0.23333333333333334
synth-skew-wide,lognormal,4.0,19,cluster3,60,240,db,severity,0.9,1.0,0.3333333333333333,0.5,1,0.9473684210526316,0.225
synth-skew-wide,lognormal,4.0,19,cluster3,60,240,db,severity,0.8,1.0,0.3333333333333333,0.5,1,0.888888888888889,0.2
synth-skew-wide,lognormal,4.0,19,cluster3,60,240,db,symmetric,1.0,1.0,0.6666666666666666,0.8,2,1.0,0.25
synth-skew-wide,lognormal,4.0,19,cluster3,60,240,db,symmetric,0.95,1.0,0.3333333333333333,0.5,1,0.9655172413793104,0.23333333333333334
synth-skew-wide,lognormal,4.0,19,cluster3,60,240,db,symmetric,0.9,1.0,0.3333333333333333,0.5,1,0.9473684210526316,0.225
synth-skew-wide,lognormal,4.0,19,cluster3,60,240,db,symmetric,0.8,1.0,0.3333333333333333,0.5,1,0.888888888888889,0.2
synth-skew-tight,lognormal,1.5,0,cluster0,60,240,threshold,severity,1.0,1.0,1.0,1.0,3,0.888888888888889,0.3125
synth-skew-tight,lognormal,1.5,0,cluster0,60,240,threshold,severity,0.95,1.0,1.0,1.0,3,0.30985915492957744,0.04583333333333333
synth-skew-tight,lognormal,1.5,0,cluster0,60,240,threshold,severity,0.9,1.0,1.0,1.0,3,0.03278688524590164,0.004166666666666667
synth-skew-tight,lognormal,1.5,0,cluster0,60,240,threshold,severity,0.8,1.0,1.0,1.0,3,0.0,0.0
synth-skew-tight,lognormal,1.5,0,cluster0,60,240,threshold,symmetric,1.0,1.0,1.0,1.0,3,0.888888888888889,0.3125
synth-skew-tight,lognormal,1.5,0,cluster0,60,240,threshold,symmetric,0.95,1.0,1.0,1.0,3,0.30985915492957744,0.04583333333333333
synth-skew-tight,lognormal,1.5,0,cluster0,60,240,threshold,symmetric,0.9,1.0,1.0,1.0,3,0.06451612903225806,0.008333333333333333
synth-skew-tight,lognormal,1.5,0,cluster0,60,240,threshold,symmetric,0.8,1.0,1.0,1.0,3,0.0,0.0
synth-skew-tight,lognormal,1.5,0,cluster0,60,240,db,severity,1.0,0.25,1.0,0.4,12,0.888888888888889,0.3125
synth-skew-tight,lognormal,1.5,0,cluster0,60,240,db,severity,0.95,1.0,1.0,1.0,3,0.8749999999999999,0.21666666666666667
synth-skew-tight,lognormal,1.5,0,cluster0,60,240,db,severity,0.9,1.0,0.6666666666666666,0.8,2,0.8648648648648648,0.2125
synth-skew-tight,lognormal,1.5,0,cluster0,60,240,db,severity,0.8,1.0,0.3333333333333333,0.5,1,0.7768595041322314,0.25416666666666665
synth-skew-tight,lognormal,1.5,0,cluster0,60,240,db,symmetric,1.0,0.25,1.0,0.4,12,0.888888888888889,0.3125
synth-skew-tight,lognormal,1.5,0,cluster0,60,240,db,symmetric,0.95,1.0,1.0,1.0,3,0.8849557522123894,0.22083333333333333
synth-skew-tight,lognormal,1.5,0,cluster0,60,240,db,symmetric,0.9,1.0,0.6666666666666666,0.8,2,0.8571428571428571,0.21666666666666667
synth-skew-tight,lognormal,1.5,0,cluster0,60,240,db,symmetric,0.8,1.0,0.3333333333333333,0.5,1,0.7868852459016393,0.25833333333333336
synth-skew-tight,lognormal,1.5,0,cluster1,60,240,threshold,severity,1.0,0.6666666666666666,0.6666666666666666,0.6666666666666666,3,0.9523809523809523,0.275
synth-skew-tight,lognormal,1.5,0,cluster1,60,240,threshold,severity,0.95,1.0,1.0,1.0,3,0.208955223880597,0.029166666666666667
synth-skew-tight,lognormal,1.5,0,cluster1,60,240,threshold,severity,0.9,1.0,1.0,1.0,3,0.06451612903225806,0.008333333333333333
synth-skew-tight,lognormal,1.5,0,cluster1,60,240,threshold,severity,0.8,1.0,1.0,1.0,3,0.0,0.0
synth-skew-tight,lognormal,1.5,0,cluster1,60,240,threshold,symmetric,1.0,0.6666666666666666,0.6666666666666666,0.6666666666666666,3,0.9523809523809523,0.275
synth-skew-tight,lognormal,1.5,0,cluster1,60,240,threshold,symmetric,0.95,1.0,1.0,1.0,3,0.2857142857142857,0.041666666666666664
synth-skew-tight,lognormal,1.5,0,cluster1,60,240,threshold,symmetric,0.9,1.0,1.0,1.0,3,0.06451612903225806,0.008333333333333333
synth-skew-tight,lognormal,1.5,0,cluster1,60,240,threshold,symmetric,0.8,1.0,1.0,1.0,3,0.0,0.0
synth-skew-tight,lognormal,1.5,0,cluster1,60,240,db,severity,1.0,0.3333333333333333,0.6666666666666666,0.4444444444444444,6,0.9523809523809523,0.275
synth-skew-tight,lognormal,1.5,0,cluster1,60,240,db,severity,0.95,1.0,0.6666666666666666,0.8,2,0.8813559322033899,0.24166666666666667
synth-skew-tight,lognormal,1.5,0,cluster1,60,240,db,severity,0.9,1.0,0.6666666666666666,0.8,2,0.8468468468468469,0.2125
synth-skew-tight,lognormal,1.5,0,cluster1,60,240,db,severity,0.8,1.0,0.6666666666666666,0.8,2,0.7722772277227723,0.17083333333333334
synth-skew-tight,lognormal,1.5,0,cluster1,60,240,db,symmetric,1.0,0.3333333333333333,0.6666666666666666,0.4444444444444444,6,0.9523809523809523,0.275
synth-skew-tight,lognormal,1.5,0,cluster1,60,240,db,symmetric,0.95,1.0,0.6666666666666666,0.8,2,0.8739495798319329,0.24583333333333332
synth-skew-tight,lognormal,1.5,0,cluster1,60,240,db,symmetric,0.9,1.0,0.6666666666666666,0.8,2,0.8620689655172413,0.23333333333333334
synth-skew-tight,lognormal,1.5,0,cluster1,60,240,db,symmetric,0.8,1.0,0.6666666666666666,0.8,2,0.7572815533980582,0.17916666666666667
synth-skew-tight,lognormal,1.5,0,cluster2,60,240,threshold,severity,1.0,0.6666666666666666,0.6666666666666666,0.6666666666666666,3,0.7453416149068323,0.42083333333333334
synth-skew-tight,lognormal,1.5,0,cluster2,60,240,threshold,severity,0.95,1.0,1.0,1.0,3,0.208955223880597,0.029166666666666667
synth-skew-tight,lognormal,1.5,0,cluster2,60,240,threshold,severity,0.9,1.0,1.0,1.0,3,0.06451612903225806,0.008333333333333333
synth-skew-tight,lognormal,1.5,0,cluster2,60,240,threshold,severity,0.8,1.0,1.0,1.0,3,0.0,0.0
synth-skew-tight,lognormal,1.5,0,cluster2,60,240,threshold,symmetric,1.0,0.6666666666666666,0.6666666666666666,0.6666666666666666,3,0.7453416149068323,0.42083333333333334
synth-skew-tight,lognormal,1.5,0,cluster2,60,240,threshold,symmetric,0.95,1.0,1.0,1.0,3,0.208955223880597,0.029166666666666667
synth-skew-tight,lognormal,1.5,0,cluster2,60,240,threshold,symmetric,0.9,1.0,1.0,1.0,3,0.09523809523809523,0.0125
synth-skew-tight,lognormal,1.5,0,cluster2,60,240,threshold,symmetric,0.8,1.0,1.0,1.0,3,0.03278688524590164,0.004166666666666667
synth-skew-tight,lognormal,1.5,0,cluster2,60,240,db,severity,1.0,0.11764705882352941,0.6666666666666666,0.2,17,0.7453416149068323,0.42083333333333334
synth-skew-tight,lognormal,1.5,0,cluster2,60,240,db,severity,0.95,0.75,1.0,0.8571428571428571,4,0.8256880733944955,0.20416666666666666
synth-skew-tight,lognormal,1.5,0,cluster2,60,240,db,severity,0.9,1.0,0.6666666666666666,0.8,2,0.8245614035087719,0.225
synth-skew-tight,lognormal,1.5,0,cluster2,60,240,db,severity,0.8,1.0,0.3333333333333333,0.5,1,0.7966101694915254,0.24166666666666667
synth-skew-tight,lognormal,1.5,0,cluster2,60,240,db,symmetric,1.0,0.11764705882352941,0.6666666666666666,0.2,17,0.7453416149068323,0.42083333333333334
synth-skew-tight,lognormal,1.5,0,cluster2,60,240,db,symmetric,0.95,0.75,1.0,0.8571428571428571,4,0.793103448275862,0.23333333333333334
synth-skew-tight,lognormal,1.5,0,cluster2,60,240,db,symmetric,0.9,0.6666666666666666,0.6666666666666666,0.6666666666666666,3,0.7964601769911505,0.22083333333333333
synth-skew-tight,lognormal,1.5,0,cluster2,60,240,db,symmetric,0.8,1.0,0.3333333333333333,0.5,1,0.7559055118110236,0.2791666666666667
synth-skew-tight,lognormal,1.5,0,cluster3,60,240,threshold,severity,1.0,1.0,1.0,1.0,3,0.8759124087591241,0.32083333333333336
synth-skew-tight,lognormal,1.5,0,cluster3,60,240,threshold,severity,0.95,1.0,1.0,1.0,3,0.15151515151515152,0.025
synth-skew-tight,lognormal,1.5,0,cluster3,60,240,threshold,severity,0.9,1.0,1.0,1.0,3,0.0,0.0
synth-skew-tight,lognormal,1.5,0,cluster3,60,240,threshold,severity,0.8,1.0,1.0,1.0,3,0.0,0.0
synth-skew-tight,lognormal,1.5,0,cluster3,60,240,threshold,symmetric,1.0,1.0,1.0,1.0,3,0.8759124087591241,0.32083333333333336
synth-skew-tight,lognormal,1.5,0,cluster3,60,240,threshold,symmetric,0.95,1.0,1.0,1.0,3,0.18181818181818182,0.025
synth-skew-tight,lognormal,1.5,0,cluster3,60,240,threshold,symmetric,0.9,1.0,1.0,1.0,3,0.06451612903225806,0.008333333333333333
synth-skew-tight,lognormal,1.5,0,cluster3,60,240,threshold,symmetric,0.8,1.0,1.0,1.0,3,0.0,0.0
synth-skew-tight,lognormal,1.5,0,cluster3,60,240,db,severity,1.0,0.2727272727272727,1.0,0.42857142857142855,11,0.8759124087591241,0.32083333333333336
synth-skew-tight,lognormal,1.5,0,cluster3,60,240,db,severity,0.95,1.0,0.6666666666666666,0.8,2,0.896551724137931,0.23333333333333334
synth-skew-tight,lognormal,1.5,0,cluster3,60,240,db,severity,0.9,1.0,0.6666666666666666,0.8,2,0.8598130841121495,0.19583333333333333
synth-skew-tight,lognormal,1.5,0,cluster3,60,240,db,severity,0.8,1.0,0.3333333333333333,0.5,1,0.8318584070796461,0.22083333333333333
synth-skew-tight,lognormal,1.5,0,cluster3,60,240,db,symmetric,1.0,0.2727272727272727,1.0,0.42857142857142855,11,0.8759124087591241,0.32083333333333336
synth-skew-tight,lognormal,1.5,0,cluster3,60,240,db,symmetric,0.95,0.6666666666666666,0.6666666666666666,0.6666666666666666,3,0.8869565217391303,0.22916666666666666
synth-skew-tight,lognormal,1.5,0,cluster3,60,240,db,symmetric,0.9,1.0,0.6666666666666666,0.8,2,0.8571428571428571,0.21666666666666667
synth-skew-tight,lognormal,1.5,0,cluster3,60,240,db,symmetric,0.8,1.0,0.3333333333333333,0.5,1,0.8067226890756303,0.24583333333333332
synth-skew-tight,lognormal,1.5,1,cluster0,60,240,threshold,severity,1.0,1.0,1.0,1.0,3,0.9302325581395349,0.2875
synth-skew-tight,lognormal,1.5,1,cluster0,60,240,threshold,severity,0.95,1.0,1.0,1.0,3,0.37333333333333335,0.0625
synth-skew-tight,lognormal,1.5,1,cluster0,60,240,threshold,severity,0.9,1.0,1.0,1.0,3,0.09523809523809523,0.0125
synth-skew-tight,lognormal,1.5,1,cluster0,60,240,threshold,severity,0.8,1.0,1.0,1.0,3,0.0,0.0
synth-skew-tight,lognormal,1.5,1,cluster0,60,240,threshold,symmetric,1.0,1.0,1.0,1.0,3,0.9302325581395349,0.2875
synth-skew-tight,lognormal,1.5,1,cluster0,60,240,threshold,symmetric,0.95,1.0,1.0,1.0,3,0.37333333333333335,0.0625
synth-skew-tight,lognormal,1.5,1,cluster0,60,240,threshold,symmetric,0.9,1.0,1.0,1.0,3,0.125,0.016666666666666666
synth-skew-tight,lognormal,1.5,1,cluster0,60,240,threshold,symmetric,0.8,1.0,1.0,1.0,3,0.0,0.0
synth-skew-tight,lognormal,1.5,1,cluster0,60,240,db,severity,1.0,0.2727272727272727,1.0,0.42857142857142855,11,0.9302325581395349,0.2875
synth-skew-tight,lognormal,1.5,1,cluster0,60,240,db,severity,0.95,1.0,0.6666666666666666,0.8,2,0.896551724137931,0.23333333333333334
synth-skew-tight,lognormal,1.5,1,cluster0,60,240,db,severity,0.9,1.0,0.6666666666666666,0.8,2,0.8623853211009175,0.20416666666666666
synth-skew-tight,lognormal,1.5,1,cluster0,60,240,db,severity,0.8,1.0,0.3333333333333333,0.5,1,0.7899159663865546,0.24583333333333332
synth-skew-tight,lognormal,1.5,1,cluster0,60,240,db,symmetric,1.0,0.2727272727272727,1.0,0.42857142857142855,11,0.9302325581395349,0.2875
synth-skew-tight,lognormal,1.5,1,cluster0,60,240,db,symmetric,0.95,0.6666666666666666,0.6666666666666666,0.6666666666666666,3,0.8771929824561403,0.225
synth-skew-tight,lognormal,1.5,1,cluster0,60,240,db,symmetric,0.9,1.0,0.6666666666666666,0.8,2,0.8672566371681416,0.22083333333333333
synth-skew-tight,lognormal,1.5,1,cluster0,60,240,db,symmetric,0.8,1.0,0.6666666666666666,0.8,2,0.7920792079207921,0.17083333333333334
synth-skew-tight,lognormal,1.5,1,cluster1,60,240,threshold,severity,1.0,1.0,1.0,1.0,3,0.9836065573770492,0.25833333333333336
synth-skew-tight,lognormal,1.5,1,cluster1,60,240,threshold,severity,0.95,1.0,1.0,1.0,3,0.23529411764705882,0.03333333333333333
synth-skew-tight,lognormal,1.5,1,cluster1,60,240,threshold,severity,0.9,1.0,1.0,1.0,3,0.06451612903225806,0.008333333333333333
synth-skew-tight,lognormal,1.5,1,cluster1,60,240,threshold,severity,0.8,1.0,1.0,1.0,3,0.0,0.0
synth-skew-tight,lognormal,1.5,1,cluster1,60,240,threshold,symmetric,1.0,1.0,1.0,1.0,3,0.9836065573770492,0.25833333333333336
synth-skew-tight,lognormal,1.5,1,cluster1,60,240,threshold,symmetric,0.95,0.6666666666666666,0.6666666666666666,0.6666666666666666,3,0.23529411764705882,0.03333333333333333
synth-skew-tight,lognormal,1.5,1,cluster1,60,240,threshold,symmetric,0.9,0.6666666666666666,0.6666666666666666,0.6666666666666666,3,0.09523809523809523,0.0125
synth-skew-tight,lognormal,1.5,1,cluster1,60,240,threshold,symmetric,0.8,1.0,1.0,1.0,3,0.0,0.0
synth-skew-tight,lognormal,1.5,1,cluster1,60,240,db,severity,1.0,0.6,1.0,0.7499999999999999,5,0.9836065573770492,0.25833333333333336
synth-skew-tight,lognormal,1.5,1,cluster1,60,240,db,severity,0.95,1.0,0.6666666666666666,0.8,2,0.8888888888888888,0.2375
synth-skew-tight,lognormal,1.5,1,cluster1,60,240,db,severity,0.9,1.0,0.6666666666666666,0.8,2,0.8785046728971964,0.19583333333333333
synth-skew-tight,lognormal,1.5,1,cluster1,60,240,db,severity,0.8,1.0,0.3333333333333333,0.5,1,0.7899159663865546,0.24583333333333332
synth-skew-tight,lognormal,1.5,1,cluster1,60,240,db,symmetric,1.0,0.6,1.0,0.7499999999999999,5,0.9836065573770492,0.25833333333333336
synth-skew-tight,lognormal,1.5,1,cluster1,60,240,db,symmetric,0.95,1.0,0.6666666666666666,0.8,2,0.8739495798319329,0.24583333333333332
synth-skew-tight,lognormal,1.5,1,cluster1,60,240,db,symmetric,0.9,1.0,0.6666666666666666,0.8,2,0.8495575221238938,0.22083333333333333
synth-skew-tight,lognormal,1.5,1,cluster1,60,240,db,symmetric,0.8,1.0,0.3333333333333333,0.5,1,0.7868852459016393,0.25833333333333336
synth-skew-tight,lognormal,1.5,1,cluster2,60,240,threshold,severity,1.0,1.0,1.0,1.0,3,0.8053691275167786,0.37083333333333335
synth-skew-tight,lognormal,1.5,1,cluster2,60,240,threshold,severity,0.95,1.0,1.0,1.0,3,0.23529411764705882,0.03333333333333333
synth-skew-tight,lognormal,1.5,1,cluster2,60,240,threshold,severity,0.9,1.0,1.0,1.0,3,0.03278688524590164,0.004166666666666667
synth-skew-tight,lognormal,1.5,1,cluster2,60,240,threshold,severity,0.8,1.0,1.0,1.0,3,0.0,0.0
synth-skew-tight,lognormal,1.5,1,cluster2,60,240,threshold,symmetric,1.0,1.0,1.0,1.0,3,0.8053691275167786,0.37083333333333335
synth-skew-tight,lognormal,1.5,1,cluster2,60,240,threshold,symmetric,0.95,1.0,1.0,1.0,3,0.208955223880597,0.029166666666666667
synth-skew-tight,lognormal,1.5,1,cluster2,60,240,threshold,symmetric,0.9,1.0,1.0,1.0,3,0.09523809523809523,0.0125
synth-skew-tight,lognormal,1.5,1,cluster2,60,240,threshold,symmetric,0.8,1.0,1.0,1.0,3,0.0,0.0
synth-skew-tight,lognormal,1.5,1,cluster2,60,240,db,severity,1.0,0.21428571428571427,1.0,0.35294117647058826,14,0.8053691275167786,0.37083333333333335
synth-skew-tight,lognormal,1.5,1,cluster2,60,240,db,severity,0.95,1.0,1.0,1.0,3,0.890909090909091,0.20833333333333334
synth-skew-tight,lognormal,1.5,1,cluster2,60,240,db,severity,0.9,1.0,0.6666666666666666,0.8,2,0.8545454545454546,0.20833333333333334
synth-skew-tight,lognormal,1.5,1,cluster2,60,240,db,severity,0.8,1.0,0.3333333333333333,0.5,1,0.8103448275862069,0.23333333333333334
synth-skew-tight,lognormal,1.5,1,cluster2,60,240,db,symmetric,1.0,0.21428571428571427,1.0,0.35294117647058826,14,0.8053691275167786,0.37083333333333335
synth-skew-tight,lognormal,1.5,1,cluster2,60,240,db,symmetric,0.95,1.0,1.0,1.0,3,0.8672566371681416,0.22083333333333333
synth-skew-tight,lognormal,1.5,1,cluster2,60,240,db,symmetric,0.9,1.0,0.6666666666666666,0.8,2,0.8421052631578948,0.225
synth-skew-tight,lognormal,1.5,1,cluster2,60,240,db,symmetric,0.8,1.0,0.6666666666666666,0.8,2,0.7722772277227723,0.17083333333333334
synth-skew-tight,lognormal,1.5,1,cluster3,60,240,threshold,severity,1.0,0.6666666666666666,0.6666666666666666,0.6666666666666666,3,0.8108108108108109,0.36666666666666664
synth-skew-tight,lognormal,1.5,1,cluster3,60,240,threshold,severity,0.95,1.0,1.0,1.0,3,0.23529411764705882,0.03333333333333333
synth-skew-tight,lognormal,1.5,1,cluster3,60,240,threshold,severity,0.9,1.0,1.0,1.0,3,0.06451612903225806,0.008333333333333333
synth-skew-tight,lognormal,1.5,1,cluster3,60,240,threshold,severity,0.8,1.0,1.0,1.0,3,0.03278688524590164,0.004166666666666667
synth-skew-tight,lognormal,1.5,1,cluster3,60,240,threshold,symmetric,1.0,0.6666666666666666,0.6666666666666666,0.6666666666666666,3,0.8108108108108109,0.36666666666666664
synth-skew-tight,lognormal,1.5,1,cluster3,60,240,threshold,symmetric,0.95,1.0,1.0,1.0,3,0.23529411764705882,0.03333333333333333
synth-skew-tight,lognormal,1.5,1,cluster3,60,240,threshold,symmetric,0.9,1.0,1.0,1.0,3,0.18181818181818182,0.025
synth-skew-tight,lognormal,1.5,1,cluster3,60,240,threshold,symmetric,0.8,1.0,1.0,1.0,3,0.03278688524590164,0.004166666666666667
synth-skew-tight,lognormal,1.5,1,cluster3,60,240,db,severity,1.0,0.13333333333333333,0.6666666666666666,0.2222222222222222,15,0.8108108108108109,0.36666666666666664
synth-skew-tight,lognormal,1.5,1,cluster3,60,240,db,severity,0.95,0.5,0.6666666666666666,0.5714285714285715,4,0.8672566371681416,0.22083333333333333
synth-skew-tight,lognormal,1.5,1,cluster3,60,240,db,severity,0.9,1.0,0.6666666666666666,0.8,2,0.8363636363636363,0.20833333333333334
synth-skew-tight,lognormal,1.5,1,cluster3,60,240,db,severity,0.8,1.0,0.3333333333333333,0.5,1,0.7899159663865546,0.24583333333333332
synth-skew-tight,lognormal,1.5,1,cluster3,60,240,db,symmetric,1.0,0.13333333333333333,0.6666666666666666,0.2222222222222222,15,0.8108108108108109,0.36666666666666664
synth-skew-tight,lognormal,1.5,1,cluster3,60,240,db,symmetric,0.95,0.5,0.6666666666666666,0.5714285714285715,4,0.8672566371681416,0.22083333333333333
synth-skew-tight,lognormal,1.5,1,cluster3,60,240,db,symmetric,0.9,1.0,0.6666666666666666,0.8,2,0.8421052631578948,0.225
synth-skew-tight,lognormal,1.5,1,cluster3,60,240,db,symmetric,0.8,1.0,0.3333333333333333,0.5,1,0.7384615384615385,0.2916666666666667
synth-skew-tight,lognormal,1.5,2,cluster0,60,240,threshold,severity,1.0,0.6666666666666666,0.6666666666666666,0.6666666666666666,3,0.8333333333333333,0.35
synth-skew-tight,lognormal,1.5,2,cluster0,60,240,threshold,severity,0.95,1.0,1.0,1.0,3,0.2,0.041666666666666664
synth-skew-tight,lognormal,1.5,2,cluster0,60,240,threshold,severity,0.9,1.0,1.0,1.0,3,0.06451612903225806,0.008333333333333333
synth-skew-tight,lognormal,1.5,2,cluster0,60,240,threshold,severity,0.8,1.0,1.0,1.0,3,0.0,0.0
synth-skew-tight,lognormal,1.5,2,cluster0,60,240,threshold,symmetric,1.0,0.6666666666666666,0.6666666666666666,0.6666666666666666,3,0.8333333333333333,0.35
synth-skew-tight,lognormal,1.5,2,cluster0,60,240,threshold,symmetric,0.95,1.0,1.0,1.0,3,0.21621621621621623,0.058333333333333334
synth-skew-tight,lognormal,1.5,2,cluster0,60,240,threshold,symmetric,0.9,1.0,1.0,1.0,3,0.09523809523809523,0.0125
synth-skew-tight,lognormal,1.5,2,cluster0,60,240,threshold,symmetric,0.8,1.0,1.0,1.0,3,0.0,0.0
synth-skew-tight,lognormal,1.5,2,cluster0,60,240,db,severity,1.0,0.21428571428571427,1.0,0.35294117647058826,14,0.8333333333333333,0.35
synth-skew-tight,lognormal,1.5,2,cluster0,60,240,db,severity,0.95,0.75,1.0,0.8571428571428571,4,0.7894736842105262,0.225
synth-skew-tight,lognormal,1.5,2,cluster0,60,240,db,severity,0.9,1.0,0.6666666666666666,0.8,2,0.8103448275862069,0.23333333333333334
synth-skew-tight,lognormal,1.5,2,cluster0,60,240,db,severity,0.8,1.0,0.3333333333333333,0.5,1,0.7704918032786884,0.25833333333333336
synth-skew-tight,lognormal,1.5,2,cluster0,60,240,db,symmetric,1.0,0.21428571428571427,1.0,0.35294117647058826,14,0.8333333333333333,0.35
synth-skew-tight,lognormal,1.5,2,cluster0,60,240,db,symmetric,0.95,0.2,0.3333333333333333,0.25,5,0.7317073170731706,0.2625
synth-skew-tight,lognormal,1.5,2,cluster0,60,240,db,symmetric,0.9,0.5,0.6666666666666666,0.5714285714285715,4,0.7924528301886793,0.19166666666666668
synth-skew-tight,lognormal,1.5,2,cluster0,60,240,db,symmetric,0.8,1.0,0.3333333333333333,0.5,1,0.761904761904762,0.275
synth-skew-tight,lognormal,1.5,2,cluster1,60,240,threshold,severity,1.0,1.0,1.0,1.0,3,0.9836065573770492,0.25833333333333336
synth-skew-tight,lognormal,1.5,2,cluster1,60,240,threshold,severity,0.95,1.0,1.0,1.0,3,0.3055555555555556,0.05
synth-skew-tight,lognormal,1.5,2,cluster1,60,240,threshold,severity,0.9,1.0,1.0,1.0,3,0.09523809523809523,0.0125
synth-skew-tight,lognormal,1.5,2,cluster1,60,240,threshold,severity,0.8,1.0,1.0,1.0,3,0.0,0.0
synth-skew-tight,lognormal,1.5,2,cluster1,60,240,threshold,symmetric,1.0,1.0,1.0,1.0,3,0.9836065573770492,0.25833333333333336
synth-skew-tight,lognormal,1.5,2,cluster1,60,240,threshold,symmetric,0.95,1.0,1.0,1.0,3,0.3055555555555556,0.05
synth-skew-tight,lognormal,1.5,2,cluster1,60,240,threshold,symmetric,0.9,1.0,1.0,1.0,3,0.125,0.016666666666666666
synth-skew-tight,lognormal,1.5,2,cluster1,60,240,threshold,symmetric,0.8,1.0,1.0,1.0,3,0.0,0.0
synth-skew-tight,lognormal,1.5,2,cluster1,60,240,db,severity,1.0,0.42857142857142855,1.0,0.6,7,0.9836065573770492,0.25833333333333336
synth-skew-tight,lognormal,1.5,2,cluster1,60,240,db,severity,0.95,1.0,0.6666666666666666,0.8,2,0.8760330578512396,0.25416666666666665
synth-skew-tight,lognormal,1.5,2,cluster1,60,240,db,severity,0.9,1.0,0.6666666666666666,0.8,2,0.8421052631578948,0.225
synth-skew-tight,lognormal,1.5,2,cluster1,60,240,db,severity,0.8,1.0,0.3333333333333333,0.5,1,0.7933884297520661,0.25416666666666665
synth-skew-tight,lognormal,1.5,2,cluster1,60,240,db,symmetric,1.0,0.42857142857142855,1.0,0.6,7,0.9836065573770492,0.25833333333333336
synth-skew-tight,lognormal,1.5,2,cluster1,60,240,db,symmetric,0.95,1.0,0.6666666666666666,0.8,2,0.8760330578512396,0.25416666666666665
synth-skew-tight,lognormal,1.5,2,cluster1,60,240,db,symmetric,0.9,1.0,0.6666666666666666,0.8,2,0.8448275862068966,0.23333333333333334
synth-skew-tight,lognormal,1.5,2,cluster1,60,240,db,symmetric,0.8,1.0,0.6666666666666666,0.8,2,0.7572815533980582,0.17916666666666667
synth-skew-tight,lognormal,1.5,2,cluster2,60,240,threshold,severity,1.0,0.6666666666666666,0.6666666666666666,0.6666666666666666,3,0.7843137254901961,0.3875
synth-skew-tight,lognormal,1.5,2,cluster2,60,240,threshold,severity,0.95,1.0,1.0,1.0,3,0.39473684210526316,0.06666666666666667
synth-skew-tight,lognormal,1.5,2,cluster2,60,240,threshold,severity,0.9,1.0,1.0,1.0,3,0.09523809523809523,0.0125
synth-skew-tight,lognormal,1.5,2,cluster2,60,240,threshold,severity,0.8,1.0,1.0,1.0,3,0.0,0.0
synth-skew-tight,lognormal,1.5,2,cluster2,60,240,threshold,symmetric,1.0,0.6666666666666666,0.6666666666666666,0.6666666666666666,3,0.7843137254901961,0.3875
synth-skew-tight,lognormal,1.5,2,cluster2,60,240,threshold,symmetric,0.95,1.0,1.0,1.0,3,0.39473684210526316,0.06666666666666667
synth-skew-tight,lognormal,1.5,2,cluster2,60,240,threshold,symmetric,0.9,1.0,1.0,1.0,3,0.15384615384615385,0.020833333333333332
synth-skew-tight,lognormal,1.5,2,cluster2,60,240,threshold,symmetric,0.8,1.0,1.0,1.0,3,0.0,0.0
synth-skew-tight,lognormal,1.5,2,cluster2,60,240,db,severity,1.0,0.16666666666666666,1.0,0.2857142857142857,18,0.7843137254901961,0.3875
synth-skew-tight,lognormal,1.5,2,cluster2,60,240,db,severity,0.95,1.0,1.0,1.0,3,0.8695652173913043,0.22916666666666666
synth-skew-tight,lognormal,1.5,2,cluster2,60,240,db,severity,0.9,1.0,0.6666666666666666,0.8,2,0.8571428571428571,0.21666666666666667
synth-skew-tight,lognormal,1.5,2,cluster2,60,240,db,severity,0.8,1.0,0.3333333333333333,0.5,1,0.8545454545454546,0.20833333333333334
synth-skew-tight,lognormal,1.5,2,cluster2,60,240,db,symmetric,1.0,0.16666666666666666,1.0,0.2857142857142857,18,0.7843137254901961,0.3875
synth-skew-tight,lognormal,1.5,2,cluster2,60,240,db,symmetric,0.95,0.5,0.6666666666666666,0.5714285714285715,4,0.8318584070796461,0.22083333333333333
synth-skew-tight,lognormal,1.5,2,cluster2,60,240,db,symmetric,0.9,1.0,0.6666666666666666,0.8,2,0.8448275862068966,0.23333333333333334
synth-skew-tight,lognormal,1.5,2,cluster2,60,240,db,symmetric,0.8,1.0,0.6666666666666666,0.8,2,0.838095238095238,0.1875
synth-skew-tight,lognormal,1.5,2,cluster3,60,240,threshold,severity,1.0,1.0,1.0,1.0,3,0.975609756097561,0.2625
synth-skew-tight,lognormal,1.5,2,cluster3,60,240,threshold,severity,0.95,1.0,1.0,1.0,3,0.2857142857142857,0.041666666666666664
synth-skew-tight,lognormal,1.5,2,cluster3,60,240,threshold,severity,0.9,1.0,1.0,1.0,3,0.06451612903225806,0.008333333333333333
synth-skew-tight,lognormal,1.5,2,cluster3,60,240,threshold,severity,0.8,1.0,1.0,1.0,3,0.0,0.0
synth-skew-tight,lognormal,1.5,2,cluster3,60,240,threshold,symmetric,1.0,1.0,1.0,1.0,3,0.975609756097561,0.2625
synth-skew-tight,lognormal,1.5,2,cluster3,60,240,threshold,symmetric,0.95,1.0,1.0,1.0,3,0.30985915492957744,0.04583333333333333
synth-skew-tight,lognormal,1.5,2,cluster3,60,240,threshold,symmetric,0.9,1.0,1.0,1.0,3,0.15384615384615385,0.020833333333333332
synth-skew-tight,lognormal,1.5,2,cluster3,60,240,threshold,symmetric,0.8,1.0,1.0,1.0,3,0.0,0.0
synth-skew-tight,lognormal,1.5,2,cluster3,60,240,db,severity,1.0,0.6,1.0,0.7499999999999999,5,0.975609756097561,0.2625
synth-skew-tight,lognormal,1.5,2,cluster3,60,240,db,severity,0.95,0.6666666666666666,0.6666666666666666,0.6666666666666666,3,0.8495575221238938,0.22083333333333333
synth-skew-tight,lognormal,1.5,2,cluster3,60,240,db,severity,0.9,1.0,0.6666666666666666,0.8,2,0.8495575221238938,0.22083333333333333
synth-skew-tight,lognormal,1.5,2,cluster3,60,240,db,severity,0.8,1.0,0.3333333333333333,0.5,1,0.7500000000000001,0.2833333333333333
synth-skew-tight,lognormal,1.5,2,cluster3,60,240,db,symmetric,1.0,0.6,1.0,0.7499999999999999,5,0.975609756097561,0.2625
synth-skew-tight,lognormal,1.5,2,cluster3,60,240,db,symmetric,0.95,0.75,1.0,0.8571428571428571,4,0.838095238095238,0.1875
synth-skew-tight,lognormal,1.5,2,cluster3,60,240,db,symmetric,0.9,1.0,1.0,1.0,3,0.8256880733944955,0.20416666666666666
synth-skew-tight,lognormal,1.5,2,cluster3,60,240,db,symmetric,0.8,1.0,0.6666666666666666,0.8,2,0.7647058823529412,0.175
synth-skew-tight,lognormal,1.5,3,cluster0,60,240,threshold,severity,1.0,1.0,1.0,1.0,3,0.9302325581395349,0.2875
synth-skew-tight,lognormal,1.5,3,cluster0,60,240,threshold,severity,0.95,1.0,1.0,1.0,3,0.23529411764705882,0.03333333333333333
synth-skew-tight,lognormal,1.5,3,cluster0,60,240,threshold,severity,0.9,1.0,1.0,1.0,3,0.09523809523809523,0.0125
synth-skew-tight,lognormal,1.5,3,cluster0,60,240,threshold,severity,0.8,1.0,1.0,1.0,3,0.0,0.0
synth-skew-tight,lognormal,1.5,3,cluster0,60,240,threshold,symmetric,1.0,1.0,1.0,1.0,3,0.9302325581395349,0.2875
synth-skew-tight,lognormal,1.5,3,cluster0,60,240,threshold,symmetric,0.95,1.0,1.0,1.0,3,0.2857142857142857,0.041666666666666664
synth-skew-tight,lognormal,1.5,3,cluster0,60,240,threshold,symmetric,0.9,1.0,1.0,1.0,3,0.09523809523809523,0.0125
synth-skew-tight,lognormal,1.5,3,cluster0,60,240,threshold,symmetric,0.8,1.0,1.0,1.0,3,0.03278688524590164,0.004166666666666667
synth-skew-tight,lognormal,1.5,3,cluster0,60,240,db,severity,1.0,0.3,1.0,0.4615384615384615,10,0.9302325581395349,0.2875
synth-skew-tight,lognormal,1.5,3,cluster0,60,240,db,severity,0.95,1.0,1.0,1.0,3,0.8521739130434782,0.22916666666666666
synth-skew-tight,lognormal,1.5,3,cluster0,60,240,db,severity,0.9,1.0,1.0,1.0,3,0.838095238095238,0.1875
synth-skew-tight,lognormal,1.5,3,cluster0,60,240,db,severity,0.8,1.0,0.3333333333333333,0.5,1,0.8000000000000002,0.25
synth-skew-tight,lognormal,1.5,3,cluster0,60,240,db,symmetric,1.0,0.3,1.0,0.4615384615384615,10,0.9302325581395349,0.2875
synth-skew-tight,lognormal,1.5,3,cluster0,60,240,db,symmetric,0.95,0.75,1.0,0.8571428571428571,4,0.8392857142857143,0.21666666666666667
synth-skew-tight,lognormal,1.5,3,cluster0,60,240,db,symmetric,0.9,1.0,1.0,1.0,3,0.8256880733944955,0.20416666666666666
synth-skew-tight,lognormal,1.5,3,cluster0,60,240,db,symmetric,0.8,1.0,0.6666666666666666,0.8,2,0.761904761904762,0.1875
synth-skew-tight,lognormal,1.5,3,cluster1,60,240,threshold,severity,1.0,1.0,1.0,1.0,3,0.8823529411764706,0.31666666666666665
synth-skew-tight,lognormal,1.5,3,cluster1,60,240,threshold,severity,0.95,1.0,1.0,1.0,3,0.20588235294117646,0.03333333333333333
synth-skew-tight,lognormal,1.5,3,cluster1,60,240,threshold,severity,0.9,1.0,1.0,1.0,3,0.03278688524590164,0.004166666666666667
synth-skew-tight,lognormal,1.5,3,cluster1,60,240,threshold,severity,0.8,1.0,1.0,1.0,3,0.0,0.0
synth-skew-tight,lognormal,1.5,3,cluster1,60,240,threshold,symmetric,1.0,1.0,1.0,1.0,3,0.8823529411764706,0.31666666666666665
synth-skew-tight,lognormal,1.5,3,cluster1,60,240,threshold,symmetric,0.95,1.0,1.0,1.0,3,0.17910447761194032,0.029166666666666667
synth-skew-tight,lognormal,1.5,3,cluster1,60,240,threshold,symmetric,0.9,1.0,1.0,1.0,3,0.03278688524590164,0.004166666666666667
synth-skew-tight,lognormal,1.5,3,cluster1,60,240,threshold,symmetric,0.8,1.0,1.0,1.0,3,0.0,0.0
synth-skew-tight,lognormal,1.5,3,cluster1,60,240,db,severity,1.0,0.25,1.0,0.4,12,0.8823529411764706,0.31666666666666665
synth-skew-tight,lognormal,1.5,3,cluster1,60,240,db,severity,0.95,1.0,1.0,1.0,3,0.8648648648648648,0.2125
synth-skew-tight,lognormal,1.5,3,cluster1,60,240,db,severity,0.9,1.0,0.6666666666666666,0.8,2,0.8214285714285715,0.21666666666666667
synth-skew-tight,lognormal,1.5,3,cluster1,60,240,db,severity,0.8,1.0,0.3333333333333333,0.5,1,0.8245614035087719,0.225
synth-skew-tight,lognormal,1.5,3,cluster1,60,240,db,symmetric,1.0,0.25,1.0,0.4,12,0.8823529411764706,0.31666666666666665
synth-skew-tight,lognormal,1.5,3,cluster1,60,240,db,symmetric,0.95,1.0,0.6666666666666666,0.8,2,0.8062015503875969,0.2875
synth-skew-tight,lognormal,1.5,3,cluster1,60,240,db,symmetric,0.9,1.0,0.6666666666666666,0.8,2,0.8067226890756303,0.24583333333333332
synth-skew-tight,lognormal,1.5,3,cluster1,60,240,db,symmetric,0.8,1.0,0.3333333333333333,0.5,1,0.8067226890756303,0.24583333333333332
synth-skew-tight,lognormal,1.5,3,cluster2,60,240,threshold,severity,1.0,0.6666666666666666,0.6666666666666666,0.6666666666666666,3,0.916030534351145,0.29583333333333334
synth-skew-tight,lognormal,1.5,3,cluster2,60,240,threshold,severity,0.95,0.6666666666666666,0.6666666666666666,0.6666666666666666,3,0.38961038961038963,0.07083333333333333
synth-skew-tight,lognormal,1.5,3,cluster2,60,240,threshold,severity,0.9,1.0,1.0,1.0,3,0.09523809523809523,0.0125
synth-skew-tight,lognormal,1.5,3,cluster2,60,240,threshold,severity,0.8,1.0,1.0,1.0,3,0.0,0.0
synth-skew-tight,lognormal,1.5,3,cluster2,60,240,threshold,symmetric,1.0,0.6666666666666666,0.6666666666666666,0.6666666666666666,3,0.916030534351145,0.29583333333333334
synth-skew-tight,lognormal,1.5,3,cluster2,60,240,threshold,symmetric,0.95,0.6666666666666666,0.6666666666666666,0.6666666666666666,3,0.38961038961038963,0.07083333333333333
synth-skew-tight,lognormal,1.5,3,cluster2,60,240,threshold,symmetric,0.9,0.6666666666666666,0.6666666666666666,0.6666666666666666,3,0.125,0.016666666666666666
synth-skew-tight,lognormal,1.5,3,cluster2,60,240,threshold,symmetric,0.8,1.0,1.0,1.0,3,0.0,0.0
synth-skew-tight,lognormal,1.5,3,cluster2,60,240,db,severity,1.0,0.25,0.6666666666666666,0.36363636363636365,8,0.916030534351145,0.29583333333333334
synth-skew-tight,lognormal,1.5,3,cluster2,60,240,db,severity,0.95,1.0,0.6666666666666666,0.8,2,0.8387096774193549,0.26666666666666666
synth-skew-tight,lognormal,1.5,3,cluster2,60,240,db,severity,0.9,1.0,0.6666666666666666,0.8,2,0.8214285714285715,0.21666666666666667
synth-skew-tight,lognormal,1.5,3,cluster2,60,240,db,severity,0.8,1.0,0.3333333333333333,0.5,1,0.7642276422764228,0.2625
synth-skew-tight,lognormal,1.5,3,cluster2,60,240,db,symmetric,1.0,0.25,0.6666666666666666,0.36363636363636365,8,0.916030534351145,0.29583333333333334
synth-skew-tight,lognormal,1.5,3,cluster2,60,240,db,symmetric,0.95,1.0,0.6666666666666666,0.8,2,0.8253968253968254,0.275
synth-skew-tight,lognormal,1.5,3,cluster2,60,240,db,symmetric,0.9,0.6666666666666666,0.6666666666666666,0.6666666666666666,3,0.8148148148148148,0.2
synth-skew-tight,lognormal,1.5,3,cluster2,60,240,db,symmetric,0.8,1.0,0.3333333333333333,0.5,1,0.7804878048780488,0.2625
synth-skew-tight,lognormal,1.5,3,cluster3,60,240,threshold,severity,1.0,0.6666666666666666,0.6666666666666666,0.6666666666666666,3,0.923076923076923,0.2916666666666667
synth-skew-tight,lognormal,1.5,3,cluster3,60,240,threshold,severity,0.95,1.0,1.0,1.0,3,0.32876712328767127,0.05416666666666667
synth-skew-tight,lognormal,1.5,3,cluster3,60,240,threshold,severity,0.9,1.0,1.0,1.0,3,0.09375000000000001,0.016666666666666666
synth-skew-tight,lognormal,1.5,3,cluster3,60,240,threshold,severity,0.8,1.0,1.0,1.0,3,0.03278688524590164,0.004166666666666667
synth-skew-tight,lognormal,1.5,3,cluster3,60,240,threshold,symmetric,1.0,0.6666666666666666,0.6666666666666666,0.6666666666666666,3,0.923076923076923,0.2916666666666667
synth-skew-tight,lognormal,1.5,3,cluster3,60,240,threshold,symmetric,0.95,1.0,1.0,1.0,3,0.35135135135135137,0.058333333333333334
synth-skew-tight,lognormal,1.5,3,cluster3,60,240,threshold,symmetric,0.9,1.0,1.0,1.0,3,0.125,0.016666666666666666
synth-skew-tight,lognormal,1.5,3,cluster3,60,240,threshold,symmetric,0.8,1.0,1.0,1.0,3,0.0,0.0
synth-skew-tight,lognormal,1.5,3,cluster3,60,240,db,severity,1.0,0.23076923076923078,1.0,0.375,13,0.923076923076923,0.2916666666666667
synth-skew-tight,lognormal,1.5,3,cluster3,60,240,db,severity,0.95,1.0,0.6666666666666666,0.8,2,0.896551724137931,0.23333333333333334
synth-skew-tight,lognormal,1.5,3,cluster3,60,240,db,severity,0.9,1.0,0.6666666666666666,0.8,2,0.8440366972477065,0.20416666666666666
synth-skew-tight,lognormal,1.5,3,cluster3,60,240,db,severity,0.8,1.0,0.6666666666666666,0.8,2,0.7755102040816326,0.15833333333333333
synth-skew-tight,lognormal,1.5,3,cluster3,60,240,db,symmetric,1.0,0.23076923076923078,1.0,0.375,13,0.923076923076923,0.2916666666666667
synth-skew-tight,lognormal,1.5,3,cluster3,60,240,db,symmetric,0.95,1.0,1.0,1.0,3,0.8648648648648648,0.2125
synth-skew-tight,lognormal,1.5,3,cluster3,60,240,db,symmetric,0.9,1.0,0.6666666666666666,0.8,2,0.8571428571428571,0.21666666666666667
synth-skew-tight,lognormal,1.5,3,cluster3,60,240,db,symmetric,0.8,1.0,0.6666666666666666,0.8,2,0.7450980392156863,0.175
synth-skew-tight,lognormal,1.5,4,cluster0,60,240,threshold,severity,1.0,1.0,1.0,1.0,3,0.8759124087591241,0.32083333333333336
synth-skew-tight,lognormal,1.5,4,cluster0,60,240,threshold,severity,0.95,1.0,1.0,1.0,3,0.23529411764705882,0.03333333333333333
synth-skew-tight,lognormal,1.5,4,cluster0,60,240,threshold,severity,0.9,1.0,1.0,1.0,3,0.06451612903225806,0.008333333333333333
synth-skew-tight,lognormal,1.5,4,cluster0,60,240,threshold,severity,0.8,1.0,1.0,1.0,3,0.0,0.0
synth-skew-tight,lognormal,1.5,4,cluster0,60,240,threshold,symmetric,1.0,1.0,1.0,1.0,3,0.8759124087591241,0.32083333333333336
synth-skew-tight,lognormal,1.5,4,cluster0,60,240,threshold,symmetric,0.95,1.0,1.0,1.0,3,0.2318840579710145,0.0375
synth-skew-tight,lognormal,1.5,4,cluster0,60,240,threshold,symmetric,0.9,1.0,1.0,1.0,3,0.06451612903225806,0.008333333333333333
synth-skew-tight,lognormal,1.5,4,cluster0,60,240,threshold,symmetric,0.8,1.0,1.0,1.0,3,0.0,0.0
synth-skew-tight,lognormal,1.5,4,cluster0,60,240,db,severity,1.0,0.23076923076923078,1.0,0.375,13,0.8759124087591241,0.32083333333333336
synth-skew-tight,lognormal,1.5,4,cluster0,60,240,db,severity,0.95,1.0,0.6666666666666666,0.8,2,0.896551724137931,0.23333333333333334
synth-skew-tight,lognormal,1.5,4,cluster0,60,240,db,severity,0.9,1.0,0.6666666666666666,0.8,2,0.8648648648648648,0.2125
synth-skew-tight,lognormal,1.5,4,cluster0,60,240,db,severity,0.8,1.0,0.3333333333333333,0.5,1,0.8135593220338982,0.24166666666666667
synth-skew-tight,lognormal,1.5,4,cluster0,60,240,db,symmetric,1.0,0.23076923076923078,1.0,0.375,13,0.8759124087591241,0.32083333333333336
synth-skew-tight,lognormal,1.5,4,cluster0,60,240,db,symmetric,0.95,1.0,0.6666666666666666,0.8,2,0.8595041322314049,0.25416666666666665
synth-skew-tight,lognormal,1.5,4,cluster0,60,240,db,symmetric,0.9,1.0,0.6666666666666666,0.8,2,0.8849557522123894,0.22083333333333333
synth-skew-tight,lognormal,1.5,4,cluster0,60,240,db,symmetric,0.8,1.0,0.3333333333333333,0.5,1,0.7804878048780488,0.2625
synth-skew-tight,lognormal,1.5,4,cluster1,60,240,threshold,severity,1.0,0.6666666666666666,0.6666666666666666,0.6666666666666666,3,0.851063829787234,0.3375
synth-skew-tight,lognormal,1.5,4,cluster1,60,240,threshold,severity,0.95,1.0,1.0,1.0,3,0.2608695652173913,0.0375
synth-skew-tight,lognormal,1.5,4,cluster1,60,240,threshold,severity,0.9,1.0,1.0,1.0,3,0.03278688524590164,0.004166666666666667
synth-skew-tight,lognormal,1.5,4,cluster1,60,240,threshold,severity,0.8,1.0,1.0,1.0,3,0.0,0.0
synth-skew-tight,lognormal,1.5,4,cluster1,60,240,threshold,symmetric,1.0,0.6666666666666666,0.6666666666666666,0.6666666666666666,3,0.851063829787234,0.3375
synth-skew-tight,lognormal,1.5,4,cluster1,60,240,threshold,symmetric,0.95,1.0,1.0,1.0,3,0.2608695652173913,0.0375
synth-skew-tight,lognormal,1.5,4,cluster1,60,240,threshold,symmetric,0.9,1.0,1.0,1.0,3,0.09523809523809523,0.0125
synth-skew-tight,lognormal,1.5,4,cluster1,60,240,threshold,symmetric,0.8,1.0,1.0,1.0,3,0.0,0.0
synth-skew-tight,lognormal,1.5,4,cluster1,60,240,db,severity,1.0,0.23076923076923078,1.0,0.375,13,0.851063829787234,0.3375
synth-skew-tight,lognormal,1.5,4,cluster1,60,240,db,severity,0.95,1.0,1.0,1.0,3,0.8749999999999999,0.21666666666666667
synth-skew-tight,lognormal,1.5,4,cluster1,60,240,db,severity,0.9,1.0,0.6666666666666666,0.8,2,0.8468468468468469,0.2125
synth-skew-tight,lognormal,1.5,4,cluster1,60,240,db,severity,0.8,1.0,0.3333333333333333,0.5,1,0.7966101694915254,0.24166666666666667
synth-skew-tight,lognormal,1.5,4,cluster1,60,240,db,symmetric,1.0,0.23076923076923078,1.0,0.375,13,0.851063829787234,0.3375
synth-skew-tight,lognormal,1.5,4,cluster1,60,240,db,symmetric,0.95,1.0,0.6666666666666666,0.8,2,0.8548387096774193,0.26666666666666666
synth-skew-tight,lognormal,1.5,4,cluster1,60,240,db,symmetric,0.9,1.0,0.6666666666666666,0.8,2,0.8547008547008548,0.2375
synth-skew-tight,lognormal,1.5,4,cluster1,60,240,db,symmetric,0.8,1.0,0.3333333333333333,0.5,1,0.761904761904762,0.275
synth-skew-tight,lognormal,1.5,4,cluster2,60,240,threshold,severity,1.0,1.0,1.0,1.0,3,0.7894736842105263,0.38333333333333336
synth-skew-tight,lognormal,1.5,4,cluster2,60,240,threshold,severity,0.95,1.0,1.0,1.0,3,0.20588235294117646,0.03333333333333333
synth-skew-tight,lognormal,1.5,4,cluster2,60,240,threshold,severity,0.9,1.0,1.0,1.0,3,0.06451612903225806,0.008333333333333333
synth-skew-tight,lognormal,1.5,4,cluster2,60,240,threshold,severity,0.8,1.0,1.0,1.0,3,0.0,0.0
synth-skew-tight,lognormal,1.5,4,cluster2,60,240,threshold,symmetric,1.0,1.0,1.0,1.0,3,0.7894736842105263,0.38333333333333336
synth-skew-tight,lognormal,1.5,4,cluster2,60,240,threshold,symmetric,0.95,1.0,1.0,1.0,3,0.20588235294117646,0.03333333333333333
synth-skew-tight,lognormal,1.5,4,cluster2,60,240,threshold,symmetric,0.9,1.0,1.0,1.0,3,0.125,0.016666666666666666
synth-skew-tight,lognormal,1.5,4,cluster2,60,240,threshold,symmetric,0.8,1.0,1.0,1.0,3,0.0,0.0
synth-skew-tight,lognormal,1.5,4,cluster2,60,240,db,severity,1.0,0.1875,1.0,0.3157894736842105,16,0.7894736842105263,0.38333333333333336
synth-skew-tight,lognormal,1.5,4,cluster2,60,240,db,severity,0.95,0.75,1.0,0.8571428571428571,4,0.8067226890756303,0.24583333333333332
synth-skew-tight,lognormal,1.5,4,cluster2,60,240,db,severity,0.9,1.0,0.6666666666666666,0.8,2,0.888888888888889,0.2
synth-skew-tight,lognormal,1.5,4,cluster2,60,240,db,severity,0.8,1.0,0.6666666666666666,0.8,2,0.7920792079207921,0.17083333333333334
synth-skew-tight,lognormal,1.5,4,cluster2,60,240,db,symmetric,1.0,0.1875,1.0,0.3157894736842105,16,0.7894736842105263,0.38333333333333336
synth-skew-tight,lognormal,1.5,4,cluster2,60,240,db,symmetric,0.95,0.75,1.0,0.8571428571428571,4,0.7768595041322314,0.25416666666666665
synth-skew-tight,lognormal,1.5,4,cluster2,60,240,db,symmetric,0.9,0.6666666666666666,0.6666666666666666,0.6666666666666666,3,0.8034188034188033,0.2375
synth-skew-tight,lognormal,1.5,4,cluster2,60,240,db,symmetric,0.8,1.0,0.3333333333333333,0.5,1,0.7868852459016393,0.25833333333333336
synth-skew-tight,lognormal,1.5,4,cluster3,60,240,threshold,severity,1.0,1.0,1.0,1.0,3,0.7407407407407407,0.425
synth-skew-tight,lognormal,1.5,4,cluster3,60,240,threshold,severity,0.95,1.0,1.0,1.0,3,0.37837837837837834,0.058333333333333334
synth-skew-tight,lognormal,1.5,4,cluster3,60,240,threshold,severity,0.9,1.0,1.0,1.0,3,0.15384615384615385,0.020833333333333332
synth-skew-tight,lognormal,1.5,4,cluster3,60,240,threshold,severity,0.8,1.0,1.0,1.0,3,0.0,0.0
synth-skew-tight,lognormal,1.5,4,cluster3,60,240,threshold,symmetric,1.0,1.0,1.0,1.0,3,0.7407407407407407,0.425
synth-skew-tight,lognormal,1.5,4,cluster3,60,240,threshold,symmetric,0.95,1.0,1.0,1.0,3,0.37837837837837834,0.058333333333333334
synth-skew-tight,lognormal,1.5,4,cluster3,60,240,threshold,symmetric,0.9,0.6666666666666666,0.6666666666666666,0.6666666666666666,3,0.2608695652173913,0.0375
synth-skew-tight,lognormal,1.5,4,cluster3,60,240,threshold,symmetric,0.8,1.0,1.0,1.0,3,0.0,0.0
synth-skew-tight,lognormal,1.5,4,cluster3,60,240,db,severity,1.0,0.15,1.0,0.2608695652173913,20,0.7407407407407407,0.425
synth-skew-tight,lognormal,1.5,4,cluster3,60,240,db,severity,0.95,0.6666666666666666,0.6666666666666666,0.6666666666666666,3,0.8695652173913043,0.22916666666666666
synth-skew-tight,lognormal,1.5,4,cluster3,60,240,db,severity,0.9,1.0,0.6666666666666666,0.8,2,0.8648648648648648,0.2125
synth-skew-tight,lognormal,1.5,4,cluster3,60,240,db,severity,0.8,1.0,0.3333333333333333,0.5,1,0.7768595041322314,0.25416666666666665
synth-skew-tight,lognormal,1.5,4,cluster3,60,240,db,symmetric,1.0,0.15,1.0,0.2608695652173913,20,0.7407407407407407,0.425
synth-skew-tight,lognormal,1.5,4,cluster3,60,240,db,symmetric,0.95,0.6,1.0,0.7499999999999999,5,0.8301886792452831,0.19166666666666668
synth-skew-tight,lognormal,1.5,4,cluster3,60,240,db,symmetric,0.9,1.0,0.6666666666666666,0.8,2,0.8347826086956521,0.22916666666666666
synth-skew-tight,lognormal,1.5,4,cluster3,60,240,db,symmetric,0.8,1.0,0.6666666666666666,0.8,2,0.7843137254901961,0.175
synth-skew-tight,lognormal,1.5,5,cluster0,60,240,threshold,severity,1.0,1.0,1.0,1.0,3,0.8633093525179857,0.32916666666666666
synth-skew-tight,lognormal,1.5,5,cluster0,60,240,threshold,severity,0.95,1.0,1.0,1.0,3,0.23529411764705882,0.03333333333333333
synth-skew-tight,lognormal,1.5,5,cluster0,60,240,threshold,severity,0.9,1.0,1.0,1.0,3,0.06451612903225806,0.008333333333333333
synth-skew-tight,lognormal,1.5,5,cluster0,60,240,threshold,severity,0.8,1.0,1.0,1.0,3,0.0,0.0
synth-skew-tight,lognormal,1.5,5,cluster0,60,240,threshold,symmetric,1.0,1.0,1.0,1.0,3,0.8633093525179857,0.32916666666666666
synth-skew-tight,lognormal,1.5,5,cluster0,60,240,threshold,symmetric,0.95,1.0,1.0,1.0,3,0.17647058823529416,0.03333333333333333
synth-skew-tight,lognormal,1.5,5,cluster0,60,240,threshold,symmetric,0.9,1.0,1.0,1.0,3,0.06451612903225806,0.008333333333333333
synth-skew-tight,lognormal,1.5,5,cluster0,60,240,threshold,symmetric,0.8,1.0,1.0,1.0,3,0.0,0.0
synth-skew-tight,lognormal,1.5,5,cluster0,60,240,db,severity,1.0,0.15789473684210525,1.0,0.2727272727272727,19,0.8633093525179857,0.32916666666666666
synth-skew-tight,lognormal,1.5,5,cluster0,60,240,db,severity,0.95,1.0,1.0,1.0,3,0.8928571428571429,0.21666666666666667
synth-skew-tight,lognormal,1.5,5,cluster0,60,240,db,severity,0.9,0.6666666666666666,0.6666666666666666,0.6666666666666666,3,0.8411214953271028,0.19583333333333333
synth-skew-tight,lognormal,1.5,5,cluster0,60,240,db,severity,0.8,1.0,0.3333333333333333,0.5,1,0.7833333333333333,0.25
synth-skew-tight,lognormal,1.5,5,cluster0,60,240,db,symmetric,1.0,0.15789473684210525,1.0,0.2727272727272727,19,0.8633093525179857,0.32916666666666666
synth-skew-tight,lognormal,1.5,5,cluster0,60,240,db,symmetric,0.95,1.0,1.0,1.0,3,0.784,0.2708333333333333
synth-skew-tight,lognormal,1.5,5,cluster0,60,240,db,symmetric,0.9,1.0,1.0,1.0,3,0.8571428571428571,0.1875
synth-skew-tight,lognormal,1.5,5,cluster0,60,240,db,symmetric,0.8,1.0,0.6666666666666666,0.8,2,0.74,0.16666666666666666
synth-skew-tight,lognormal,1.5,5,cluster1,60,240,threshold,severity,1.0,0.6666666666666666,0.6666666666666666,0.6666666666666666,3,0.7792207792207793,0.39166666666666666
synth-skew-tight,lognormal,1.5,5,cluster1,60,240,threshold,severity,0.95,1.0,1.0,1.0,3,0.4556962025316456,0.07916666666666666
synth-skew-tight,lognormal,1.5,5,cluster1,60,240,threshold,severity,0.9,1.0,1.0,1.0,3,0.03225806451612903,0.008333333333333333
synth-skew-tight,lognormal,1.5,5,cluster1,60,240,threshold,severity,0.8,1.0,1.0,1.0,3,0.0,0.0
synth-skew-tight,lognormal,1.5,5,cluster1,60,240,threshold,symmetric,1.0,0.6666666666666666,0.6666666666666666,0.6666666666666666,3,0.7792207792207793,0.39166666666666666
synth-skew-tight,lognormal,1.5,5,cluster1,60,240,threshold,symmetric,0.95,1.0,1.0,1.0,3,0.41025641025641024,0.075
synth-skew-tight,lognormal,1.5,5,cluster1,60,240,threshold,symmetric,0.9,1.0,1.0,1.0,3,0.09523809523809523,0.0125
synth-skew-tight,lognormal,1.5,5,cluster1,60,240,threshold,symmetric,0.8,1.0,1.0,1.0,3,0.0,0.0
synth-skew-tight,lognormal,1.5,5,cluster1,60,240,db,severity,1.0,0.2727272727272727,1.0,0.42857142857142855,11,0.7792207792207793,0.39166666666666666
synth-skew-tight,lognormal,1.5,5,cluster1,60,240,db,severity,0.95,1.0,1.0,1.0,3,0.8521739130434782,0.22916666666666666
synth-skew-tight,lognormal,1.5,5,cluster1,60,240,db,severity,0.9,1.0,0.6666666666666666,0.8,2,0.8245614035087719,0.225
synth-skew-tight,lognormal,1.5,5,cluster1,60,240,db,severity,0.8,1.0,0.6666666666666666,0.8,2,0.7722772277227723,0.17083333333333334
synth-skew-tight,lognormal,1.5,5,cluster1,60,240,db,symmetric,1.0,0.2727272727272727,1.0,0.42857142857142855,11,0.7792207792207793,0.39166666666666666
synth-skew-tight,lognormal,1.5,5,cluster1,60,240,db,symmetric,0.95,0.6666666666666666,0.6666666666666666,0.6666666666666666,3,0.7967479674796747,0.2625
synth-skew-tight,lognormal,1.5,5,cluster1,60,240,db,symmetric,0.9,1.0,0.6666666666666666,0.8,2,0.8376068376068376,0.2375
synth-skew-tight,lognormal,1.5,5,cluster1,60,240,db,symmetric,0.8,1.0,0.6666666666666666,0.8,2,0.7572815533980582,0.17916666666666667
synth-skew-tight,lognormal,1.5,5,cluster2,60,240,threshold,severity,1.0,1.0,1.0,1.0,3,0.9375,0.2833333333333333
synth-skew-tight,lognormal,1.5,5,cluster2,60,240,threshold,severity,0.95,1.0,1.0,1.0,3,0.2857142857142857,0.041666666666666664
synth-skew-tight,lognormal,1.5,5,cluster2,60,240,threshold,severity,0.9,1.0,1.0,1.0,3,0.06451612903225806,0.008333333333333333
synth-skew-tight,lognormal,1.5,5,cluster2,60,240,threshold,severity,0.8,1.0,1.0,1.0,3,0.0,0.0
synth-skew-tight,lognormal,1.5,5,cluster2,60,240,threshold,symmetric,1.0,1.0,1.0,1.0,3,0.9375,0.2833333333333333
synth-skew-tight,lognormal,1.5,5,cluster2,60,240,threshold,symmetric,0.95,1.0,1.0,1.0,3,0.2777777777777778,0.05
synth-skew-tight,lognormal,1.5,5,cluster2,60,240,threshold,symmetric,0.9,1.0,1.0,1.0,3,0.15384615384615385,0.020833333333333332
synth-skew-tight,lognormal,1.5,5,cluster2,60,240,threshold,symmetric,0.8,1.0,1.0,1.0,3,0.0,0.0
synth-skew-tight,lognormal,1.5,5,cluster2,60,240,db,severity,1.0,0.5,1.0,0.6666666666666666,6,0.9375,0.2833333333333333
synth-skew-tight,lognormal,1.5,5,cluster2,60,240,db,severity,0.95,1.0,1.0,1.0,3,0.8928571428571429,0.21666666666666667
synth-skew-tight,lognormal,1.5,5,cluster2,60,240,db,severity,0.9,1.0,0.6666666666666666,0.8,2,0.8440366972477065,0.20416666666666666
synth-skew-tight,lognormal,1.5,5,cluster2,60,240,db,severity,0.8,1.0,0.3333333333333333,0.5,1,0.7966101694915254,0.24166666666666667
synth-skew-tight,lognormal,1.5,5,cluster2,60,240,db,symmetric,1.0,0.5,1.0,0.6666666666666666,6,0.9375,0.2833333333333333
synth-skew-tight,lognormal,1.5,5,cluster2,60,240,db,symmetric,0.95,1.0,1.0,1.0,3,0.8495575221238938,0.22083333333333333
synth-skew-tight,lognormal,1.5,5,cluster2,60,240,db,symmetric,0.9,1.0,1.0,1.0,3,0.849056603773585,0.19166666666666668
synth-skew-tight,lognormal,1.5,5,cluster2,60,240,db,symmetric,0.8,1.0,0.6666666666666666,0.8,2,0.7676767676767675,0.1625
synth-skew-tight,lognormal,1.5,5,cluster3,60,240,threshold,severity,1.0,0.6666666666666666,0.6666666666666666,0.6666666666666666,3,0.9375,0.2833333333333333
synth-skew-tight,lognormal,1.5,5,cluster3,60,240,threshold,severity,0.95,1.0,1.0,1.0,3,0.2857142857142857,0.041666666666666664
synth-skew-tight,lognormal,1.5,5,cluster3,60,240,threshold,severity,0.9,1.0,1.0,1.0,3,0.06451612903225806,0.008333333333333333
synth-skew-tight,lognormal,1.5,5,cluster3,60,240,threshold,severity,0.8,1.0,1.0,1.0,3,0.0,0.0
synth-skew-tight,lognormal,1.5,5,cluster3,60,240,threshold,symmetric,1.0,0.6666666666666666,0.6666666666666666,0.6666666666666666,3,0.9375,0.2833333333333333
synth-skew-tight,lognormal,1.5,5,cluster3,60,240,threshold,symmetric,0.95,1.0,1.0,1.0,3,0.2608695652173913,0.0375
synth-skew-tight,lognormal,1.5,5,cluster3,60,240,threshold,symmetric,0.9,1.0,1.0,1.0,3,0.125,0.016666666666666666
synth-skew-tight,lognormal,1.5,5,cluster3,60,240,threshold,symmetric,0.8,1.0,1.0,1.0,3,0.0,0.0
synth-skew-tight,lognormal,1.5,5,cluster3,60,240,db,severity,1.0,0.2222222222222222,0.6666666666666666,0.3333333333333333,9,0.9375,0.2833333333333333
synth-skew-tight,lognormal,1.5,5,cluster3,60,240,db,severity,0.95,1.0,0.6666666666666666,0.8,2,0.896551724137931,0.23333333333333334
synth-skew-tight,lognormal,1.5,5,cluster3,60,240,db,severity,0.9,1.0,0.6666666666666666,0.8,2,0.8623853211009175,0.20416666666666666
synth-skew-tight,lognormal,1.5,5,cluster3,60,240,db,severity,0.8,1.0,0.3333333333333333,0.5,1,0.8205128205128205,0.2375
synth-skew-tight,lognormal,1.5,5,cluster3,60,240,db,symmetric,1.0,0.2222222222222222,0.6666666666666666,0.3333333333333333,9,0.9375,0.2833333333333333
synth-skew-tight,lognormal,1.5,5,cluster3,60,240,db,symmetric,0.95,1.0,1.0,1.0,3,0.8749999999999999,0.21666666666666667
synth-skew-tight,lognormal,1.5,5,cluster3,60,240,db,symmetric,0.9,1.0,0.6666666666666666,0.8,2,0.8849557522123894,0.22083333333333333
synth-skew-tight,lognormal,1.5,5,cluster3,60,240,db,symmetric,0.8,1.0,0.6666666666666666,0.8,2,0.7843137254901961,0.175
synth-skew-tight,lognormal,1.5,6,cluster0,60,240,threshold,severity,1.0,1.0,1.0,1.0,3,0.8759124087591241,0.32083333333333336
synth-skew-tight,lognormal,1.5,6,cluster0,60,240,threshold,severity,0.95,1.0,1.0,1.0,3,0.30985915492957744,0.04583333333333333
synth-skew-tight,lognormal,1.5,6,cluster0,60,240,threshold,severity,0.9,1.0,1.0,1.0,3,0.06451612903225806,0.008333333333333333
synth-skew-tight,lognormal,1.5,6,cluster0,60,240,threshold,severity,0.8,1.0,1.0,1.0,3,0.03278688524590164,0.004166666666666667
synth-skew-tight,lognormal,1.5,6,cluster0,60,240,threshold,symmetric,1.0,1.0,1.0,1.0,3,0.8759124087591241,0.32083333333333336
synth-skew-tight,lognormal,1.5,6,cluster0,60,240,threshold,symmetric,0.95,1.0,1.0,1.0,3,0.2857142857142857,0.041666666666666664
synth-skew-tight,lognormal,1.5,6,cluster0,60,240,threshold,symmetric,0.9,1.0,1.0,1.0,3,0.125,0.016666666666666666
synth-skew-tight,lognormal,1.5,6,cluster0,60,240,threshold,symmetric,0.8,1.0,1.0,1.0,3,0.03278688524590164,0.004166666666666667
synth-skew-tight,lognormal,1.5,6,cluster0,60,240,db,severity,1.0,0.17647058823529413,1.0,0.3,17,0.8759124087591241,0.32083333333333336
synth-skew-tight,lognormal,1.5,6,cluster0,60,240,db,severity,0.95,0.6666666666666666,0.6666666666666666,0.6666666666666666,3,0.9285714285714286,0.21666666666666667
synth-skew-tight,lognormal,1.5,6,cluster0,60,240,db,severity,0.9,1.0,0.6666666666666666,0.8,2,0.882882882882883,0.2125
synth-skew-tight,lognormal,1.5,6,cluster0,60,240,db,severity,0.8,1.0,0.3333333333333333,0.5,1,0.7899159663865546,0.24583333333333332
synth-skew-tight,lognormal,1.5,6,cluster0,60,240,db,symmetric,1.0,0.17647058823529413,1.0,0.3,17,0.8759124087591241,0.32083333333333336
synth-skew-tight,lognormal,1.5,6,cluster0,60,240,db,symmetric,0.95,0.6666666666666666,0.6666666666666666,0.6666666666666666,3,0.8849557522123894,0.22083333333333333
synth-skew-tight,lognormal,1.5,6,cluster0,60,240,db,symmetric,0.9,1.0,0.6666666666666666,0.8,2,0.8928571428571429,0.21666666666666667
synth-skew-tight,lognormal,1.5,6,cluster0,60,240,db,symmetric,0.8,1.0,0.6666666666666666,0.8,2,0.7843137254901961,0.175
synth-skew-tight,lognormal,1.5,6,cluster1,60,240,threshold,severity,1.0,0.6666666666666666,0.6666666666666666,0.6666666666666666,3,0.8163265306122449,0.3625
synth-skew-tight,lognormal,1.5,6,cluster1,60,240,threshold,severity,0.95,1.0,1.0,1.0,3,0.32432432432432434,0.058333333333333334
synth-skew-tight,lognormal,1.5,6,cluster1,60,240,threshold,severity,0.9,1.0,1.0,1.0,3,0.18181818181818182,0.025
synth-skew-tight,lognormal,1.5,6,cluster1,60,240,threshold,severity,0.8,1.0,1.0,1.0,3,0.03278688524590164,0.004166666666666667
synth-skew-tight,lognormal,1.5,6,cluster1,60,240,threshold,symmetric,1.0,0.6666666666666666,0.6666666666666666,0.6666666666666666,3,0.8163265306122449,0.3625
synth-skew-tight,lognormal,1.5,6,cluster1,60,240,threshold,symmetric,0.95,1.0,1.0,1.0,3,0.29729729729729726,0.058333333333333334
synth-skew-tight,lognormal,1.5,6,cluster1,60,240,threshold,symmetric,0.9,1.0,1.0,1.0,3,0.125,0.016666666666666666
synth-skew-tight,lognormal,1.5,6,cluster1,60,240,threshold,symmetric,0.8,1.0,1.0,1.0,3,0.03278688524590164,0.004166666666666667
synth-skew-tight,lognormal,1.5,6,cluster1,60,240,db,severity,1.0,0.21428571428571427,1.0,0.35294117647058826,14,0.8163265306122449,0.3625
synth-skew-tight,lognormal,1.5,6,cluster1,60,240,db,severity,0.95,1.0,0.6666666666666666,0.8,2,0.8907563025210085,0.24583333333333332
synth-skew-tight,lognormal,1.5,6,cluster1,60,240,db,severity,0.9,1.0,0.6666666666666666,0.8,2,0.8571428571428571,0.21666666666666667
synth-skew-tight,lognormal,1.5,6,cluster1,60,240,db,severity,0.8,1.0,0.3333333333333333,0.5,1,0.7768595041322314,0.25416666666666665
synth-skew-tight,lognormal,1.5,6,cluster1,60,240,db,symmetric,1.0,0.21428571428571427,1.0,0.35294117647058826,14,0.8163265306122449,0.3625
synth-skew-tight,lognormal,1.5,6,cluster1,60,240,db,symmetric,0.95,0.75,1.0,0.8571428571428571,4,0.8067226890756303,0.24583333333333332
synth-skew-tight,lognormal,1.5,6,cluster1,60,240,db,symmetric,0.9,1.0,0.6666666666666666,0.8,2,0.8521739130434782,0.22916666666666666
synth-skew-tight,lognormal,1.5,6,cluster1,60,240,db,symmetric,0.8,1.0,0.6666666666666666,0.8,2,0.7920792079207921,0.17083333333333334
synth-skew-tight,lognormal,1.5,6,cluster2,60,240,threshold,severity,1.0,1.0,1.0,1.0,3,0.888888888888889,0.3125
synth-skew-tight,lognormal,1.5,6,cluster2,60,240,threshold,severity,0.95,1.0,1.0,1.0,3,0.2608695652173913,0.0375
synth-skew-tight,lognormal,1.5,6,cluster2,60,240,threshold,severity,0.9,1.0,1.0,1.0,3,0.06451612903225806,0.008333333333333333
synth-skew-tight,lognormal,1.5,6,cluster2,60,240,threshold,severity,0.8,1.0,1.0,1.0,3,0.0,0.0
synth-skew-tight,lognormal,1.5,6,cluster2,60,240,threshold,symmetric,1.0,1.0,1.0,1.0,3,0.888888888888889,0.3125
synth-skew-tight,lognormal,1.5,6,cluster2,60,240,threshold,symmetric,0.95,1.0,1.0,1.0,3,0.23529411764705882,0.03333333333333333
synth-skew-tight,lognormal,1.5,6,cluster2,60,240,threshold,symmetric,0.9,1.0,1.0,1.0,3,0.15384615384615385,0.020833333333333332
synth-skew-tight,lognormal,1.5,6,cluster2,60,240,threshold,symmetric,0.8,1.0,1.0,1.0,3,0.0,0.0
synth-skew-tight,lognormal,1.5,6,cluster2,60,240,db,severity,1.0,0.15384615384615385,0.6666666666666666,0.25,13,0.888888888888889,0.3125
synth-skew-tight,lognormal,1.5,6,cluster2,60,240,db,severity,0.95,1.0,1.0,1.0,3,0.890909090909091,0.20833333333333334
synth-skew-tight,lognormal,1.5,6,cluster2,60,240,db,severity,0.9,1.0,0.6666666666666666,0.8,2,0.8785046728971964,0.19583333333333333
synth-skew-tight,lognormal,1.5,6,cluster2,60,240,db,severity,0.8,1.0,0.3333333333333333,0.5,1,0.8468468468468469,0.2125
synth-skew-tight,lognormal,1.5,6,cluster2,60,240,db,symmetric,1.0,0.15384615384615385,0.6666666666666666,0.25,13,0.888888888888889,0.3125
synth-skew-tight,lognormal,1.5,6,cluster2,60,240,db,symmetric,0.95,1.0,1.0,1.0,3,0.882882882882883,0.2125
synth-skew-tight,lognormal,1.5,6,cluster2,60,240,db,symmetric,0.9,1.0,0.6666666666666666,0.8,2,0.8695652173913043,0.22916666666666666
synth-skew-tight,lognormal,1.5,6,cluster2,60,240,db,symmetric,0.8,1.0,0.3333333333333333,0.5,1,0.8275862068965518,0.23333333333333334
synth-skew-tight,lognormal,1.5,6,cluster3,60,240,threshold,severity,1.0,1.0,1.0,1.0,3,0.975609756097561,0.2625
synth-skew-tight,lognormal,1.5,6,cluster3,60,240,threshold,severity,0.95,1.0,1.0,1.0,3,0.23529411764705882,0.03333333333333333
synth-skew-tight,lognormal,1.5,6,cluster3,60,240,threshold,severity,0.9,1.0,1.0,1.0,3,0.03278688524590164,0.004166666666666667
synth-skew-tight,lognormal,1.5,6,cluster3,60,240,threshold,severity,0.8,1.0,1.0,1.0,3,0.0,0.0
synth-skew-tight,lognormal,1.5,6,cluster3,60,240,threshold,symmetric,1.0,1.0,1.0,1.0,3,0.975609756097561,0.2625
synth-skew-tight,lognormal,1.5,6,cluster3,60,240,threshold,symmetric,0.95,1.0,1.0,1.0,3,0.2608695652173913,0.0375
synth-skew-tight,lognormal,1.5,6,cluster3,60,240,threshold,symmetric,0.9,1.0,1.0,1.0,3,0.09523809523809523,0.0125
synth-skew-tight,lognormal,1.5,6,cluster3,60,240,threshold,symmetric,0.8,1.0,1.0,1.0,3,0.0,0.0
synth-skew-tight,lognormal,1.5,6,cluster3,60,240,db,severity,1.0,0.3,1.0,0.4615384615384615,10,0.975609756097561,0.2625
synth-skew-tight,lognormal,1.5,6,cluster3,60,240,db,severity,0.95,1.0,0.6666666666666666,0.8,2,0.905982905982906,0.2375
synth-skew-tight,lognormal,1.5,6,cluster3,60,240,db,severity,0.9,1.0,0.6666666666666666,0.8,2,0.8785046728971964,0.19583333333333333
synth-skew-tight,lognormal,1.5,6,cluster3,60,240,db,severity,0.8,1.0,0.3333333333333333,0.5,1,0.7833333333333333,0.25
synth-skew-tight,lognormal,1.5,6,cluster3,60,240,db,symmetric,1.0,0.3,1.0,0.4615384615384615,10,0.975609756097561,0.2625
synth-skew-tight,lognormal,1.5,6,cluster3,60,240,db,symmetric,0.95,1.0,1.0,1.0,3,0.8596491228070176,0.225
synth-skew-tight,lognormal,1.5,6,cluster3,60,240,db,symmetric,0.9,1.0,0.6666666666666666,0.8,2,0.882882882882883,0.2125
synth-skew-tight,lognormal,1.5,6,cluster3,60,240,db,symmetric,0.8,1.0,0.6666666666666666,0.8,2,0.7766990291262136,0.17916666666666667
synth-skew-tight,lognormal,1.5,7,cluster0,60,240,threshold,severity,1.0,1.0,1.0,1.0,3,0.8955223880597014,0.30833333333333335
synth-skew-tight,lognormal,1.5,7,cluster0,60,240,threshold,severity,0.95,1.0,1.0,1.0,3,0.23529411764705882,0.03333333333333333
synth-skew-tight,lognormal,1.5,7,cluster0,60,240,threshold,severity,0.9,1.0,1.0,1.0,3,0.03278688524590164,0.004166666666666667
synth-skew-tight,lognormal,1.5,7,cluster0,60,240,threshold,severity,0.8,1.0,1.0,1.0,3,0.0,0.0
synth-skew-tight,lognormal,1.5,7,cluster0,60,240,threshold,symmetric,1.0,1.0,1.0,1.0,3,0.8955223880597014,0.30833333333333335
synth-skew-tight,lognormal,1.5,7,cluster0,60,240,threshold,symmetric,0.95,1.0,1.0,1.0,3,0.23529411764705882,0.03333333333333333
synth-skew-tight,lognormal,1.5,7,cluster0,60,240,threshold,symmetric,0.9,1.0,1.0,1.0,3,0.09523809523809523,0.0125
synth-skew-tight,lognormal,1.5,7,cluster0,60,240,threshold,symmetric,0.8,1.0,1.0,1.0,3,0.0,0.0
synth-skew-tight,lognormal,1.5,7,cluster0,60,240,db,severity,1.0,0.16666666666666666,0.6666666666666666,0.26666666666666666,12,0.8955223880597014,0.30833333333333335
synth-skew-tight,lognormal,1.5,7,cluster0,60,240,db,severity,0.95,1.0,0.6666666666666666,0.8,2,0.9043478260869566,0.22916666666666666
synth-skew-tight,lognormal,1.5,7,cluster0,60,240,db,severity,0.9,1.0,0.6666666666666666,0.8,2,0.8518518518518519,0.2
synth-skew-tight,lognormal,1.5,7,cluster0,60,240,db,severity,0.8,1.0,0.3333333333333333,0.5,1,0.8103448275862069,0.23333333333333334
synth-skew-tight,lognormal,1.5,7,cluster0,60,240,db,symmetric,1.0,0.16666666666666666,0.6666666666666666,0.26666666666666666,12,0.8955223880597014,0.30833333333333335
synth-skew-tight,lognormal,1.5,7,cluster0,60,240,db,symmetric,0.95,1.0,1.0,1.0,3,0.882882882882883,0.2125
synth-skew-tight,lognormal,1.5,7,cluster0,60,240,db,symmetric,0.9,1.0,0.6666666666666666,0.8,2,0.8727272727272728,0.20833333333333334
synth-skew-tight,lognormal,1.5,7,cluster0,60,240,db,symmetric,0.8,1.0,0.3333333333333333,0.5,1,0.8000000000000002,0.25
synth-skew-tight,lognormal,1.5,7,cluster1,60,240,threshold,severity,1.0,0.6666666666666666,0.6666666666666666,0.6666666666666666,3,0.7692307692307693,0.4
synth-skew-tight,lognormal,1.5,7,cluster1,60,240,threshold,severity,0.95,1.0,1.0,1.0,3,0.09523809523809523,0.0125
synth-skew-tight,lognormal,1.5,7,cluster1,60,240,threshold,severity,0.9,1.0,1.0,1.0,3,0.03278688524590164,0.004166666666666667
synth-skew-tight,lognormal,1.5,7,cluster1,60,240,threshold,severity,0.8,1.0,1.0,1.0,3,0.0,0.0
synth-skew-tight,lognormal,1.5,7,cluster1,60,240,threshold,symmetric,1.0,0.6666666666666666,0.6666666666666666,0.6666666666666666,3,0.7692307692307693,0.4
synth-skew-tight,lognormal,1.5,7,cluster1,60,240,threshold,symmetric,0.95,1.0,1.0,1.0,3,0.09375000000000001,0.016666666666666666
synth-skew-tight,lognormal,1.5,7,cluster1,60,240,threshold,symmetric,0.9,1.0,1.0,1.0,3,0.06451612903225806,0.008333333333333333
synth-skew-tight,lognormal,1.5,7,cluster1,60,240,threshold,symmetric,0.8,1.0,1.0,1.0,3,0.0,0.0
synth-skew-tight,lognormal,1.5,7,cluster1,60,240,db,severity,1.0,0.14285714285714285,0.6666666666666666,0.23529411764705882,14,0.7692307692307693,0.4
synth-skew-tight,lognormal,1.5,7,cluster1,60,240,db,severity,0.95,0.6666666666666666,0.6666666666666666,0.6666666666666666,3,0.8672566371681416,0.22083333333333333
synth-skew-tight,lognormal,1.5,7,cluster1,60,240,db,severity,0.9,1.0,0.6666666666666666,0.8,2,0.8571428571428571,0.21666666666666667
synth-skew-tight,lognormal,1.5,7,cluster1,60,240,db,severity,0.8,1.0,0.3333333333333333,0.5,1,0.817391304347826,0.22916666666666666
synth-skew-tight,lognormal,1.5,7,cluster1,60,240,db,symmetric,1.0,0.14285714285714285,0.6666666666666666,0.23529411764705882,14,0.7692307692307693,0.4
synth-skew-tight,lognormal,1.5,7,cluster1,60,240,db,symmetric,0.95,0.6666666666666666,0.6666666666666666,0.6666666666666666,3,0.7933884297520661,0.25416666666666665
synth-skew-tight,lognormal,1.5,7,cluster1,60,240,db,symmetric,0.9,0.6666666666666666,0.6666666666666666,0.6666666666666666,3,0.8440366972477065,0.20416666666666666
synth-skew-tight,lognormal,1.5,7,cluster1,60,240,db,symmetric,0.8,1.0,0.6666666666666666,0.8,2,0.7884615384615384,0.18333333333333332
synth-skew-tight,lognormal,1.5,7,cluster2,60,240,threshold,severity,1.0,1.0,1.0,1.0,3,0.9448818897637796,0.2791666666666667
synth-skew-tight,lognormal,1.5,7,cluster2,60,240,threshold,severity,0.95,1.0,1.0,1.0,3,0.2608695652173913,0.0375
synth-skew-tight,lognormal,1.5,7,cluster2,60,240,threshold,severity,0.9,1.0,1.0,1.0,3,0.06451612903225806,0.008333333333333333
synth-skew-tight,lognormal,1.5,7,cluster2,60,240,threshold,severity,0.8,1.0,1.0,1.0,3,0.0,0.0
synth-skew-tight,lognormal,1.5,7,cluster2,60,240,threshold,symmetric,1.0,1.0,1.0,1.0,3,0.9448818897637796,0.2791666666666667
synth-skew-tight,lognormal,1.5,7,cluster2,60,240,threshold,symmetric,0.95,1.0,1.0,1.0,3,0.23529411764705882,0.03333333333333333
synth-skew-tight,lognormal,1.5,7,cluster2,60,240,threshold,symmetric,0.9,1.0,1.0,1.0,3,0.09523809523809523,0.0125
synth-skew-tight,lognormal,1.5,7,cluster2,60,240,threshold,symmetric,0.8,1.0,1.0,1.0,3,0.0,0.0
synth-skew-tight,lognormal,1.5,7,cluster2,60,240,db,severity,1.0,0.375,1.0,0.5454545454545454,8,0.9448818897637796,0.2791666666666667
synth-skew-tight,lognormal,1.5,7,cluster2,60,240,db,severity,0.95,1.0,1.0,1.0,3,0.882882882882883,0.2125
synth-skew-tight,lognormal,1.5,7,cluster2,60,240,db,severity,0.9,1.0,0.6666666666666666,0.8,2,0.8518518518518519,0.2
synth-skew-tight,lognormal,1.5,7,cluster2,60,240,db,severity,0.8,1.0,0.3333333333333333,0.5,1,0.8103448275862069,0.23333333333333334
synth-skew-tight,lognormal,1.5,7,cluster2,60,240,db,symmetric,1.0,0.375,1.0,0.5454545454545454,8,0.9448818897637796,0.2791666666666667
synth-skew-tight,lognormal,1.5,7,cluster2,60,240,db,symmetric,0.95,0.6666666666666666,0.6666666666666666,0.6666666666666666,3,0.8596491228070176,0.225
synth-skew-tight,lognormal,1.5,7,cluster2,60,240,db,symmetric,0.9,1.0,0.6666666666666666,0.8,2,0.8695652173913043,0.22916666666666666
synth-skew-tight,lognormal,1.5,7,cluster2,60,240,db,symmetric,0.8,1.0,0.3333333333333333,0.5,1,0.7741935483870969,0.26666666666666666
synth-skew-tight,lognormal,1.5,7,cluster3,60,240,threshold,severity,1.0,1.0,1.0,1.0,3,0.967741935483871,0.26666666666666666
synth-skew-tight,lognormal,1.5,7,cluster3,60,240,threshold,severity,0.95,1.0,1.0,1.0,3,0.3561643835616438,0.05416666666666667
synth-skew-tight,lognormal,1.5,7,cluster3,60,240,threshold,severity,0.9,1.0,1.0,1.0,3,0.09523809523809523,0.0125
synth-skew-tight,lognormal,1.5,7,cluster3,60,240,threshold,severity,0.8,1.0,1.0,1.0,3,0.03278688524590164,0.004166666666666667
synth-skew-tight,lognormal,1.5,7,cluster3,60,240,threshold,symmetric,1.0,1.0,1.0,1.0,3,0.967741935483871,0.26666666666666666
synth-skew-tight,lognormal,1.5,7,cluster3,60,240,threshold,symmetric,0.95,1.0,1.0,1.0,3,0.3561643835616438,0.05416666666666667
synth-skew-tight,lognormal,1.5,7,cluster3,60,240,threshold,symmetric,0.9,1.0,1.0,1.0,3,0.125,0.016666666666666666
synth-skew-tight,lognormal,1.5,7,cluster3,60,240,threshold,symmetric,0.8,1.0,1.0,1.0,3,0.0,0.0
synth-skew-tight,lognormal,1.5,7,cluster3,60,240,db,severity,1.0,0.3333333333333333,1.0,0.5,9,0.967741935483871,0.26666666666666666
synth-skew-tight,lognormal,1.5,7,cluster3,60,240,db,severity,0.95,1.0,0.6666666666666666,0.8,2,0.9043478260869566,0.22916666666666666
synth-skew-tight,lognormal,1.5,7,cluster3,60,240,db,severity,0.9,1.0,0.6666666666666666,0.8,2,0.8623853211009175,0.20416666666666666
synth-skew-tight,lognormal,1.5,7,cluster3,60,240,db,severity,0.8,1.0,0.3333333333333333,0.5,1,0.7899159663865546,0.24583333333333332
synth-skew-tight,lognormal,1.5,7,cluster3,60,240,db,symmetric,1.0,0.3333333333333333,1.0,0.5,9,0.967741935483871,0.26666666666666666
synth-skew-tight,lognormal,1.5,7,cluster3,60,240,db,symmetric,0.95,1.0,1.0,1.0,3,0.8672566371681416,0.22083333333333333
synth-skew-tight,lognormal,1.5,7,cluster3,60,240,db,symmetric,0.9,1.0,0.6666666666666666,0.8,2,0.8749999999999999,0.21666666666666667
synth-skew-tight,lognormal,1.5,7,cluster3,60,240,db,symmetric,0.8,1.0,0.6666666666666666,0.8,2,0.7676767676767675,0.1625
synth-skew-tight,lognormal,1.5,8,cluster0,60,240,threshold,severity,1.0,1.0,1.0,1.0,3,0.9523809523809523,0.275
synth-skew-tight,lognormal,1.5,8,cluster0,60,240,threshold,severity,0.95,1.0,1.0,1.0,3,0.3561643835616438,0.05416666666666667
synth-skew-tight,lognormal,1.5,8,cluster0,60,240,threshold,severity,0.9,1.0,1.0,1.0,3,0.03278688524590164,0.004166666666666667
synth-skew-tight,lognormal,1.5,8,cluster0,60,240,threshold,severity,0.8,1.0,1.0,1.0,3,0.0,0.0
synth-skew-tight,lognormal,1.5,8,cluster0,60,240,threshold,symmetric,1.0,1.0,1.0,1.0,3,0.9523809523809523,0.275
synth-skew-tight,lognormal,1.5,8,cluster0,60,240,threshold,symmetric,0.95,1.0,1.0,1.0,3,0.33333333333333337,0.05
synth-skew-tight,lognormal,1.5,8,cluster0,60,240,threshold,symmetric,0.9,1.0,1.0,1.0,3,0.125,0.016666666666666666
synth-skew-tight,lognormal,1.5,8,cluster0,60,240,threshold,symmetric,0.8,1.0,1.0,1.0,3,0.0,0.0
synth-skew-tight,lognormal,1.5,8,cluster0,60,240,db,severity,1.0,0.5,1.0,0.6666666666666666,6,0.9523809523809523,0.275
synth-skew-tight,lognormal,1.5,8,cluster0,60,240,db,severity,0.95,1.0,1.0,1.0,3,0.9090909090909091,0.20833333333333334
synth-skew-tight,lognormal,1.5,8,cluster0,60,240,db,severity,0.9,1.0,0.6666666666666666,0.8,2,0.8571428571428571,0.21666666666666667
synth-skew-tight,lognormal,1.5,8,cluster0,60,240,db,severity,0.8,1.0,0.3333333333333333,0.5,1,0.8318584070796461,0.22083333333333333
synth-skew-tight,lognormal,1.5,8,cluster0,60,240,db,symmetric,1.0,0.5,1.0,0.6666666666666666,6,0.9523809523809523,0.275
synth-skew-tight,lognormal,1.5,8,cluster0,60,240,db,symmetric,0.95,1.0,1.0,1.0,3,0.882882882882883,0.2125
synth-skew-tight,lognormal,1.5,8,cluster0,60,240,db,symmetric,0.9,1.0,0.6666666666666666,0.8,2,0.8672566371681416,0.22083333333333333
synth-skew-tight,lognormal,1.5,8,cluster0,60,240,db,symmetric,0.8,1.0,0.3333333333333333,0.5,1,0.8135593220338982,0.24166666666666667
synth-skew-tight,lognormal,1.5,8,cluster1,60,240,threshold,severity,1.0,1.0,1.0,1.0,3,0.888888888888889,0.3125
synth-skew-tight,lognormal,1.5,8,cluster1,60,240,threshold,severity,0.95,1.0,1.0,1.0,3,0.37837837837837834,0.058333333333333334
synth-skew-tight,lognormal,1.5,8,cluster1,60,240,threshold,severity,0.9,1.0,1.0,1.0,3,0.18181818181818182,0.025
synth-skew-tight,lognormal,1.5,8,cluster1,60,240,threshold,severity,0.8,1.0,1.0,1.0,3,0.03278688524590164,0.004166666666666667
synth-skew-tight,lognormal,1.5,8,cluster1,60,240,threshold,symmetric,1.0,1.0,1.0,1.0,3,0.888888888888889,0.3125
synth-skew-tight,lognormal,1.5,8,cluster1,60,240,threshold,symmetric,0.95,1.0,1.0,1.0,3,0.35135135135135137,0.058333333333333334
synth-skew-tight,lognormal,1.5,8,cluster1,60,240,threshold,symmetric,0.9,1.0,1.0,1.0,3,0.23529411764705882,0.03333333333333333
synth-skew-tight,lognormal,1.5,8,cluster1,60,240,threshold,symmetric,0.8,1.0,1.0,1.0,3,0.03278688524590164,0.004166666666666667
synth-skew-tight,lognormal,1.5,8,cluster1,60,240,db,severity,1.0,0.3333333333333333,1.0,0.5,9,0.888888888888889,0.3125
synth-skew-tight,lognormal,1.5,8,cluster1,60,240,db,severity,0.95,1.0,1.0,1.0,3,0.8749999999999999,0.21666666666666667
synth-skew-tight,lognormal,1.5,8,cluster1,60,240,db,severity,0.9,1.0,0.6666666666666666,0.8,2,0.8392857142857143,0.21666666666666667
synth-skew-tight,lognormal,1.5,8,cluster1,60,240,db,severity,0.8,1.0,0.3333333333333333,0.5,1,0.7833333333333333,0.25
synth-skew-tight,lognormal,1.5,8,cluster1,60,240,db,symmetric,1.0,0.3333333333333333,1.0,0.5,9,0.888888888888889,0.3125
synth-skew-tight,lognormal,1.5,8,cluster1,60,240,db,symmetric,0.95,0.75,1.0,0.8571428571428571,4,0.7966101694915254,0.24166666666666667
synth-skew-tight,lognormal,1.5,8,cluster1,60,240,db,symmetric,0.9,0.6666666666666666,0.6666666666666666,0.6666666666666666,3,0.8411214953271028,0.19583333333333333
synth-skew-tight,lognormal,1.5,8,cluster1,60,240,db,symmetric,0.8,1.0,0.6666666666666666,0.8,2,0.78,0.16666666666666666
synth-skew-tight,lognormal,1.5,8,cluster2,60,240,threshold,severity,1.0,1.0,1.0,1.0,3,0.9375,0.2833333333333333
synth-skew-tight,lognormal,1.5,8,cluster2,60,240,threshold,severity,0.95,1.0,1.0,1.0,3,0.23529411764705882,0.03333333333333333
synth-skew-tight,lognormal,1.5,8,cluster2,60,240,threshold,severity,0.9,1.0,1.0,1.0,3,0.06451612903225806,0.008333333333333333
synth-skew-tight,lognormal,1.5,8,cluster2,60,240,threshold,severity,0.8,1.0,1.0,1.0,3,0.03278688524590164,0.004166666666666667
synth-skew-tight,lognormal,1.5,8,cluster2,60,240,threshold,symmetric,1.0,1.0,1.0,1.0,3,0.9375,0.2833333333333333
synth-skew-tight,lognormal,1.5,8,cluster2,60,240,threshold,symmetric,0.95,1.0,1.0,1.0,3,0.208955223880597,0.029166666666666667
synth-skew-tight,lognormal,1.5,8,cluster2,60,240,threshold,symmetric,0.9,1.0,1.0,1.0,3,0.09523809523809523,0.0125
synth-skew-tight,lognormal,1.5,8,cluster2,60,240,threshold,symmetric,0.8,1.0,1.0,1.0,3,0.03278688524590164,0.004166666666666667
synth-skew-tight,lognormal,1.5,8,cluster2,60,240,db,severity,1.0,0.42857142857142855,1.0,0.6,7,0.9375,0.2833333333333333
synth-skew-tight,lognormal,1.5,8,cluster2,60,240,db,severity,0.95,1.0,1.0,1.0,3,0.890909090909091,0.20833333333333334
synth-skew-tight,lognormal,1.5,8,cluster2,60,240,db,severity,0.9,1.0,0.6666666666666666,0.8,2,0.8468468468468469,0.2125
synth-skew-tight,lognormal,1.5,8,cluster2,60,240,db,severity,0.8,1.0,0.3333333333333333,0.5,1,0.7966101694915254,0.24166666666666667
synth-skew-tight,lognormal,1.5,8,cluster2,60,240,db,symmetric,1.0,0.42857142857142855,1.0,0.6,7,0.9375,0.2833333333333333
synth-skew-tight,lognormal,1.5,8,cluster2,60,240,db,symmetric,0.95,1.0,1.0,1.0,3,0.8928571428571429,0.21666666666666667
synth-skew-tight,lognormal,1.5,8,cluster2,60,240,db,symmetric,0.9,0.6666666666666666,0.6666666666666666,0.6666666666666666,3,0.8648648648648648,0.2125
synth-skew-tight,lognormal,1.5,8,cluster2,60,240,db,symmetric,0.8,1.0,0.6666666666666666,0.8,2,0.7722772277227723,0.17083333333333334
synth-skew-tight,lognormal,1.5,8,cluster3,60,240,threshold,severity,1.0,0.6666666666666666,0.6666666666666666,0.6666666666666666,3,0.8571428571428571,0.3333333333333333
synth-skew-tight,lognormal,1.5,8,cluster3,60,240,threshold,severity,0.95,1.0,1.0,1.0,3,0.2857142857142857,0.041666666666666664
synth-skew-tight,lognormal,1.5,8,cluster3,60,240,threshold,severity,0.9,1.0,1.0,1.0,3,0.03278688524590164,0.004166666666666667
synth-skew-tight,lognormal,1.5,8,cluster3,60,240,threshold,severity,0.8,1.0,1.0,1.0,3,0.0,0.0
synth-skew-tight,lognormal,1.5,8,cluster3,60,240,threshold,symmetric,1.0,0.6666666666666666,0.6666666666666666,0.6666666666666666,3,0.8571428571428571,0.3333333333333333
synth-skew-tight,lognormal,1.5,8,cluster3,60,240,threshold,symmetric,0.95,1.0,1.0,1.0,3,0.2857142857142857,0.041666666666666664
synth-skew-tight,lognormal,1.5,8,cluster3,60,240,threshold,symmetric,0.9,1.0,1.0,1.0,3,0.06451612903225806,0.008333333333333333
synth-skew-tight,lognormal,1.5,8,cluster3,60,240,threshold,symmetric,0.8,1.0,1.0,1.0,3,0.0,0.0
synth-skew-tight,lognormal,1.5,8,cluster3,60,240,db,severity,1.0,0.14285714285714285,0.6666666666666666,0.23529411764705882,14,0.8571428571428571,0.3333333333333333
synth-skew-tight,lognormal,1.5,8,cluster3,60,240,db,severity,0.95,1.0,0.6666666666666666,0.8,2,0.896551724137931,0.23333333333333334
synth-skew-tight,lognormal,1.5,8,cluster3,60,240,db,severity,0.9,1.0,0.6666666666666666,0.8,2,0.8598130841121495,0.19583333333333333
synth-skew-tight,lognormal,1.5,8,cluster3,60,240,db,severity,0.8,1.0,0.3333333333333333,0.5,1,0.8034188034188033,0.2375
synth-skew-tight,lognormal,1.5,8,cluster3,60,240,db,symmetric,1.0,0.14285714285714285,0.6666666666666666,0.23529411764705882,14,0.8571428571428571,0.3333333333333333
synth-skew-tight,lognormal,1.5,8,cluster3,60,240,db,symmetric,0.95,0.6666666666666666,0.6666666666666666,0.6666666666666666,3,0.864406779661017,0.24166666666666667
synth-skew-tight,lognormal,1.5,8,cluster3,60,240,db,symmetric,0.9,0.6666666666666666,0.6666666666666666,0.6666666666666666,3,0.8703703703703703,0.2
synth-skew-tight,lognormal,1.5,8,cluster3,60,240,db,symmetric,0.8,1.0,0.3333333333333333,0.5,1,0.7804878048780488,0.2625
synth-skew-tight,lognormal,1.5,9,cluster0,60,240,threshold,severity,1.0,1.0,1.0,1.0,3,0.9090909090909091,0.3
synth-skew-tight,lognormal,1.5,9,cluster0,60,240,threshold,severity,0.95,1.0,1.0,1.0,3,0.3055555555555556,0.05
synth-skew-tight,lognormal,1.5,9,cluster0,60,240,threshold,severity,0.9,1.0,1.0,1.0,3,0.03278688524590164,0.004166666666666667
synth-skew-tight,lognormal,1.5,9,cluster0,60,240,threshold,severity,0.8,1.0,1.0,1.0,3,0.0,0.0
synth-skew-tight,lognormal,1.5,9,cluster0,60,240,threshold,symmetric,1.0,1.0,1.0,1.0,3,0.9090909090909091,0.3
synth-skew-tight,lognormal,1.5,9,cluster0,60,240,threshold,symmetric,0.95,1.0,1.0,1.0,3,0.3013698630136986,0.05416666666666667
synth-skew-tight,lognormal,1.5,9,cluster0,60,240,threshold,symmetric,0.9,1.0,1.0,1.0,3,0.09523809523809523,0.0125
synth-skew-tight,lognormal,1.5,9,cluster0,60,240,threshold,symmetric,0.8,1.0,1.0,1.0,3,0.0,0.0
synth-skew-tight,lognormal,1.5,9,cluster0,60,240,db,severity,1.0,0.1875,1.0,0.3157894736842105,16,0.9090909090909091,0.3
synth-skew-tight,lognormal,1.5,9,cluster0,60,240,db,severity,0.95,1.0,1.0,1.0,3,0.8571428571428571,0.21666666666666667
synth-skew-tight,lognormal,1.5,9,cluster0,60,240,db,severity,0.9,1.0,0.6666666666666666,0.8,2,0.8623853211009175,0.20416666666666666
synth-skew-tight,lognormal,1.5,9,cluster0,60,240,db,severity,0.8,1.0,0.3333333333333333,0.5,1,0.7899159663865546,0.24583333333333332
synth-skew-tight,lognormal,1.5,9,cluster0,60,240,db,symmetric,1.0,0.1875,1.0,0.3157894736842105,16,0.9090909090909091,0.3
synth-skew-tight,lognormal,1.5,9,cluster0,60,240,db,symmetric,0.95,1.0,1.0,1.0,3,0.8305084745762712,0.24166666666666667
synth-skew-tight,lognormal,1.5,9,cluster0,60,240,db,symmetric,0.9,1.0,0.6666666666666666,0.8,2,0.8305084745762712,0.24166666666666667
synth-skew-tight,lognormal,1.5,9,cluster0,60,240,db,symmetric,0.8,1.0,0.3333333333333333,0.5,1,0.7804878048780488,0.2625
synth-skew-tight,lognormal,1.5,9,cluster1,60,240,threshold,severity,1.0,0.6666666666666666,0.6666666666666666,0.6666666666666666,3,0.8759124087591241,0.32083333333333336
synth-skew-tight,lognormal,1.5,9,cluster1,60,240,threshold,severity,0.95,1.0,1.0,1.0,3,0.208955223880597,0.029166666666666667
synth-skew-tight,lognormal,1.5,9,cluster1,60,240,threshold,severity,0.9,1.0,1.0,1.0,3,0.09523809523809523,0.0125
synth-skew-tight,lognormal,1.5,9,cluster1,60,240,threshold,severity,0.8,1.0,1.0,1.0,3,0.03278688524590164,0.004166666666666667
synth-skew-tight,lognormal,1.5,9,cluster1,60,240,threshold,symmetric,1.0,0.6666666666666666,0.6666666666666666,0.6666666666666666,3,0.8759124087591241,0.32083333333333336
synth-skew-tight,lognormal,1.5,9,cluster1,60,240,threshold,symmetric,0.95,1.0,1.0,1.0,3,0.208955223880597,0.029166666666666667
synth-skew-tight,lognormal,1.5,9,cluster1,60,240,threshold,symmetric,0.9,1.0,1.0,1.0,3,0.15384615384615385,0.020833333333333332
synth-skew-tight,lognormal,1.5,9,cluster1,60,240,threshold,symmetric,0.8,1.0,1.0,1.0,3,0.03278688524590164,0.004166666666666667
synth-skew-tight,lognormal,1.5,9,cluster1,60,240,db,severity,1.0,0.23076923076923078,1.0,0.375,13,0.8759124087591241,0.32083333333333336
synth-skew-tight,lognormal,1.5,9,cluster1,60,240,db,severity,0.95,1.0,0.6666666666666666,0.8,2,0.9043478260869566,0.22916666666666666
synth-skew-tight,lognormal,1.5,9,cluster1,60,240,db,severity,0.9,1.0,0.6666666666666666,0.8,2,0.8703703703703703,0.2
synth-skew-tight,lognormal,1.5,9,cluster1,60,240,db,severity,0.8,1.0,0.3333333333333333,0.5,1,0.8392857142857143,0.21666666666666667
synth-skew-tight,lognormal,1.5,9,cluster1,60,240,db,symmetric,1.0,0.23076923076923078,1.0,0.375,13,0.8759124087591241,0.32083333333333336
synth-skew-tight,lognormal,1.5,9,cluster1,60,240,db,symmetric,0.95,1.0,0.6666666666666666,0.8,2,0.896551724137931,0.23333333333333334
synth-skew-tight,lognormal,1.5,9,cluster1,60,240,db,symmetric,0.9,1.0,0.6666666666666666,0.8,2,0.8727272727272728,0.20833333333333334
synth-skew-tight,lognormal,1.5,9,cluster1,60,240,db,symmetric,0.8,1.0,0.3333333333333333,0.5,1,0.8067226890756303,0.24583333333333332
synth-skew-tight,lognormal,1.5,9,cluster2,60,240,threshold,severity,1.0,0.6666666666666666,0.6666666666666666,0.6666666666666666,3,0.916030534351145,0.29583333333333334
synth-skew-tight,lognormal,1.5,9,cluster2,60,240,threshold,severity,0.95,1.0,1.0,1.0,3,0.2608695652173913,0.0375
synth-skew-tight,lognormal,1.5,9,cluster2,60,240,threshold,severity,0.9,1.0,1.0,1.0,3,0.06451612903225806,0.008333333333333333
synth-skew-tight,lognormal,1.5,9,cluster2,60,240,threshold,severity,0.8,1.0,1.0,1.0,3,0.0,0.0
synth-skew-tight,lognormal,1.5,9,cluster2,60,240,threshold,symmetric,1.0,0.6666666666666666,0.6666666666666666,0.6666666666666666,3,0.916030534351145,0.29583333333333334
synth-skew-tight,lognormal,1.5,9,cluster2,60,240,threshold,symmetric,0.95,1.0,1.0,1.0,3,0.2608695652173913,0.0375
synth-skew-tight,lognormal,1.5,9,cluster2,60,240,threshold,symmetric,0.9,1.0,1.0,1.0,3,0.09523809523809523,0.0125
synth-skew-tight,lognormal,1.5,9,cluster2,60,240,threshold,symmetric,0.8,1.0,1.0,1.0,3,0.0,0.0
synth-skew-tight,lognormal,1.5,9,cluster2,60,240,db,severity,1.0,0.25,0.6666666666666666,0.36363636363636365,8,0.916030534351145,0.29583333333333334
synth-skew-tight,lognormal,1.5,9,cluster2,60,240,db,severity,0.95,1.0,0.6666666666666666,0.8,2,0.8739495798319329,0.24583333333333332
synth-skew-tight,lognormal,1.5,9,cluster2,60,240,db,severity,0.9,1.0,0.6666666666666666,0.8,2,0.8392857142857143,0.21666666666666667
synth-skew-tight,lognormal,1.5,9,cluster2,60,240,db,severity,0.8,1.0,0.3333333333333333,0.5,1,0.8103448275862069,0.23333333333333334
synth-skew-tight,lognormal,1.5,9,cluster2,60,240,db,symmetric,1.0,0.25,0.6666666666666666,0.36363636363636365,8,0.916030534351145,0.29583333333333334
synth-skew-tight,lognormal,1.5,9,cluster2,60,240,db,symmetric,0.95,1.0,1.0,1.0,3,0.8521739130434782,0.22916666666666666
synth-skew-tight,lognormal,1.5,9,cluster2,60,240,db,symmetric,0.9,1.0,0.6666666666666666,0.8,2,0.8347826086956521,0.22916666666666666
synth-skew-tight,lognormal,1.5,9,cluster2,60,240,db,symmetric,0.8,1.0,0.6666666666666666,0.8,2,0.7647058823529412,0.175
synth-skew-tight,lognormal,1.5,9,cluster3,60,240,threshold,severity,1.0,0.6666666666666666,0.6666666666666666,0.6666666666666666,3,0.9090909090909091,0.3
synth-skew-tight,lognormal,1.5,9,cluster3,60,240,threshold,severity,0.95,1.0,1.0,1.0,3,0.3055555555555556,0.05
synth-skew-tight,lognormal,1.5,9,cluster3,60,240,threshold,severity,0.9,1.0,1.0,1.0,3,0.09523809523809523,0.0125
synth-skew-tight,lognormal,1.5,9,cluster3,60,240,threshold,severity,0.8,1.0,1.0,1.0,3,0.0,0.0
synth-skew-tight,lognormal,1.5,9,cluster3,60,240,threshold,symmetric,1.0,0.6666666666666666,0.6666666666666666,0.6666666666666666,3,0.9090909090909091,0.3
synth-skew-tight,lognormal,1.5,9,cluster3,60,240,threshold,symmetric,0.95,1.0,1.0,1.0,3,0.2816901408450704,0.04583333333333333
synth-skew-tight,lognormal,1.5,9,cluster3,60,240,threshold,symmetric,0.9,1.0,1.0,1.0,3,0.125,0.016666666666666666
synth-skew-tight,lognormal,1.5,9,cluster3,60,240,threshold,symmetric,0.8,1.0,1.0,1.0,3,0.0,0.0
synth-skew-tight,lognormal,1.5,9,cluster3,60,240,db,severity,1.0,0.2727272727272727,1.0,0.42857142857142855,11,0.9090909090909091,0.3
synth-skew-tight,lognormal,1.5,9,cluster3,60,240,db,severity,0.95,1.0,0.6666666666666666,0.8,2,0.8833333333333333,0.25
synth-skew-tight,lognormal,1.5,9,cluster3,60,240,db,severity,0.9,1.0,0.6666666666666666,0.8,2,0.8703703703703703,0.2
synth-skew-tight,lognormal,1.5,9,cluster3,60,240,db,severity,0.8,1.0,0.3333333333333333,0.5,1,0.7704918032786884,0.25833333333333336
synth-skew-tight,lognormal,1.5,9,cluster3,60,240,db,symmetric,1.0,0.2727272727272727,1.0,0.42857142857142855,11,0.9090909090909091,0.3
synth-skew-tight,lognormal,1.5,9,cluster3,60,240,db,symmetric,0.95,0.75,1.0,0.8571428571428571,4,0.8571428571428571,0.21666666666666667
synth-skew-tight,lognormal,1.5,9,cluster3,60,240,db,symmetric,0.9,1.0,0.6666666666666666,0.8,2,0.8749999999999999,0.21666666666666667
synth-skew-tight,lognormal,1.5,9,cluster3,60,240,db,symmetric,0.8,1.0,0.3333333333333333,0.5,1,0.7804878048780488,0.2625
synth-skew-tight,lognormal,1.5,10,cluster0,60,240,threshold,severity,1.0,1.0,1.0,1.0,3,0.9523809523809523,0.275
synth-skew-tight,lognormal,1.5,10,cluster0,60,240,threshold,severity,0.95,1.0,1.0,1.0,3,0.23529411764705882,0.03333333333333333
synth-skew-tight,lognormal,1.5,10,cluster0,60,240,threshold,severity,0.9,1.0,1.0,1.0,3,0.09523809523809523,0.0125
synth-skew-tight,lognormal,1.5,10,cluster0,60,240,threshold,severity,0.8,1.0,1.0,1.0,3,0.0,0.0
synth-skew-tight,lognormal,1.5,10,cluster0,60,240,threshold,symmetric,1.0,1.0,1.0,1.0,3,0.9523809523809523,0.275
synth-skew-tight,lognormal,1.5,10,cluster0,60,240,threshold,symmetric,0.95,1.0,1.0,1.0,3,0.208955223880597,0.029166666666666667
synth-skew-tight,lognormal,1.5,10,cluster0,60,240,threshold,symmetric,0.9,1.0,1.0,1.0,3,0.06451612903225806,0.008333333333333333
synth-skew-tight,lognormal,1.5,10,cluster0,60,240,threshold,symmetric,0.8,1.0,1.0,1.0,3,0.0,0.0
synth-skew-tight,lognormal,1.5,10,cluster0,60,240,db,severity,1.0,0.375,1.0,0.5454545454545454,8,0.9523809523809523,0.275
synth-skew-tight,lognormal,1.5,10,cluster0,60,240,db,severity,0.95,1.0,0.6666666666666666,0.8,2,0.896551724137931,0.23333333333333334
synth-skew-tight,lognormal,1.5,10,cluster0,60,240,db,severity,0.9,1.0,0.6666666666666666,0.8,2,0.8518518518518519,0.2
synth-skew-tight,lognormal,1.5,10,cluster0,60,240,db,severity,0.8,1.0,0.3333333333333333,0.5,1,0.817391304347826,0.22916666666666666
synth-skew-tight,lognormal,1.5,10,cluster0,60,240,db,symmetric,1.0,0.375,1.0,0.5454545454545454,8,0.9523809523809523,0.275
synth-skew-tight,lognormal,1.5,10,cluster0,60,240,db,symmetric,0.95,0.6666666666666666,0.6666666666666666,0.6666666666666666,3,0.8849557522123894,0.22083333333333333
synth-skew-tight,lognormal,1.5,10,cluster0,60,240,db,symmetric,0.9,1.0,0.6666666666666666,0.8,2,0.8648648648648648,0.2125
synth-skew-tight,lognormal,1.5,10,cluster0,60,240,db,symmetric,0.8,1.0,0.3333333333333333,0.5,1,0.761904761904762,0.275
synth-skew-tight,lognormal,1.5,10,cluster1,60,240,threshold,severity,1.0,1.0,1.0,1.0,3,0.9448818897637796,0.2791666666666667
synth-skew-tight,lognormal,1.5,10,cluster1,60,240,threshold,severity,0.95,1.0,1.0,1.0,3,0.37837837837837834,0.058333333333333334
synth-skew-tight,lognormal,1.5,10,cluster1,60,240,threshold,severity,0.9,1.0,1.0,1.0,3,0.125,0.016666666666666666
synth-skew-tight,lognormal,1.5,10,cluster1,60,240,threshold,severity,0.8,1.0,1.0,1.0,3,0.0,0.0
synth-skew-tight,lognormal,1.5,10,cluster1,60,240,threshold,symmetric,1.0,1.0,1.0,1.0,3,0.9448818897637796,0.2791666666666667
synth-skew-tight,lognormal,1.5,10,cluster1,60,240,threshold,symmetric,0.95,1.0,1.0,1.0,3,0.35135135135135137,0.058333333333333334
synth-skew-tight,lognormal,1.5,10,cluster1,60,240,threshold,symmetric,0.9,1.0,1.0,1.0,3,0.125,0.016666666666666666
synth-skew-tight,lognormal,1.5,10,cluster1,60,240,threshold,symmetric,0.8,1.0,1.0,1.0,3,0.0,0.0
synth-skew-tight,lognormal,1.5,10,cluster1,60,240,db,severity,1.0,0.3,1.0,0.4615384615384615,10,0.9448818897637796,0.2791666666666667
synth-skew-tight,lognormal,1.5,10,cluster1,60,240,db,severity,0.95,1.0,0.6666666666666666,0.8,2,0.8813559322033899,0.24166666666666667
synth-skew-tight,lognormal,1.5,10,cluster1,60,240,db,severity,0.9,1.0,0.6666666666666666,0.8,2,0.8571428571428571,0.21666666666666667
synth-skew-tight,lognormal,1.5,10,cluster1,60,240,db,severity,0.8,1.0,0.6666666666666666,0.8,2,0.78,0.16666666666666666
synth-skew-tight,lognormal,1.5,10,cluster1,60,240,db,symmetric,1.0,0.3,1.0,0.4615384615384615,10,0.9448818897637796,0.2791666666666667
synth-skew-tight,lognormal,1.5,10,cluster1,60,240,db,symmetric,0.95,1.0,1.0,1.0,3,0.8275862068965518,0.23333333333333334
synth-skew-tight,lognormal,1.5,10,cluster1,60,240,db,symmetric,0.9,1.0,0.6666666666666666,0.8,2,0.8648648648648648,0.2125
synth-skew-tight,lognormal,1.5,10,cluster1,60,240,db,symmetric,0.8,1.0,0.6666666666666666,0.8,2,0.78,0.16666666666666666
synth-skew-tight,lognormal,1.5,10,cluster2,60,240,threshold,severity,1.0,1.0,1.0,1.0,3,1.0,0.25
synth-skew-tight,lognormal,1.5,10,cluster2,60,240,threshold,severity,0.95,1.0,1.0,1.0,3,0.30985915492957744,0.04583333333333333
synth-skew-tight,lognormal,1.5,10,cluster2,60,240,threshold,severity,0.9,1.0,1.0,1.0,3,0.0,0.0
synth-skew-tight,lognormal,1.5,10,cluster2,60,240,threshold,severity,0.8,1.0,1.0,1.0,3,0.0,0.0
synth-skew-tight,lognormal,1.5,10,cluster2,60,240,threshold,symmetric,1.0,1.0,1.0,1.0,3,1.0,0.25
synth-skew-tight,lognormal,1.5,10,cluster2,60,240,threshold,symmetric,0.95,1.0,1.0,1.0,3,0.30985915492957744,0.04583333333333333
synth-skew-tight,lognormal,1.5,10,cluster2,60,240,threshold,symmetric,0.9,1.0,1.0,1.0,3,0.06451612903225806,0.008333333333333333
synth-skew-tight,lognormal,1.5,10,cluster2,60,240,threshold,symmetric,0.8,1.0,1.0,1.0,3,0.0,0.0
synth-skew-tight,lognormal,1.5,10,cluster2,60,240,db,severity,1.0,0.5,1.0,0.6666666666666666,6,1.0,0.25
synth-skew-tight,lognormal,1.5,10,cluster2,60,240,db,severity,0.95,1.0,0.6666666666666666,0.8,2,0.9043478260869566,0.22916666666666666
synth-skew-tight,lognormal,1.5,10,cluster2,60,240,db,severity,0.9,1.0,0.6666666666666666,0.8,2,0.8807339449541285,0.20416666666666666
synth-skew-tight,lognormal,1.5,10,cluster2,60,240,db,severity,0.8,1.0,0.6666666666666666,0.8,2,0.78,0.16666666666666666
synth-skew-tight,lognormal,1.5,10,cluster2,60,240,db,symmetric,1.0,0.5,1.0,0.6666666666666666,6,1.0,0.25
synth-skew-tight,lognormal,1.5,10,cluster2,60,240,db,symmetric,0.95,1.0,1.0,1.0,3,0.882882882882883,0.2125
synth-skew-tight,lognormal,1.5,10,cluster2,60,240,db,symmetric,0.9,1.0,0.6666666666666666,0.8,2,0.882882882882883,0.2125
synth-skew-tight,lognormal,1.5,10,cluster2,60,240,db,symmetric,0.8,1.0,0.6666666666666666,0.8,2,0.78,0.16666666666666666
synth-skew-tight,lognormal,1.5,10,cluster3,60,240,threshold,severity,1.0,1.0,1.0,1.0,3,0.916030534351145,0.29583333333333334
synth-skew-tight,lognormal,1.5,10,cluster3,60,240,threshold,severity,0.95,1.0,1.0,1.0,3,0.30985915492957744,0.04583333333333333
synth-skew-tight,lognormal,1.5,10,cluster3,60,240,threshold,severity,0.9,1.0,1.0,1.0,3,0.15384615384615385,0.020833333333333332
synth-skew-tight,lognormal,1.5,10,cluster3,60,240,threshold,severity,0.8,1.0,1.0,1.0,3,0.03278688524590164,0.004166666666666667
synth-skew-tight,lognormal,1.5,10,cluster3,60,240,threshold,symmetric,1.0,1.0,1.0,1.0,3,0.916030534351145,0.29583333333333334
synth-skew-tight,lognormal,1.5,10,cluster3,60,240,threshold,symmetric,0.95,1.0,1.0,1.0,3,0.2608695652173913,0.0375
synth-skew-tight,lognormal,1.5,10,cluster3,60,240,threshold,symmetric,0.9,1.0,1.0,1.0,3,0.18181818181818182,0.025
synth-skew-tight,lognormal,1.5,10,cluster3,60,240,threshold,symmetric,0.8,1.0,1.0,1.0,3,0.03278688524590164,0.004166666666666667
synth-skew-tight,lognormal,1.5,10,cluster3,60,240,db,severity,1.0,0.375,1.0,0.5454545454545454,8,0.916030534351145,0.29583333333333334
synth-skew-tight,lognormal,1.5,10,cluster3,60,240,db,severity,0.95,1.0,1.0,1.0,3,0.8990825688073394,0.20416666666666666
synth-skew-tight,lognormal,1.5,10,cluster3,60,240,db,severity,0.9,1.0,0.3333333333333333,0.5,1,0.8833333333333333,0.25
synth-skew-tight,lognormal,1.5,10,cluster3,60,240,db,severity,0.8,1.0,0.3333333333333333,0.5,1,0.8392857142857143,0.21666666666666667
synth-skew-tight,lognormal,1.5,10,cluster3,60,240,db,symmetric,1.0,0.375,1.0,0.5454545454545454,8,0.916030534351145,0.29583333333333334
synth-skew-tight,lognormal,1.5,10,cluster3,60,240,db,symmetric,0.95,1.0,0.6666666666666666,0.8,2,0.8739495798319329,0.24583333333333332
synth-skew-tight,lognormal,1.5,10,cluster3,60,240,db,symmetric,0.9,1.0,0.6666666666666666,0.8,2,0.8727272727272728,0.20833333333333334
synth-skew-tight,lognormal,1.5,10,cluster3,60,240,db,symmetric,0.8,1.0,0.3333333333333333,0.5,1,0.8347826086956521,0.22916666666666666
synth-skew-tight,lognormal,1.5,11,cluster0,60,240,threshold,severity,1.0,1.0,1.0,1.0,3,0.923076923076923,0.2916666666666667
synth-skew-tight,lognormal,1.5,11,cluster0,60,240,threshold,severity,0.95,1.0,1.0,1.0,3,0.30985915492957744,0.04583333333333333
synth-skew-tight,lognormal,1.5,11,cluster0,60,240,threshold,severity,0.9,1.0,1.0,1.0,3,0.09523809523809523,0.0125
synth-skew-tight,lognormal,1.5,11,cluster0,60,240,threshold,severity,0.8,1.0,1.0,1.0,3,0.0,0.0
synth-skew-tight,lognormal,1.5,11,cluster0,60,240,threshold,symmetric,1.0,1.0,1.0,1.0,3,0.923076923076923,0.2916666666666667
synth-skew-tight,lognormal,1.5,11,cluster0,60,240,threshold,symmetric,0.95,1.0,1.0,1.0,3,0.2857142857142857,0.041666666666666664
synth-skew-tight,lognormal,1.5,11,cluster0,60,240,threshold,symmetric,0.9,1.0,1.0,1.0,3,0.15384615384615385,0.020833333333333332
synth-skew-tight,lognormal,1.5,11,cluster0,60,240,threshold,symmetric,0.8,1.0,1.0,1.0,3,0.0,0.0
synth-skew-tight,lognormal,1.5,11,cluster0,60,240,db,severity,1.0,0.2727272727272727,1.0,0.42857142857142855,11,0.923076923076923,0.2916666666666667
synth-skew-tight,lognormal,1.5,11,cluster0,60,240,db,severity,0.95,1.0,1.0,1.0,3,0.8596491228070176,0.225
synth-skew-tight,lognormal,1.5,11,cluster0,60,240,db,severity,0.9,1.0,0.6666666666666666,0.8,2,0.8392857142857143,0.21666666666666667
synth-skew-tight,lognormal,1.5,11,cluster0,60,240,db,severity,0.8,1.0,0.3333333333333333,0.5,1,0.7899159663865546,0.24583333333333332
synth-skew-tight,lognormal,1.5,11,cluster0,60,240,db,symmetric,1.0,0.2727272727272727,1.0,0.42857142857142855,11,0.923076923076923,0.2916666666666667
synth-skew-tight,lognormal,1.5,11,cluster0,60,240,db,symmetric,0.95,0.75,1.0,0.8571428571428571,4,0.8141592920353983,0.22083333333333333
synth-skew-tight,lognormal,1.5,11,cluster0,60,240,db,symmetric,0.9,1.0,1.0,1.0,3,0.849056603773585,0.19166666666666668
synth-skew-tight,lognormal,1.5,11,cluster0,60,240,db,symmetric,0.8,1.0,0.6666666666666666,0.8,2,0.7572815533980582,0.17916666666666667
synth-skew-tight,lognormal,1.5,11,cluster1,60,240,threshold,severity,1.0,1.0,1.0,1.0,3,0.967741935483871,0.26666666666666666
synth-skew-tight,lognormal,1.5,11,cluster1,60,240,threshold,severity,0.95,1.0,1.0,1.0,3,0.2608695652173913,0.0375
synth-skew-tight,lognormal,1.5,11,cluster1,60,240,threshold,severity,0.9,1.0,1.0,1.0,3,0.06451612903225806,0.008333333333333333
synth-skew-tight,lognormal,1.5,11,cluster1,60,240,threshold,severity,0.8,1.0,1.0,1.0,3,0.0,0.0
synth-skew-tight,lognormal,1.5,11,cluster1,60,240,threshold,symmetric,1.0,1.0,1.0,1.0,3,0.967741935483871,0.26666666666666666
synth-skew-tight,lognormal,1.5,11,cluster1,60,240,threshold,symmetric,0.95,1.0,1.0,1.0,3,0.2608695652173913,0.0375
synth-skew-tight,lognormal,1.5,11,cluster1,60,240,threshold,symmetric,0.9,1.0,1.0,1.0,3,0.06451612903225806,0.008333333333333333
synth-skew-tight,lognormal,1.5,11,cluster1,60,240,threshold,symmetric,0.8,1.0,1.0,1.0,3,0.0,0.0
synth-skew-tight,lognormal,1.5,11,cluster1,60,240,db,severity,1.0,0.3333333333333333,1.0,0.5,9,0.967741935483871,0.26666666666666666
synth-skew-tight,lognormal,1.5,11,cluster1,60,240,db,severity,0.95,1.0,0.6666666666666666,0.8,2,0.8739495798319329,0.24583333333333332
synth-skew-tight,lognormal,1.5,11,cluster1,60,240,db,severity,0.9,1.0,0.6666666666666666,0.8,2,0.8648648648648648,0.2125
synth-skew-tight,lognormal,1.5,11,cluster1,60,240,db,severity,0.8,1.0,0.3333333333333333,0.5,1,0.752,0.2708333333333333
synth-skew-tight,lognormal,1.5,11,cluster1,60,240,db,symmetric,1.0,0.3333333333333333,1.0,0.5,9,0.967741935483871,0.26666666666666666
synth-skew-tight,lognormal,1.5,11,cluster1,60,240,db,symmetric,0.95,1.0,0.6666666666666666,0.8,2,0.8688524590163934,0.25833333333333336
synth-skew-tight,lognormal,1.5,11,cluster1,60,240,db,symmetric,0.9,1.0,0.6666666666666666,0.8,2,0.8376068376068376,0.2375
synth-skew-tight,lognormal,1.5,11,cluster1,60,240,db,symmetric,0.8,1.0,0.6666666666666666,0.8,2,0.7843137254901961,0.175
synth-skew-tight,lognormal,1.5,11,cluster2,60,240,threshold,severity,1.0,0.6666666666666666,0.6666666666666666,0.6666666666666666,3,0.8759124087591241,0.32083333333333336
synth-skew-tight,lognormal,1.5,11,cluster2,60,240,threshold,severity,0.95,1.0,1.0,1.0,3,0.17910447761194032,0.029166666666666667
synth-skew-tight,lognormal,1.5,11,cluster2,60,240,threshold,severity,0.9,1.0,1.0,1.0,3,0.0,0.0
synth-skew-tight,lognormal,1.5,11,cluster2,60,240,threshold,severity,0.8,1.0,1.0,1.0,3,0.0,0.0
synth-skew-tight,lognormal,1.5,11,cluster2,60,240,threshold,symmetric,1.0,0.6666666666666666,0.6666666666666666,0.6666666666666666,3,0.8759124087591241,0.32083333333333336
synth-skew-tight,lognormal,1.5,11,cluster2,60,240,threshold,symmetric,0.95,0.6666666666666666,0.6666666666666666,0.6666666666666666,3,0.2028985507246377,0.0375
synth-skew-tight,lognormal,1.5,11,cluster2,60,240,threshold,symmetric,0.9,1.0,1.0,1.0,3,0.0,0.0
synth-skew-tight,lognormal,1.5,11,cluster2,60,240,threshold,symmetric,0.8,1.0,1.0,1.0,3,0.0,0.0
synth-skew-tight,lognormal,1.5,11,cluster2,60,240,db,severity,1.0,0.16666666666666666,1.0,0.2857142857142857,18,0.8759124087591241,0.32083333333333336
synth-skew-tight,lognormal,1.5,11,cluster2,60,240,db,severity,0.95,1.0,1.0,1.0,3,0.8596491228070176,0.225
synth-skew-tight,lognormal,1.5,11,cluster2,60,240,db,severity,0.9,1.0,0.6666666666666666,0.8,2,0.8347826086956521,0.22916666666666666
synth-skew-tight,lognormal,1.5,11,cluster2,60,240,db,severity,0.8,1.0,0.3333333333333333,0.5,1,0.8135593220338982,0.24166666666666667
synth-skew-tight,lognormal,1.5,11,cluster2,60,240,db,symmetric,1.0,0.16666666666666666,1.0,0.2857142857142857,18,0.8759124087591241,0.32083333333333336
synth-skew-tight,lognormal,1.5,11,cluster2,60,240,db,symmetric,0.95,0.5,0.6666666666666666,0.5714285714285715,4,0.7540983606557377,0.25833333333333336
synth-skew-tight,lognormal,1.5,11,cluster2,60,240,db,symmetric,0.9,1.0,0.6666666666666666,0.8,2,0.8596491228070176,0.225
synth-skew-tight,lognormal,1.5,11,cluster2,60,240,db,symmetric,0.8,1.0,0.6666666666666666,0.8,2,0.7676767676767675,0.1625
synth-skew-tight,lognormal,1.5,11,cluster3,60,240,threshold,severity,1.0,1.0,1.0,1.0,3,0.967741935483871,0.26666666666666666
synth-skew-tight,lognormal,1.5,11,cluster3,60,240,threshold,severity,0.95,1.0,1.0,1.0,3,0.37837837837837834,0.058333333333333334
synth-skew-tight,lognormal,1.5,11,cluster3,60,240,threshold,severity,0.9,1.0,1.0,1.0,3,0.208955223880597,0.029166666666666667
synth-skew-tight,lognormal,1.5,11,cluster3,60,240,threshold,severity,0.8,1.0,1.0,1.0,3,0.0,0.0
synth-skew-tight,lognormal,1.5,11,cluster3,60,240,threshold,symmetric,1.0,1.0,1.0,1.0,3,0.967741935483871,0.26666666666666666
synth-skew-tight,lognormal,1.5,11,cluster3,60,240,threshold,symmetric,0.95,1.0,1.0,1.0,3,0.4,0.0625
synth-skew-tight,lognormal,1.5,11,cluster3,60,240,threshold,symmetric,0.9,1.0,1.0,1.0,3,0.23529411764705882,0.03333333333333333
synth-skew-tight,lognormal,1.5,11,cluster3,60,240,threshold,symmetric,0.8,1.0,1.0,1.0,3,0.0,0.0
synth-skew-tight,lognormal,1.5,11,cluster3,60,240,db,severity,1.0,0.6,1.0,0.7499999999999999,5,0.967741935483871,0.26666666666666666
synth-skew-tight,lognormal,1.5,11,cluster3,60,240,db,severity,0.95,1.0,1.0,1.0,3,0.8807339449541285,0.20416666666666666
synth-skew-tight,lognormal,1.5,11,cluster3,60,240,db,severity,0.9,1.0,0.6666666666666666,0.8,2,0.8623853211009175,0.20416666666666666
synth-skew-tight,lognormal,1.5,11,cluster3,60,240,db,severity,0.8,1.0,0.6666666666666666,0.8,2,0.7920792079207921,0.17083333333333334
synth-skew-tight,lognormal,1.5,11,cluster3,60,240,db,symmetric,1.0,0.6,1.0,0.7499999999999999,5,0.967741935483871,0.26666666666666666
synth-skew-tight,lognormal,1.5,11,cluster3,60,240,db,symmetric,0.95,1.0,1.0,1.0,3,0.890909090909091,0.20833333333333334
synth-skew-tight,lognormal,1.5,11,cluster3,60,240,db,symmetric,0.9,1.0,0.6666666666666666,0.8,2,0.8571428571428571,0.21666666666666667
synth-skew-tight,lognormal,1.5,11,cluster3,60,240,db,symmetric,0.8,1.0,0.3333333333333333,0.5,1,0.7933884297520661,0.25416666666666665
synth-skew-tight,lognormal,1.5,12,cluster0,60,240,threshold,severity,1.0,1.0,1.0,1.0,3,0.9375,0.2833333333333333
synth-skew-tight,lognormal,1.5,12,cluster0,60,240,threshold,severity,0.95,1.0,1.0,1.0,3,0.2857142857142857,0.041666666666666664
synth-skew-tight,lognormal,1.5,12,cluster0,60,240,threshold,severity,0.9,1.0,1.0,1.0,3,0.06451612903225806,0.008333333333333333
synth-skew-tight,lognormal,1.5,12,cluster0,60,240,threshold,severity,0.8,1.0,1.0,1.0,3,0.0,0.0
synth-skew-tight,lognormal,1.5,12,cluster0,60,240,threshold,symmetric,1.0,1.0,1.0,1.0,3,0.9375,0.2833333333333333
synth-skew-tight,lognormal,1.5,12,cluster0,60,240,threshold,symmetric,0.95,1.0,1.0,1.0,3,0.2857142857142857,0.041666666666666664
synth-skew-tight,lognormal,1.5,12,cluster0,60,240,threshold,symmetric,0.9,1.0,1.0,1.0,3,0.09523809523809523,0.0125
synth-skew-tight,lognormal,1.5,12,cluster0,60,240,threshold,symmetric,0.8,1.0,1.0,1.0,3,0.0,0.0
synth-skew-tight,lognormal,1.5,12,cluster0,60,240,db,severity,1.0,0.75,1.0,0.8571428571428571,4,0.9375,0.2833333333333333
synth-skew-tight,lognormal,1.5,12,cluster0,60,240,db,severity,0.95,1.0,0.6666666666666666,0.8,2,0.9137931034482758,0.23333333333333334
synth-skew-tight,lognormal,1.5,12,cluster0,60,240,db,severity,0.9,1.0,0.6666666666666666,0.8,2,0.8623853211009175,0.20416666666666666
synth-skew-tight,lognormal,1.5,12,cluster0,60,240,db,severity,0.8,1.0,0.3333333333333333,0.5,1,0.8034188034188033,0.2375
synth-skew-tight,lognormal,1.5,12,cluster0,60,240,db,symmetric,1.0,0.75,1.0,0.8571428571428571,4,0.9375,0.2833333333333333
synth-skew-tight,lognormal,1.5,12,cluster0,60,240,db,symmetric,0.95,0.6666666666666666,0.6666666666666666,0.6666666666666666,3,0.847457627118644,0.24166666666666667
synth-skew-tight,lognormal,1.5,12,cluster0,60,240,db,symmetric,0.9,1.0,0.6666666666666666,0.8,2,0.8749999999999999,0.21666666666666667
synth-skew-tight,lognormal,1.5,12,cluster0,60,240,db,symmetric,0.8,1.0,0.3333333333333333,0.5,1,0.7868852459016393,0.25833333333333336
synth-skew-tight,lognormal,1.5,12,cluster1,60,240,threshold,severity,1.0,1.0,1.0,1.0,3,0.923076923076923,0.2916666666666667
synth-skew-tight,lognormal,1.5,12,cluster1,60,240,threshold,severity,0.95,1.0,1.0,1.0,3,0.33333333333333337,0.05
synth-skew-tight,lognormal,1.5,12,cluster1,60,240,threshold,severity,0.9,1.0,1.0,1.0,3,0.06451612903225806,0.008333333333333333
synth-skew-tight,lognormal,1.5,12,cluster1,60,240,threshold,severity,0.8,1.0,1.0,1.0,3,0.0,0.0
synth-skew-tight,lognormal,1.5,12,cluster1,60,240,threshold,symmetric,1.0,1.0,1.0,1.0,3,0.923076923076923,0.2916666666666667
synth-skew-tight,lognormal,1.5,12,cluster1,60,240,threshold,symmetric,0.95,1.0,1.0,1.0,3,0.33333333333333337,0.05
synth-skew-tight,lognormal,1.5,12,cluster1,60,240,threshold,symmetric,0.9,1.0,1.0,1.0,3,0.09523809523809523,0.0125
synth-skew-tight,lognormal,1.5,12,cluster1,60,240,threshold,symmetric,0.8,1.0,1.0,1.0,3,0.0,0.0
synth-skew-tight,lognormal,1.5,12,cluster1,60,240,db,severity,1.0,0.25,1.0,0.4,12,0.923076923076923,0.2916666666666667
synth-skew-tight,lognormal,1.5,12,cluster1,60,240,db,severity,0.95,1.0,0.6666666666666666,0.8,2,0.8983050847457628,0.24166666666666667
synth-skew-tight,lognormal,1.5,12,cluster1,60,240,db,severity,0.9,1.0,0.6666666666666666,0.8,2,0.8727272727272728,0.20833333333333334
synth-skew-tight,lognormal,1.5,12,cluster1,60,240,db,severity,0.8,1.0,0.3333333333333333,0.5,1,0.8318584070796461,0.22083333333333333
synth-skew-tight,lognormal,1.5,12,cluster1,60,240,db,symmetric,1.0,0.25,1.0,0.4,12,0.923076923076923,0.2916666666666667
synth-skew-tight,lognormal,1.5,12,cluster1,60,240,db,symmetric,0.95,1.0,0.6666666666666666,0.8,2,0.8666666666666667,0.25
synth-skew-tight,lognormal,1.5,12,cluster1,60,240,db,symmetric,0.9,1.0,0.6666666666666666,0.8,2,0.8749999999999999,0.21666666666666667
synth-skew-tight,lognormal,1.5,12,cluster1,60,240,db,symmetric,0.8,1.0,0.3333333333333333,0.5,1,0.8067226890756303,0.24583333333333332
synth-skew-tight,lognormal,1.5,12,cluster2,60,240,threshold,severity,1.0,0.6666666666666666,0.6666666666666666,0.6666666666666666,3,0.8275862068965517,0.3541666666666667
synth-skew-tight,lognormal,1.5,12,cluster2,60,240,threshold,severity,0.95,1.0,1.0,1.0,3,0.3055555555555556,0.05
synth-skew-tight,lognormal,1.5,12,cluster2,60,240,threshold,severity,0.9,1.0,1.0,1.0,3,0.03278688524590164,0.004166666666666667
synth-skew-tight,lognormal,1.5,12,cluster2,60,240,threshold,severity,0.8,1.0,1.0,1.0,3,0.0,0.0
synth-skew-tight,lognormal,1.5,12,cluster2,60,240,threshold,symmetric,1.0,0.6666666666666666,0.6666666666666666,0.6666666666666666,3,0.8275862068965517,0.3541666666666667
synth-skew-tight,lognormal,1.5,12,cluster2,60,240,threshold,symmetric,0.95,1.0,1.0,1.0,3,0.3055555555555556,0.05
synth-skew-tight,lognormal,1.5,12,cluster2,60,240,threshold,symmetric,0.9,1.0,1.0,1.0,3,0.09523809523809523,0.0125
synth-skew-tight,lognormal,1.5,12,cluster2,60,240,threshold,symmetric,0.8,1.0,1.0,1.0,3,0.03278688524590164,0.004166666666666667
synth-skew-tight,lognormal,1.5,12,cluster2,60,240,db,severity,1.0,0.3,1.0,0.4615384615384615,10,0.8275862068965517,0.3541666666666667
synth-skew-tight,lognormal,1.5,12,cluster2,60,240,db,severity,0.95,0.6666666666666666,0.6666666666666666,0.6666666666666666,3,0.8947368421052632,0.225
synth-skew-tight,lognormal,1.5,12,cluster2,60,240,db,severity,0.9,1.0,0.6666666666666666,0.8,2,0.8648648648648648,0.2125
synth-skew-tight,lognormal,1.5,12,cluster2,60,240,db,severity,0.8,1.0,0.3333333333333333,0.5,1,0.7768595041322314,0.25416666666666665
synth-skew-tight,lognormal,1.5,12,cluster2,60,240,db,symmetric,1.0,0.3,1.0,0.4615384615384615,10,0.8275862068965517,0.3541666666666667
synth-skew-tight,lognormal,1.5,12,cluster2,60,240,db,symmetric,0.95,0.6666666666666666,0.6666666666666666,0.6666666666666666,3,0.8717948717948718,0.2375
synth-skew-tight,lognormal,1.5,12,cluster2,60,240,db,symmetric,0.9,0.6666666666666666,0.6666666666666666,0.6666666666666666,3,0.8598130841121495,0.19583333333333333
synth-skew-tight,lognormal,1.5,12,cluster2,60,240,db,symmetric,0.8,1.0,0.6666666666666666,0.8,2,0.7766990291262136,0.17916666666666667
synth-skew-tight,lognormal,1.5,12,cluster3,60,240,threshold,severity,1.0,0.6666666666666666,0.6666666666666666,0.6666666666666666,3,0.888888888888889,0.3125
synth-skew-tight,lognormal,1.5,12,cluster3,60,240,threshold,severity,0.95,1.0,1.0,1.0,3,0.2857142857142857,0.041666666666666664
synth-skew-tight,lognormal,1.5,12,cluster3,60,240,threshold,severity,0.9,1.0,1.0,1.0,3,0.09523809523809523,0.0125
synth-skew-tight,lognormal,1.5,12,cluster3,60,240,threshold,severity,0.8,1.0,1.0,1.0,3,0.0,0.0
synth-skew-tight,lognormal,1.5,12,cluster3,60,240,threshold,symmetric,1.0,0.6666666666666666,0.6666666666666666,0.6666666666666666,3,0.888888888888889,0.3125
synth-skew-tight,lognormal,1.5,12,cluster3,60,240,threshold,symmetric,0.95,1.0,1.0,1.0,3,0.2608695652173913,0.0375
synth-skew-tight,lognormal,1.5,12,cluster3,60,240,threshold,symmetric,0.9,1.0,1.0,1.0,3,0.09523809523809523,0.0125
synth-skew-tight,lognormal,1.5,12,cluster3,60,240,threshold,symmetric,0.8,1.0,1.0,1.0,3,0.0,0.0
synth-skew-tight,lognormal,1.5,12,cluster3,60,240,db,severity,1.0,0.2727272727272727,1.0,0.42857142857142855,11,0.888888888888889,0.3125
synth-skew-tight,lognormal,1.5,12,cluster3,60,240,db,severity,0.95,0.6666666666666666,0.6666666666666666,0.6666666666666666,3,0.8771929824561403,0.225
synth-skew-tight,lognormal,1.5,12,cluster3,60,240,db,severity,0.9,1.0,0.6666666666666666,0.8,2,0.8318584070796461,0.22083333333333333
synth-skew-tight,lognormal,1.5,12,cluster3,60,240,db,severity,0.8,1.0,0.6666666666666666,0.8,2,0.7647058823529412,0.175
synth-skew-tight,lognormal,1.5,12,cluster3,60,240,db,symmetric,1.0,0.2727272727272727,1.0,0.42857142857142855,11,0.888888888888889,0.3125
synth-skew-tight,lognormal,1.5,12,cluster3,60,240,db,symmetric,0.95,0.5,0.6666666666666666,0.5714285714285715,4,0.8141592920353983,0.22083333333333333
synth-skew-tight,lognormal,1.5,12,cluster3,60,240,db,symmetric,0.9,1.0,1.0,1.0,3,0.8190476190476191,0.1875
synth-skew-tight,lognormal,1.5,12,cluster3,60,240,db,symmetric,0.8,0.5,0.3333333333333333,0.4,2,0.7387387387387387,0.2125
synth-skew-tight,lognormal,1.5,13,cluster0,60,240,threshold,severity,1.0,1.0,1.0,1.0,3,0.9600000000000001,0.2708333333333333
synth-skew-tight,lognormal,1.5,13,cluster0,60,240,threshold,severity,0.95,1.0,1.0,1.0,3,0.2857142857142857,0.041666666666666664
synth-skew-tight,lognormal,1.5,13,cluster0,60,240,threshold,severity,0.9,1.0,1.0,1.0,3,0.09523809523809523,0.0125
synth-skew-tight,lognormal,1.5,13,cluster0,60,240,threshold,severity,0.8,1.0,1.0,1.0,3,0.0,0.0
synth-skew-tight,lognormal,1.5,13,cluster0,60,240,threshold,symmetric,1.0,1.0,1.0,1.0,3,0.9600000000000001,0.2708333333333333
synth-skew-tight,lognormal,1.5,13,cluster0,60,240,threshold,symmetric,0.95,1.0,1.0,1.0,3,0.30985915492957744,0.04583333333333333
synth-skew-tight,lognormal,1.5,13,cluster0,60,240,threshold,symmetric,0.9,1.0,1.0,1.0,3,0.09523809523809523,0.0125
synth-skew-tight,lognormal,1.5,13,cluster0,60,240,threshold,symmetric,0.8,1.0,1.0,1.0,3,0.0,0.0
synth-skew-tight,lognormal,1.5,13,cluster0,60,240,db,severity,1.0,0.375,1.0,0.5454545454545454,8,0.9600000000000001,0.2708333333333333
synth-skew-tight,lognormal,1.5,13,cluster0,60,240,db,severity,0.95,1.0,1.0,1.0,3,0.8749999999999999,0.21666666666666667
synth-skew-tight,lognormal,1.5,13,cluster0,60,240,db,severity,0.9,1.0,0.6666666666666666,0.8,2,0.8571428571428571,0.21666666666666667
synth-skew-tight,lognormal,1.5,13,cluster0,60,240,db,severity,0.8,1.0,0.3333333333333333,0.5,1,0.7704918032786884,0.25833333333333336
synth-skew-tight,lognormal,1.5,13,cluster0,60,240,db,symmetric,1.0,0.375,1.0,0.5454545454545454,8,0.9600000000000001,0.2708333333333333
synth-skew-tight,lognormal,1.5,13,cluster0,60,240,db,symmetric,0.95,1.0,0.6666666666666666,0.8,2,0.8548387096774193,0.26666666666666666
synth-skew-tight,lognormal,1.5,13,cluster0,60,240,db,symmetric,0.9,1.0,0.6666666666666666,0.8,2,0.8620689655172413,0.23333333333333334
synth-skew-tight,lognormal,1.5,13,cluster0,60,240,db,symmetric,0.8,1.0,0.6666666666666666,0.8,2,0.7524752475247526,0.17083333333333334
synth-skew-tight,lognormal,1.5,13,cluster1,60,240,threshold,severity,1.0,0.6666666666666666,0.6666666666666666,0.6666666666666666,3,0.9836065573770492,0.25833333333333336
synth-skew-tight,lognormal,1.5,13,cluster1,60,240,threshold,severity,0.95,1.0,1.0,1.0,3,0.23529411764705882,0.03333333333333333
synth-skew-tight,lognormal,1.5,13,cluster1,60,240,threshold,severity,0.9,1.0,1.0,1.0,3,0.09523809523809523,0.0125
synth-skew-tight,lognormal,1.5,13,cluster1,60,240,threshold,severity,0.8,1.0,1.0,1.0,3,0.0,0.0
synth-skew-tight,lognormal,1.5,13,cluster1,60,240,threshold,symmetric,1.0,0.6666666666666666,0.6666666666666666,0.6666666666666666,3,0.9836065573770492,0.25833333333333336
synth-skew-tight,lognormal,1.5,13,cluster1,60,240,threshold,symmetric,0.95,1.0,1.0,1.0,3,0.208955223880597,0.029166666666666667
synth-skew-tight,lognormal,1.5,13,cluster1,60,240,threshold,symmetric,0.9,1.0,1.0,1.0,3,0.125,0.016666666666666666
synth-skew-tight,lognormal,1.5,13,cluster1,60,240,threshold,symmetric,0.8,1.0,1.0,1.0,3,0.03278688524590164,0.004166666666666667
synth-skew-tight,lognormal,1.5,13,cluster1,60,240,db,severity,1.0,0.5,0.6666666666666666,0.5714285714285715,4,0.9836065573770492,0.25833333333333336
synth-skew-tight,lognormal,1.5,13,cluster1,60,240,db,severity,0.95,1.0,0.6666666666666666,0.8,2,0.912280701754386,0.225
synth-skew-tight,lognormal,1.5,13,cluster1,60,240,db,severity,0.9,1.0,0.6666666666666666,0.8,2,0.8518518518518519,0.2
synth-skew-tight,lognormal,1.5,13,cluster1,60,240,db,severity,0.8,1.0,0.3333333333333333,0.5,1,0.8103448275862069,0.23333333333333334
synth-skew-tight,lognormal,1.5,13,cluster1,60,240,db,symmetric,1.0,0.5,0.6666666666666666,0.5714285714285715,4,0.9836065573770492,0.25833333333333336
synth-skew-tight,lognormal,1.5,13,cluster1,60,240,db,symmetric,0.95,1.0,0.6666666666666666,0.8,2,0.912280701754386,0.225
synth-skew-tight,lognormal,1.5,13,cluster1,60,240,db,symmetric,0.9,1.0,0.6666666666666666,0.8,2,0.8727272727272728,0.20833333333333334
synth-skew-tight,lognormal,1.5,13,cluster1,60,240,db,symmetric,0.8,1.0,0.3333333333333333,0.5,1,0.7741935483870969,0.26666666666666666
synth-skew-tight,lognormal,1.5,13,cluster2,60,240,threshold,severity,1.0,1.0,1.0,1.0,3,0.9090909090909091,0.3
synth-skew-tight,lognormal,1.5,13,cluster2,60,240,threshold,severity,0.95,0.6666666666666666,0.6666666666666666,0.6666666666666666,3,0.2318840579710145,0.0375
synth-skew-tight,lognormal,1.5,13,cluster2,60,240,threshold,severity,0.9,1.0,1.0,1.0,3,0.03278688524590164,0.004166666666666667
synth-skew-tight,lognormal,1.5,13,cluster2,60,240,threshold,severity,0.8,1.0,1.0,1.0,3,0.0,0.0
synth-skew-tight,lognormal,1.5,13,cluster2,60,240,threshold,symmetric,1.0,1.0,1.0,1.0,3,0.9090909090909091,0.3
synth-skew-tight,lognormal,1.5,13,cluster2,60,240,threshold,symmetric,0.95,0.6666666666666666,0.6666666666666666,0.6666666666666666,3,0.23529411764705882,0.03333333333333333
synth-skew-tight,lognormal,1.5,13,cluster2,60,240,threshold,symmetric,0.9,0.6666666666666666,0.6666666666666666,0.6666666666666666,3,0.06451612903225806,0.008333333333333333
synth-skew-tight,lognormal,1.5,13,cluster2,60,240,threshold,symmetric,0.8,1.0,1.0,1.0,3,0.0,0.0
synth-skew-tight,lognormal,1.5,13,cluster2,60,240,db,severity,1.0,0.25,1.0,0.4,12,0.9090909090909091,0.3
synth-skew-tight,lognormal,1.5,13,cluster2,60,240,db,severity,0.95,1.0,1.0,1.0,3,0.8749999999999999,0.21666666666666667
synth-skew-tight,lognormal,1.5,13,cluster2,60,240,db,severity,0.9,1.0,0.6666666666666666,0.8,2,0.8623853211009175,0.20416666666666666
synth-skew-tight,lognormal,1.5,13,cluster2,60,240,db,severity,0.8,1.0,0.3333333333333333,0.5,1,0.8067226890756303,0.24583333333333332
synth-skew-tight,lognormal,1.5,13,cluster2,60,240,db,symmetric,1.0,0.25,1.0,0.4,12,0.9090909090909091,0.3
synth-skew-tight,lognormal,1.5,13,cluster2,60,240,db,symmetric,0.95,1.0,0.6666666666666666,0.8,2,0.8524590163934426,0.25833333333333336
synth-skew-tight,lognormal,1.5,13,cluster2,60,240,db,symmetric,0.9,1.0,0.6666666666666666,0.8,2,0.8495575221238938,0.22083333333333333
synth-skew-tight,lognormal,1.5,13,cluster2,60,240,db,symmetric,0.8,0.5,0.3333333333333333,0.4,2,0.7884615384615384,0.18333333333333332
synth-skew-tight,lognormal,1.5,13,cluster3,60,240,threshold,severity,1.0,0.6666666666666666,0.6666666666666666,0.6666666666666666,3,0.8053691275167786,0.37083333333333335
synth-skew-tight,lognormal,1.5,13,cluster3,60,240,threshold,severity,0.95,1.0,1.0,1.0,3,0.37837837837837834,0.058333333333333334
synth-skew-tight,lognormal,1.5,13,cluster3,60,240,threshold,severity,0.9,1.0,1.0,1.0,3,0.06451612903225806,0.008333333333333333
synth-skew-tight,lognormal,1.5,13,cluster3,60,240,threshold,severity,0.8,1.0,1.0,1.0,3,0.0,0.0
synth-skew-tight,lognormal,1.5,13,cluster3,60,240,threshold,symmetric,1.0,0.6666666666666666,0.6666666666666666,0.6666666666666666,3,0.8053691275167786,0.37083333333333335
synth-skew-tight,lognormal,1.5,13,cluster3,60,240,threshold,symmetric,0.95,1.0,1.0,1.0,3,0.3561643835616438,0.05416666666666667
synth-skew-tight,lognormal,1.5,13,cluster3,60,240,threshold,symmetric,0.9,1.0,1.0,1.0,3,0.15384615384615385,0.020833333333333332
synth-skew-tight,lognormal,1.5,13,cluster3,60,240,threshold,symmetric,0.8,1.0,1.0,1.0,3,0.0,0.0
synth-skew-tight,lognormal,1.5,13,cluster3,60,240,db,severity,1.0,0.11764705882352941,0.6666666666666666,0.2,17,0.8053691275167786,0.37083333333333335
synth-skew-tight,lognormal,1.5,13,cluster3,60,240,db,severity,0.95,1.0,1.0,1.0,3,0.8648648648648648,0.2125
synth-skew-tight,lognormal,1.5,13,cluster3,60,240,db,severity,0.9,1.0,0.6666666666666666,0.8,2,0.8703703703703703,0.2
synth-skew-tight,lognormal,1.5,13,cluster3,60,240,db,severity,0.8,1.0,0.3333333333333333,0.5,1,0.8468468468468469,0.2125
synth-skew-tight,lognormal,1.5,13,cluster3,60,240,db,symmetric,1.0,0.11764705882352941,0.6666666666666666,0.2,17,0.8053691275167786,0.37083333333333335
synth-skew-tight,lognormal,1.5,13,cluster3,60,240,db,symmetric,0.95,0.6666666666666666,0.6666666666666666,0.6666666666666666,3,0.8099173553719008,0.25416666666666665
synth-skew-tight,lognormal,1.5,13,cluster3,60,240,db,symmetric,0.9,0.6666666666666666,0.6666666666666666,0.6666666666666666,3,0.822429906542056,0.19583333333333333
synth-skew-tight,lognormal,1.5,13,cluster3,60,240,db,symmetric,0.8,1.0,0.6666666666666666,0.8,2,0.7809523809523808,0.1875
synth-skew-tight,lognormal,1.5,14,cluster0,60,240,threshold,severity,1.0,0.6666666666666666,0.6666666666666666,0.6666666666666666,3,0.8053691275167786,0.37083333333333335
synth-skew-tight,lognormal,1.5,14,cluster0,60,240,threshold,severity,0.95,1.0,1.0,1.0,3,0.208955223880597,0.029166666666666667
synth-skew-tight,lognormal,1.5,14,cluster0,60,240,threshold,severity,0.9,1.0,1.0,1.0,3,0.09523809523809523,0.0125
synth-skew-tight,lognormal,1.5,14,cluster0,60,240,threshold,severity,0.8,1.0,1.0,1.0,3,0.0,0.0
synth-skew-tight,lognormal,1.5,14,cluster0,60,240,threshold,symmetric,1.0,0.6666666666666666,0.6666666666666666,0.6666666666666666,3,0.8053691275167786,0.37083333333333335
synth-skew-tight,lognormal,1.5,14,cluster0,60,240,threshold,symmetric,0.95,1.0,1.0,1.0,3,0.2028985507246377,0.0375
synth-skew-tight,lognormal,1.5,14,cluster0,60,240,threshold,symmetric,0.9,1.0,1.0,1.0,3,0.09523809523809523,0.0125
synth-skew-tight,lognormal,1.5,14,cluster0,60,240,threshold,symmetric,0.8,1.0,1.0,1.0,3,0.0,0.0
synth-skew-tight,lognormal,1.5,14,cluster0,60,240,db,severity,1.0,0.1875,1.0,0.3157894736842105,16,0.8053691275167786,0.37083333333333335
synth-skew-tight,lognormal,1.5,14,cluster0,60,240,db,severity,0.95,1.0,1.0,1.0,3,0.847457627118644,0.24166666666666667
synth-skew-tight,lognormal,1.5,14,cluster0,60,240,db,severity,0.9,1.0,0.6666666666666666,0.8,2,0.8648648648648648,0.2125
synth-skew-tight,lognormal,1.5,14,cluster0,60,240,db,severity,0.8,1.0,0.3333333333333333,0.5,1,0.7966101694915254,0.24166666666666667
synth-skew-tight,lognormal,1.5,14,cluster0,60,240,db,symmetric,1.0,0.1875,1.0,0.3157894736842105,16,0.8053691275167786,0.37083333333333335
synth-skew-tight,lognormal,1.5,14,cluster0,60,240,db,symmetric,0.95,0.6,1.0,0.7499999999999999,5,0.7478260869565218,0.22916666666666666
synth-skew-tight,lognormal,1.5,14,cluster0,60,240,db,symmetric,0.9,0.5,0.3333333333333333,0.4,2,0.8547008547008548,0.2375
synth-skew-tight,lognormal,1.5,14,cluster0,60,240,db,symmetric,0.8,1.0,0.3333333333333333,0.5,1,0.8205128205128205,0.2375
synth-skew-tight,lognormal,1.5,14,cluster1,60,240,threshold,severity,1.0,0.6666666666666666,0.6666666666666666,0.6666666666666666,3,0.9523809523809523,0.275
synth-skew-tight,lognormal,1.5,14,cluster1,60,240,threshold,severity,0.95,1.0,1.0,1.0,3,0.23529411764705882,0.03333333333333333
synth-skew-tight,lognormal,1.5,14,cluster1,60,240,threshold,severity,0.9,1.0,1.0,1.0,3,0.03278688524590164,0.004166666666666667
synth-skew-tight,lognormal,1.5,14,cluster1,60,240,threshold,severity,0.8,1.0,1.0,1.0,3,0.0,0.0
synth-skew-tight,lognormal,1.5,14,cluster1,60,240,threshold,symmetric,1.0,0.6666666666666666,0.6666666666666666,0.6666666666666666,3,0.9523809523809523,0.275
synth-skew-tight,lognormal,1.5,14,cluster1,60,240,threshold,symmetric,0.95,1.0,1.0,1.0,3,0.2608695652173913,0.0375
synth-skew-tight,lognormal,1.5,14,cluster1,60,240,threshold,symmetric,0.9,1.0,1.0,1.0,3,0.06451612903225806,0.008333333333333333
synth-skew-tight,lognormal,1.5,14,cluster1,60,240,threshold,symmetric,0.8,1.0,1.0,1.0,3,0.0,0.0
synth-skew-tight,lognormal,1.5,14,cluster1,60,240,db,severity,1.0,0.25,0.6666666666666666,0.36363636363636365,8,0.9523809523809523,0.275
synth-skew-tight,lognormal,1.5,14,cluster1,60,240,db,severity,0.95,1.0,0.6666666666666666,0.8,2,0.8813559322033899,0.24166666666666667
synth-skew-tight,lognormal,1.5,14,cluster1,60,240,db,severity,0.9,1.0,0.6666666666666666,0.8,2,0.8545454545454546,0.20833333333333334
synth-skew-tight,lognormal,1.5,14,cluster1,60,240,db,severity,0.8,1.0,0.3333333333333333,0.5,1,0.7833333333333333,0.25
synth-skew-tight,lognormal,1.5,14,cluster1,60,240,db,symmetric,1.0,0.25,0.6666666666666666,0.36363636363636365,8,0.9523809523809523,0.275
synth-skew-tight,lognormal,1.5,14,cluster1,60,240,db,symmetric,0.95,1.0,0.6666666666666666,0.8,2,0.8813559322033899,0.24166666666666667
synth-skew-tight,lognormal,1.5,14,cluster1,60,240,db,symmetric,0.9,1.0,0.6666666666666666,0.8,2,0.8495575221238938,0.22083333333333333
synth-skew-tight,lognormal,1.5,14,cluster1,60,240,db,symmetric,0.8,1.0,0.6666666666666666,0.8,2,0.7676767676767675,0.1625
synth-skew-tight,lognormal,1.5,14,cluster2,60,240,threshold,severity,1.0,0.6666666666666666,0.6666666666666666,0.6666666666666666,3,0.916030534351145,0.29583333333333334
synth-skew-tight,lognormal,1.5,14,cluster2,60,240,threshold,severity,0.95,1.0,1.0,1.0,3,0.35135135135135137,0.058333333333333334
synth-skew-tight,lognormal,1.5,14,cluster2,60,240,threshold,severity,0.9,1.0,1.0,1.0,3,0.18181818181818182,0.025
synth-skew-tight,lognormal,1.5,14,cluster2,60,240,threshold,severity,0.8,1.0,1.0,1.0,3,0.0,0.0
synth-skew-tight,lognormal,1.5,14,cluster2,60,240,threshold,symmetric,1.0,0.6666666666666666,0.6666666666666666,0.6666666666666666,3,0.916030534351145,0.29583333333333334
synth-skew-tight,lognormal,1.5,14,cluster2,60,240,threshold,symmetric,0.95,0.6666666666666666,0.6666666666666666,0.6666666666666666,3,0.35135135135135137,0.058333333333333334
synth-skew-tight,lognormal,1.5,14,cluster2,60,240,threshold,symmetric,0.9,1.0,1.0,1.0,3,0.15384615384615385,0.020833333333333332
synth-skew-tight,lognormal,1.5,14,cluster2,60,240,threshold,symmetric,0.8,1.0,1.0,1.0,3,0.0,0.0
synth-skew-tight,lognormal,1.5,14,cluster2,60,240,db,severity,1.0,0.25,1.0,0.4,12,0.916030534351145,0.29583333333333334
synth-skew-tight,lognormal,1.5,14,cluster2,60,240,db,severity,0.95,1.0,1.0,1.0,3,0.8648648648648648,0.2125
synth-skew-tight,lognormal,1.5,14,cluster2,60,240,db,severity,0.9,1.0,0.6666666666666666,0.8,2,0.8103448275862069,0.23333333333333334
synth-skew-tight,lognormal,1.5,14,cluster2,60,240,db,severity,0.8,1.0,0.6666666666666666,0.8,2,0.7647058823529412,0.175
synth-skew-tight,lognormal,1.5,14,cluster2,60,240,db,symmetric,1.0,0.25,1.0,0.4,12,0.916030534351145,0.29583333333333334
synth-skew-tight,lognormal,1.5,14,cluster2,60,240,db,symmetric,0.95,1.0,1.0,1.0,3,0.8421052631578948,0.225
synth-skew-tight,lognormal,1.5,14,cluster2,60,240,db,symmetric,0.9,1.0,1.0,1.0,3,0.8155339805825242,0.17916666666666667
synth-skew-tight,lognormal,1.5,14,cluster2,60,240,db,symmetric,0.8,1.0,0.6666666666666666,0.8,2,0.7358490566037735,0.19166666666666668
synth-skew-tight,lognormal,1.5,14,cluster3,60,240,threshold,severity,1.0,1.0,1.0,1.0,3,0.967741935483871,0.26666666666666666
synth-skew-tight,lognormal,1.5,14,cluster3,60,240,threshold,severity,0.95,1.0,1.0,1.0,3,0.30985915492957744,0.04583333333333333
synth-skew-tight,lognormal,1.5,14,cluster3,60,240,threshold,severity,0.9,1.0,1.0,1.0,3,0.06451612903225806,0.008333333333333333
synth-skew-tight,lognormal,1.5,14,cluster3,60,240,threshold,severity,0.8,1.0,1.0,1.0,3,0.0,0.0
synth-skew-tight,lognormal,1.5,14,cluster3,60,240,threshold,symmetric,1.0,1.0,1.0,1.0,3,0.967741935483871,0.26666666666666666
synth-skew-tight,lognormal,1.5,14,cluster3,60,240,threshold,symmetric,0.95,1.0,1.0,1.0,3,0.30985915492957744,0.04583333333333333
synth-skew-tight,lognormal,1.5,14,cluster3,60,240,threshold,symmetric,0.9,1.0,1.0,1.0,3,0.15384615384615385,0.020833333333333332
synth-skew-tight,lognormal,1.5,14,cluster3,60,240,threshold,symmetric,0.8,1.0,1.0,1.0,3,0.0,0.0
synth-skew-tight,lognormal,1.5,14,cluster3,60,240,db,severity,1.0,0.3,1.0,0.4615384615384615,10,0.967741935483871,0.26666666666666666
synth-skew-tight,lognormal,1.5,14,cluster3,60,240,db,severity,0.95,1.0,1.0,1.0,3,0.8672566371681416,0.22083333333333333
synth-skew-tight,lognormal,1.5,14,cluster3,60,240,db,severity,0.9,1.0,0.6666666666666666,0.8,2,0.8521739130434782,0.22916666666666666
synth-skew-tight,lognormal,1.5,14,cluster3,60,240,db,severity,0.8,1.0,0.3333333333333333,0.5,1,0.768,0.2708333333333333
synth-skew-tight,lognormal,1.5,14,cluster3,60,240,db,symmetric,1.0,0.3,1.0,0.4615384615384615,10,0.967741935483871,0.26666666666666666
synth-skew-tight,lognormal,1.5,14,cluster3,60,240,db,symmetric,0.95,1.0,1.0,1.0,3,0.8672566371681416,0.22083333333333333
synth-skew-tight,lognormal,1.5,14,cluster3,60,240,db,symmetric,0.9,0.6666666666666666,0.6666666666666666,0.6666666666666666,3,0.8318584070796461,0.22083333333333333
synth-skew-tight,lognormal,1.5,14,cluster3,60,240,db,symmetric,0.8,1.0,0.6666666666666666,0.8,2,0.7547169811320754,0.19166666666666668
synth-skew-tight,lognormal,1.5,15,cluster0,60,240,threshold,severity,1.0,0.3333333333333333,0.3333333333333333,0.3333333333333333,3,0.794701986754967,0.37916666666666665
synth-skew-tight,lognormal,1.5,15,cluster0,60,240,threshold,severity,0.95,1.0,1.0,1.0,3,0.30985915492957744,0.04583333333333333
synth-skew-tight,lognormal,1.5,15,cluster0,60,240,threshold,severity,0.9,1.0,1.0,1.0,3,0.06451612903225806,0.008333333333333333
synth-skew-tight,lognormal,1.5,15,cluster0,60,240,threshold,severity,0.8,1.0,1.0,1.0,3,0.03278688524590164,0.004166666666666667
synth-skew-tight,lognormal,1.5,15,cluster0,60,240,threshold,symmetric,1.0,0.3333333333333333,0.3333333333333333,0.3333333333333333,3,0.794701986754967,0.37916666666666665
synth-skew-tight,lognormal,1.5,15,cluster0,60,240,threshold,symmetric,0.95,1.0,1.0,1.0,3,0.2571428571428572,0.041666666666666664
synth-skew-tight,lognormal,1.5,15,cluster0,60,240,threshold,symmetric,0.9,1.0,1.0,1.0,3,0.125,0.016666666666666666
synth-skew-tight,lognormal,1.5,15,cluster0,60,240,threshold,symmetric,0.8,1.0,1.0,1.0,3,0.03278688524590164,0.004166666666666667
synth-skew-tight,lognormal,1.5,15,cluster0,60,240,db,severity,1.0,0.1875,1.0,0.3157894736842105,16,0.794701986754967,0.37916666666666665
synth-skew-tight,lognormal,1.5,15,cluster0,60,240,db,severity,0.95,1.0,0.6666666666666666,0.8,2,0.8739495798319329,0.24583333333333332
synth-skew-tight,lognormal,1.5,15,cluster0,60,240,db,severity,0.9,1.0,0.6666666666666666,0.8,2,0.8288288288288289,0.2125
synth-skew-tight,lognormal,1.5,15,cluster0,60,240,db,severity,0.8,1.0,0.3333333333333333,0.5,1,0.7833333333333333,0.25
synth-skew-tight,lognormal,1.5,15,cluster0,60,240,db,symmetric,1.0,0.1875,1.0,0.3157894736842105,16,0.794701986754967,0.37916666666666665
synth-skew-tight,lognormal,1.5,15,cluster0,60,240,db,symmetric,0.95,1.0,1.0,1.0,3,0.8000000000000002,0.25
synth-skew-tight,lognormal,1.5,15,cluster0,60,240,db,symmetric,0.9,1.0,0.6666666666666666,0.8,2,0.8347826086956521,0.22916666666666666
synth-skew-tight,lognormal,1.5,15,cluster0,60,240,db,symmetric,0.8,1.0,0.3333333333333333,0.5,1,0.7741935483870969,0.26666666666666666
synth-skew-tight,lognormal,1.5,15,cluster1,60,240,threshold,severity,1.0,1.0,1.0,1.0,3,0.9375,0.2833333333333333
synth-skew-tight,lognormal,1.5,15,cluster1,60,240,threshold,severity,0.95,1.0,1.0,1.0,3,0.2857142857142857,0.041666666666666664
synth-skew-tight,lognormal,1.5,15,cluster1,60,240,threshold,severity,0.9,1.0,1.0,1.0,3,0.125,0.016666666666666666
synth-skew-tight,lognormal,1.5,15,cluster1,60,240,threshold,severity,0.8,1.0,1.0,1.0,3,0.0,0.0
synth-skew-tight,lognormal,1.5,15,cluster1,60,240,threshold,symmetric,1.0,1.0,1.0,1.0,3,0.9375,0.2833333333333333
synth-skew-tight,lognormal,1.5,15,cluster1,60,240,threshold,symmetric,0.95,1.0,1.0,1.0,3,0.2857142857142857,0.041666666666666664
synth-skew-tight,lognormal,1.5,15,cluster1,60,240,threshold,symmetric,0.9,1.0,1.0,1.0,3,0.15384615384615385,0.020833333333333332
synth-skew-tight,lognormal,1.5,15,cluster1,60,240,threshold,symmetric,0.8,1.0,1.0,1.0,3,0.03278688524590164,0.004166666666666667
synth-skew-tight,lognormal,1.5,15,cluster1,60,240,db,severity,1.0,0.2222222222222222,0.6666666666666666,0.3333333333333333,9,0.9375,0.2833333333333333
synth-skew-tight,lognormal,1.5,15,cluster1,60,240,db,severity,0.95,1.0,0.6666666666666666,0.8,2,0.896551724137931,0.23333333333333334
synth-skew-tight,lognormal,1.5,15,cluster1,60,240,db,severity,0.9,1.0,0.6666666666666666,0.8,2,0.8623853211009175,0.20416666666666666
synth-skew-tight,lognormal,1.5,15,cluster1,60,240,db,severity,0.8,1.0,0.3333333333333333,0.5,1,0.8103448275862069,0.23333333333333334
synth-skew-tight,lognormal,1.5,15,cluster1,60,240,db,symmetric,1.0,0.2222222222222222,0.6666666666666666,0.3333333333333333,9,0.9375,0.2833333333333333
synth-skew-tight,lognormal,1.5,15,cluster1,60,240,db,symmetric,0.95,1.0,0.6666666666666666,0.8,2,0.8888888888888888,0.2375
synth-skew-tight,lognormal,1.5,15,cluster1,60,240,db,symmetric,0.9,1.0,0.6666666666666666,0.8,2,0.882882882882883,0.2125
synth-skew-tight,lognormal,1.5,15,cluster1,60,240,db,symmetric,0.8,1.0,0.6666666666666666,0.8,2,0.7843137254901961,0.175
synth-skew-tight,lognormal,1.5,15,cluster2,60,240,threshold,severity,1.0,1.0,1.0,1.0,3,0.916030534351145,0.29583333333333334
synth-skew-tight,lognormal,1.5,15,cluster2,60,240,threshold,severity,0.95,1.0,1.0,1.0,3,0.06451612903225806,0.008333333333333333
synth-skew-tight,lognormal,1.5,15,cluster2,60,240,threshold,severity,0.9,1.0,1.0,1.0,3,0.0,0.0
synth-skew-tight,lognormal,1.5,15,cluster2,60,240,threshold,severity,0.8,1.0,1.0,1.0,3,0.0,0.0
synth-skew-tight,lognormal,1.5,15,cluster2,60,240,threshold,symmetric,1.0,1.0,1.0,1.0,3,0.916030534351145,0.29583333333333334
synth-skew-tight,lognormal,1.5,15,cluster2,60,240,threshold,symmetric,0.95,1.0,1.0,1.0,3,0.125,0.016666666666666666
synth-skew-tight,lognormal,1.5,15,cluster2,60,240,threshold,symmetric,0.9,1.0,1.0,1.0,3,0.0,0.0
synth-skew-tight,lognormal,1.5,15,cluster2,60,240,threshold,symmetric,0.8,1.0,1.0,1.0,3,0.0,0.0
synth-skew-tight,lognormal,1.5,15,cluster2,60,240,db,severity,1.0,0.42857142857142855,1.0,0.6,7,0.916030534351145,0.29583333333333334
synth-skew-tight,lognormal,1.5,15,cluster2,60,240,db,severity,0.95,1.0,1.0,1.0,3,0.9009009009009009,0.2125
synth-skew-tight,lognormal,1.5,15,cluster2,60,240,db,severity,0.9,1.0,0.6666666666666666,0.8,2,0.8703703703703703,0.2
synth-skew-tight,lognormal,1.5,15,cluster2,60,240,db,severity,0.8,1.0,0.3333333333333333,0.5,1,0.8103448275862069,0.23333333333333334
synth-skew-tight,lognormal,1.5,15,cluster2,60,240,db,symmetric,1.0,0.42857142857142855,1.0,0.6,7,0.916030534351145,0.29583333333333334
synth-skew-tight,lognormal,1.5,15,cluster2,60,240,db,symmetric,0.95,1.0,1.0,1.0,3,0.8749999999999999,0.21666666666666667
synth-skew-tight,lognormal,1.5,15,cluster2,60,240,db,symmetric,0.9,1.0,0.6666666666666666,0.8,2,0.8596491228070176,0.225
synth-skew-tight,lognormal,1.5,15,cluster2,60,240,db,symmetric,0.8,1.0,0.6666666666666666,0.8,2,0.7722772277227723,0.17083333333333334
synth-skew-tight,lognormal,1.5,15,cluster3,60,240,threshold,severity,1.0,0.6666666666666666,0.6666666666666666,0.6666666666666666,3,0.5970149253731344,0.5875
synth-skew-tight,lognormal,1.5,15,cluster3,60,240,threshold,severity,0.95,1.0,1.0,1.0,3,0.2571428571428572,0.041666666666666664
synth-skew-tight,lognormal,1.5,15,cluster3,60,240,threshold,severity,0.9,1.0,1.0,1.0,3,0.06451612903225806,0.008333333333333333
synth-skew-tight,lognormal,1.5,15,cluster3,60,240,threshold,severity,0.8,1.0,1.0,1.0,3,0.0,0.0
synth-skew-tight,lognormal,1.5,15,cluster3,60,240,threshold,symmetric,1.0,0.6666666666666666,0.6666666666666666,0.6666666666666666,3,0.5970149253731344,0.5875
synth-skew-tight,lognormal,1.5,15,cluster3,60,240,threshold,symmetric,0.95,1.0,1.0,1.0,3,0.2857142857142857,0.041666666666666664
synth-skew-tight,lognormal,1.5,15,cluster3,60,240,threshold,symmetric,0.9,1.0,1.0,1.0,3,0.09523809523809523,0.0125
synth-skew-tight,lognormal,1.5,15,cluster3,60,240,threshold,symmetric,0.8,1.0,1.0,1.0,3,0.0,0.0
synth-skew-tight,lognormal,1.5,15,cluster3,60,240,db,severity,1.0,0.15,1.0,0.2608695652173913,20,0.5970149253731344,0.5875
synth-skew-tight,lognormal,1.5,15,cluster3,60,240,db,severity,0.95,1.0,1.0,1.0,3,0.8547008547008548,0.2375
synth-skew-tight,lognormal,1.5,15,cluster3,60,240,db,severity,0.9,1.0,0.6666666666666666,0.8,2,0.8596491228070176,0.225
synth-skew-tight,lognormal,1.5,15,cluster3,60,240,db,severity,0.8,1.0,0.6666666666666666,0.8,2,0.787878787878788,0.1625
synth-skew-tight,lognormal,1.5,15,cluster3,60,240,db,symmetric,1.0,0.15,1.0,0.2608695652173913,20,0.5970149253731344,0.5875
synth-skew-tight,lognormal,1.5,15,cluster3,60,240,db,symmetric,0.95,1.0,1.0,1.0,3,0.8,0.2708333333333333
synth-skew-tight,lognormal,1.5,15,cluster3,60,240,db,symmetric,0.9,1.0,0.6666666666666666,0.8,2,0.8448275862068966,0.23333333333333334
synth-skew-tight,lognormal,1.5,15,cluster3,60,240,db,symmetric,0.8,1.0,0.6666666666666666,0.8,2,0.7809523809523808,0.1875
synth-skew-tight,lognormal,1.5,16,cluster0,60,240,threshold,severity,1.0,0.6666666666666666,0.6666666666666666,0.6666666666666666,3,0.9022556390977443,0.30416666666666664
synth-skew-tight,lognormal,1.5,16,cluster0,60,240,threshold,severity,0.95,1.0,1.0,1.0,3,0.125,0.016666666666666666
synth-skew-tight,lognormal,1.5,16,cluster0,60,240,threshold,severity,0.9,1.0,1.0,1.0,3,0.03278688524590164,0.004166666666666667
synth-skew-tight,lognormal,1.5,16,cluster0,60,240,threshold,severity,0.8,1.0,1.0,1.0,3,0.0,0.0
synth-skew-tight,lognormal,1.5,16,cluster0,60,240,threshold,symmetric,1.0,0.6666666666666666,0.6666666666666666,0.6666666666666666,3,0.9022556390977443,0.30416666666666664
synth-skew-tight,lognormal,1.5,16,cluster0,60,240,threshold,symmetric,0.95,1.0,1.0,1.0,3,0.09375000000000001,0.016666666666666666
synth-skew-tight,lognormal,1.5,16,cluster0,60,240,threshold,symmetric,0.9,1.0,1.0,1.0,3,0.03278688524590164,0.004166666666666667
synth-skew-tight,lognormal,1.5,16,cluster0,60,240,threshold,symmetric,0.8,1.0,1.0,1.0,3,0.0,0.0
synth-skew-tight,lognormal,1.5,16,cluster0,60,240,db,severity,1.0,0.23076923076923078,1.0,0.375,13,0.9022556390977443,0.30416666666666664
synth-skew-tight,lognormal,1.5,16,cluster0,60,240,db,severity,0.95,0.6666666666666666,0.6666666666666666,0.6666666666666666,3,0.882882882882883,0.2125
synth-skew-tight,lognormal,1.5,16,cluster0,60,240,db,severity,0.9,1.0,0.6666666666666666,0.8,2,0.8623853211009175,0.20416666666666666
synth-skew-tight,lognormal,1.5,16,cluster0,60,240,db,severity,0.8,1.0,0.3333333333333333,0.5,1,0.8034188034188033,0.2375
synth-skew-tight,lognormal,1.5,16,cluster0,60,240,db,symmetric,1.0,0.23076923076923078,1.0,0.375,13,0.9022556390977443,0.30416666666666664
synth-skew-tight,lognormal,1.5,16,cluster0,60,240,db,symmetric,0.95,0.6666666666666666,0.6666666666666666,0.6666666666666666,3,0.8521739130434782,0.22916666666666666
synth-skew-tight,lognormal,1.5,16,cluster0,60,240,db,symmetric,0.9,1.0,0.6666666666666666,0.8,2,0.8648648648648648,0.2125
synth-skew-tight,lognormal,1.5,16,cluster0,60,240,db,symmetric,0.8,1.0,0.6666666666666666,0.8,2,0.7551020408163265,0.15833333333333333
synth-skew-tight,lognormal,1.5,16,cluster1,60,240,threshold,severity,1.0,1.0,1.0,1.0,3,0.9375,0.2833333333333333
synth-skew-tight,lognormal,1.5,16,cluster1,60,240,threshold,severity,0.95,1.0,1.0,1.0,3,0.33333333333333337,0.05
synth-skew-tight,lognormal,1.5,16,cluster1,60,240,threshold,severity,0.9,1.0,1.0,1.0,3,0.06451612903225806,0.008333333333333333
synth-skew-tight,lognormal,1.5,16,cluster1,60,240,threshold,severity,0.8,1.0,1.0,1.0,3,0.0,0.0
synth-skew-tight,lognormal,1.5,16,cluster1,60,240,threshold,symmetric,1.0,1.0,1.0,1.0,3,0.9375,0.2833333333333333
synth-skew-tight,lognormal,1.5,16,cluster1,60,240,threshold,symmetric,0.95,1.0,1.0,1.0,3,0.33333333333333337,0.05
synth-skew-tight,lognormal,1.5,16,cluster1,60,240,threshold,symmetric,0.9,1.0,1.0,1.0,3,0.09523809523809523,0.0125
synth-skew-tight,lognormal,1.5,16,cluster1,60,240,threshold,symmetric,0.8,1.0,1.0,1.0,3,0.0,0.0
synth-skew-tight,lognormal,1.5,16,cluster1,60,240,db,severity,1.0,0.375,1.0,0.5454545454545454,8,0.9375,0.2833333333333333
synth-skew-tight,lognormal,1.5,16,cluster1,60,240,db,severity,0.95,1.0,1.0,1.0,3,0.882882882882883,0.2125
synth-skew-tight,lognormal,1.5,16,cluster1,60,240,db,severity,0.9,1.0,0.6666666666666666,0.8,2,0.8571428571428571,0.21666666666666667
synth-skew-tight,lognormal,1.5,16,cluster1,60,240,db,severity,0.8,1.0,0.3333333333333333,0.5,1,0.8000000000000002,0.25
synth-skew-tight,lognormal,1.5,16,cluster1,60,240,db,symmetric,1.0,0.375,1.0,0.5454545454545454,8,0.9375,0.2833333333333333
synth-skew-tight,lognormal,1.5,16,cluster1,60,240,db,symmetric,0.95,1.0,1.0,1.0,3,0.8571428571428571,0.21666666666666667
synth-skew-tight,lognormal,1.5,16,cluster1,60,240,db,symmetric,0.9,1.0,0.6666666666666666,0.8,2,0.8749999999999999,0.21666666666666667
synth-skew-tight,lognormal,1.5,16,cluster1,60,240,db,symmetric,0.8,1.0,0.6666666666666666,0.8,2,0.7843137254901961,0.175
synth-skew-tight,lognormal,1.5,16,cluster2,60,240,threshold,severity,1.0,1.0,1.0,1.0,3,0.9836065573770492,0.25833333333333336
synth-skew-tight,lognormal,1.5,16,cluster2,60,240,threshold,severity,0.95,1.0,1.0,1.0,3,0.208955223880597,0.029166666666666667
synth-skew-tight,lognormal,1.5,16,cluster2,60,240,threshold,severity,0.9,1.0,1.0,1.0,3,0.06451612903225806,0.008333333333333333
synth-skew-tight,lognormal,1.5,16,cluster2,60,240,threshold,severity,0.8,1.0,1.0,1.0,3,0.0,0.0
synth-skew-tight,lognormal,1.5,16,cluster2,60,240,threshold,symmetric,1.0,1.0,1.0,1.0,3,0.9836065573770492,0.25833333333333336
synth-skew-tight,lognormal,1.5,16,cluster2,60,240,threshold,symmetric,0.95,1.0,1.0,1.0,3,0.2318840579710145,0.0375
synth-skew-tight,lognormal,1.5,16,cluster2,60,240,threshold,symmetric,0.9,1.0,1.0,1.0,3,0.03278688524590164,0.004166666666666667
synth-skew-tight,lognormal,1.5,16,cluster2,60,240,threshold,symmetric,0.8,1.0,1.0,1.0,3,0.0,0.0
synth-skew-tight,lognormal,1.5,16,cluster2,60,240,db,severity,1.0,0.42857142857142855,1.0,0.6,7,0.9836065573770492,0.25833333333333336
synth-skew-tight,lognormal,1.5,16,cluster2,60,240,db,severity,0.95,1.0,1.0,1.0,3,0.8990825688073394,0.20416666666666666
synth-skew-tight,lognormal,1.5,16,cluster2,60,240,db,severity,0.9,1.0,0.6666666666666666,0.8,2,0.8571428571428571,0.21666666666666667
synth-skew-tight,lognormal,1.5,16,cluster2,60,240,db,severity,0.8,1.0,0.3333333333333333,0.5,1,0.7899159663865546,0.24583333333333332
synth-skew-tight,lognormal,1.5,16,cluster2,60,240,db,symmetric,1.0,0.42857142857142855,1.0,0.6,7,0.9836065573770492,0.25833333333333336
synth-skew-tight,lognormal,1.5,16,cluster2,60,240,db,symmetric,0.95,1.0,0.6666666666666666,0.8,2,0.8907563025210085,0.24583333333333332
synth-skew-tight,lognormal,1.5,16,cluster2,60,240,db,symmetric,0.9,1.0,0.6666666666666666,0.8,2,0.8521739130434782,0.22916666666666666
synth-skew-tight,lognormal,1.5,16,cluster2,60,240,db,symmetric,0.8,1.0,0.6666666666666666,0.8,2,0.7572815533980582,0.17916666666666667
synth-skew-tight,lognormal,1.5,16,cluster3,60,240,threshold,severity,1.0,0.6666666666666666,0.6666666666666666,0.6666666666666666,3,0.8333333333333333,0.35
synth-skew-tight,lognormal,1.5,16,cluster3,60,240,threshold,severity,0.95,1.0,1.0,1.0,3,0.23529411764705882,0.03333333333333333
synth-skew-tight,lognormal,1.5,16,cluster3,60,240,threshold,severity,0.9,1.0,1.0,1.0,3,0.09523809523809523,0.0125
synth-skew-tight,lognormal,1.5,16,cluster3,60,240,threshold,severity,0.8,1.0,1.0,1.0,3,0.0,0.0
synth-skew-tight,lognormal,1.5,16,cluster3,60,240,threshold,symmetric,1.0,0.6666666666666666,0.6666666666666666,0.6666666666666666,3,0.8333333333333333,0.35
synth-skew-tight,lognormal,1.5,16,cluster3,60,240,threshold,symmetric,0.95,0.6666666666666666,0.6666666666666666,0.6666666666666666,3,0.23529411764705882,0.03333333333333333
synth-skew-tight,lognormal,1.5,16,cluster3,60,240,threshold,symmetric,0.9,1.0,1.0,1.0,3,0.09523809523809523,0.0125
synth-skew-tight,lognormal,1.5,16,cluster3,60,240,threshold,symmetric,0.8,1.0,1.0,1.0,3,0.0,0.0
synth-skew-tight,lognormal,1.5,16,cluster3,60,240,db,severity,1.0,0.15384615384615385,0.6666666666666666,0.25,13,0.8333333333333333,0.35
synth-skew-tight,lognormal,1.5,16,cluster3,60,240,db,severity,0.95,1.0,1.0,1.0,3,0.8849557522123894,0.22083333333333333
synth-skew-tight,lognormal,1.5,16,cluster3,60,240,db,severity,0.9,1.0,0.6666666666666666,0.8,2,0.8648648648648648,0.2125
synth-skew-tight,lognormal,1.5,16,cluster3,60,240,db,severity,0.8,1.0,0.3333333333333333,0.5,1,0.817391304347826,0.22916666666666666
synth-skew-tight,lognormal,1.5,16,cluster3,60,240,db,symmetric,1.0,0.15384615384615385,0.6666666666666666,0.25,13,0.8333333333333333,0.35
synth-skew-tight,lognormal,1.5,16,cluster3,60,240,db,symmetric,0.95,0.6666666666666666,0.6666666666666666,0.6666666666666666,3,0.8166666666666667,0.25
synth-skew-tight,lognormal,1.5,16,cluster3,60,240,db,symmetric,0.9,1.0,1.0,1.0,3,0.8518518518518519,0.2
synth-skew-tight,lognormal,1.5,16,cluster3,60,240,db,symmetric,0.8,1.0,0.6666666666666666,0.8,2,0.7450980392156863,0.175
synth-skew-tight,lognormal,1.5,17,cluster0,60,240,threshold,severity,1.0,1.0,1.0,1.0,3,0.9448818897637796,0.2791666666666667
synth-skew-tight,lognormal,1.5,17,cluster0,60,240,threshold,severity,0.95,1.0,1.0,1.0,3,0.37837837837837834,0.058333333333333334
synth-skew-tight,lognormal,1.5,17,cluster0,60,240,threshold,severity,0.9,1.0,1.0,1.0,3,0.09523809523809523,0.0125
synth-skew-tight,lognormal,1.5,17,cluster0,60,240,threshold,severity,0.8,1.0,1.0,1.0,3,0.03278688524590164,0.004166666666666667
synth-skew-tight,lognormal,1.5,17,cluster0,60,240,threshold,symmetric,1.0,1.0,1.0,1.0,3,0.9448818897637796,0.2791666666666667
synth-skew-tight,lognormal,1.5,17,cluster0,60,240,threshold,symmetric,0.95,1.0,1.0,1.0,3,0.3055555555555556,0.05
synth-skew-tight,lognormal,1.5,17,cluster0,60,240,threshold,symmetric,0.9,1.0,1.0,1.0,3,0.125,0.016666666666666666
synth-skew-tight,lognormal,1.5,17,cluster0,60,240,threshold,symmetric,0.8,1.0,1.0,1.0,3,0.0,0.0
synth-skew-tight,lognormal,1.5,17,cluster0,60,240,db,severity,1.0,0.2727272727272727,1.0,0.42857142857142855,11,0.9448818897637796,0.2791666666666667
synth-skew-tight,lognormal,1.5,17,cluster0,60,240,db,severity,0.95,1.0,1.0,1.0,3,0.8727272727272728,0.20833333333333334
synth-skew-tight,lognormal,1.5,17,cluster0,60,240,db,severity,0.9,0.5,0.3333333333333333,0.4,2,0.8205128205128205,0.2375
synth-skew-tight,lognormal,1.5,17,cluster0,60,240,db,severity,0.8,1.0,0.3333333333333333,0.5,1,0.7833333333333333,0.25
synth-skew-tight,lognormal,1.5,17,cluster0,60,240,db,symmetric,1.0,0.2727272727272727,1.0,0.42857142857142855,11,0.9448818897637796,0.2791666666666667
synth-skew-tight,lognormal,1.5,17,cluster0,60,240,db,symmetric,0.95,0.6666666666666666,0.6666666666666666,0.6666666666666666,3,0.8571428571428571,0.21666666666666667
synth-skew-tight,lognormal,1.5,17,cluster0,60,240,db,symmetric,0.9,1.0,0.6666666666666666,0.8,2,0.8376068376068376,0.2375
synth-skew-tight,lognormal,1.5,17,cluster0,60,240,db,symmetric,0.8,1.0,0.3333333333333333,0.5,1,0.768,0.2708333333333333
synth-skew-tight,lognormal,1.5,17,cluster1,60,240,threshold,severity,1.0,0.6666666666666666,0.6666666666666666,0.6666666666666666,3,0.8955223880597014,0.30833333333333335
synth-skew-tight,lognormal,1.5,17,cluster1,60,240,threshold,severity,0.95,1.0,1.0,1.0,3,0.2285714285714286,0.041666666666666664
synth-skew-tight,lognormal,1.5,17,cluster1,60,240,threshold,severity,0.9,1.0,1.0,1.0,3,0.06451612903225806,0.008333333333333333
synth-skew-tight,lognormal,1.5,17,cluster1,60,240,threshold,severity,0.8,1.0,1.0,1.0,3,0.0,0.0
synth-skew-tight,lognormal,1.5,17,cluster1,60,240,threshold,symmetric,1.0,0.6666666666666666,0.6666666666666666,0.6666666666666666,3,0.8955223880597014,0.30833333333333335
synth-skew-tight,lognormal,1.5,17,cluster1,60,240,threshold,symmetric,0.95,0.6666666666666666,0.6666666666666666,0.6666666666666666,3,0.273972602739726,0.05416666666666667
synth-skew-tight,lognormal,1.5,17,cluster1,60,240,threshold,symmetric,0.9,1.0,1.0,1.0,3,0.09523809523809523,0.0125
synth-skew-tight,lognormal,1.5,17,cluster1,60,240,threshold,symmetric,0.8,1.0,1.0,1.0,3,0.0,0.0
synth-skew-tight,lognormal,1.5,17,cluster1,60,240,db,severity,1.0,0.3333333333333333,1.0,0.5,9,0.8955223880597014,0.30833333333333335
synth-skew-tight,lognormal,1.5,17,cluster1,60,240,db,severity,0.95,1.0,0.6666666666666666,0.8,2,0.8595041322314049,0.25416666666666665
synth-skew-tight,lognormal,1.5,17,cluster1,60,240,db,severity,0.9,1.0,0.6666666666666666,0.8,2,0.8518518518518519,0.2
synth-skew-tight,lognormal,1.5,17,cluster1,60,240,db,severity,0.8,1.0,0.3333333333333333,0.5,1,0.7768595041322314,0.25416666666666665
synth-skew-tight,lognormal,1.5,17,cluster1,60,240,db,symmetric,1.0,0.3333333333333333,1.0,0.5,9,0.8955223880597014,0.30833333333333335
synth-skew-tight,lognormal,1.5,17,cluster1,60,240,db,symmetric,0.95,1.0,0.6666666666666666,0.8,2,0.832,0.2708333333333333
synth-skew-tight,lognormal,1.5,17,cluster1,60,240,db,symmetric,0.9,1.0,0.6666666666666666,0.8,2,0.8421052631578948,0.225
synth-skew-tight,lognormal,1.5,17,cluster1,60,240,db,symmetric,0.8,1.0,0.6666666666666666,0.8,2,0.7524752475247526,0.17083333333333334
synth-skew-tight,lognormal,1.5,17,cluster2,60,240,threshold,severity,1.0,1.0,1.0,1.0,3,1.0,0.25
synth-skew-tight,lognormal,1.5,17,cluster2,60,240,threshold,severity,0.95,1.0,1.0,1.0,3,0.37837837837837834,0.058333333333333334
synth-skew-tight,lognormal,1.5,17,cluster2,60,240,threshold,severity,0.9,1.0,1.0,1.0,3,0.125,0.016666666666666666
synth-skew-tight,lognormal,1.5,17,cluster2,60,240,threshold,severity,0.8,1.0,1.0,1.0,3,0.03278688524590164,0.004166666666666667
synth-skew-tight,lognormal,1.5,17,cluster2,60,240,threshold,symmetric,1.0,1.0,1.0,1.0,3,1.0,0.25
synth-skew-tight,lognormal,1.5,17,cluster2,60,240,threshold,symmetric,0.95,1.0,1.0,1.0,3,0.3561643835616438,0.05416666666666667
synth-skew-tight,lognormal,1.5,17,cluster2,60,240,threshold,symmetric,0.9,1.0,1.0,1.0,3,0.208955223880597,0.029166666666666667
synth-skew-tight,lognormal,1.5,17,cluster2,60,240,threshold,symmetric,0.8,1.0,1.0,1.0,3,0.0,0.0
synth-skew-tight,lognormal,1.5,17,cluster2,60,240,db,severity,1.0,0.6,1.0,0.7499999999999999,5,1.0,0.25
synth-skew-tight,lognormal,1.5,17,cluster2,60,240,db,severity,0.95,1.0,0.6666666666666666,0.8,2,0.896551724137931,0.23333333333333334
synth-skew-tight,lognormal,1.5,17,cluster2,60,240,db,severity,0.9,1.0,0.6666666666666666,0.8,2,0.8518518518518519,0.2
synth-skew-tight,lognormal,1.5,17,cluster2,60,240,db,severity,0.8,1.0,0.3333333333333333,0.5,1,0.8103448275862069,0.23333333333333334
synth-skew-tight,lognormal,1.5,17,cluster2,60,240,db,symmetric,1.0,0.6,1.0,0.7499999999999999,5,1.0,0.25
synth-skew-tight,lognormal,1.5,17,cluster2,60,240,db,symmetric,0.95,1.0,0.6666666666666666,0.8,2,0.8888888888888888,0.2375
synth-skew-tight,lognormal,1.5,17,cluster2,60,240,db,symmetric,0.9,1.0,0.6666666666666666,0.8,2,0.8648648648648648,0.2125
synth-skew-tight,lognormal,1.5,17,cluster2,60,240,db,symmetric,0.8,1.0,0.3333333333333333,0.5,1,0.7933884297520661,0.25416666666666665
synth-skew-tight,lognormal,1.5,17,cluster3,60,240,threshold,severity,1.0,0.6666666666666666,0.6666666666666666,0.6666666666666666,3,0.9375,0.2833333333333333
synth-skew-tight,lognormal,1.5,17,cluster3,60,240,threshold,severity,0.95,1.0,1.0,1.0,3,0.23529411764705882,0.03333333333333333
synth-skew-tight,lognormal,1.5,17,cluster3,60,240,threshold,severity,0.9,1.0,1.0,1.0,3,0.06451612903225806,0.008333333333333333
synth-skew-tight,lognormal,1.5,17,cluster3,60,240,threshold,severity,0.8,1.0,1.0,1.0,3,0.0,0.0
synth-skew-tight,lognormal,1.5,17,cluster3,60,240,threshold,symmetric,1.0,0.6666666666666666,0.6666666666666666,0.6666666666666666,3,0.9375,0.2833333333333333
synth-skew-tight,lognormal,1.5,17,cluster3,60,240,threshold,symmetric,0.95,1.0,1.0,1.0,3,0.23529411764705882,0.03333333333333333
synth-skew-tight,lognormal,1.5,17,cluster3,60,240,threshold,symmetric,0.9,1.0,1.0,1.0,3,0.06451612903225806,0.008333333333333333
synth-skew-tight,lognormal,1.5,17,cluster3,60,240,threshold,symmetric,0.8,1.0,1.0,1.0,3,0.03278688524590164,0.004166666666666667
synth-skew-tight,lognormal,1.5,17,cluster3,60,240,db,severity,1.0,0.375,1.0,0.5454545454545454,8,0.9375,0.2833333333333333
synth-skew-tight,lognormal,1.5,17,cluster3,60,240,db,severity,0.95,1.0,0.6666666666666666,0.8,2,0.8688524590163934,0.25833333333333336
synth-skew-tight,lognormal,1.5,17,cluster3,60,240,db,severity,0.9,1.0,0.6666666666666666,0.8,2,0.8571428571428571,0.21666666666666667
synth-skew-tight,lognormal,1.5,17,cluster3,60,240,db,severity,0.8,1.0,0.3333333333333333,0.5,1,0.7966101694915254,0.24166666666666667
synth-skew-tight,lognormal,1.5,17,cluster3,60,240,db,symmetric,1.0,0.375,1.0,0.5454545454545454,8,0.9375,0.2833333333333333
synth-skew-tight,lognormal,1.5,17,cluster3,60,240,db,symmetric,0.95,0.75,1.0,0.8571428571428571,4,0.8727272727272728,0.20833333333333334
synth-skew-tight,lognormal,1.5,17,cluster3,60,240,db,symmetric,0.9,1.0,0.6666666666666666,0.8,2,0.8596491228070176,0.225
synth-skew-tight,lognormal,1.5,17,cluster3,60,240,db,symmetric,0.8,1.0,0.6666666666666666,0.8,2,0.78,0.16666666666666666
synth-skew-tight,lognormal,1.5,18,cluster0,60,240,threshold,severity,1.0,1.0,1.0,1.0,3,0.9375,0.2833333333333333
synth-skew-tight,lognormal,1.5,18,cluster0,60,240,threshold,severity,0.95,1.0,1.0,1.0,3,0.30985915492957744,0.04583333333333333
synth-skew-tight,lognormal,1.5,18,cluster0,60,240,threshold,severity,0.9,1.0,1.0,1.0,3,0.09523809523809523,0.0125
synth-skew-tight,lognormal,1.5,18,cluster0,60,240,threshold,severity,0.8,1.0,1.0,1.0,3,0.0,0.0
synth-skew-tight,lognormal,1.5,18,cluster0,60,240,threshold,symmetric,1.0,1.0,1.0,1.0,3,0.9375,0.2833333333333333
synth-skew-tight,lognormal,1.5,18,cluster0,60,240,threshold,symmetric,0.95,1.0,1.0,1.0,3,0.2857142857142857,0.041666666666666664
synth-skew-tight,lognormal,1.5,18,cluster0,60,240,threshold,symmetric,0.9,1.0,1.0,1.0,3,0.15384615384615385,0.020833333333333332
synth-skew-tight,lognormal,1.5,18,cluster0,60,240,threshold,symmetric,0.8,1.0,1.0,1.0,3,0.0,0.0
synth-skew-tight,lognormal,1.5,18,cluster0,60,240,db,severity,1.0,0.5,1.0,0.6666666666666666,6,0.9375,0.2833333333333333
synth-skew-tight,lognormal,1.5,18,cluster0,60,240,db,severity,0.95,0.6666666666666666,0.6666666666666666,0.6666666666666666,3,0.8771929824561403,0.225
synth-skew-tight,lognormal,1.5,18,cluster0,60,240,db,severity,0.9,1.0,0.6666666666666666,0.8,2,0.8727272727272728,0.20833333333333334
synth-skew-tight,lognormal,1.5,18,cluster0,60,240,db,severity,0.8,1.0,0.3333333333333333,0.5,1,0.7833333333333333,0.25
synth-skew-tight,lognormal,1.5,18,cluster0,60,240,db,symmetric,1.0,0.5,1.0,0.6666666666666666,6,0.9375,0.2833333333333333
synth-skew-tight,lognormal,1.5,18,cluster0,60,240,db,symmetric,0.95,0.75,1.0,0.8571428571428571,4,0.8648648648648648,0.2125
synth-skew-tight,lognormal,1.5,18,cluster0,60,240,db,symmetric,0.9,1.0,0.6666666666666666,0.8,2,0.8727272727272728,0.20833333333333334
synth-skew-tight,lognormal,1.5,18,cluster0,60,240,db,symmetric,0.8,1.0,0.6666666666666666,0.8,2,0.7843137254901961,0.175
synth-skew-tight,lognormal,1.5,18,cluster1,60,240,threshold,severity,1.0,1.0,1.0,1.0,3,0.923076923076923,0.2916666666666667
synth-skew-tight,lognormal,1.5,18,cluster1,60,240,threshold,severity,0.95,1.0,1.0,1.0,3,0.3013698630136986,0.05416666666666667
synth-skew-tight,lognormal,1.5,18,cluster1,60,240,threshold,severity,0.9,1.0,1.0,1.0,3,0.125,0.016666666666666666
synth-skew-tight,lognormal,1.5,18,cluster1,60,240,threshold,severity,0.8,1.0,1.0,1.0,3,0.0,0.0
synth-skew-tight,lognormal,1.5,18,cluster1,60,240,threshold,symmetric,1.0,1.0,1.0,1.0,3,0.923076923076923,0.2916666666666667
synth-skew-tight,lognormal,1.5,18,cluster1,60,240,threshold,symmetric,0.95,1.0,1.0,1.0,3,0.2777777777777778,0.05
synth-skew-tight,lognormal,1.5,18,cluster1,60,240,threshold,symmetric,0.9,1.0,1.0,1.0,3,0.15384615384615385,0.020833333333333332
synth-skew-tight,lognormal,1.5,18,cluster1,60,240,threshold,symmetric,0.8,1.0,1.0,1.0,3,0.03278688524590164,0.004166666666666667
synth-skew-tight,lognormal,1.5,18,cluster1,60,240,db,severity,1.0,0.3333333333333333,1.0,0.5,9,0.923076923076923,0.2916666666666667
synth-skew-tight,lognormal,1.5,18,cluster1,60,240,db,severity,0.95,1.0,0.6666666666666666,0.8,2,0.8813559322033899,0.24166666666666667
synth-skew-tight,lognormal,1.5,18,cluster1,60,240,db,severity,0.9,1.0,0.6666666666666666,0.8,2,0.8571428571428571,0.21666666666666667
synth-skew-tight,lognormal,1.5,18,cluster1,60,240,db,severity,0.8,1.0,0.3333333333333333,0.5,1,0.8000000000000002,0.25
synth-skew-tight,lognormal,1.5,18,cluster1,60,240,db,symmetric,1.0,0.3333333333333333,1.0,0.5,9,0.923076923076923,0.2916666666666667
synth-skew-tight,lognormal,1.5,18,cluster1,60,240,db,symmetric,0.95,1.0,1.0,1.0,3,0.8672566371681416,0.22083333333333333
synth-skew-tight,lognormal,1.5,18,cluster1,60,240,db,symmetric,0.9,1.0,0.6666666666666666,0.8,2,0.8521739130434782,0.22916666666666666
synth-skew-tight,lognormal,1.5,18,cluster1,60,240,db,symmetric,0.8,1.0,0.3333333333333333,0.5,1,0.768,0.2708333333333333
synth-skew-tight,lognormal,1.5,18,cluster2,60,240,threshold,severity,1.0,0.6666666666666666,0.6666666666666666,0.6666666666666666,3,0.8955223880597014,0.30833333333333335
synth-skew-tight,lognormal,1.5,18,cluster2,60,240,threshold,severity,0.95,1.0,1.0,1.0,3,0.2608695652173913,0.0375
synth-skew-tight,lognormal,1.5,18,cluster2,60,240,threshold,severity,0.9,1.0,1.0,1.0,3,0.09523809523809523,0.0125
synth-skew-tight,lognormal,1.5,18,cluster2,60,240,threshold,severity,0.8,1.0,1.0,1.0,3,0.0,0.0
synth-skew-tight,lognormal,1.5,18,cluster2,60,240,threshold,symmetric,1.0,0.6666666666666666,0.6666666666666666,0.6666666666666666,3,0.8955223880597014,0.30833333333333335
synth-skew-tight,lognormal,1.5,18,cluster2,60,240,threshold,symmetric,0.95,1.0,1.0,1.0,3,0.2608695652173913,0.0375
synth-skew-tight,lognormal,1.5,18,cluster2,60,240,threshold,symmetric,0.9,1.0,1.0,1.0,3,0.09523809523809523,0.0125
synth-skew-tight,lognormal,1.5,18,cluster2,60,240,threshold,symmetric,0.8,1.0,1.0,1.0,3,0.0,0.0
synth-skew-tight,lognormal,1.5,18,cluster2,60,240,db,severity,1.0,0.13333333333333333,0.6666666666666666,0.2222222222222222,15,0.8955223880597014,0.30833333333333335
synth-skew-tight,lognormal,1.5,18,cluster2,60,240,db,severity,0.95,1.0,0.6666666666666666,0.8,2,0.8666666666666667,0.25
synth-skew-tight,lognormal,1.5,18,cluster2,60,240,db,severity,0.9,1.0,0.6666666666666666,0.8,2,0.8623853211009175,0.20416666666666666
synth-skew-tight,lognormal,1.5,18,cluster2,60,240,db,severity,0.8,1.0,0.3333333333333333,0.5,1,0.7768595041322314,0.25416666666666665
synth-skew-tight,lognormal,1.5,18,cluster2,60,240,db,symmetric,1.0,0.13333333333333333,0.6666666666666666,0.2222222222222222,15,0.8955223880597014,0.30833333333333335
synth-skew-tight,lognormal,1.5,18,cluster2,60,240,db,symmetric,0.95,0.6666666666666666,0.6666666666666666,0.6666666666666666,3,0.8521739130434782,0.22916666666666666
synth-skew-tight,lognormal,1.5,18,cluster2,60,240,db,symmetric,0.9,1.0,0.6666666666666666,0.8,2,0.8521739130434782,0.22916666666666666
synth-skew-tight,lognormal,1.5,18,cluster2,60,240,db,symmetric,0.8,1.0,0.6666666666666666,0.8,2,0.7474747474747475,0.1625
synth-skew-tight,lognormal,1.5,18,cluster3,60,240,threshold,severity,1.0,0.6666666666666666,0.6666666666666666,0.6666666666666666,3,0.759493670886076,0.4083333333333333
synth-skew-tight,lognormal,1.5,18,cluster3,60,240,threshold,severity,0.95,1.0,1.0,1.0,3,0.2857142857142857,0.041666666666666664
synth-skew-tight,lognormal,1.5,18,cluster3,60,240,threshold,severity,0.9,1.0,1.0,1.0,3,0.09523809523809523,0.0125
synth-skew-tight,lognormal,1.5,18,cluster3,60,240,threshold,severity,0.8,1.0,1.0,1.0,3,0.0,0.0
synth-skew-tight,lognormal,1.5,18,cluster3,60,240,threshold,symmetric,1.0,0.6666666666666666,0.6666666666666666,0.6666666666666666,3,0.759493670886076,0.4083333333333333
synth-skew-tight,lognormal,1.5,18,cluster3,60,240,threshold,symmetric,0.95,1.0,1.0,1.0,3,0.3013698630136986,0.05416666666666667
synth-skew-tight,lognormal,1.5,18,cluster3,60,240,threshold,symmetric,0.9,1.0,1.0,1.0,3,0.18181818181818182,0.025
synth-skew-tight,lognormal,1.5,18,cluster3,60,240,threshold,symmetric,0.8,1.0,1.0,1.0,3,0.0,0.0
synth-skew-tight,lognormal,1.5,18,cluster3,60,240,db,severity,1.0,0.2,1.0,0.33333333333333337,15,0.759493670886076,0.4083333333333333
synth-skew-tight,lognormal,1.5,18,cluster3,60,240,db,severity,0.95,0.6666666666666666,0.6666666666666666,0.6666666666666666,3,0.8596491228070176,0.225
synth-skew-tight,lognormal,1.5,18,cluster3,60,240,db,severity,0.9,1.0,0.6666666666666666,0.8,2,0.8545454545454546,0.20833333333333334
synth-skew-tight,lognormal,1.5,18,cluster3,60,240,db,severity,0.8,1.0,0.3333333333333333,0.5,1,0.817391304347826,0.22916666666666666
synth-skew-tight,lognormal,1.5,18,cluster3,60,240,db,symmetric,1.0,0.2,1.0,0.33333333333333337,15,0.759493670886076,0.4083333333333333
synth-skew-tight,lognormal,1.5,18,cluster3,60,240,db,symmetric,0.95,0.75,1.0,0.8571428571428571,4,0.7863247863247863,0.2375
synth-skew-tight,lognormal,1.5,18,cluster3,60,240,db,symmetric,0.9,1.0,0.6666666666666666,0.8,2,0.8421052631578948,0.225
synth-skew-tight,lognormal,1.5,18,cluster3,60,240,db,symmetric,0.8,1.0,0.6666666666666666,0.8,2,0.7884615384615384,0.18333333333333332
synth-skew-tight,lognormal,1.5,19,cluster0,60,240,threshold,severity,1.0,1.0,1.0,1.0,3,0.9448818897637796,0.2791666666666667
synth-skew-tight,lognormal,1.5,19,cluster0,60,240,threshold,severity,0.95,1.0,1.0,1.0,3,0.18181818181818182,0.025
synth-skew-tight,lognormal,1.5,19,cluster0,60,240,threshold,severity,0.9,1.0,1.0,1.0,3,0.09523809523809523,0.0125
synth-skew-tight,lognormal,1.5,19,cluster0,60,240,threshold,severity,0.8,1.0,1.0,1.0,3,0.0,0.0
synth-skew-tight,lognormal,1.5,19,cluster0,60,240,threshold,symmetric,1.0,1.0,1.0,1.0,3,0.9448818897637796,0.2791666666666667
synth-skew-tight,lognormal,1.5,19,cluster0,60,240,threshold,symmetric,0.95,1.0,1.0,1.0,3,0.18181818181818182,0.025
synth-skew-tight,lognormal,1.5,19,cluster0,60,240,threshold,symmetric,0.9,1.0,1.0,1.0,3,0.125,0.016666666666666666
synth-skew-tight,lognormal,1.5,19,cluster0,60,240,threshold,symmetric,0.8,1.0,1.0,1.0,3,0.0,0.0
synth-skew-tight,lognormal,1.5,19,cluster0,60,240,db,severity,1.0,0.375,1.0,0.5454545454545454,8,0.9448818897637796,0.2791666666666667
synth-skew-tight,lognormal,1.5,19,cluster0,60,240,db,severity,0.95,1.0,1.0,1.0,3,0.9009009009009009,0.2125
synth-skew-tight,lognormal,1.5,19,cluster0,60,240,db,severity,0.9,1.0,0.6666666666666666,0.8,2,0.8648648648648648,0.2125
synth-skew-tight,lognormal,1.5,19,cluster0,60,240,db,severity,0.8,1.0,0.3333333333333333,0.5,1,0.8347826086956521,0.22916666666666666
synth-skew-tight,lognormal,1.5,19,cluster0,60,240,db,symmetric,1.0,0.375,1.0,0.5454545454545454,8,0.9448818897637796,0.2791666666666667
synth-skew-tight,lognormal,1.5,19,cluster0,60,240,db,symmetric,0.95,1.0,0.6666666666666666,0.8,2,0.8833333333333333,0.25
synth-skew-tight,lognormal,1.5,19,cluster0,60,240,db,symmetric,0.9,1.0,0.6666666666666666,0.8,2,0.8596491228070176,0.225
synth-skew-tight,lognormal,1.5,19,cluster0,60,240,db,symmetric,0.8,1.0,0.3333333333333333,0.5,1,0.7868852459016393,0.25833333333333336
synth-skew-tight,lognormal,1.5,19,cluster1,60,240,threshold,severity,1.0,0.6666666666666666,0.6666666666666666,0.6666666666666666,3,0.9600000000000001,0.2708333333333333
synth-skew-tight,lognormal,1.5,19,cluster1,60,240,threshold,severity,0.95,1.0,1.0,1.0,3,0.3561643835616438,0.05416666666666667
synth-skew-tight,lognormal,1.5,19,cluster1,60,240,threshold,severity,0.9,1.0,1.0,1.0,3,0.125,0.016666666666666666
synth-skew-tight,lognormal,1.5,19,cluster1,60,240,threshold,severity,0.8,1.0,1.0,1.0,3,0.0,0.0
synth-skew-tight,lognormal,1.5,19,cluster1,60,240,threshold,symmetric,1.0,0.6666666666666666,0.6666666666666666,0.6666666666666666,3,0.9600000000000001,0.2708333333333333
synth-skew-tight,lognormal,1.5,19,cluster1,60,240,threshold,symmetric,0.95,0.6666666666666666,0.6666666666666666,0.6666666666666666,3,0.3561643835616438,0.05416666666666667
synth-skew-tight,lognormal,1.5,19,cluster1,60,240,threshold,symmetric,0.9,1.0,1.0,1.0,3,0.18181818181818182,0.025
synth-skew-tight,lognormal,1.5,19,cluster1,60,240,threshold,symmetric,0.8,1.0,1.0,1.0,3,0.03278688524590164,0.004166666666666667
synth-skew-tight,lognormal,1.5,19,cluster1,60,240,db,severity,1.0,0.2857142857142857,0.6666666666666666,0.4,7,0.9600000000000001,0.2708333333333333
synth-skew-tight,lognormal,1.5,19,cluster1,60,240,db,severity,0.95,1.0,0.6666666666666666,0.8,2,0.8907563025210085,0.24583333333333332
synth-skew-tight,lognormal,1.5,19,cluster1,60,240,db,severity,0.9,1.0,0.6666666666666666,0.8,2,0.8545454545454546,0.20833333333333334
synth-skew-tight,lognormal,1.5,19,cluster1,60,240,db,severity,0.8,1.0,0.3333333333333333,0.5,1,0.7899159663865546,0.24583333333333332
synth-skew-tight,lognormal,1.5,19,cluster1,60,240,db,symmetric,1.0,0.2857142857142857,0.6666666666666666,0.4,7,0.9600000000000001,0.2708333333333333
synth-skew-tight,lognormal,1.5,19,cluster1,60,240,db,symmetric,0.95,1.0,0.6666666666666666,0.8,2,0.8739495798319329,0.24583333333333332
synth-skew-tight,lognormal,1.5,19,cluster1,60,240,db,symmetric,0.9,1.0,0.6666666666666666,0.8,2,0.8672566371681416,0.22083333333333333
synth-skew-tight,lognormal,1.5,19,cluster1,60,240,db,symmetric,0.8,1.0,0.3333333333333333,0.5,1,0.7804878048780488,0.2625
synth-skew-tight,lognormal,1.5,19,cluster2,60,240,threshold,severity,1.0,1.0,1.0,1.0,3,0.8633093525179857,0.32916666666666666
synth-skew-tight,lognormal,1.5,19,cluster2,60,240,threshold,severity,0.95,1.0,1.0,1.0,3,0.2608695652173913,0.0375
synth-skew-tight,lognormal,1.5,19,cluster2,60,240,threshold,severity,0.9,1.0,1.0,1.0,3,0.09523809523809523,0.0125
synth-skew-tight,lognormal,1.5,19,cluster2,60,240,threshold,severity,0.8,1.0,1.0,1.0,3,0.0,0.0
synth-skew-tight,lognormal,1.5,19,cluster2,60,240,threshold,symmetric,1.0,1.0,1.0,1.0,3,0.8633093525179857,0.32916666666666666
synth-skew-tight,lognormal,1.5,19,cluster2,60,240,threshold,symmetric,0.95,1.0,1.0,1.0,3,0.2571428571428572,0.041666666666666664
synth-skew-tight,lognormal,1.5,19,cluster2,60,240,threshold,symmetric,0.9,1.0,1.0,1.0,3,0.09523809523809523,0.0125
synth-skew-tight,lognormal,1.5,19,cluster2,60,240,threshold,symmetric,0.8,1.0,1.0,1.0,3,0.0,0.0
synth-skew-tight,lognormal,1.5,19,cluster2,60,240,db,severity,1.0,0.3,1.0,0.4615384615384615,10,0.8633093525179857,0.32916666666666666
synth-skew-tight,lognormal,1.5,19,cluster2,60,240,db,severity,0.95,1.0,1.0,1.0,3,0.888888888888889,0.2
synth-skew-tight,lognormal,1.5,19,cluster2,60,240,db,severity,0.9,1.0,0.6666666666666666,0.8,2,0.8679245283018869,0.19166666666666668
synth-skew-tight,lognormal,1.5,19,cluster2,60,240,db,severity,0.8,1.0,0.3333333333333333,0.5,1,0.8103448275862069,0.23333333333333334
synth-skew-tight,lognormal,1.5,19,cluster2,60,240,db,symmetric,1.0,0.3,1.0,0.4615384615384615,10,0.8633093525179857,0.32916666666666666
synth-skew-tight,lognormal,1.5,19,cluster2,60,240,db,symmetric,0.95,1.0,1.0,1.0,3,0.8571428571428571,0.21666666666666667
synth-skew-tight,lognormal,1.5,19,cluster2,60,240,db,symmetric,0.9,1.0,0.6666666666666666,0.8,2,0.8596491228070176,0.225
synth-skew-tight,lognormal,1.5,19,cluster2,60,240,db,symmetric,0.8,1.0,0.6666666666666666,0.8,2,0.8,0.16666666666666666
synth-skew-tight,lognormal,1.5,19,cluster3,60,240,threshold,severity,1.0,0.6666666666666666,0.6666666666666666,0.6666666666666666,3,0.7741935483870968,0.3958333333333333
synth-skew-tight,lognormal,1.5,19,cluster3,60,240,threshold,severity,0.95,1.0,1.0,1.0,3,0.18181818181818182,0.025
synth-skew-tight,lognormal,1.5,19,cluster3,60,240,threshold,severity,0.9,1.0,1.0,1.0,3,0.06451612903225806,0.008333333333333333
synth-skew-tight,lognormal,1.5,19,cluster3,60,240,threshold,severity,0.8,1.0,1.0,1.0,3,0.0,0.0
synth-skew-tight,lognormal,1.5,19,cluster3,60,240,threshold,symmetric,1.0,0.6666666666666666,0.6666666666666666,0.6666666666666666,3,0.7741935483870968,0.3958333333333333
synth-skew-tight,lognormal,1.5,19,cluster3,60,240,threshold,symmetric,0.95,0.6666666666666666,0.6666666666666666,0.6666666666666666,3,0.18181818181818182,0.025
synth-skew-tight,lognormal,1.5,19,cluster3,60,240,threshold,symmetric,0.9,0.6666666666666666,0.6666666666666666,0.6666666666666666,3,0.09523809523809523,0.0125
synth-skew-tight,lognormal,1.5,19,cluster3,60,240,threshold,symmetric,0.8,1.0,1.0,1.0,3,0.0,0.0
synth-skew-tight,lognormal,1.5,19,cluster3,60,240,db,severity,1.0,0.17647058823529413,1.0,0.3,17,0.7741935483870968,0.3958333333333333
synth-skew-tight,lognormal,1.5,19,cluster3,60,240,db,severity,0.95,1.0,1.0,1.0,3,0.8771929824561403,0.225
synth-skew-tight,lognormal,1.5,19,cluster3,60,240,db,severity,0.9,1.0,0.6666666666666666,0.8,2,0.8571428571428571,0.21666666666666667
synth-skew-tight,lognormal,1.5,19,cluster3,60,240,db,severity,0.8,1.0,0.3333333333333333,0.5,1,0.8067226890756303,0.24583333333333332
synth-skew-tight,lognormal,1.5,19,cluster3,60,240,db,symmetric,1.0,0.17647058823529413,1.0,0.3,17,0.7741935483870968,0.3958333333333333
synth-skew-tight,lognormal,1.5,19,cluster3,60,240,db,symmetric,0.95,0.75,1.0,0.8571428571428571,4,0.8205128205128205,0.2375
synth-skew-tight,lognormal,1.5,19,cluster3,60,240,db,symmetric,0.9,0.6666666666666666,0.6666666666666666,0.6666666666666666,3,0.8468468468468469,0.2125
synth-skew-tight,lognormal,1.5,19,cluster3,60,240,db,symmetric,0.8,1.0,0.3333333333333333,0.5,1,0.7559055118110236,0.2791666666666667
synth-bimodal-tight,bimodal,1.5,0,cluster0,60,240,threshold,severity,1.0,1.0,1.0,1.0,3,0.9302325581395349,0.2875
synth-bimodal-tight,bimodal,1.5,0,cluster0,60,240,threshold,severity,0.95,1.0,1.0,1.0,3,0.30985915492957744,0.04583333333333333
synth-bimodal-tight,bimodal,1.5,0,cluster0,60,240,threshold,severity,0.9,1.0,1.0,1.0,3,0.03278688524590164,0.004166666666666667
synth-bimodal-tight,bimodal,1.5,0,cluster0,60,240,threshold,severity,0.8,1.0,1.0,1.0,3,0.0,0.0
synth-bimodal-tight,bimodal,1.5,0,cluster0,60,240,threshold,symmetric,1.0,1.0,1.0,1.0,3,0.9302325581395349,0.2875
synth-bimodal-tight,bimodal,1.5,0,cluster0,60,240,threshold,symmetric,0.95,1.0,1.0,1.0,3,0.30985915492957744,0.04583333333333333
synth-bimodal-tight,bimodal,1.5,0,cluster0,60,240,threshold,symmetric,0.9,1.0,1.0,1.0,3,0.06451612903225806,0.008333333333333333
synth-bimodal-tight,bimodal,1.5,0,cluster0,60,240,threshold,symmetric,0.8,0.6666666666666666,0.6666666666666666,0.6666666666666666,3,0.0,0.0
synth-bimodal-tight,bimodal,1.5,0,cluster0,60,240,db,severity,1.0,0.375,1.0,0.5454545454545454,8,0.9302325581395349,0.2875
synth-bimodal-tight,bimodal,1.5,0,cluster0,60,240,db,severity,0.95,0.4,0.6666666666666666,0.5,5,0.8333333333333334,0.2
synth-bimodal-tight,bimodal,1.5,0,cluster0,60,240,db,severity,0.9,0.6666666666666666,0.6666666666666666,0.6666666666666666,3,0.7567567567567567,0.2125
synth-bimodal-tight,bimodal,1.5,0,cluster0,60,240,db,severity,0.8,1.0,0.3333333333333333,0.5,1,0.7899159663865546,0.24583333333333332
synth-bimodal-tight,bimodal,1.5,0,cluster0,60,240,db,symmetric,1.0,0.375,1.0,0.5454545454545454,8,0.9302325581395349,0.2875
synth-bimodal-tight,bimodal,1.5,0,cluster0,60,240,db,symmetric,0.95,0.4,0.6666666666666666,0.5,5,0.822429906542056,0.19583333333333333
synth-bimodal-tight,bimodal,1.5,0,cluster0,60,240,db,symmetric,0.9,0.5,0.6666666666666666,0.5714285714285715,4,0.7843137254901961,0.175
synth-bimodal-tight,bimodal,1.5,0,cluster0,60,240,db,symmetric,0.8,1.0,0.6666666666666666,0.8,2,0.7572815533980582,0.17916666666666667
synth-bimodal-tight,bimodal,1.5,0,cluster1,60,240,threshold,severity,1.0,1.0,1.0,1.0,3,0.975609756097561,0.2625
synth-bimodal-tight,bimodal,1.5,0,cluster1,60,240,threshold,severity,0.95,1.0,1.0,1.0,3,0.2608695652173913,0.0375
synth-bimodal-tight,bimodal,1.5,0,cluster1,60,240,threshold,severity,0.9,1.0,1.0,1.0,3,0.06451612903225806,0.008333333333333333
synth-bimodal-tight,bimodal,1.5,0,cluster1,60,240,threshold,severity,0.8,1.0,1.0,1.0,3,0.03278688524590164,0.004166666666666667
synth-bimodal-tight,bimodal,1.5,0,cluster1,60,240,threshold,symmetric,1.0,1.0,1.0,1.0,3,0.975609756097561,0.2625
synth-bimodal-tight,bimodal,1.5,0,cluster1,60,240,threshold,symmetric,0.95,1.0,1.0,1.0,3,0.23529411764705882,0.03333333333333333
synth-bimodal-tight,bimodal,1.5,0,cluster1,60,240,threshold,symmetric,0.9,1.0,1.0,1.0,3,0.06451612903225806,0.008333333333333333
synth-bimodal-tight,bimodal,1.5,0,cluster1,60,240,threshold,symmetric,0.8,1.0,1.0,1.0,3,0.03278688524590164,0.004166666666666667
synth-bimodal-tight,bimodal,1.5,0,cluster1,60,240,db,severity,1.0,0.375,1.0,0.5454545454545454,8,0.975609756097561,0.2625
synth-bimodal-tight,bimodal,1.5,0,cluster1,60,240,db,severity,0.95,0.5,0.6666666666666666,0.5714285714285715,4,0.8623853211009175,0.20416666666666666
synth-bimodal-tight,bimodal,1.5,0,cluster1,60,240,db,severity,0.9,1.0,0.6666666666666666,0.8,2,0.817391304347826,0.22916666666666666
synth-bimodal-tight,bimodal,1.5,0,cluster1,60,240,db,severity,0.8,1.0,0.3333333333333333,0.5,1,0.8205128205128205,0.2375
synth-bimodal-tight,bimodal,1.5,0,cluster1,60,240,db,symmetric,1.0,0.375,1.0,0.5454545454545454,8,0.975609756097561,0.2625
synth-bimodal-tight,bimodal,1.5,0,cluster1,60,240,db,symmetric,0.95,0.75,1.0,0.8571428571428571,4,0.8421052631578948,0.225
synth-bimodal-tight,bimodal,1.5,0,cluster1,60,240,db,symmetric,0.9,1.0,0.6666666666666666,0.8,2,0.8135593220338982,0.24166666666666667
synth-bimodal-tight,bimodal,1.5,0,cluster1,60,240,db,symmetric,0.8,1.0,0.3333333333333333,0.5,1,0.7933884297520661,0.25416666666666665
synth-bimodal-tight,bimodal,1.5,0,cluster2,60,240,threshold,severity,1.0,1.0,1.0,1.0,3,0.9600000000000001,0.2708333333333333
synth-bimodal-tight,bimodal,1.5,0,cluster2,60,240,threshold,severity,0.95,1.0,1.0,1.0,3,0.2608695652173913,0.0375
synth-bimodal-tight,bimodal,1.5,0,cluster2,60,240,threshold,severity,0.9,1.0,1.0,1.0,3,0.09523809523809523,0.0125
synth-bimodal-tight,bimodal,1.5,0,cluster2,60,240,threshold,severity,0.8,1.0,1.0,1.0,3,0.0,0.0
synth-bimodal-tight,bimodal,1.5,0,cluster2,60,240,threshold,symmetric,1.0,1.0,1.0,1.0,3,0.9600000000000001,0.2708333333333333
synth-bimodal-tight,bimodal,1.5,0,cluster2,60,240,threshold,symmetric,0.95,1.0,1.0,1.0,3,0.23529411764705882,0.03333333333333333
synth-bimodal-tight,bimodal,1.5,0,cluster2,60,240,threshold,symmetric,0.9,1.0,1.0,1.0,3,0.09523809523809523,0.0125
synth-bimodal-tight,bimodal,1.5,0,cluster2,60,240,threshold,symmetric,0.8,1.0,1.0,1.0,3,0.03278688524590164,0.004166666666666667
synth-bimodal-tight,bimodal,1.5,0,cluster2,60,240,db,severity,1.0,0.42857142857142855,1.0,0.6,7,0.9600000000000001,0.2708333333333333
synth-bimodal-tight,bimodal,1.5,0,cluster2,60,240,db,severity,0.95,0.75,1.0,0.8571428571428571,4,0.8305084745762712,0.24166666666666667
synth-bimodal-tight,bimodal,1.5,0,cluster2,60,240,db,severity,0.9,1.0,1.0,1.0,3,0.7747747747747747,0.2125
synth-bimodal-tight,bimodal,1.5,0,cluster2,60,240,db,severity,0.8,1.0,0.3333333333333333,0.5,1,0.8392857142857143,0.21666666666666667
synth-bimodal-tight,bimodal,1.5,0,cluster2,60,240,db,symmetric,1.0,0.42857142857142855,1.0,0.6,7,0.9600000000000001,0.2708333333333333
synth-bimodal-tight,bimodal,1.5,0,cluster2,60,240,db,symmetric,0.95,0.75,1.0,0.8571428571428571,4,0.8235294117647058,0.24583333333333332
synth-bimodal-tight,bimodal,1.5,0,cluster2,60,240,db,symmetric,0.9,0.75,1.0,0.8571428571428571,4,0.7722772277227723,0.17083333333333334
synth-bimodal-tight,bimodal,1.5,0,cluster2,60,240,db,symmetric,0.8,1.0,0.6666666666666666,0.8,2,0.6842105263157895,0.225
synth-bimodal-tight,bimodal,1.5,0,cluster3,60,240,threshold,severity,1.0,1.0,1.0,1.0,3,0.9523809523809523,0.275
synth-bimodal-tight,bimodal,1.5,0,cluster3,60,240,threshold,severity,0.95,1.0,1.0,1.0,3,0.18181818181818182,0.025
synth-bimodal-tight,bimodal,1.5,0,cluster3,60,240,threshold,severity,0.9,1.0,1.0,1.0,3,0.0,0.0
synth-bimodal-tight,bimodal,1.5,0,cluster3,60,240,threshold,severity,0.8,1.0,1.0,1.0,3,0.0,0.0
synth-bimodal-tight,bimodal,1.5,0,cluster3,60,240,threshold,symmetric,1.0,1.0,1.0,1.0,3,0.9523809523809523,0.275
synth-bimodal-tight,bimodal,1.5,0,cluster3,60,240,threshold,symmetric,0.95,1.0,1.0,1.0,3,0.17910447761194032,0.029166666666666667
synth-bimodal-tight,bimodal,1.5,0,cluster3,60,240,threshold,symmetric,0.9,1.0,1.0,1.0,3,0.06451612903225806,0.008333333333333333
synth-bimodal-tight,bimodal,1.5,0,cluster3,60,240,threshold,symmetric,0.8,1.0,1.0,1.0,3,0.0,0.0
synth-bimodal-tight,bimodal,1.5,0,cluster3,60,240,db,severity,1.0,0.42857142857142855,1.0,0.6,7,0.9523809523809523,0.275
synth-bimodal-tight,bimodal,1.5,0,cluster3,60,240,db,severity,0.95,1.0,1.0,1.0,3,0.8521739130434782,0.22916666666666666
synth-bimodal-tight,bimodal,1.5,0,cluster3,60,240,db,severity,0.9,1.0,0.6666666666666666,0.8,2,0.8141592920353983,0.22083333333333333
synth-bimodal-tight,bimodal,1.5,0,cluster3,60,240,db,severity,0.8,1.0,0.3333333333333333,0.5,1,0.8468468468468469,0.2125
synth-bimodal-tight,bimodal,1.5,0,cluster3,60,240,db,symmetric,1.0,0.42857142857142855,1.0,0.6,7,0.9523809523809523,0.275
synth-bimodal-tight,bimodal,1.5,0,cluster3,60,240,db,symmetric,0.95,0.6666666666666666,0.6666666666666666,0.6666666666666666,3,0.8347826086956521,0.22916666666666666
synth-bimodal-tight,bimodal,1.5,0,cluster3,60,240,db,symmetric,0.9,1.0,0.6666666666666666,0.8,2,0.8000000000000002,0.25
synth-bimodal-tight,bimodal,1.5,0,cluster3,60,240,db,symmetric,0.8,1.0,0.3333333333333333,0.5,1,0.761904761904762,0.275
synth-bimodal-tight,bimodal,1.5,1,cluster0,60,240,threshold,severity,1.0,1.0,1.0,1.0,3,0.975609756097561,0.2625
synth-bimodal-tight,bimodal,1.5,1,cluster0,60,240,threshold,severity,0.95,1.0,1.0,1.0,3,0.35135135135135137,0.058333333333333334
synth-bimodal-tight,bimodal,1.5,1,cluster0,60,240,threshold,severity,0.9,1.0,1.0,1.0,3,0.09523809523809523,0.0125
synth-bimodal-tight,bimodal,1.5,1,cluster0,60,240,threshold,severity,0.8,1.0,1.0,1.0,3,0.0,0.0
synth-bimodal-tight,bimodal,1.5,1,cluster0,60,240,threshold,symmetric,1.0,1.0,1.0,1.0,3,0.975609756097561,0.2625
synth-bimodal-tight,bimodal,1.5,1,cluster0,60,240,threshold,symmetric,0.95,1.0,1.0,1.0,3,0.32876712328767127,0.05416666666666667
synth-bimodal-tight,bimodal,1.5,1,cluster0,60,240,threshold,symmetric,0.9,1.0,1.0,1.0,3,0.125,0.016666666666666666
synth-bimodal-tight,bimodal,1.5,1,cluster0,60,240,threshold,symmetric,0.8,1.0,1.0,1.0,3,0.0,0.0
synth-bimodal-tight,bimodal,1.5,1,cluster0,60,240,db,severity,1.0,0.375,1.0,0.5454545454545454,8,0.975609756097561,0.2625
synth-bimodal-tight,bimodal,1.5,1,cluster0,60,240,db,severity,0.95,0.75,1.0,0.8571428571428571,4,0.8468468468468469,0.2125
synth-bimodal-tight,bimodal,1.5,1,cluster0,60,240,db,severity,0.9,1.0,0.6666666666666666,0.8,2,0.817391304347826,0.22916666666666666
synth-bimodal-tight,bimodal,1.5,1,cluster0,60,240,db,severity,0.8,1.0,0.3333333333333333,0.5,1,0.8495575221238938,0.22083333333333333
synth-bimodal-tight,bimodal,1.5,1,cluster0,60,240,db,symmetric,1.0,0.375,1.0,0.5454545454545454,8,0.975609756097561,0.2625
synth-bimodal-tight,bimodal,1.5,1,cluster0,60,240,db,symmetric,0.95,0.6,1.0,0.7499999999999999,5,0.8411214953271028,0.19583333333333333
synth-bimodal-tight,bimodal,1.5,1,cluster0,60,240,db,symmetric,0.9,1.0,1.0,1.0,3,0.7889908256880733,0.20416666666666666
synth-bimodal-tight,bimodal,1.5,1,cluster0,60,240,db,symmetric,0.8,1.0,0.3333333333333333,0.5,1,0.8205128205128205,0.2375
synth-bimodal-tight,bimodal,1.5,1,cluster1,60,240,threshold,severity,1.0,1.0,1.0,1.0,3,0.9836065573770492,0.25833333333333336
synth-bimodal-tight,bimodal,1.5,1,cluster1,60,240,threshold,severity,0.95,1.0,1.0,1.0,3,0.208955223880597,0.029166666666666667
synth-bimodal-tight,bimodal,1.5,1,cluster1,60,240,threshold,severity,0.9,1.0,1.0,1.0,3,0.03278688524590164,0.004166666666666667
synth-bimodal-tight,bimodal,1.5,1,cluster1,60,240,threshold,severity,0.8,1.0,1.0,1.0,3,0.0,0.0
synth-bimodal-tight,bimodal,1.5,1,cluster1,60,240,threshold,symmetric,1.0,1.0,1.0,1.0,3,0.9836065573770492,0.25833333333333336
synth-bimodal-tight,bimodal,1.5,1,cluster1,60,240,threshold,symmetric,0.95,1.0,1.0,1.0,3,0.23529411764705882,0.03333333333333333
synth-bimodal-tight,bimodal,1.5,1,cluster1,60,240,threshold,symmetric,0.9,0.6666666666666666,0.6666666666666666,0.6666666666666666,3,0.09523809523809523,0.0125
synth-bimodal-tight,bimodal,1.5,1,cluster1,60,240,threshold,symmetric,0.8,1.0,1.0,1.0,3,0.0,0.0
synth-bimodal-tight,bimodal,1.5,1,cluster1,60,240,db,severity,1.0,0.375,1.0,0.5454545454545454,8,0.9836065573770492,0.25833333333333336
synth-bimodal-tight,bimodal,1.5,1,cluster1,60,240,db,severity,0.95,0.75,1.0,0.8571428571428571,4,0.8440366972477065,0.20416666666666666
synth-bimodal-tight,bimodal,1.5,1,cluster1,60,240,db,severity,0.9,1.0,0.6666666666666666,0.8,2,0.7899159663865546,0.24583333333333332
synth-bimodal-tight,bimodal,1.5,1,cluster1,60,240,db,severity,0.8,1.0,0.3333333333333333,0.5,1,0.8103448275862069,0.23333333333333334
synth-bimodal-tight,bimodal,1.5,1,cluster1,60,240,db,symmetric,1.0,0.375,1.0,0.5454545454545454,8,0.9836065573770492,0.25833333333333336
synth-bimodal-tight,bimodal,1.5,1,cluster1,60,240,db,symmetric,0.95,1.0,1.0,1.0,3,0.8275862068965518,0.23333333333333334
synth-bimodal-tight,bimodal,1.5,1,cluster1,60,240,db,symmetric,0.9,1.0,0.6666666666666666,0.8,2,0.8000000000000002,0.25
synth-bimodal-tight,bimodal,1.5,1,cluster1,60,240,db,symmetric,0.8,1.0,0.3333333333333333,0.5,1,0.8067226890756303,0.24583333333333332
synth-bimodal-tight,bimodal,1.5,1,cluster2,60,240,threshold,severity,1.0,1.0,1.0,1.0,3,0.9375,0.2833333333333333
synth-bimodal-tight,bimodal,1.5,1,cluster2,60,240,threshold,severity,0.95,1.0,1.0,1.0,3,0.2285714285714286,0.041666666666666664
synth-bimodal-tight,bimodal,1.5,1,cluster2,60,240,threshold,severity,0.9,1.0,1.0,1.0,3,0.0,0.0
synth-bimodal-tight,bimodal,1.5,1,cluster2,60,240,threshold,severity,0.8,1.0,1.0,1.0,3,0.0,0.0
synth-bimodal-tight,bimodal,1.5,1,cluster2,60,240,threshold,symmetric,1.0,1.0,1.0,1.0,3,0.9375,0.2833333333333333
synth-bimodal-tight,bimodal,1.5,1,cluster2,60,240,threshold,symmetric,0.95,1.0,1.0,1.0,3,0.2028985507246377,0.0375
synth-bimodal-tight,bimodal,1.5,1,cluster2,60,240,threshold,symmetric,0.9,1.0,1.0,1.0,3,0.06451612903225806,0.008333333333333333
synth-bimodal-tight,bimodal,1.5,1,cluster2,60,240,threshold,symmetric,0.8,1.0,1.0,1.0,3,0.0,0.0
synth-bimodal-tight,bimodal,1.5,1,cluster2,60,240,db,severity,1.0,0.5,1.0,0.6666666666666666,6,0.9375,0.2833333333333333
synth-bimodal-tight,bimodal,1.5,1,cluster2,60,240,db,severity,0.95,1.0,1.0,1.0,3,0.8275862068965518,0.23333333333333334
synth-bimodal-tight,bimodal,1.5,1,cluster2,60,240,db,severity,0.9,1.0,1.0,1.0,3,0.7809523809523808,0.1875
synth-bimodal-tight,bimodal,1.5,1,cluster2,60,240,db,severity,0.8,1.0,0.3333333333333333,0.5,1,0.817391304347826,0.22916666666666666
synth-bimodal-tight,bimodal,1.5,1,cluster2,60,240,db,symmetric,1.0,0.5,1.0,0.6666666666666666,6,0.9375,0.2833333333333333
synth-bimodal-tight,bimodal,1.5,1,cluster2,60,240,db,symmetric,0.95,1.0,1.0,1.0,3,0.8135593220338982,0.24166666666666667
synth-bimodal-tight,bimodal,1.5,1,cluster2,60,240,db,symmetric,0.9,1.0,1.0,1.0,3,0.7706422018348624,0.20416666666666666
synth-bimodal-tight,bimodal,1.5,1,cluster2,60,240,db,symmetric,0.8,1.0,0.6666666666666666,0.8,2,0.6785714285714285,0.21666666666666667
synth-bimodal-tight,bimodal,1.5,1,cluster3,60,240,threshold,severity,1.0,1.0,1.0,1.0,3,0.975609756097561,0.2625
synth-bimodal-tight,bimodal,1.5,1,cluster3,60,240,threshold,severity,0.95,1.0,1.0,1.0,3,0.18181818181818182,0.025
synth-bimodal-tight,bimodal,1.5,1,cluster3,60,240,threshold,severity,0.9,1.0,1.0,1.0,3,0.09523809523809523,0.0125
synth-bimodal-tight,bimodal,1.5,1,cluster3,60,240,threshold,severity,0.8,1.0,1.0,1.0,3,0.0,0.0
synth-bimodal-tight,bimodal,1.5,1,cluster3,60,240,threshold,symmetric,1.0,1.0,1.0,1.0,3,0.975609756097561,0.2625
synth-bimodal-tight,bimodal,1.5,1,cluster3,60,240,threshold,symmetric,0.95,1.0,1.0,1.0,3,0.18181818181818182,0.025
synth-bimodal-tight,bimodal,1.5,1,cluster3,60,240,threshold,symmetric,0.9,1.0,1.0,1.0,3,0.18181818181818182,0.025
synth-bimodal-tight,bimodal,1.5,1,cluster3,60,240,threshold,symmetric,0.8,1.0,1.0,1.0,3,0.0,0.0
synth-bimodal-tight,bimodal,1.5,1,cluster3,60,240,db,severity,1.0,0.375,1.0,0.5454545454545454,8,0.975609756097561,0.2625
synth-bimodal-tight,bimodal,1.5,1,cluster3,60,240,db,severity,0.95,1.0,1.0,1.0,3,0.8135593220338982,0.24166666666666667
synth-bimodal-tight,bimodal,1.5,1,cluster3,60,240,db,severity,0.9,0.6666666666666666,0.6666666666666666,0.6666666666666666,3,0.7857142857142856,0.21666666666666667
synth-bimodal-tight,bimodal,1.5,1,cluster3,60,240,db,severity,0.8,1.0,0.3333333333333333,0.5,1,0.8318584070796461,0.22083333333333333
synth-bimodal-tight,bimodal,1.5,1,cluster3,60,240,db,symmetric,1.0,0.375,1.0,0.5454545454545454,8,0.975609756097561,0.2625
synth-bimodal-tight,bimodal,1.5,1,cluster3,60,240,db,symmetric,0.95,1.0,1.0,1.0,3,0.8135593220338982,0.24166666666666667
synth-bimodal-tight,bimodal,1.5,1,cluster3,60,240,db,symmetric,0.9,0.6666666666666666,0.6666666666666666,0.6666666666666666,3,0.7719298245614035,0.225
synth-bimodal-tight,bimodal,1.5,1,cluster3,60,240,db,symmetric,0.8,1.0,0.6666666666666666,0.8,2,0.7222222222222223,0.2
synth-bimodal-tight,bimodal,1.5,2,cluster0,60,240,threshold,severity,1.0,1.0,1.0,1.0,3,0.9448818897637796,0.2791666666666667
synth-bimodal-tight,bimodal,1.5,2,cluster0,60,240,threshold,severity,0.95,1.0,1.0,1.0,3,0.17647058823529416,0.03333333333333333
synth-bimodal-tight,bimodal,1.5,2,cluster0,60,240,threshold,severity,0.9,1.0,1.0,1.0,3,0.03278688524590164,0.004166666666666667
synth-bimodal-tight,bimodal,1.5,2,cluster0,60,240,threshold,severity,0.8,1.0,1.0,1.0,3,0.03278688524590164,0.004166666666666667
synth-bimodal-tight,bimodal,1.5,2,cluster0,60,240,threshold,symmetric,1.0,1.0,1.0,1.0,3,0.9448818897637796,0.2791666666666667
synth-bimodal-tight,bimodal,1.5,2,cluster0,60,240,threshold,symmetric,0.95,1.0,1.0,1.0,3,0.1739130434782609,0.0375
synth-bimodal-tight,bimodal,1.5,2,cluster0,60,240,threshold,symmetric,0.9,1.0,1.0,1.0,3,0.06451612903225806,0.008333333333333333
synth-bimodal-tight,bimodal,1.5,2,cluster0,60,240,threshold,symmetric,0.8,1.0,1.0,1.0,3,0.03278688524590164,0.004166666666666667
synth-bimodal-tight,bimodal,1.5,2,cluster0,60,240,db,severity,1.0,0.3333333333333333,1.0,0.5,9,0.9448818897637796,0.2791666666666667
synth-bimodal-tight,bimodal,1.5,2,cluster0,60,240,db,severity,0.95,1.0,1.0,1.0,3,0.8000000000000002,0.25
synth-bimodal-tight,bimodal,1.5,2,cluster0,60,240,db,severity,0.9,0.75,1.0,0.8571428571428571,4,0.7428571428571429,0.1875
synth-bimodal-tight,bimodal,1.5,2,cluster0,60,240,db,severity,0.8,1.0,0.6666666666666666,0.8,2,0.6548672566371682,0.22083333333333333
synth-bimodal-tight,bimodal,1.5,2,cluster0,60,240,db,symmetric,1.0,0.3333333333333333,1.0,0.5,9,0.9448818897637796,0.2791666666666667
synth-bimodal-tight,bimodal,1.5,2,cluster0,60,240,db,symmetric,0.95,0.75,1.0,0.8571428571428571,4,0.7826086956521738,0.22916666666666666
synth-bimodal-tight,bimodal,1.5,2,cluster0,60,240,db,symmetric,0.9,1.0,1.0,1.0,3,0.7478260869565218,0.22916666666666666
synth-bimodal-tight,bimodal,1.5,2,cluster0,60,240,db,symmetric,0.8,0.6666666666666666,0.6666666666666666,0.6666666666666666,3,0.673076923076923,0.18333333333333332
synth-bimodal-tight,bimodal,1.5,2,cluster1,60,240,threshold,severity,1.0,1.0,1.0,1.0,3,0.9600000000000001,0.2708333333333333
synth-bimodal-tight,bimodal,1.5,2,cluster1,60,240,threshold,severity,0.95,1.0,1.0,1.0,3,0.2608695652173913,0.0375
synth-bimodal-tight,bimodal,1.5,2,cluster1,60,240,threshold,severity,0.9,1.0,1.0,1.0,3,0.06451612903225806,0.008333333333333333
synth-bimodal-tight,bimodal,1.5,2,cluster1,60,240,threshold,severity,0.8,1.0,1.0,1.0,3,0.0,0.0
synth-bimodal-tight,bimodal,1.5,2,cluster1,60,240,threshold,symmetric,1.0,1.0,1.0,1.0,3,0.9600000000000001,0.2708333333333333
synth-bimodal-tight,bimodal,1.5,2,cluster1,60,240,threshold,symmetric,0.95,1.0,1.0,1.0,3,0.3055555555555556,0.05
synth-bimodal-tight,bimodal,1.5,2,cluster1,60,240,threshold,symmetric,0.9,1.0,1.0,1.0,3,0.15384615384615385,0.020833333333333332
synth-bimodal-tight,bimodal,1.5,2,cluster1,60,240,threshold,symmetric,0.8,1.0,1.0,1.0,3,0.0,0.0
synth-bimodal-tight,bimodal,1.5,2,cluster1,60,240,db,severity,1.0,0.3333333333333333,1.0,0.5,9,0.9600000000000001,0.2708333333333333
synth-bimodal-tight,bimodal,1.5,2,cluster1,60,240,db,severity,0.95,1.0,1.0,1.0,3,0.8275862068965518,0.23333333333333334
synth-bimodal-tight,bimodal,1.5,2,cluster1,60,240,db,severity,0.9,1.0,0.6666666666666666,0.8,2,0.8034188034188033,0.2375
synth-bimodal-tight,bimodal,1.5,2,cluster1,60,240,db,severity,0.8,1.0,0.3333333333333333,0.5,1,0.7899159663865546,0.24583333333333332
synth-bimodal-tight,bimodal,1.5,2,cluster1,60,240,db,symmetric,1.0,0.3333333333333333,1.0,0.5,9,0.9600000000000001,0.2708333333333333
synth-bimodal-tight,bimodal,1.5,2,cluster1,60,240,db,symmetric,0.95,0.75,1.0,0.8571428571428571,4,0.8245614035087719,0.225
synth-bimodal-tight,bimodal,1.5,2,cluster1,60,240,db,symmetric,0.9,0.6666666666666666,0.6666666666666666,0.6666666666666666,3,0.7894736842105262,0.225
synth-bimodal-tight,bimodal,1.5,2,cluster1,60,240,db,symmetric,0.8,1.0,0.3333333333333333,0.5,1,0.8000000000000002,0.25
synth-bimodal-tight,bimodal,1.5,2,cluster2,60,240,threshold,severity,1.0,1.0,1.0,1.0,3,0.9375,0.2833333333333333
synth-bimodal-tight,bimodal,1.5,2,cluster2,60,240,threshold,severity,0.95,1.0,1.0,1.0,3,0.37837837837837834,0.058333333333333334
synth-bimodal-tight,bimodal,1.5,2,cluster2,60,240,threshold,severity,0.9,0.6666666666666666,0.6666666666666666,0.6666666666666666,3,0.09523809523809523,0.0125
synth-bimodal-tight,bimodal,1.5,2,cluster2,60,240,threshold,severity,0.8,0.6666666666666666,0.6666666666666666,0.6666666666666666,3,0.0,0.0
synth-bimodal-tight,bimodal,1.5,2,cluster2,60,240,threshold,symmetric,1.0,1.0,1.0,1.0,3,0.9375,0.2833333333333333
synth-bimodal-tight,bimodal,1.5,2,cluster2,60,240,threshold,symmetric,0.95,1.0,1.0,1.0,3,0.39473684210526316,0.06666666666666667
synth-bimodal-tight,bimodal,1.5,2,cluster2,60,240,threshold,symmetric,0.9,0.6666666666666666,0.6666666666666666,0.6666666666666666,3,0.125,0.016666666666666666
synth-bimodal-tight,bimodal,1.5,2,cluster2,60,240,threshold,symmetric,0.8,0.6666666666666666,0.6666666666666666,0.6666666666666666,3,0.0,0.0
synth-bimodal-tight,bimodal,1.5,2,cluster2,60,240,db,severity,1.0,0.375,1.0,0.5454545454545454,8,0.9375,0.2833333333333333
synth-bimodal-tight,bimodal,1.5,2,cluster2,60,240,db,severity,0.95,0.75,1.0,0.8571428571428571,4,0.8468468468468469,0.2125
synth-bimodal-tight,bimodal,1.5,2,cluster2,60,240,db,severity,0.9,0.6666666666666666,0.6666666666666666,0.6666666666666666,3,0.7586206896551724,0.23333333333333334
synth-bimodal-tight,bimodal,1.5,2,cluster2,60,240,db,severity,0.8,1.0,0.3333333333333333,0.5,1,0.8545454545454546,0.20833333333333334
synth-bimodal-tight,bimodal,1.5,2,cluster2,60,240,db,symmetric,1.0,0.375,1.0,0.5454545454545454,8,0.9375,0.2833333333333333
synth-bimodal-tight,bimodal,1.5,2,cluster2,60,240,db,symmetric,0.95,0.75,1.0,0.8571428571428571,4,0.8363636363636363,0.20833333333333334
synth-bimodal-tight,bimodal,1.5,2,cluster2,60,240,db,symmetric,0.9,0.6666666666666666,0.6666666666666666,0.6666666666666666,3,0.7758620689655172,0.23333333333333334
synth-bimodal-tight,bimodal,1.5,2,cluster2,60,240,db,symmetric,0.8,0.5,0.3333333333333333,0.4,2,0.6942148760330578,0.25416666666666665
synth-bimodal-tight,bimodal,1.5,2,cluster3,60,240,threshold,severity,1.0,1.0,1.0,1.0,3,0.9917355371900827,0.25416666666666665
synth-bimodal-tight,bimodal,1.5,2,cluster3,60,240,threshold,severity,0.95,1.0,1.0,1.0,3,0.2857142857142857,0.041666666666666664
synth-bimodal-tight,bimodal,1.5,2,cluster3,60,240,threshold,severity,0.9,1.0,1.0,1.0,3,0.09523809523809523,0.0125
synth-bimodal-tight,bimodal,1.5,2,cluster3,60,240,threshold,severity,0.8,1.0,1.0,1.0,3,0.0,0.0
synth-bimodal-tight,bimodal,1.5,2,cluster3,60,240,threshold,symmetric,1.0,1.0,1.0,1.0,3,0.9917355371900827,0.25416666666666665
synth-bimodal-tight,bimodal,1.5,2,cluster3,60,240,threshold,symmetric,0.95,1.0,1.0,1.0,3,0.2857142857142857,0.041666666666666664
synth-bimodal-tight,bimodal,1.5,2,cluster3,60,240,threshold,symmetric,0.9,1.0,1.0,1.0,3,0.18181818181818182,0.025
synth-bimodal-tight,bimodal,1.5,2,cluster3,60,240,threshold,symmetric,0.8,1.0,1.0,1.0,3,0.03278688524590164,0.004166666666666667
synth-bimodal-tight,bimodal,1.5,2,cluster3,60,240,db,severity,1.0,0.75,1.0,0.8571428571428571,4,0.9917355371900827,0.25416666666666665
synth-bimodal-tight,bimodal,1.5,2,cluster3,60,240,db,severity,0.95,1.0,1.0,1.0,3,0.8596491228070176,0.225
synth-bimodal-tight,bimodal,1.5,2,cluster3,60,240,db,severity,0.9,1.0,0.6666666666666666,0.8,2,0.8648648648648648,0.2125
synth-bimodal-tight,bimodal,1.5,2,cluster3,60,240,db,severity,0.8,1.0,0.3333333333333333,0.5,1,0.817391304347826,0.22916666666666666
synth-bimodal-tight,bimodal,1.5,2,cluster3,60,240,db,symmetric,1.0,0.75,1.0,0.8571428571428571,4,0.9917355371900827,0.25416666666666665
synth-bimodal-tight,bimodal,1.5,2,cluster3,60,240,db,symmetric,0.95,1.0,1.0,1.0,3,0.8495575221238938,0.22083333333333333
synth-bimodal-tight,bimodal,1.5,2,cluster3,60,240,db,symmetric,0.9,1.0,1.0,1.0,3,0.8148148148148148,0.2
synth-bimodal-tight,bimodal,1.5,2,cluster3,60,240,db,symmetric,0.8,1.0,0.3333333333333333,0.5,1,0.8205128205128205,0.2375
synth-bimodal-tight,bimodal,1.5,3,cluster0,60,240,threshold,severity,1.0,1.0,1.0,1.0,3,0.9448818897637796,0.2791666666666667
synth-bimodal-tight,bimodal,1.5,3,cluster0,60,240,threshold,severity,0.95,1.0,1.0,1.0,3,0.30985915492957744,0.04583333333333333
synth-bimodal-tight,bimodal,1.5,3,cluster0,60,240,threshold,severity,0.9,1.0,1.0,1.0,3,0.06451612903225806,0.008333333333333333
synth-bimodal-tight,bimodal,1.5,3,cluster0,60,240,threshold,severity,0.8,1.0,1.0,1.0,3,0.03278688524590164,0.004166666666666667
synth-bimodal-tight,bimodal,1.5,3,cluster0,60,240,threshold,symmetric,1.0,1.0,1.0,1.0,3,0.9448818897637796,0.2791666666666667
synth-bimodal-tight,bimodal,1.5,3,cluster0,60,240,threshold,symmetric,0.95,1.0,1.0,1.0,3,0.30985915492957744,0.04583333333333333
synth-bimodal-tight,bimodal,1.5,3,cluster0,60,240,threshold,symmetric,0.9,1.0,1.0,1.0,3,0.09523809523809523,0.0125
synth-bimodal-tight,bimodal,1.5,3,cluster0,60,240,threshold,symmetric,0.8,1.0,1.0,1.0,3,0.03278688524590164,0.004166666666666667
synth-bimodal-tight,bimodal,1.5,3,cluster0,60,240,db,severity,1.0,0.3,1.0,0.4615384615384615,10,0.9448818897637796,0.2791666666666667
synth-bimodal-tight,bimodal,1.5,3,cluster0,60,240,db,severity,0.95,0.75,1.0,0.8571428571428571,4,0.8440366972477065,0.20416666666666666
synth-bimodal-tight,bimodal,1.5,3,cluster0,60,240,db,severity,0.9,1.0,1.0,1.0,3,0.7428571428571429,0.1875
synth-bimodal-tight,bimodal,1.5,3,cluster0,60,240,db,severity,0.8,1.0,0.3333333333333333,0.5,1,0.8103448275862069,0.23333333333333334
synth-bimodal-tight,bimodal,1.5,3,cluster0,60,240,db,symmetric,1.0,0.3,1.0,0.4615384615384615,10,0.9448818897637796,0.2791666666666667
synth-bimodal-tight,bimodal,1.5,3,cluster0,60,240,db,symmetric,0.95,0.75,1.0,0.8571428571428571,4,0.8440366972477065,0.20416666666666666
synth-bimodal-tight,bimodal,1.5,3,cluster0,60,240,db,symmetric,0.9,1.0,1.0,1.0,3,0.7636363636363636,0.20833333333333334
synth-bimodal-tight,bimodal,1.5,3,cluster0,60,240,db,symmetric,0.8,1.0,0.6666666666666666,0.8,2,0.6842105263157895,0.225
synth-bimodal-tight,bimodal,1.5,3,cluster1,60,240,threshold,severity,1.0,1.0,1.0,1.0,3,0.975609756097561,0.2625
synth-bimodal-tight,bimodal,1.5,3,cluster1,60,240,threshold,severity,0.95,1.0,1.0,1.0,3,0.17910447761194032,0.029166666666666667
synth-bimodal-tight,bimodal,1.5,3,cluster1,60,240,threshold,severity,0.9,1.0,1.0,1.0,3,0.0,0.0
synth-bimodal-tight,bimodal,1.5,3,cluster1,60,240,threshold,severity,0.8,1.0,1.0,1.0,3,0.0,0.0
synth-bimodal-tight,bimodal,1.5,3,cluster1,60,240,threshold,symmetric,1.0,1.0,1.0,1.0,3,0.975609756097561,0.2625
synth-bimodal-tight,bimodal,1.5,3,cluster1,60,240,threshold,symmetric,0.95,1.0,1.0,1.0,3,0.15151515151515152,0.025
synth-bimodal-tight,bimodal,1.5,3,cluster1,60,240,threshold,symmetric,0.9,1.0,1.0,1.0,3,0.03278688524590164,0.004166666666666667
synth-bimodal-tight,bimodal,1.5,3,cluster1,60,240,threshold,symmetric,0.8,1.0,1.0,1.0,3,0.0,0.0
synth-bimodal-tight,bimodal,1.5,3,cluster1,60,240,db,severity,1.0,0.375,1.0,0.5454545454545454,8,0.975609756097561,0.2625
synth-bimodal-tight,bimodal,1.5,3,cluster1,60,240,db,severity,0.95,1.0,1.0,1.0,3,0.8347826086956521,0.22916666666666666
synth-bimodal-tight,bimodal,1.5,3,cluster1,60,240,db,severity,0.9,1.0,0.6666666666666666,0.8,2,0.7704918032786884,0.25833333333333336
synth-bimodal-tight,bimodal,1.5,3,cluster1,60,240,db,severity,0.8,1.0,0.3333333333333333,0.5,1,0.8347826086956521,0.22916666666666666
synth-bimodal-tight,bimodal,1.5,3,cluster1,60,240,db,symmetric,1.0,0.375,1.0,0.5454545454545454,8,0.975609756097561,0.2625
synth-bimodal-tight,bimodal,1.5,3,cluster1,60,240,db,symmetric,0.95,1.0,1.0,1.0,3,0.8275862068965518,0.23333333333333334
synth-bimodal-tight,bimodal,1.5,3,cluster1,60,240,db,symmetric,0.9,1.0,1.0,1.0,3,0.7818181818181817,0.20833333333333334
synth-bimodal-tight,bimodal,1.5,3,cluster1,60,240,db,symmetric,0.8,1.0,0.3333333333333333,0.5,1,0.8067226890756303,0.24583333333333332
synth-bimodal-tight,bimodal,1.5,3,cluster2,60,240,threshold,severity,1.0,1.0,1.0,1.0,3,0.9302325581395349,0.2875
synth-bimodal-tight,bimodal,1.5,3,cluster2,60,240,threshold,severity,0.95,1.0,1.0,1.0,3,0.37837837837837834,0.058333333333333334
synth-bimodal-tight,bimodal,1.5,3,cluster2,60,240,threshold,severity,0.9,0.6666666666666666,0.6666666666666666,0.6666666666666666,3,0.06451612903225806,0.008333333333333333
synth-bimodal-tight,bimodal,1.5,3,cluster2,60,240,threshold,severity,0.8,1.0,1.0,1.0,3,0.0,0.0
synth-bimodal-tight,bimodal,1.5,3,cluster2,60,240,threshold,symmetric,1.0,1.0,1.0,1.0,3,0.9302325581395349,0.2875
synth-bimodal-tight,bimodal,1.5,3,cluster2,60,240,threshold,symmetric,0.95,1.0,1.0,1.0,3,0.3561643835616438,0.05416666666666667
synth-bimodal-tight,bimodal,1.5,3,cluster2,60,240,threshold,symmetric,0.9,0.6666666666666666,0.6666666666666666,0.6666666666666666,3,0.09523809523809523,0.0125
synth-bimodal-tight,bimodal,1.5,3,cluster2,60,240,threshold,symmetric,0.8,0.6666666666666666,0.6666666666666666,0.6666666666666666,3,0.0,0.0
synth-bimodal-tight,bimodal,1.5,3,cluster2,60,240,db,severity,1.0,0.3,1.0,0.4615384615384615,10,0.9302325581395349,0.2875
synth-bimodal-tight,bimodal,1.5,3,cluster2,60,240,db,severity,0.95,1.0,1.0,1.0,3,0.8099173553719008,0.25416666666666665
synth-bimodal-tight,bimodal,1.5,3,cluster2,60,240,db,severity,0.9,1.0,1.0,1.0,3,0.7567567567567567,0.2125
synth-bimodal-tight,bimodal,1.5,3,cluster2,60,240,db,severity,0.8,1.0,0.6666666666666666,0.8,2,0.8118811881188119,0.17083333333333334
synth-bimodal-tight,bimodal,1.5,3,cluster2,60,240,db,symmetric,1.0,0.3,1.0,0.4615384615384615,10,0.9302325581395349,0.2875
synth-bimodal-tight,bimodal,1.5,3,cluster2,60,240,db,symmetric,0.95,0.75,1.0,0.8571428571428571,4,0.817391304347826,0.22916666666666666
synth-bimodal-tight,bimodal,1.5,3,cluster2,60,240,db,symmetric,0.9,0.75,1.0,0.8571428571428571,4,0.761904761904762,0.1875
synth-bimodal-tight,bimodal,1.5,3,cluster2,60,240,db,symmetric,0.8,1.0,1.0,1.0,3,0.653061224489796,0.15833333333333333
synth-bimodal-tight,bimodal,1.5,3,cluster3,60,240,threshold,severity,1.0,1.0,1.0,1.0,3,0.9600000000000001,0.2708333333333333
synth-bimodal-tight,bimodal,1.5,3,cluster3,60,240,threshold,severity,0.95,1.0,1.0,1.0,3,0.208955223880597,0.029166666666666667
synth-bimodal-tight,bimodal,1.5,3,cluster3,60,240,threshold,severity,0.9,1.0,1.0,1.0,3,0.06451612903225806,0.008333333333333333
synth-bimodal-tight,bimodal,1.5,3,cluster3,60,240,threshold,severity,0.8,1.0,1.0,1.0,3,0.03278688524590164,0.004166666666666667
synth-bimodal-tight,bimodal,1.5,3,cluster3,60,240,threshold,symmetric,1.0,1.0,1.0,1.0,3,0.9600000000000001,0.2708333333333333
synth-bimodal-tight,bimodal,1.5,3,cluster3,60,240,threshold,symmetric,0.95,1.0,1.0,1.0,3,0.2571428571428572,0.041666666666666664
synth-bimodal-tight,bimodal,1.5,3,cluster3,60,240,threshold,symmetric,0.9,1.0,1.0,1.0,3,0.06451612903225806,0.008333333333333333
synth-bimodal-tight,bimodal,1.5,3,cluster3,60,240,threshold,symmetric,0.8,1.0,1.0,1.0,3,0.0,0.0
synth-bimodal-tight,bimodal,1.5,3,cluster3,60,240,db,severity,1.0,0.3,1.0,0.4615384615384615,10,0.9600000000000001,0.2708333333333333
synth-bimodal-tight,bimodal,1.5,3,cluster3,60,240,db,severity,0.95,0.75,1.0,0.8571428571428571,4,0.7894736842105262,0.225
synth-bimodal-tight,bimodal,1.5,3,cluster3,60,240,db,severity,0.9,1.0,1.0,1.0,3,0.7636363636363636,0.20833333333333334
synth-bimodal-tight,bimodal,1.5,3,cluster3,60,240,db,severity,0.8,1.0,0.3333333333333333,0.5,1,0.8067226890756303,0.24583333333333332
synth-bimodal-tight,bimodal,1.5,3,cluster3,60,240,db,symmetric,1.0,0.3,1.0,0.4615384615384615,10,0.9600000000000001,0.2708333333333333
synth-bimodal-tight,bimodal,1.5,3,cluster3,60,240,db,symmetric,0.95,0.5,0.6666666666666666,0.5714285714285715,4,0.793103448275862,0.23333333333333334
synth-bimodal-tight,bimodal,1.5,3,cluster3,60,240,db,symmetric,0.9,0.6666666666666666,0.6666666666666666,0.6666666666666666,3,0.7636363636363636,0.20833333333333334
synth-bimodal-tight,bimodal,1.5,3,cluster3,60,240,db,symmetric,0.8,1.0,0.6666666666666666,0.8,2,0.7037037037037038,0.2
synth-bimodal-tight,bimodal,1.5,4,cluster0,60,240,threshold,severity,1.0,1.0,1.0,1.0,3,0.9375,0.2833333333333333
synth-bimodal-tight,bimodal,1.5,4,cluster0,60,240,threshold,severity,0.95,1.0,1.0,1.0,3,0.2608695652173913,0.0375
synth-bimodal-tight,bimodal,1.5,4,cluster0,60,240,threshold,severity,0.9,1.0,1.0,1.0,3,0.06451612903225806,0.008333333333333333
synth-bimodal-tight,bimodal,1.5,4,cluster0,60,240,threshold,severity,0.8,1.0,1.0,1.0,3,0.0,0.0
synth-bimodal-tight,bimodal,1.5,4,cluster0,60,240,threshold,symmetric,1.0,1.0,1.0,1.0,3,0.9375,0.2833333333333333
synth-bimodal-tight,bimodal,1.5,4,cluster0,60,240,threshold,symmetric,0.95,1.0,1.0,1.0,3,0.2857142857142857,0.041666666666666664
synth-bimodal-tight,bimodal,1.5,4,cluster0,60,240,threshold,symmetric,0.9,1.0,1.0,1.0,3,0.06451612903225806,0.008333333333333333
synth-bimodal-tight,bimodal,1.5,4,cluster0,60,240,threshold,symmetric,0.8,1.0,1.0,1.0,3,0.0,0.0
synth-bimodal-tight,bimodal,1.5,4,cluster0,60,240,db,severity,1.0,0.375,1.0,0.5454545454545454,8,0.9375,0.2833333333333333
synth-bimodal-tight,bimodal,1.5,4,cluster0,60,240,db,severity,0.95,0.75,1.0,0.8571428571428571,4,0.8440366972477065,0.20416666666666666
synth-bimodal-tight,bimodal,1.5,4,cluster0,60,240,db,severity,0.9,1.0,0.6666666666666666,0.8,2,0.7768595041322314,0.25416666666666665
synth-bimodal-tight,bimodal,1.5,4,cluster0,60,240,db,severity,0.8,1.0,0.3333333333333333,0.5,1,0.8421052631578948,0.225
synth-bimodal-tight,bimodal,1.5,4,cluster0,60,240,db,symmetric,1.0,0.375,1.0,0.5454545454545454,8,0.9375,0.2833333333333333
synth-bimodal-tight,bimodal,1.5,4,cluster0,60,240,db,symmetric,0.95,0.75,1.0,0.8571428571428571,4,0.8468468468468469,0.2125
synth-bimodal-tight,bimodal,1.5,4,cluster0,60,240,db,symmetric,0.9,1.0,1.0,1.0,3,0.8,0.20833333333333334
synth-bimodal-tight,bimodal,1.5,4,cluster0,60,240,db,symmetric,0.8,1.0,0.6666666666666666,0.8,2,0.6909090909090909,0.20833333333333334
synth-bimodal-tight,bimodal,1.5,4,cluster1,60,240,threshold,severity,1.0,1.0,1.0,1.0,3,0.9448818897637796,0.2791666666666667
synth-bimodal-tight,bimodal,1.5,4,cluster1,60,240,threshold,severity,0.95,1.0,1.0,1.0,3,0.2608695652173913,0.0375
synth-bimodal-tight,bimodal,1.5,4,cluster1,60,240,threshold,severity,0.9,1.0,1.0,1.0,3,0.03278688524590164,0.004166666666666667
synth-bimodal-tight,bimodal,1.5,4,cluster1,60,240,threshold,severity,0.8,1.0,1.0,1.0,3,0.0,0.0
synth-bimodal-tight,bimodal,1.5,4,cluster1,60,240,threshold,symmetric,1.0,1.0,1.0,1.0,3,0.9448818897637796,0.2791666666666667
synth-bimodal-tight,bimodal,1.5,4,cluster1,60,240,threshold,symmetric,0.95,1.0,1.0,1.0,3,0.23529411764705882,0.03333333333333333
synth-bimodal-tight,bimodal,1.5,4,cluster1,60,240,threshold,symmetric,0.9,1.0,1.0,1.0,3,0.03278688524590164,0.004166666666666667
synth-bimodal-tight,bimodal,1.5,4,cluster1,60,240,threshold,symmetric,0.8,1.0,1.0,1.0,3,0.03278688524590164,0.004166666666666667
synth-bimodal-tight,bimodal,1.5,4,cluster1,60,240,db,severity,1.0,0.3333333333333333,1.0,0.5,9,0.9448818897637796,0.2791666666666667
synth-bimodal-tight,bimodal,1.5,4,cluster1,60,240,db,severity,0.95,1.0,1.0,1.0,3,0.8376068376068376,0.2375
synth-bimodal-tight,bimodal,1.5,4,cluster1,60,240,db,severity,0.9,1.0,0.6666666666666666,0.8,2,0.7966101694915254,0.24166666666666667
synth-bimodal-tight,bimodal,1.5,4,cluster1,60,240,db,severity,0.8,1.0,0.3333333333333333,0.5,1,0.8318584070796461,0.22083333333333333
synth-bimodal-tight,bimodal,1.5,4,cluster1,60,240,db,symmetric,1.0,0.3333333333333333,1.0,0.5,9,0.9448818897637796,0.2791666666666667
synth-bimodal-tight,bimodal,1.5,4,cluster1,60,240,db,symmetric,0.95,1.0,1.0,1.0,3,0.8376068376068376,0.2375
synth-bimodal-tight,bimodal,1.5,4,cluster1,60,240,db,symmetric,0.9,1.0,1.0,1.0,3,0.8070175438596491,0.225
synth-bimodal-tight,bimodal,1.5,4,cluster1,60,240,db,symmetric,0.8,1.0,0.6666666666666666,0.8,2,0.7407407407407408,0.2
synth-bimodal-tight,bimodal,1.5,4,cluster2,60,240,threshold,severity,1.0,1.0,1.0,1.0,3,0.9022556390977443,0.30416666666666664
synth-bimodal-tight,bimodal,1.5,4,cluster2,60,240,threshold,severity,0.95,1.0,1.0,1.0,3,0.23529411764705882,0.03333333333333333
synth-bimodal-tight,bimodal,1.5,4,cluster2,60,240,threshold,severity,0.9,1.0,1.0,1.0,3,0.06451612903225806,0.008333333333333333
synth-bimodal-tight,bimodal,1.5,4,cluster2,60,240,threshold,severity,0.8,1.0,1.0,1.0,3,0.0,0.0
synth-bimodal-tight,bimodal,1.5,4,cluster2,60,240,threshold,symmetric,1.0,1.0,1.0,1.0,3,0.9022556390977443,0.30416666666666664
synth-bimodal-tight,bimodal,1.5,4,cluster2,60,240,threshold,symmetric,0.95,1.0,1.0,1.0,3,0.2285714285714286,0.041666666666666664
synth-bimodal-tight,bimodal,1.5,4,cluster2,60,240,threshold,symmetric,0.9,1.0,1.0,1.0,3,0.125,0.016666666666666666
synth-bimodal-tight,bimodal,1.5,4,cluster2,60,240,threshold,symmetric,0.8,1.0,1.0,1.0,3,0.0,0.0
synth-bimodal-tight,bimodal,1.5,4,cluster2,60,240,db,severity,1.0,0.3,1.0,0.4615384615384615,10,0.9022556390977443,0.30416666666666664
synth-bimodal-tight,bimodal,1.5,4,cluster2,60,240,db,severity,0.95,0.75,1.0,0.8571428571428571,4,0.793103448275862,0.23333333333333334
synth-bimodal-tight,bimodal,1.5,4,cluster2,60,240,db,severity,0.9,0.75,1.0,0.8571428571428571,4,0.7378640776699028,0.17916666666666667
synth-bimodal-tight,bimodal,1.5,4,cluster2,60,240,db,severity,0.8,1.0,0.3333333333333333,0.5,1,0.817391304347826,0.22916666666666666
synth-bimodal-tight,bimodal,1.5,4,cluster2,60,240,db,symmetric,1.0,0.3,1.0,0.4615384615384615,10,0.9022556390977443,0.30416666666666664
synth-bimodal-tight,bimodal,1.5,4,cluster2,60,240,db,symmetric,0.95,0.75,1.0,0.8571428571428571,4,0.7863247863247863,0.2375
synth-bimodal-tight,bimodal,1.5,4,cluster2,60,240,db,symmetric,0.9,0.5,0.6666666666666666,0.5714285714285715,4,0.7818181818181817,0.20833333333333334
synth-bimodal-tight,bimodal,1.5,4,cluster2,60,240,db,symmetric,0.8,1.0,0.3333333333333333,0.5,1,0.7868852459016393,0.25833333333333336
synth-bimodal-tight,bimodal,1.5,4,cluster3,60,240,threshold,severity,1.0,1.0,1.0,1.0,3,0.967741935483871,0.26666666666666666
synth-bimodal-tight,bimodal,1.5,4,cluster3,60,240,threshold,severity,0.95,1.0,1.0,1.0,3,0.37837837837837834,0.058333333333333334
synth-bimodal-tight,bimodal,1.5,4,cluster3,60,240,threshold,severity,0.9,1.0,1.0,1.0,3,0.09523809523809523,0.0125
synth-bimodal-tight,bimodal,1.5,4,cluster3,60,240,threshold,severity,0.8,1.0,1.0,1.0,3,0.0,0.0
synth-bimodal-tight,bimodal,1.5,4,cluster3,60,240,threshold,symmetric,1.0,1.0,1.0,1.0,3,0.967741935483871,0.26666666666666666
synth-bimodal-tight,bimodal,1.5,4,cluster3,60,240,threshold,symmetric,0.95,1.0,1.0,1.0,3,0.33333333333333337,0.05
synth-bimodal-tight,bimodal,1.5,4,cluster3,60,240,threshold,symmetric,0.9,1.0,1.0,1.0,3,0.208955223880597,0.029166666666666667
synth-bimodal-tight,bimodal,1.5,4,cluster3,60,240,threshold,symmetric,0.8,1.0,1.0,1.0,3,0.0,0.0
synth-bimodal-tight,bimodal,1.5,4,cluster3,60,240,db,severity,1.0,0.3333333333333333,1.0,0.5,9,0.967741935483871,0.26666666666666666
synth-bimodal-tight,bimodal,1.5,4,cluster3,60,240,db,severity,0.95,0.5,0.6666666666666666,0.5714285714285715,4,0.8495575221238938,0.22083333333333333
synth-bimodal-tight,bimodal,1.5,4,cluster3,60,240,db,severity,0.9,1.0,1.0,1.0,3,0.8113207547169811,0.19166666666666668
synth-bimodal-tight,bimodal,1.5,4,cluster3,60,240,db,severity,0.8,1.0,0.3333333333333333,0.5,1,0.8318584070796461,0.22083333333333333
synth-bimodal-tight,bimodal,1.5,4,cluster3,60,240,db,symmetric,1.0,0.3333333333333333,1.0,0.5,9,0.967741935483871,0.26666666666666666
synth-bimodal-tight,bimodal,1.5,4,cluster3,60,240,db,symmetric,0.95,0.75,1.0,0.8571428571428571,4,0.8275862068965518,0.23333333333333334
synth-bimodal-tight,bimodal,1.5,4,cluster3,60,240,db,symmetric,0.9,1.0,1.0,1.0,3,0.7964601769911505,0.22083333333333333
synth-bimodal-tight,bimodal,1.5,4,cluster3,60,240,db,symmetric,0.8,1.0,0.6666666666666666,0.8,2,0.7339449541284403,0.20416666666666666
synth-bimodal-tight,bimodal,1.5,5,cluster0,60,240,threshold,severity,1.0,1.0,1.0,1.0,3,0.975609756097561,0.2625
synth-bimodal-tight,bimodal,1.5,5,cluster0,60,240,threshold,severity,0.95,1.0,1.0,1.0,3,0.17910447761194032,0.029166666666666667
synth-bimodal-tight,bimodal,1.5,5,cluster0,60,240,threshold,severity,0.9,1.0,1.0,1.0,3,0.06349206349206349,0.0125
synth-bimodal-tight,bimodal,1.5,5,cluster0,60,240,threshold,severity,0.8,1.0,1.0,1.0,3,0.0,0.0
synth-bimodal-tight,bimodal,1.5,5,cluster0,60,240,threshold,symmetric,1.0,1.0,1.0,1.0,3,0.975609756097561,0.2625
synth-bimodal-tight,bimodal,1.5,5,cluster0,60,240,threshold,symmetric,0.95,1.0,1.0,1.0,3,0.20588235294117646,0.03333333333333333
synth-bimodal-tight,bimodal,1.5,5,cluster0,60,240,threshold,symmetric,0.9,1.0,1.0,1.0,3,0.09375000000000001,0.016666666666666666
synth-bimodal-tight,bimodal,1.5,5,cluster0,60,240,threshold,symmetric,0.8,1.0,1.0,1.0,3,0.0,0.0
synth-bimodal-tight,bimodal,1.5,5,cluster0,60,240,db,severity,1.0,0.25,1.0,0.4,12,0.975609756097561,0.2625
synth-bimodal-tight,bimodal,1.5,5,cluster0,60,240,db,severity,0.95,1.0,1.0,1.0,3,0.8099173553719008,0.25416666666666665
synth-bimodal-tight,bimodal,1.5,5,cluster0,60,240,db,severity,0.9,1.0,1.0,1.0,3,0.7567567567567567,0.2125
synth-bimodal-tight,bimodal,1.5,5,cluster0,60,240,db,severity,0.8,1.0,0.3333333333333333,0.5,1,0.7966101694915254,0.24166666666666667
synth-bimodal-tight,bimodal,1.5,5,cluster0,60,240,db,symmetric,1.0,0.25,1.0,0.4,12,0.975609756097561,0.2625
synth-bimodal-tight,bimodal,1.5,5,cluster0,60,240,db,symmetric,0.95,1.0,1.0,1.0,3,0.8099173553719008,0.25416666666666665
synth-bimodal-tight,bimodal,1.5,5,cluster0,60,240,db,symmetric,0.9,1.0,1.0,1.0,3,0.7787610619469026,0.22083333333333333
synth-bimodal-tight,bimodal,1.5,5,cluster0,60,240,db,symmetric,0.8,1.0,0.6666666666666666,0.8,2,0.7008547008547009,0.2375
synth-bimodal-tight,bimodal,1.5,5,cluster1,60,240,threshold,severity,1.0,1.0,1.0,1.0,3,0.9448818897637796,0.2791666666666667
synth-bimodal-tight,bimodal,1.5,5,cluster1,60,240,threshold,severity,0.95,1.0,1.0,1.0,3,0.4210526315789474,0.06666666666666667
synth-bimodal-tight,bimodal,1.5,5,cluster1,60,240,threshold,severity,0.9,1.0,1.0,1.0,3,0.03278688524590164,0.004166666666666667
synth-bimodal-tight,bimodal,1.5,5,cluster1,60,240,threshold,severity,0.8,1.0,1.0,1.0,3,0.0,0.0
synth-bimodal-tight,bimodal,1.5,5,cluster1,60,240,threshold,symmetric,1.0,1.0,1.0,1.0,3,0.9448818897637796,0.2791666666666667
synth-bimodal-tight,bimodal,1.5,5,cluster1,60,240,threshold,symmetric,0.95,1.0,1.0,1.0,3,0.4,0.0625
synth-bimodal-tight,bimodal,1.5,5,cluster1,60,240,threshold,symmetric,0.9,1.0,1.0,1.0,3,0.15384615384615385,0.020833333333333332
synth-bimodal-tight,bimodal,1.5,5,cluster1,60,240,threshold,symmetric,0.8,1.0,1.0,1.0,3,0.0,0.0
synth-bimodal-tight,bimodal,1.5,5,cluster1,60,240,db,severity,1.0,0.42857142857142855,1.0,0.6,7,0.9448818897637796,0.2791666666666667
synth-bimodal-tight,bimodal,1.5,5,cluster1,60,240,db,severity,0.95,0.75,1.0,0.8571428571428571,4,0.8318584070796461,0.22083333333333333
synth-bimodal-tight,bimodal,1.5,5,cluster1,60,240,db,severity,0.9,1.0,1.0,1.0,3,0.8,0.20833333333333334
synth-bimodal-tight,bimodal,1.5,5,cluster1,60,240,db,severity,0.8,1.0,0.3333333333333333,0.5,1,0.8205128205128205,0.2375
synth-bimodal-tight,bimodal,1.5,5,cluster1,60,240,db,symmetric,1.0,0.42857142857142855,1.0,0.6,7,0.9448818897637796,0.2791666666666667
synth-bimodal-tight,bimodal,1.5,5,cluster1,60,240,db,symmetric,0.95,0.75,1.0,0.8571428571428571,4,0.8421052631578948,0.225
synth-bimodal-tight,bimodal,1.5,5,cluster1,60,240,db,symmetric,0.9,1.0,1.0,1.0,3,0.793103448275862,0.23333333333333334
synth-bimodal-tight,bimodal,1.5,5,cluster1,60,240,db,symmetric,0.8,1.0,0.6666666666666666,0.8,2,0.7272727272727272,0.20833333333333334
synth-bimodal-tight,bimodal,1.5,5,cluster2,60,240,threshold,severity,1.0,1.0,1.0,1.0,3,0.923076923076923,0.2916666666666667
synth-bimodal-tight,bimodal,1.5,5,cluster2,60,240,threshold,severity,0.95,1.0,1.0,1.0,3,0.2285714285714286,0.041666666666666664
synth-bimodal-tight,bimodal,1.5,5,cluster2,60,240,threshold,severity,0.9,1.0,1.0,1.0,3,0.06451612903225806,0.008333333333333333
synth-bimodal-tight,bimodal,1.5,5,cluster2,60,240,threshold,severity,0.8,1.0,1.0,1.0,3,0.0,0.0
synth-bimodal-tight,bimodal,1.5,5,cluster2,60,240,threshold,symmetric,1.0,1.0,1.0,1.0,3,0.923076923076923,0.2916666666666667
synth-bimodal-tight,bimodal,1.5,5,cluster2,60,240,threshold,symmetric,0.95,1.0,1.0,1.0,3,0.2535211267605634,0.04583333333333333
synth-bimodal-tight,bimodal,1.5,5,cluster2,60,240,threshold,symmetric,0.9,1.0,1.0,1.0,3,0.09523809523809523,0.0125
synth-bimodal-tight,bimodal,1.5,5,cluster2,60,240,threshold,symmetric,0.8,1.0,1.0,1.0,3,0.0,0.0
synth-bimodal-tight,bimodal,1.5,5,cluster2,60,240,db,severity,1.0,0.5,1.0,0.6666666666666666,6,0.923076923076923,0.2916666666666667
synth-bimodal-tight,bimodal,1.5,5,cluster2,60,240,db,severity,0.95,1.0,1.0,1.0,3,0.8448275862068966,0.23333333333333334
synth-bimodal-tight,bimodal,1.5,5,cluster2,60,240,db,severity,0.9,0.6666666666666666,0.6666666666666666,0.6666666666666666,3,0.7889908256880733,0.20416666666666666
synth-bimodal-tight,bimodal,1.5,5,cluster2,60,240,db,severity,0.8,1.0,0.3333333333333333,0.5,1,0.8034188034188033,0.2375
synth-bimodal-tight,bimodal,1.5,5,cluster2,60,240,db,symmetric,1.0,0.5,1.0,0.6666666666666666,6,0.923076923076923,0.2916666666666667
synth-bimodal-tight,bimodal,1.5,5,cluster2,60,240,db,symmetric,0.95,1.0,1.0,1.0,3,0.8347826086956521,0.22916666666666666
synth-bimodal-tight,bimodal,1.5,5,cluster2,60,240,db,symmetric,0.9,0.6666666666666666,0.6666666666666666,0.6666666666666666,3,0.7857142857142856,0.21666666666666667
synth-bimodal-tight,bimodal,1.5,5,cluster2,60,240,db,symmetric,0.8,1.0,0.6666666666666666,0.8,2,0.787878787878788,0.1625
synth-bimodal-tight,bimodal,1.5,5,cluster3,60,240,threshold,severity,1.0,1.0,1.0,1.0,3,0.9836065573770492,0.25833333333333336
synth-bimodal-tight,bimodal,1.5,5,cluster3,60,240,threshold,severity,0.95,1.0,1.0,1.0,3,0.35135135135135137,0.058333333333333334
synth-bimodal-tight,bimodal,1.5,5,cluster3,60,240,threshold,severity,0.9,1.0,1.0,1.0,3,0.09523809523809523,0.0125
synth-bimodal-tight,bimodal,1.5,5,cluster3,60,240,threshold,severity,0.8,1.0,1.0,1.0,3,0.0,0.0
synth-bimodal-tight,bimodal,1.5,5,cluster3,60,240,threshold,symmetric,1.0,1.0,1.0,1.0,3,0.9836065573770492,0.25833333333333336
synth-bimodal-tight,bimodal,1.5,5,cluster3,60,240,threshold,symmetric,0.95,1.0,1.0,1.0,3,0.35135135135135137,0.058333333333333334
synth-bimodal-tight,bimodal,1.5,5,cluster3,60,240,threshold,symmetric,0.9,1.0,1.0,1.0,3,0.208955223880597,0.029166666666666667
synth-bimodal-tight,bimodal,1.5,5,cluster3,60,240,threshold,symmetric,0.8,1.0,1.0,1.0,3,0.0,0.0
synth-bimodal-tight,bimodal,1.5,5,cluster3,60,240,db,severity,1.0,0.375,1.0,0.5454545454545454,8,0.9836065573770492,0.25833333333333336
synth-bimodal-tight,bimodal,1.5,5,cluster3,60,240,db,severity,0.95,0.6666666666666666,0.6666666666666666,0.6666666666666666,3,0.8205128205128205,0.2375
synth-bimodal-tight,bimodal,1.5,5,cluster3,60,240,db,severity,0.9,1.0,0.6666666666666666,0.8,2,0.8363636363636363,0.20833333333333334
synth-bimodal-tight,bimodal,1.5,5,cluster3,60,240,db,severity,0.8,1.0,0.3333333333333333,0.5,1,0.8103448275862069,0.23333333333333334
synth-bimodal-tight,bimodal,1.5,5,cluster3,60,240,db,symmetric,1.0,0.375,1.0,0.5454545454545454,8,0.9836065573770492,0.25833333333333336
synth-bimodal-tight,bimodal,1.5,5,cluster3,60,240,db,symmetric,0.95,0.6666666666666666,0.6666666666666666,0.6666666666666666,3,0.8235294117647058,0.24583333333333332
synth-bimodal-tight,bimodal,1.5,5,cluster3,60,240,db,symmetric,0.9,0.6666666666666666,0.6666666666666666,0.6666666666666666,3,0.8073394495412844,0.20416666666666666
synth-bimodal-tight,bimodal,1.5,5,cluster3,60,240,db,symmetric,0.8,1.0,0.3333333333333333,0.5,1,0.7933884297520661,0.25416666666666665
synth-bimodal-tight,bimodal,1.5,6,cluster0,60,240,threshold,severity,1.0,1.0,1.0,1.0,3,0.967741935483871,0.26666666666666666
synth-bimodal-tight,bimodal,1.5,6,cluster0,60,240,threshold,severity,0.95,1.0,1.0,1.0,3,0.2857142857142857,0.041666666666666664
synth-bimodal-tight,bimodal,1.5,6,cluster0,60,240,threshold,severity,0.9,1.0,1.0,1.0,3,0.06451612903225806,0.008333333333333333
synth-bimodal-tight,bimodal,1.5,6,cluster0,60,240,threshold,severity,0.8,1.0,1.0,1.0,3,0.0,0.0
synth-bimodal-tight,bimodal,1.5,6,cluster0,60,240,threshold,symmetric,1.0,1.0,1.0,1.0,3,0.967741935483871,0.26666666666666666
synth-bimodal-tight,bimodal,1.5,6,cluster0,60,240,threshold,symmetric,0.95,1.0,1.0,1.0,3,0.2857142857142857,0.041666666666666664
synth-bimodal-tight,bimodal,1.5,6,cluster0,60,240,threshold,symmetric,0.9,1.0,1.0,1.0,3,0.125,0.016666666666666666
synth-bimodal-tight,bimodal,1.5,6,cluster0,60,240,threshold,symmetric,0.8,1.0,1.0,1.0,3,0.0,0.0
synth-bimodal-tight,bimodal,1.5,6,cluster0,60,240,db,severity,1.0,0.375,1.0,0.5454545454545454,8,0.967741935483871,0.26666666666666666
synth-bimodal-tight,bimodal,1.5,6,cluster0,60,240,db,severity,0.95,1.0,1.0,1.0,3,0.8421052631578948,0.225
synth-bimodal-tight,bimodal,1.5,6,cluster0,60,240,db,severity,0.9,1.0,0.6666666666666666,0.8,2,0.8275862068965518,0.23333333333333334
synth-bimodal-tight,bimodal,1.5,6,cluster0,60,240,db,severity,0.8,1.0,0.3333333333333333,0.5,1,0.8034188034188033,0.2375
synth-bimodal-tight,bimodal,1.5,6,cluster0,60,240,db,symmetric,1.0,0.375,1.0,0.5454545454545454,8,0.967741935483871,0.26666666666666666
synth-bimodal-tight,bimodal,1.5,6,cluster0,60,240,db,symmetric,0.95,1.0,1.0,1.0,3,0.8521739130434782,0.22916666666666666
synth-bimodal-tight,bimodal,1.5,6,cluster0,60,240,db,symmetric,0.9,0.6666666666666666,0.6666666666666666,0.6666666666666666,3,0.8288288288288289,0.2125
synth-bimodal-tight,bimodal,1.5,6,cluster0,60,240,db,symmetric,0.8,1.0,0.3333333333333333,0.5,1,0.8000000000000002,0.25
synth-bimodal-tight,bimodal,1.5,6,cluster1,60,240,threshold,severity,1.0,1.0,1.0,1.0,3,0.9375,0.2833333333333333
synth-bimodal-tight,bimodal,1.5,6,cluster1,60,240,threshold,severity,0.95,1.0,1.0,1.0,3,0.32876712328767127,0.05416666666666667
synth-bimodal-tight,bimodal,1.5,6,cluster1,60,240,threshold,severity,0.9,1.0,1.0,1.0,3,0.15384615384615385,0.020833333333333332
synth-bimodal-tight,bimodal,1.5,6,cluster1,60,240,threshold,severity,0.8,1.0,1.0,1.0,3,0.03278688524590164,0.004166666666666667
synth-bimodal-tight,bimodal,1.5,6,cluster1,60,240,threshold,symmetric,1.0,1.0,1.0,1.0,3,0.9375,0.2833333333333333
synth-bimodal-tight,bimodal,1.5,6,cluster1,60,240,threshold,symmetric,0.95,1.0,1.0,1.0,3,0.32000000000000006,0.0625
synth-bimodal-tight,bimodal,1.5,6,cluster1,60,240,threshold,symmetric,0.9,1.0,1.0,1.0,3,0.20588235294117646,0.03333333333333333
synth-bimodal-tight,bimodal,1.5,6,cluster1,60,240,threshold,symmetric,0.8,1.0,1.0,1.0,3,0.06451612903225806,0.008333333333333333
synth-bimodal-tight,bimodal,1.5,6,cluster1,60,240,db,severity,1.0,0.375,1.0,0.5454545454545454,8,0.9375,0.2833333333333333
synth-bimodal-tight,bimodal,1.5,6,cluster1,60,240,db,severity,0.95,1.0,1.0,1.0,3,0.8695652173913043,0.22916666666666666
synth-bimodal-tight,bimodal,1.5,6,cluster1,60,240,db,severity,0.9,1.0,0.6666666666666666,0.8,2,0.8703703703703703,0.2
synth-bimodal-tight,bimodal,1.5,6,cluster1,60,240,db,severity,0.8,1.0,0.3333333333333333,0.5,1,0.8318584070796461,0.22083333333333333
synth-bimodal-tight,bimodal,1.5,6,cluster1,60,240,db,symmetric,1.0,0.375,1.0,0.5454545454545454,8,0.9375,0.2833333333333333
synth-bimodal-tight,bimodal,1.5,6,cluster1,60,240,db,symmetric,0.95,1.0,1.0,1.0,3,0.847457627118644,0.24166666666666667
synth-bimodal-tight,bimodal,1.5,6,cluster1,60,240,db,symmetric,0.9,1.0,1.0,1.0,3,0.8363636363636363,0.20833333333333334
synth-bimodal-tight,bimodal,1.5,6,cluster1,60,240,db,symmetric,0.8,1.0,0.3333333333333333,0.5,1,0.8347826086956521,0.22916666666666666
synth-bimodal-tight,bimodal,1.5,6,cluster2,60,240,threshold,severity,1.0,1.0,1.0,1.0,3,0.9302325581395349,0.2875
synth-bimodal-tight,bimodal,1.5,6,cluster2,60,240,threshold,severity,0.95,1.0,1.0,1.0,3,0.2571428571428572,0.041666666666666664
synth-bimodal-tight,bimodal,1.5,6,cluster2,60,240,threshold,severity,0.9,0.6666666666666666,0.6666666666666666,0.6666666666666666,3,0.125,0.016666666666666666
synth-bimodal-tight,bimodal,1.5,6,cluster2,60,240,threshold,severity,0.8,1.0,1.0,1.0,3,0.0,0.0
synth-bimodal-tight,bimodal,1.5,6,cluster2,60,240,threshold,symmetric,1.0,1.0,1.0,1.0,3,0.9302325581395349,0.2875
synth-bimodal-tight,bimodal,1.5,6,cluster2,60,240,threshold,symmetric,0.95,1.0,1.0,1.0,3,0.2571428571428572,0.041666666666666664
synth-bimodal-tight,bimodal,1.5,6,cluster2,60,240,threshold,symmetric,0.9,0.6666666666666666,0.6666666666666666,0.6666666666666666,3,0.208955223880597,0.029166666666666667
synth-bimodal-tight,bimodal,1.5,6,cluster2,60,240,threshold,symmetric,0.8,0.6666666666666666,0.6666666666666666,0.6666666666666666,3,0.0,0.0
synth-bimodal-tight,bimodal,1.5,6,cluster2,60,240,db,severity,1.0,0.3333333333333333,1.0,0.5,9,0.9302325581395349,0.2875
synth-bimodal-tight,bimodal,1.5,6,cluster2,60,240,db,severity,0.95,0.75,1.0,0.8571428571428571,4,0.822429906542056,0.19583333333333333
synth-bimodal-tight,bimodal,1.5,6,cluster2,60,240,db,severity,0.9,1.0,1.0,1.0,3,0.7636363636363636,0.20833333333333334
synth-bimodal-tight,bimodal,1.5,6,cluster2,60,240,db,severity,0.8,1.0,0.3333333333333333,0.5,1,0.8545454545454546,0.20833333333333334
synth-bimodal-tight,bimodal,1.5,6,cluster2,60,240,db,symmetric,1.0,0.3333333333333333,1.0,0.5,9,0.9302325581395349,0.2875
synth-bimodal-tight,bimodal,1.5,6,cluster2,60,240,db,symmetric,0.95,0.75,1.0,0.8571428571428571,4,0.8440366972477065,0.20416666666666666
synth-bimodal-tight,bimodal,1.5,6,cluster2,60,240,db,symmetric,0.9,0.6666666666666666,0.6666666666666666,0.6666666666666666,3,0.7894736842105262,0.225
synth-bimodal-tight,bimodal,1.5,6,cluster2,60,240,db,symmetric,0.8,1.0,0.6666666666666666,0.8,2,0.6902654867256638,0.22083333333333333
synth-bimodal-tight,bimodal,1.5,6,cluster3,60,240,threshold,severity,1.0,1.0,1.0,1.0,3,0.967741935483871,0.26666666666666666
synth-bimodal-tight,bimodal,1.5,6,cluster3,60,240,threshold,severity,0.95,1.0,1.0,1.0,3,0.18181818181818182,0.025
synth-bimodal-tight,bimodal,1.5,6,cluster3,60,240,threshold,severity,0.9,1.0,1.0,1.0,3,0.06451612903225806,0.008333333333333333
synth-bimodal-tight,bimodal,1.5,6,cluster3,60,240,threshold,severity,0.8,1.0,1.0,1.0,3,0.0,0.0
synth-bimodal-tight,bimodal,1.5,6,cluster3,60,240,threshold,symmetric,1.0,1.0,1.0,1.0,3,0.967741935483871,0.26666666666666666
synth-bimodal-tight,bimodal,1.5,6,cluster3,60,240,threshold,symmetric,0.95,1.0,1.0,1.0,3,0.208955223880597,0.029166666666666667
synth-bimodal-tight,bimodal,1.5,6,cluster3,60,240,threshold,symmetric,0.9,1.0,1.0,1.0,3,0.09523809523809523,0.0125
synth-bimodal-tight,bimodal,1.5,6,cluster3,60,240,threshold,symmetric,0.8,1.0,1.0,1.0,3,0.0,0.0
synth-bimodal-tight,bimodal,1.5,6,cluster3,60,240,db,severity,1.0,0.6,1.0,0.7499999999999999,5,0.967741935483871,0.26666666666666666
synth-bimodal-tight,bimodal,1.5,6,cluster3,60,240,db,severity,0.95,1.0,1.0,1.0,3,0.8620689655172413,0.23333333333333334
synth-bimodal-tight,bimodal,1.5,6,cluster3,60,240,db,severity,0.9,1.0,1.0,1.0,3,0.7924528301886793,0.19166666666666668
synth-bimodal-tight,bimodal,1.5,6,cluster3,60,240,db,severity,0.8,1.0,0.3333333333333333,0.5,1,0.7899159663865546,0.24583333333333332
synth-bimodal-tight,bimodal,1.5,6,cluster3,60,240,db,symmetric,1.0,0.6,1.0,0.7499999999999999,5,0.967741935483871,0.26666666666666666
synth-bimodal-tight,bimodal,1.5,6,cluster3,60,240,db,symmetric,0.95,1.0,1.0,1.0,3,0.8620689655172413,0.23333333333333334
synth-bimodal-tight,bimodal,1.5,6,cluster3,60,240,db,symmetric,0.9,0.6666666666666666,0.6666666666666666,0.6666666666666666,3,0.8148148148148148,0.2
synth-bimodal-tight,bimodal,1.5,6,cluster3,60,240,db,symmetric,0.8,1.0,0.6666666666666666,0.8,2,0.7289719626168223,0.19583333333333333
synth-bimodal-tight,bimodal,1.5,7,cluster0,60,240,threshold,severity,1.0,1.0,1.0,1.0,3,0.9448818897637796,0.2791666666666667
synth-bimodal-tight,bimodal,1.5,7,cluster0,60,240,threshold,severity,0.95,1.0,1.0,1.0,3,0.20588235294117646,0.03333333333333333
synth-bimodal-tight,bimodal,1.5,7,cluster0,60,240,threshold,severity,0.9,1.0,1.0,1.0,3,0.03278688524590164,0.004166666666666667
synth-bimodal-tight,bimodal,1.5,7,cluster0,60,240,threshold,severity,0.8,1.0,1.0,1.0,3,0.0,0.0
synth-bimodal-tight,bimodal,1.5,7,cluster0,60,240,threshold,symmetric,1.0,1.0,1.0,1.0,3,0.9448818897637796,0.2791666666666667
synth-bimodal-tight,bimodal,1.5,7,cluster0,60,240,threshold,symmetric,0.95,1.0,1.0,1.0,3,0.2535211267605634,0.04583333333333333
synth-bimodal-tight,bimodal,1.5,7,cluster0,60,240,threshold,symmetric,0.9,1.0,1.0,1.0,3,0.06451612903225806,0.008333333333333333
synth-bimodal-tight,bimodal,1.5,7,cluster0,60,240,threshold,symmetric,0.8,1.0,1.0,1.0,3,0.0,0.0
synth-bimodal-tight,bimodal,1.5,7,cluster0,60,240,db,severity,1.0,0.42857142857142855,1.0,0.6,7,0.9448818897637796,0.2791666666666667
synth-bimodal-tight,bimodal,1.5,7,cluster0,60,240,db,severity,0.95,1.0,1.0,1.0,3,0.8448275862068966,0.23333333333333334
synth-bimodal-tight,bimodal,1.5,7,cluster0,60,240,db,severity,0.9,1.0,0.6666666666666666,0.8,2,0.8598130841121495,0.19583333333333333
synth-bimodal-tight,bimodal,1.5,7,cluster0,60,240,db,severity,0.8,1.0,0.3333333333333333,0.5,1,0.8468468468468469,0.2125
synth-bimodal-tight,bimodal,1.5,7,cluster0,60,240,db,symmetric,1.0,0.42857142857142855,1.0,0.6,7,0.9448818897637796,0.2791666666666667
synth-bimodal-tight,bimodal,1.5,7,cluster0,60,240,db,symmetric,0.95,1.0,1.0,1.0,3,0.8205128205128205,0.2375
synth-bimodal-tight,bimodal,1.5,7,cluster0,60,240,db,symmetric,0.9,1.0,0.6666666666666666,0.8,2,0.8672566371681416,0.22083333333333333
synth-bimodal-tight,bimodal,1.5,7,cluster0,60,240,db,symmetric,0.8,1.0,0.3333333333333333,0.5,1,0.8571428571428571,0.21666666666666667
synth-bimodal-tight,bimodal,1.5,7,cluster1,60,240,threshold,severity,1.0,1.0,1.0,1.0,3,0.9375,0.2833333333333333
synth-bimodal-tight,bimodal,1.5,7,cluster1,60,240,threshold,severity,0.95,1.0,1.0,1.0,3,0.15384615384615385,0.020833333333333332
synth-bimodal-tight,bimodal,1.5,7,cluster1,60,240,threshold,severity,0.9,1.0,1.0,1.0,3,0.06451612903225806,0.008333333333333333
synth-bimodal-tight,bimodal,1.5,7,cluster1,60,240,threshold,severity,0.8,1.0,1.0,1.0,3,0.0,0.0
synth-bimodal-tight,bimodal,1.5,7,cluster1,60,240,threshold,symmetric,1.0,1.0,1.0,1.0,3,0.9375,0.2833333333333333
synth-bimodal-tight,bimodal,1.5,7,cluster1,60,240,threshold,symmetric,0.95,1.0,1.0,1.0,3,0.15384615384615385,0.020833333333333332
synth-bimodal-tight,bimodal,1.5,7,cluster1,60,240,threshold,symmetric,0.9,1.0,1.0,1.0,3,0.09523809523809523,0.0125
synth-bimodal-tight,bimodal,1.5,7,cluster1,60,240,threshold,symmetric,0.8,1.0,1.0,1.0,3,0.0,0.0
synth-bimodal-tight,bimodal,1.5,7,cluster1,60,240,db,severity,1.0,0.42857142857142855,1.0,0.6,7,0.9375,0.2833333333333333
synth-bimodal-tight,bimodal,1.5,7,cluster1,60,240,db,severity,0.95,0.75,1.0,0.8571428571428571,4,0.8679245283018869,0.19166666666666668
synth-bimodal-tight,bimodal,1.5,7,cluster1,60,240,db,severity,0.9,0.75,1.0,0.8571428571428571,4,0.8,0.16666666666666666
synth-bimodal-tight,bimodal,1.5,7,cluster1,60,240,db,severity,0.8,1.0,0.3333333333333333,0.5,1,0.8347826086956521,0.22916666666666666
synth-bimodal-tight,bimodal,1.5,7,cluster1,60,240,db,symmetric,1.0,0.42857142857142855,1.0,0.6,7,0.9375,0.2833333333333333
synth-bimodal-tight,bimodal,1.5,7,cluster1,60,240,db,symmetric,0.95,0.75,1.0,0.8571428571428571,4,0.8785046728971964,0.19583333333333333
synth-bimodal-tight,bimodal,1.5,7,cluster1,60,240,db,symmetric,0.9,0.6666666666666666,0.6666666666666666,0.6666666666666666,3,0.8214285714285715,0.21666666666666667
synth-bimodal-tight,bimodal,1.5,7,cluster1,60,240,db,symmetric,0.8,0.6666666666666666,0.6666666666666666,0.6666666666666666,3,0.7142857142857143,0.15833333333333333
synth-bimodal-tight,bimodal,1.5,7,cluster2,60,240,threshold,severity,1.0,1.0,1.0,1.0,3,0.9302325581395349,0.2875
synth-bimodal-tight,bimodal,1.5,7,cluster2,60,240,threshold,severity,0.95,1.0,1.0,1.0,3,0.33333333333333337,0.05
synth-bimodal-tight,bimodal,1.5,7,cluster2,60,240,threshold,severity,0.9,1.0,1.0,1.0,3,0.06451612903225806,0.008333333333333333
synth-bimodal-tight,bimodal,1.5,7,cluster2,60,240,threshold,severity,0.8,1.0,1.0,1.0,3,0.0,0.0
synth-bimodal-tight,bimodal,1.5,7,cluster2,60,240,threshold,symmetric,1.0,1.0,1.0,1.0,3,0.9302325581395349,0.2875
synth-bimodal-tight,bimodal,1.5,7,cluster2,60,240,threshold,symmetric,0.95,1.0,1.0,1.0,3,0.2816901408450704,0.04583333333333333
synth-bimodal-tight,bimodal,1.5,7,cluster2,60,240,threshold,symmetric,0.9,1.0,1.0,1.0,3,0.09523809523809523,0.0125
synth-bimodal-tight,bimodal,1.5,7,cluster2,60,240,threshold,symmetric,0.8,1.0,1.0,1.0,3,0.0,0.0
synth-bimodal-tight,bimodal,1.5,7,cluster2,60,240,db,severity,1.0,0.5,1.0,0.6666666666666666,6,0.9302325581395349,0.2875
synth-bimodal-tight,bimodal,1.5,7,cluster2,60,240,db,severity,0.95,0.75,1.0,0.8571428571428571,4,0.8440366972477065,0.20416666666666666
synth-bimodal-tight,bimodal,1.5,7,cluster2,60,240,db,severity,0.9,1.0,0.6666666666666666,0.8,2,0.8245614035087719,0.225
synth-bimodal-tight,bimodal,1.5,7,cluster2,60,240,db,severity,0.8,1.0,0.3333333333333333,0.5,1,0.8468468468468469,0.2125
synth-bimodal-tight,bimodal,1.5,7,cluster2,60,240,db,symmetric,1.0,0.5,1.0,0.6666666666666666,6,0.9302325581395349,0.2875
synth-bimodal-tight,bimodal,1.5,7,cluster2,60,240,db,symmetric,0.95,0.6666666666666666,0.6666666666666666,0.6666666666666666,3,0.8305084745762712,0.24166666666666667
synth-bimodal-tight,bimodal,1.5,7,cluster2,60,240,db,symmetric,0.9,1.0,0.6666666666666666,0.8,2,0.7868852459016393,0.25833333333333336
synth-bimodal-tight,bimodal,1.5,7,cluster2,60,240,db,symmetric,0.8,1.0,0.3333333333333333,0.5,1,0.8347826086956521,0.22916666666666666
synth-bimodal-tight,bimodal,1.5,7,cluster3,60,240,threshold,severity,1.0,1.0,1.0,1.0,3,0.9523809523809523,0.275
synth-bimodal-tight,bimodal,1.5,7,cluster3,60,240,threshold,severity,0.95,1.0,1.0,1.0,3,0.3561643835616438,0.05416666666666667
synth-bimodal-tight,bimodal,1.5,7,cluster3,60,240,threshold,severity,0.9,1.0,1.0,1.0,3,0.06451612903225806,0.008333333333333333
synth-bimodal-tight,bimodal,1.5,7,cluster3,60,240,threshold,severity,0.8,1.0,1.0,1.0,3,0.0,0.0
synth-bimodal-tight,bimodal,1.5,7,cluster3,60,240,threshold,symmetric,1.0,1.0,1.0,1.0,3,0.9523809523809523,0.275
synth-bimodal-tight,bimodal,1.5,7,cluster3,60,240,threshold,symmetric,0.95,1.0,1.0,1.0,3,0.3561643835616438,0.05416666666666667
synth-bimodal-tight,bimodal,1.5,7,cluster3,60,240,threshold,symmetric,0.9,1.0,1.0,1.0,3,0.125,0.016666666666666666
synth-bimodal-tight,bimodal,1.5,7,cluster3,60,240,threshold,symmetric,0.8,1.0,1.0,1.0,3,0.03278688524590164,0.004166666666666667
synth-bimodal-tight,bimodal,1.5,7,cluster3,60,240,db,severity,1.0,0.3,1.0,0.4615384615384615,10,0.9523809523809523,0.275
synth-bimodal-tight,bimodal,1.5,7,cluster3,60,240,db,severity,0.95,0.5,0.6666666666666666,0.5714285714285715,4,0.8518518518518519,0.2
synth-bimodal-tight,bimodal,1.5,7,cluster3,60,240,db,severity,0.9,0.6666666666666666,0.6666666666666666,0.6666666666666666,3,0.7777777777777777,0.2
synth-bimodal-tight,bimodal,1.5,7,cluster3,60,240,db,severity,0.8,1.0,0.3333333333333333,0.5,1,0.7768595041322314,0.25416666666666665
synth-bimodal-tight,bimodal,1.5,7,cluster3,60,240,db,symmetric,1.0,0.3,1.0,0.4615384615384615,10,0.9523809523809523,0.275
synth-bimodal-tight,bimodal,1.5,7,cluster3,60,240,db,symmetric,0.95,0.6,1.0,0.7499999999999999,5,0.8411214953271028,0.19583333333333333
synth-bimodal-tight,bimodal,1.5,7,cluster3,60,240,db,symmetric,0.9,0.6666666666666666,0.6666666666666666,0.6666666666666666,3,0.7927927927927927,0.2125
synth-bimodal-tight,bimodal,1.5,7,cluster3,60,240,db,symmetric,0.8,1.0,0.6666666666666666,0.8,2,0.7289719626168223,0.19583333333333333
synth-bimodal-tight,bimodal,1.5,8,cluster0,60,240,threshold,severity,1.0,1.0,1.0,1.0,3,0.975609756097561,0.2625
synth-bimodal-tight,bimodal,1.5,8,cluster0,60,240,threshold,severity,0.95,1.0,1.0,1.0,3,0.37837837837837834,0.058333333333333334
synth-bimodal-tight,bimodal,1.5,8,cluster0,60,240,threshold,severity,0.9,1.0,1.0,1.0,3,0.09523809523809523,0.0125
synth-bimodal-tight,bimodal,1.5,8,cluster0,60,240,threshold,severity,0.8,1.0,1.0,1.0,3,0.0,0.0
synth-bimodal-tight,bimodal,1.5,8,cluster0,60,240,threshold,symmetric,1.0,1.0,1.0,1.0,3,0.975609756097561,0.2625
synth-bimodal-tight,bimodal,1.5,8,cluster0,60,240,threshold,symmetric,0.95,1.0,1.0,1.0,3,0.37837837837837834,0.058333333333333334
synth-bimodal-tight,bimodal,1.5,8,cluster0,60,240,threshold,symmetric,0.9,1.0,1.0,1.0,3,0.15384615384615385,0.020833333333333332
synth-bimodal-tight,bimodal,1.5,8,cluster0,60,240,threshold,symmetric,0.8,1.0,1.0,1.0,3,0.03278688524590164,0.004166666666666667
synth-bimodal-tight,bimodal,1.5,8,cluster0,60,240,db,severity,1.0,0.75,1.0,0.8571428571428571,4,0.975609756097561,0.2625
synth-bimodal-tight,bimodal,1.5,8,cluster0,60,240,db,severity,0.95,1.0,1.0,1.0,3,0.8928571428571429,0.21666666666666667
synth-bimodal-tight,bimodal,1.5,8,cluster0,60,240,db,severity,0.9,1.0,1.0,1.0,3,0.826923076923077,0.18333333333333332
synth-bimodal-tight,bimodal,1.5,8,cluster0,60,240,db,severity,0.8,1.0,0.3333333333333333,0.5,1,0.8245614035087719,0.225
synth-bimodal-tight,bimodal,1.5,8,cluster0,60,240,db,symmetric,1.0,0.75,1.0,0.8571428571428571,4,0.975609756097561,0.2625
synth-bimodal-tight,bimodal,1.5,8,cluster0,60,240,db,symmetric,0.95,1.0,1.0,1.0,3,0.8928571428571429,0.21666666666666667
synth-bimodal-tight,bimodal,1.5,8,cluster0,60,240,db,symmetric,0.9,1.0,1.0,1.0,3,0.8518518518518519,0.2
synth-bimodal-tight,bimodal,1.5,8,cluster0,60,240,db,symmetric,0.8,1.0,0.6666666666666666,0.8,2,0.7272727272727272,0.20833333333333334
synth-bimodal-tight,bimodal,1.5,8,cluster1,60,240,threshold,severity,1.0,1.0,1.0,1.0,3,0.967741935483871,0.26666666666666666
synth-bimodal-tight,bimodal,1.5,8,cluster1,60,240,threshold,severity,0.95,1.0,1.0,1.0,3,0.4,0.0625
synth-bimodal-tight,bimodal,1.5,8,cluster1,60,240,threshold,severity,0.9,1.0,1.0,1.0,3,0.208955223880597,0.029166666666666667
synth-bimodal-tight,bimodal,1.5,8,cluster1,60,240,threshold,severity,0.8,1.0,1.0,1.0,3,0.0,0.0
synth-bimodal-tight,bimodal,1.5,8,cluster1,60,240,threshold,symmetric,1.0,1.0,1.0,1.0,3,0.967741935483871,0.26666666666666666
synth-bimodal-tight,bimodal,1.5,8,cluster1,60,240,threshold,symmetric,0.95,1.0,1.0,1.0,3,0.4,0.0625
synth-bimodal-tight,bimodal,1.5,8,cluster1,60,240,threshold,symmetric,0.9,1.0,1.0,1.0,3,0.2857142857142857,0.041666666666666664
synth-bimodal-tight,bimodal,1.5,8,cluster1,60,240,threshold,symmetric,0.8,1.0,1.0,1.0,3,0.0,0.0
synth-bimodal-tight,bimodal,1.5,8,cluster1,60,240,db,severity,1.0,0.5,1.0,0.6666666666666666,6,0.967741935483871,0.26666666666666666
synth-bimodal-tight,bimodal,1.5,8,cluster1,60,240,db,severity,0.95,0.75,1.0,0.8571428571428571,4,0.8392857142857143,0.21666666666666667
synth-bimodal-tight,bimodal,1.5,8,cluster1,60,240,db,severity,0.9,0.6666666666666666,0.6666666666666666,0.6666666666666666,3,0.8037383177570094,0.19583333333333333
synth-bimodal-tight,bimodal,1.5,8,cluster1,60,240,db,severity,0.8,1.0,0.3333333333333333,0.5,1,0.7704918032786884,0.25833333333333336
synth-bimodal-tight,bimodal,1.5,8,cluster1,60,240,db,symmetric,1.0,0.5,1.0,0.6666666666666666,6,0.967741935483871,0.26666666666666666
synth-bimodal-tight,bimodal,1.5,8,cluster1,60,240,db,symmetric,0.95,1.0,1.0,1.0,3,0.8448275862068966,0.23333333333333334
synth-bimodal-tight,bimodal,1.5,8,cluster1,60,240,db,symmetric,0.9,1.0,1.0,1.0,3,0.8108108108108107,0.2125
synth-bimodal-tight,bimodal,1.5,8,cluster1,60,240,db,symmetric,0.8,1.0,0.6666666666666666,0.8,2,0.7387387387387387,0.2125
synth-bimodal-tight,bimodal,1.5,8,cluster2,60,240,threshold,severity,1.0,1.0,1.0,1.0,3,0.923076923076923,0.2916666666666667
synth-bimodal-tight,bimodal,1.5,8,cluster2,60,240,threshold,severity,0.95,1.0,1.0,1.0,3,0.17910447761194032,0.029166666666666667
synth-bimodal-tight,bimodal,1.5,8,cluster2,60,240,threshold,severity,0.9,1.0,1.0,1.0,3,0.125,0.016666666666666666
synth-bimodal-tight,bimodal,1.5,8,cluster2,60,240,threshold,severity,0.8,1.0,1.0,1.0,3,0.0,0.0
synth-bimodal-tight,bimodal,1.5,8,cluster2,60,240,threshold,symmetric,1.0,1.0,1.0,1.0,3,0.923076923076923,0.2916666666666667
synth-bimodal-tight,bimodal,1.5,8,cluster2,60,240,threshold,symmetric,0.95,1.0,1.0,1.0,3,0.20588235294117646,0.03333333333333333
synth-bimodal-tight,bimodal,1.5,8,cluster2,60,240,threshold,symmetric,0.9,1.0,1.0,1.0,3,0.09523809523809523,0.0125
synth-bimodal-tight,bimodal,1.5,8,cluster2,60,240,threshold,symmetric,0.8,1.0,1.0,1.0,3,0.03278688524590164,0.004166666666666667
synth-bimodal-tight,bimodal,1.5,8,cluster2,60,240,db,severity,1.0,0.42857142857142855,1.0,0.6,7,0.923076923076923,0.2916666666666667
synth-bimodal-tight,bimodal,1.5,8,cluster2,60,240,db,severity,0.95,1.0,1.0,1.0,3,0.8225806451612903,0.26666666666666666
synth-bimodal-tight,bimodal,1.5,8,cluster2,60,240,db,severity,0.9,1.0,1.0,1.0,3,0.7889908256880733,0.20416666666666666
synth-bimodal-tight,bimodal,1.5,8,cluster2,60,240,db,severity,0.8,1.0,0.3333333333333333,0.5,1,0.8318584070796461,0.22083333333333333
synth-bimodal-tight,bimodal,1.5,8,cluster2,60,240,db,symmetric,1.0,0.42857142857142855,1.0,0.6,7,0.923076923076923,0.2916666666666667
synth-bimodal-tight,bimodal,1.5,8,cluster2,60,240,db,symmetric,0.95,1.0,1.0,1.0,3,0.8130081300813008,0.2625
synth-bimodal-tight,bimodal,1.5,8,cluster2,60,240,db,symmetric,0.9,0.6666666666666666,0.6666666666666666,0.6666666666666666,3,0.7927927927927927,0.2125
synth-bimodal-tight,bimodal,1.5,8,cluster2,60,240,db,symmetric,0.8,1.0,0.6666666666666666,0.8,2,0.6964285714285715,0.21666666666666667
synth-bimodal-tight,bimodal,1.5,8,cluster3,60,240,threshold,severity,1.0,1.0,1.0,1.0,3,0.975609756097561,0.2625
synth-bimodal-tight,bimodal,1.5,8,cluster3,60,240,threshold,severity,0.95,1.0,1.0,1.0,3,0.2608695652173913,0.0375
synth-bimodal-tight,bimodal,1.5,8,cluster3,60,240,threshold,severity,0.9,1.0,1.0,1.0,3,0.03278688524590164,0.004166666666666667
synth-bimodal-tight,bimodal,1.5,8,cluster3,60,240,threshold,severity,0.8,1.0,1.0,1.0,3,0.0,0.0
synth-bimodal-tight,bimodal,1.5,8,cluster3,60,240,threshold,symmetric,1.0,1.0,1.0,1.0,3,0.975609756097561,0.2625
synth-bimodal-tight,bimodal,1.5,8,cluster3,60,240,threshold,symmetric,0.95,1.0,1.0,1.0,3,0.2608695652173913,0.0375
synth-bimodal-tight,bimodal,1.5,8,cluster3,60,240,threshold,symmetric,0.9,1.0,1.0,1.0,3,0.06451612903225806,0.008333333333333333
synth-bimodal-tight,bimodal,1.5,8,cluster3,60,240,threshold,symmetric,0.8,1.0,1.0,1.0,3,0.0,0.0
synth-bimodal-tight,bimodal,1.5,8,cluster3,60,240,db,severity,1.0,0.42857142857142855,1.0,0.6,7,0.975609756097561,0.2625
synth-bimodal-tight,bimodal,1.5,8,cluster3,60,240,db,severity,0.95,1.0,1.0,1.0,3,0.8495575221238938,0.22083333333333333
synth-bimodal-tight,bimodal,1.5,8,cluster3,60,240,db,severity,0.9,1.0,0.6666666666666666,0.8,2,0.8468468468468469,0.2125
synth-bimodal-tight,bimodal,1.5,8,cluster3,60,240,db,severity,0.8,1.0,0.3333333333333333,0.5,1,0.8623853211009175,0.20416666666666666
synth-bimodal-tight,bimodal,1.5,8,cluster3,60,240,db,symmetric,1.0,0.42857142857142855,1.0,0.6,7,0.975609756097561,0.2625
synth-bimodal-tight,bimodal,1.5,8,cluster3,60,240,db,symmetric,0.95,1.0,1.0,1.0,3,0.8448275862068966,0.23333333333333334
synth-bimodal-tight,bimodal,1.5,8,cluster3,60,240,db,symmetric,0.9,1.0,1.0,1.0,3,0.822429906542056,0.19583333333333333
synth-bimodal-tight,bimodal,1.5,8,cluster3,60,240,db,symmetric,0.8,1.0,0.3333333333333333,0.5,1,0.8421052631578948,0.225
synth-bimodal-tight,bimodal,1.5,9,cluster0,60,240,threshold,severity,1.0,1.0,1.0,1.0,3,0.9836065573770492,0.25833333333333336
synth-bimodal-tight,bimodal,1.5,9,cluster0,60,240,threshold,severity,0.95,1.0,1.0,1.0,3,0.32876712328767127,0.05416666666666667
synth-bimodal-tight,bimodal,1.5,9,cluster0,60,240,threshold,severity,0.9,1.0,1.0,1.0,3,0.06349206349206349,0.0125
synth-bimodal-tight,bimodal,1.5,9,cluster0,60,240,threshold,severity,0.8,1.0,1.0,1.0,3,0.0,0.0
synth-bimodal-tight,bimodal,1.5,9,cluster0,60,240,threshold,symmetric,1.0,1.0,1.0,1.0,3,0.9836065573770492,0.25833333333333336
synth-bimodal-tight,bimodal,1.5,9,cluster0,60,240,threshold,symmetric,0.95,1.0,1.0,1.0,3,0.3055555555555556,0.05
synth-bimodal-tight,bimodal,1.5,9,cluster0,60,240,threshold,symmetric,0.9,1.0,1.0,1.0,3,0.09375000000000001,0.016666666666666666
synth-bimodal-tight,bimodal,1.5,9,cluster0,60,240,threshold,symmetric,0.8,1.0,1.0,1.0,3,0.0,0.0
synth-bimodal-tight,bimodal,1.5,9,cluster0,60,240,db,severity,1.0,0.2727272727272727,1.0,0.42857142857142855,11,0.9836065573770492,0.25833333333333336
synth-bimodal-tight,bimodal,1.5,9,cluster0,60,240,db,severity,0.95,1.0,1.0,1.0,3,0.864406779661017,0.24166666666666667
synth-bimodal-tight,bimodal,1.5,9,cluster0,60,240,db,severity,0.9,1.0,1.0,1.0,3,0.7889908256880733,0.20416666666666666
synth-bimodal-tight,bimodal,1.5,9,cluster0,60,240,db,severity,0.8,1.0,0.6666666666666666,0.8,2,0.6666666666666666,0.2125
synth-bimodal-tight,bimodal,1.5,9,cluster0,60,240,db,symmetric,1.0,0.2727272727272727,1.0,0.42857142857142855,11,0.9836065573770492,0.25833333333333336
synth-bimodal-tight,bimodal,1.5,9,cluster0,60,240,db,symmetric,0.95,1.0,1.0,1.0,3,0.8547008547008548,0.2375
synth-bimodal-tight,bimodal,1.5,9,cluster0,60,240,db,symmetric,0.9,1.0,1.0,1.0,3,0.8495575221238938,0.22083333333333333
synth-bimodal-tight,bimodal,1.5,9,cluster0,60,240,db,symmetric,0.8,1.0,1.0,1.0,3,0.673469387755102,0.15833333333333333
synth-bimodal-tight,bimodal,1.5,9,cluster1,60,240,threshold,severity,1.0,1.0,1.0,1.0,3,0.9523809523809523,0.275
synth-bimodal-tight,bimodal,1.5,9,cluster1,60,240,threshold,severity,0.95,1.0,1.0,1.0,3,0.208955223880597,0.029166666666666667
synth-bimodal-tight,bimodal,1.5,9,cluster1,60,240,threshold,severity,0.9,1.0,1.0,1.0,3,0.09523809523809523,0.0125
synth-bimodal-tight,bimodal,1.5,9,cluster1,60,240,threshold,severity,0.8,1.0,1.0,1.0,3,0.03278688524590164,0.004166666666666667
synth-bimodal-tight,bimodal,1.5,9,cluster1,60,240,threshold,symmetric,1.0,1.0,1.0,1.0,3,0.9523809523809523,0.275
synth-bimodal-tight,bimodal,1.5,9,cluster1,60,240,threshold,symmetric,0.95,1.0,1.0,1.0,3,0.20588235294117646,0.03333333333333333
synth-bimodal-tight,bimodal,1.5,9,cluster1,60,240,threshold,symmetric,0.9,1.0,1.0,1.0,3,0.15384615384615385,0.020833333333333332
synth-bimodal-tight,bimodal,1.5,9,cluster1,60,240,threshold,symmetric,0.8,1.0,1.0,1.0,3,0.03278688524590164,0.004166666666666667
synth-bimodal-tight,bimodal,1.5,9,cluster1,60,240,db,severity,1.0,0.5,1.0,0.6666666666666666,6,0.9523809523809523,0.275
synth-bimodal-tight,bimodal,1.5,9,cluster1,60,240,db,severity,0.95,1.0,1.0,1.0,3,0.8421052631578948,0.225
synth-bimodal-tight,bimodal,1.5,9,cluster1,60,240,db,severity,0.9,1.0,0.6666666666666666,0.8,2,0.7899159663865546,0.24583333333333332
synth-bimodal-tight,bimodal,1.5,9,cluster1,60,240,db,severity,0.8,0.6666666666666666,0.6666666666666666,0.6666666666666666,3,0.74,0.16666666666666666
synth-bimodal-tight,bimodal,1.5,9,cluster1,60,240,db,symmetric,1.0,0.5,1.0,0.6666666666666666,6,0.9523809523809523,0.275
synth-bimodal-tight,bimodal,1.5,9,cluster1,60,240,db,symmetric,0.95,0.75,1.0,0.8571428571428571,4,0.8518518518518519,0.2
synth-bimodal-tight,bimodal,1.5,9,cluster1,60,240,db,symmetric,0.9,1.0,1.0,1.0,3,0.8073394495412844,0.20416666666666666
synth-bimodal-tight,bimodal,1.5,9,cluster1,60,240,db,symmetric,0.8,1.0,0.6666666666666666,0.8,2,0.7079646017699115,0.22083333333333333
synth-bimodal-tight,bimodal,1.5,9,cluster2,60,240,threshold,severity,1.0,1.0,1.0,1.0,3,0.9523809523809523,0.275
synth-bimodal-tight,bimodal,1.5,9,cluster2,60,240,threshold,severity,0.95,1.0,1.0,1.0,3,0.208955223880597,0.029166666666666667
synth-bimodal-tight,bimodal,1.5,9,cluster2,60,240,threshold,severity,0.9,1.0,1.0,1.0,3,0.03278688524590164,0.004166666666666667
synth-bimodal-tight,bimodal,1.5,9,cluster2,60,240,threshold,severity,0.8,1.0,1.0,1.0,3,0.0,0.0
synth-bimodal-tight,bimodal,1.5,9,cluster2,60,240,threshold,symmetric,1.0,1.0,1.0,1.0,3,0.9523809523809523,0.275
synth-bimodal-tight,bimodal,1.5,9,cluster2,60,240,threshold,symmetric,0.95,1.0,1.0,1.0,3,0.18181818181818182,0.025
synth-bimodal-tight,bimodal,1.5,9,cluster2,60,240,threshold,symmetric,0.9,1.0,1.0,1.0,3,0.03278688524590164,0.004166666666666667
synth-bimodal-tight,bimodal,1.5,9,cluster2,60,240,threshold,symmetric,0.8,1.0,1.0,1.0,3,0.0,0.0
synth-bimodal-tight,bimodal,1.5,9,cluster2,60,240,db,severity,1.0,0.3333333333333333,1.0,0.5,9,0.9523809523809523,0.275
synth-bimodal-tight,bimodal,1.5,9,cluster2,60,240,db,severity,0.95,1.0,0.6666666666666666,0.8,2,0.8983050847457628,0.24166666666666667
synth-bimodal-tight,bimodal,1.5,9,cluster2,60,240,db,severity,0.9,1.0,0.3333333333333333,0.5,1,0.8688524590163934,0.25833333333333336
synth-bimodal-tight,bimodal,1.5,9,cluster2,60,240,db,severity,0.8,1.0,0.3333333333333333,0.5,1,0.8245614035087719,0.225
synth-bimodal-tight,bimodal,1.5,9,cluster2,60,240,db,symmetric,1.0,0.3333333333333333,1.0,0.5,9,0.9523809523809523,0.275
synth-bimodal-tight,bimodal,1.5,9,cluster2,60,240,db,symmetric,0.95,1.0,0.6666666666666666,0.8,2,0.832,0.2708333333333333
synth-bimodal-tight,bimodal,1.5,9,cluster2,60,240,db,symmetric,0.9,1.0,0.3333333333333333,0.5,1,0.8852459016393444,0.25833333333333336
synth-bimodal-tight,bimodal,1.5,9,cluster2,60,240,db,symmetric,0.8,1.0,0.3333333333333333,0.5,1,0.8495575221238938,0.22083333333333333
synth-bimodal-tight,bimodal,1.5,9,cluster3,60,240,threshold,severity,1.0,1.0,1.0,1.0,3,0.9375,0.2833333333333333
synth-bimodal-tight,bimodal,1.5,9,cluster3,60,240,threshold,severity,0.95,1.0,1.0,1.0,3,0.20588235294117646,0.03333333333333333
synth-bimodal-tight,bimodal,1.5,9,cluster3,60,240,threshold,severity,0.9,1.0,1.0,1.0,3,0.125,0.016666666666666666
synth-bimodal-tight,bimodal,1.5,9,cluster3,60,240,threshold,severity,0.8,1.0,1.0,1.0,3,0.0,0.0
synth-bimodal-tight,bimodal,1.5,9,cluster3,60,240,threshold,symmetric,1.0,1.0,1.0,1.0,3,0.9375,0.2833333333333333
synth-bimodal-tight,bimodal,1.5,9,cluster3,60,240,threshold,symmetric,0.95,1.0,1.0,1.0,3,0.2318840579710145,0.0375
synth-bimodal-tight,bimodal,1.5,9,cluster3,60,240,threshold,symmetric,0.9,1.0,1.0,1.0,3,0.15384615384615385,0.020833333333333332
synth-bimodal-tight,bimodal,1.5,9,cluster3,60,240,threshold,symmetric,0.8,1.0,1.0,1.0,3,0.0,0.0
synth-bimodal-tight,bimodal,1.5,9,cluster3,60,240,db,severity,1.0,0.42857142857142855,1.0,0.6,7,0.9375,0.2833333333333333
synth-bimodal-tight,bimodal,1.5,9,cluster3,60,240,db,severity,0.95,0.5,0.6666666666666666,0.5714285714285715,4,0.8,0.22916666666666666
synth-bimodal-tight,bimodal,1.5,9,cluster3,60,240,db,severity,0.9,0.6666666666666666,0.6666666666666666,0.6666666666666666,3,0.7818181818181817,0.20833333333333334
synth-bimodal-tight,bimodal,1.5,9,cluster3,60,240,db,severity,0.8,1.0,0.3333333333333333,0.5,1,0.7899159663865546,0.24583333333333332
synth-bimodal-tight,bimodal,1.5,9,cluster3,60,240,db,symmetric,1.0,0.42857142857142855,1.0,0.6,7,0.9375,0.2833333333333333
synth-bimodal-tight,bimodal,1.5,9,cluster3,60,240,db,symmetric,0.95,0.5,0.6666666666666666,0.5714285714285715,4,0.7826086956521738,0.22916666666666666
synth-bimodal-tight,bimodal,1.5,9,cluster3,60,240,db,symmetric,0.9,0.5,0.6666666666666666,0.5714285714285715,4,0.761904761904762,0.1875
synth-bimodal-tight,bimodal,1.5,9,cluster3,60,240,db,symmetric,0.8,1.0,0.3333333333333333,0.5,1,0.7804878048780488,0.2625
synth-bimodal-tight,bimodal,1.5,10,cluster0,60,240,threshold,severity,1.0,1.0,1.0,1.0,3,0.975609756097561,0.2625
synth-bimodal-tight,bimodal,1.5,10,cluster0,60,240,threshold,severity,0.95,1.0,1.0,1.0,3,0.208955223880597,0.029166666666666667
synth-bimodal-tight,bimodal,1.5,10,cluster0,60,240,threshold,severity,0.9,1.0,1.0,1.0,3,0.06451612903225806,0.008333333333333333
synth-bimodal-tight,bimodal,1.5,10,cluster0,60,240,threshold,severity,0.8,1.0,1.0,1.0,3,0.0,0.0
synth-bimodal-tight,bimodal,1.5,10,cluster0,60,240,threshold,symmetric,1.0,1.0,1.0,1.0,3,0.975609756097561,0.2625
synth-bimodal-tight,bimodal,1.5,10,cluster0,60,240,threshold,symmetric,0.95,1.0,1.0,1.0,3,0.18181818181818182,0.025
synth-bimodal-tight,bimodal,1.5,10,cluster0,60,240,threshold,symmetric,0.9,1.0,1.0,1.0,3,0.15384615384615385,0.020833333333333332
synth-bimodal-tight,bimodal,1.5,10,cluster0,60,240,threshold,symmetric,0.8,1.0,1.0,1.0,3,0.0,0.0
synth-bimodal-tight,bimodal,1.5,10,cluster0,60,240,db,severity,1.0,0.375,1.0,0.5454545454545454,8,0.975609756097561,0.2625
synth-bimodal-tight,bimodal,1.5,10,cluster0,60,240,db,severity,0.95,1.0,0.6666666666666666,0.8,2,0.8907563025210085,0.24583333333333332
synth-bimodal-tight,bimodal,1.5,10,cluster0,60,240,db,severity,0.9,1.0,0.3333333333333333,0.5,1,0.9137931034482758,0.23333333333333334
synth-bimodal-tight,bimodal,1.5,10,cluster0,60,240,db,severity,0.8,1.0,0.3333333333333333,0.5,1,0.8545454545454546,0.20833333333333334
synth-bimodal-tight,bimodal,1.5,10,cluster0,60,240,db,symmetric,1.0,0.375,1.0,0.5454545454545454,8,0.975609756097561,0.2625
synth-bimodal-tight,bimodal,1.5,10,cluster0,60,240,db,symmetric,0.95,0.75,1.0,0.8571428571428571,4,0.8495575221238938,0.22083333333333333
synth-bimodal-tight,bimodal,1.5,10,cluster0,60,240,db,symmetric,0.9,1.0,0.3333333333333333,0.5,1,0.9230769230769231,0.2375
synth-bimodal-tight,bimodal,1.5,10,cluster0,60,240,db,symmetric,0.8,1.0,0.3333333333333333,0.5,1,0.8648648648648648,0.2125
synth-bimodal-tight,bimodal,1.5,10,cluster1,60,240,threshold,severity,1.0,1.0,1.0,1.0,3,0.9302325581395349,0.2875
synth-bimodal-tight,bimodal,1.5,10,cluster1,60,240,threshold,severity,0.95,1.0,1.0,1.0,3,0.35135135135135137,0.058333333333333334
synth-bimodal-tight,bimodal,1.5,10,cluster1,60,240,threshold,severity,0.9,1.0,1.0,1.0,3,0.125,0.016666666666666666
synth-bimodal-tight,bimodal,1.5,10,cluster1,60,240,threshold,severity,0.8,1.0,1.0,1.0,3,0.0,0.0
synth-bimodal-tight,bimodal,1.5,10,cluster1,60,240,threshold,symmetric,1.0,1.0,1.0,1.0,3,0.9302325581395349,0.2875
synth-bimodal-tight,bimodal,1.5,10,cluster1,60,240,threshold,symmetric,0.95,1.0,1.0,1.0,3,0.32876712328767127,0.05416666666666667
synth-bimodal-tight,bimodal,1.5,10,cluster1,60,240,threshold,symmetric,0.9,1.0,1.0,1.0,3,0.15384615384615385,0.020833333333333332
synth-bimodal-tight,bimodal,1.5,10,cluster1,60,240,threshold,symmetric,0.8,1.0,1.0,1.0,3,0.03278688524590164,0.004166666666666667
synth-bimodal-tight,bimodal,1.5,10,cluster1,60,240,db,severity,1.0,0.3333333333333333,1.0,0.5,9,0.9302325581395349,0.2875
synth-bimodal-tight,bimodal,1.5,10,cluster1,60,240,db,severity,0.95,0.75,1.0,0.8571428571428571,4,0.8347826086956521,0.22916666666666666
synth-bimodal-tight,bimodal,1.5,10,cluster1,60,240,db,severity,0.9,1.0,1.0,1.0,3,0.7850467289719626,0.19583333333333333
synth-bimodal-tight,bimodal,1.5,10,cluster1,60,240,db,severity,0.8,1.0,0.3333333333333333,0.5,1,0.8623853211009175,0.20416666666666666
synth-bimodal-tight,bimodal,1.5,10,cluster1,60,240,db,symmetric,1.0,0.3333333333333333,1.0,0.5,9,0.9302325581395349,0.2875
synth-bimodal-tight,bimodal,1.5,10,cluster1,60,240,db,symmetric,0.95,0.75,1.0,0.8571428571428571,4,0.817391304347826,0.22916666666666666
synth-bimodal-tight,bimodal,1.5,10,cluster1,60,240,db,symmetric,0.9,1.0,1.0,1.0,3,0.8,0.20833333333333334
synth-bimodal-tight,bimodal,1.5,10,cluster1,60,240,db,symmetric,0.8,1.0,0.3333333333333333,0.5,1,0.8135593220338982,0.24166666666666667
synth-bimodal-tight,bimodal,1.5,10,cluster2,60,240,threshold,severity,1.0,1.0,1.0,1.0,3,1.0,0.25
synth-bimodal-tight,bimodal,1.5,10,cluster2,60,240,threshold,severity,0.95,1.0,1.0,1.0,3,0.2857142857142857,0.041666666666666664
synth-bimodal-tight,bimodal,1.5,10,cluster2,60,240,threshold,severity,0.9,1.0,1.0,1.0,3,0.0,0.0
synth-bimodal-tight,bimodal,1.5,10,cluster2,60,240,threshold,severity,0.8,1.0,1.0,1.0,3,0.0,0.0
synth-bimodal-tight,bimodal,1.5,10,cluster2,60,240,threshold,symmetric,1.0,1.0,1.0,1.0,3,1.0,0.25
synth-bimodal-tight,bimodal,1.5,10,cluster2,60,240,threshold,symmetric,0.95,1.0,1.0,1.0,3,0.2857142857142857,0.041666666666666664
synth-bimodal-tight,bimodal,1.5,10,cluster2,60,240,threshold,symmetric,0.9,1.0,1.0,1.0,3,0.09523809523809523,0.0125
synth-bimodal-tight,bimodal,1.5,10,cluster2,60,240,threshold,symmetric,0.8,1.0,1.0,1.0,3,0.0,0.0
synth-bimodal-tight,bimodal,1.5,10,cluster2,60,240,db,severity,1.0,0.5,1.0,0.6666666666666666,6,1.0,0.25
synth-bimodal-tight,bimodal,1.5,10,cluster2,60,240,db,severity,0.95,1.0,0.6666666666666666,0.8,2,0.9217391304347826,0.22916666666666666
synth-bimodal-tight,bimodal,1.5,10,cluster2,60,240,db,severity,0.9,1.0,0.3333333333333333,0.5,1,0.8983050847457628,0.24166666666666667
synth-bimodal-tight,bimodal,1.5,10,cluster2,60,240,db,severity,0.8,1.0,0.3333333333333333,0.5,1,0.8545454545454546,0.20833333333333334
synth-bimodal-tight,bimodal,1.5,10,cluster2,60,240,db,symmetric,1.0,0.5,1.0,0.6666666666666666,6,1.0,0.25
synth-bimodal-tight,bimodal,1.5,10,cluster2,60,240,db,symmetric,0.95,1.0,1.0,1.0,3,0.8749999999999999,0.21666666666666667
synth-bimodal-tight,bimodal,1.5,10,cluster2,60,240,db,symmetric,0.9,1.0,0.3333333333333333,0.5,1,0.8925619834710743,0.25416666666666665
synth-bimodal-tight,bimodal,1.5,10,cluster2,60,240,db,symmetric,0.8,1.0,0.3333333333333333,0.5,1,0.8571428571428571,0.21666666666666667
synth-bimodal-tight,bimodal,1.5,10,cluster3,60,240,threshold,severity,1.0,1.0,1.0,1.0,3,0.923076923076923,0.2916666666666667
synth-bimodal-tight,bimodal,1.5,10,cluster3,60,240,threshold,severity,0.95,1.0,1.0,1.0,3,0.3013698630136986,0.05416666666666667
synth-bimodal-tight,bimodal,1.5,10,cluster3,60,240,threshold,severity,0.9,1.0,1.0,1.0,3,0.125,0.016666666666666666
synth-bimodal-tight,bimodal,1.5,10,cluster3,60,240,threshold,severity,0.8,1.0,1.0,1.0,3,0.0,0.0
synth-bimodal-tight,bimodal,1.5,10,cluster3,60,240,threshold,symmetric,1.0,1.0,1.0,1.0,3,0.923076923076923,0.2916666666666667
synth-bimodal-tight,bimodal,1.5,10,cluster3,60,240,threshold,symmetric,0.95,1.0,1.0,1.0,3,0.3013698630136986,0.05416666666666667
synth-bimodal-tight,bimodal,1.5,10,cluster3,60,240,threshold,symmetric,0.9,1.0,1.0,1.0,3,0.125,0.016666666666666666
synth-bimodal-tight,bimodal,1.5,10,cluster3,60,240,threshold,symmetric,0.8,1.0,1.0,1.0,3,0.03278688524590164,0.004166666666666667
synth-bimodal-tight,bimodal,1.5,10,cluster3,60,240,db,severity,1.0,0.5,1.0,0.6666666666666666,6,0.923076923076923,0.2916666666666667
synth-bimodal-tight,bimodal,1.5,10,cluster3,60,240,db,severity,0.95,1.0,1.0,1.0,3,0.8739495798319329,0.24583333333333332
synth-bimodal-tight,bimodal,1.5,10,cluster3,60,240,db,severity,0.9,1.0,0.3333333333333333,0.5,1,0.8688524590163934,0.25833333333333336
synth-bimodal-tight,bimodal,1.5,10,cluster3,60,240,db,severity,0.8,1.0,0.3333333333333333,0.5,1,0.8545454545454546,0.20833333333333334
synth-bimodal-tight,bimodal,1.5,10,cluster3,60,240,db,symmetric,1.0,0.5,1.0,0.6666666666666666,6,0.923076923076923,0.2916666666666667
synth-bimodal-tight,bimodal,1.5,10,cluster3,60,240,db,symmetric,0.95,0.75,1.0,0.8571428571428571,4,0.8571428571428571,0.21666666666666667
synth-bimodal-tight,bimodal,1.5,10,cluster3,60,240,db,symmetric,0.9,1.0,1.0,1.0,3,0.8214285714285715,0.21666666666666667
synth-bimodal-tight,bimodal,1.5,10,cluster3,60,240,db,symmetric,0.8,1.0,0.3333333333333333,0.5,1,0.8421052631578948,0.225
synth-bimodal-tight,bimodal,1.5,11,cluster0,60,240,threshold,severity,1.0,1.0,1.0,1.0,3,0.9448818897637796,0.2791666666666667
synth-bimodal-tight,bimodal,1.5,11,cluster0,60,240,threshold,severity,0.95,1.0,1.0,1.0,3,0.32876712328767127,0.05416666666666667
synth-bimodal-tight,bimodal,1.5,11,cluster0,60,240,threshold,severity,0.9,1.0,1.0,1.0,3,0.125,0.016666666666666666
synth-bimodal-tight,bimodal,1.5,11,cluster0,60,240,threshold,severity,0.8,1.0,1.0,1.0,3,0.0,0.0
synth-bimodal-tight,bimodal,1.5,11,cluster0,60,240,threshold,symmetric,1.0,1.0,1.0,1.0,3,0.9448818897637796,0.2791666666666667
synth-bimodal-tight,bimodal,1.5,11,cluster0,60,240,threshold,symmetric,0.95,1.0,1.0,1.0,3,0.3055555555555556,0.05
synth-bimodal-tight,bimodal,1.5,11,cluster0,60,240,threshold,symmetric,0.9,1.0,1.0,1.0,3,0.208955223880597,0.029166666666666667
synth-bimodal-tight,bimodal,1.5,11,cluster0,60,240,threshold,symmetric,0.8,1.0,1.0,1.0,3,0.0,0.0
synth-bimodal-tight,bimodal,1.5,11,cluster0,60,240,db,severity,1.0,0.375,1.0,0.5454545454545454,8,0.9448818897637796,0.2791666666666667
synth-bimodal-tight,bimodal,1.5,11,cluster0,60,240,db,severity,0.95,0.75,1.0,0.8571428571428571,4,0.8363636363636363,0.20833333333333334
synth-bimodal-tight,bimodal,1.5,11,cluster0,60,240,db,severity,0.9,1.0,1.0,1.0,3,0.7735849056603774,0.19166666666666668
synth-bimodal-tight,bimodal,1.5,11,cluster0,60,240,db,severity,0.8,1.0,0.6666666666666666,0.8,2,0.7155963302752293,0.20416666666666666
synth-bimodal-tight,bimodal,1.5,11,cluster0,60,240,db,symmetric,1.0,0.375,1.0,0.5454545454545454,8,0.9448818897637796,0.2791666666666667
synth-bimodal-tight,bimodal,1.5,11,cluster0,60,240,db,symmetric,0.95,0.75,1.0,0.8571428571428571,4,0.8108108108108107,0.2125
synth-bimodal-tight,bimodal,1.5,11,cluster0,60,240,db,symmetric,0.9,1.0,1.0,1.0,3,0.7894736842105262,0.225
synth-bimodal-tight,bimodal,1.5,11,cluster0,60,240,db,symmetric,0.8,1.0,0.6666666666666666,0.8,2,0.6782608695652174,0.22916666666666666
synth-bimodal-tight,bimodal,1.5,11,cluster1,60,240,threshold,severity,1.0,1.0,1.0,1.0,3,0.9302325581395349,0.2875
synth-bimodal-tight,bimodal,1.5,11,cluster1,60,240,threshold,severity,0.95,1.0,1.0,1.0,3,0.2222222222222222,0.05
synth-bimodal-tight,bimodal,1.5,11,cluster1,60,240,threshold,severity,0.9,1.0,1.0,1.0,3,0.09523809523809523,0.0125
synth-bimodal-tight,bimodal,1.5,11,cluster1,60,240,threshold,severity,0.8,1.0,1.0,1.0,3,0.0,0.0
synth-bimodal-tight,bimodal,1.5,11,cluster1,60,240,threshold,symmetric,1.0,1.0,1.0,1.0,3,0.9302325581395349,0.2875
synth-bimodal-tight,bimodal,1.5,11,cluster1,60,240,threshold,symmetric,0.95,1.0,1.0,1.0,3,0.2222222222222222,0.05
synth-bimodal-tight,bimodal,1.5,11,cluster1,60,240,threshold,symmetric,0.9,1.0,1.0,1.0,3,0.09523809523809523,0.0125
synth-bimodal-tight,bimodal,1.5,11,cluster1,60,240,threshold,symmetric,0.8,1.0,1.0,1.0,3,0.0,0.0
synth-bimodal-tight,bimodal,1.5,11,cluster1,60,240,db,severity,1.0,0.3,1.0,0.4615384615384615,10,0.9302325581395349,0.2875
synth-bimodal-tight,bimodal,1.5,11,cluster1,60,240,db,severity,0.95,1.0,1.0,1.0,3,0.7903225806451613,0.26666666666666666
synth-bimodal-tight,bimodal,1.5,11,cluster1,60,240,db,severity,0.9,1.0,1.0,1.0,3,0.7706422018348624,0.20416666666666666
synth-bimodal-tight,bimodal,1.5,11,cluster1,60,240,db,severity,0.8,1.0,0.3333333333333333,0.5,1,0.8034188034188033,0.2375
synth-bimodal-tight,bimodal,1.5,11,cluster1,60,240,db,symmetric,1.0,0.3,1.0,0.4615384615384615,10,0.9302325581395349,0.2875
synth-bimodal-tight,bimodal,1.5,11,cluster1,60,240,db,symmetric,0.95,1.0,1.0,1.0,3,0.7741935483870969,0.26666666666666666
synth-bimodal-tight,bimodal,1.5,11,cluster1,60,240,db,symmetric,0.9,1.0,1.0,1.0,3,0.7521367521367521,0.2375
synth-bimodal-tight,bimodal,1.5,11,cluster1,60,240,db,symmetric,0.8,1.0,0.6666666666666666,0.8,2,0.6666666666666667,0.2375
synth-bimodal-tight,bimodal,1.5,11,cluster2,60,240,threshold,severity,1.0,1.0,1.0,1.0,3,0.9600000000000001,0.2708333333333333
synth-bimodal-tight,bimodal,1.5,11,cluster2,60,240,threshold,severity,0.95,1.0,1.0,1.0,3,0.2028985507246377,0.0375
synth-bimodal-tight,bimodal,1.5,11,cluster2,60,240,threshold,severity,0.9,1.0,1.0,1.0,3,0.0,0.0
synth-bimodal-tight,bimodal,1.5,11,cluster2,60,240,threshold,severity,0.8,1.0,1.0,1.0,3,0.0,0.0
synth-bimodal-tight,bimodal,1.5,11,cluster2,60,240,threshold,symmetric,1.0,1.0,1.0,1.0,3,0.9600000000000001,0.2708333333333333
synth-bimodal-tight,bimodal,1.5,11,cluster2,60,240,threshold,symmetric,0.95,1.0,1.0,1.0,3,0.2571428571428572,0.041666666666666664
synth-bimodal-tight,bimodal,1.5,11,cluster2,60,240,threshold,symmetric,0.9,1.0,1.0,1.0,3,0.03278688524590164,0.004166666666666667
synth-bimodal-tight,bimodal,1.5,11,cluster2,60,240,threshold,symmetric,0.8,1.0,1.0,1.0,3,0.0,0.0
synth-bimodal-tight,bimodal,1.5,11,cluster2,60,240,db,severity,1.0,0.2727272727272727,1.0,0.42857142857142855,11,0.9600000000000001,0.2708333333333333
synth-bimodal-tight,bimodal,1.5,11,cluster2,60,240,db,severity,0.95,0.75,1.0,0.8571428571428571,4,0.8,0.22916666666666666
synth-bimodal-tight,bimodal,1.5,11,cluster2,60,240,db,severity,0.9,0.6666666666666666,0.6666666666666666,0.6666666666666666,3,0.7706422018348624,0.20416666666666666
synth-bimodal-tight,bimodal,1.5,11,cluster2,60,240,db,severity,0.8,1.0,0.3333333333333333,0.5,1,0.8103448275862069,0.23333333333333334
synth-bimodal-tight,bimodal,1.5,11,cluster2,60,240,db,symmetric,1.0,0.2727272727272727,1.0,0.42857142857142855,11,0.9600000000000001,0.2708333333333333
synth-bimodal-tight,bimodal,1.5,11,cluster2,60,240,db,symmetric,0.95,0.75,1.0,0.8571428571428571,4,0.8,0.22916666666666666
synth-bimodal-tight,bimodal,1.5,11,cluster2,60,240,db,symmetric,0.9,0.5,0.6666666666666666,0.5714285714285715,4,0.7692307692307692,0.18333333333333332
synth-bimodal-tight,bimodal,1.5,11,cluster2,60,240,db,symmetric,0.8,1.0,0.6666666666666666,0.8,2,0.7037037037037038,0.2
synth-bimodal-tight,bimodal,1.5,11,cluster3,60,240,threshold,severity,1.0,1.0,1.0,1.0,3,0.967741935483871,0.26666666666666666
synth-bimodal-tight,bimodal,1.5,11,cluster3,60,240,threshold,severity,0.95,1.0,1.0,1.0,3,0.3684210526315789,0.06666666666666667
synth-bimodal-tight,bimodal,1.5,11,cluster3,60,240,threshold,severity,0.9,1.0,1.0,1.0,3,0.125,0.016666666666666666
synth-bimodal-tight,bimodal,1.5,11,cluster3,60,240,threshold,severity,0.8,1.0,1.0,1.0,3,0.0,0.0
synth-bimodal-tight,bimodal,1.5,11,cluster3,60,240,threshold,symmetric,1.0,1.0,1.0,1.0,3,0.967741935483871,0.26666666666666666
synth-bimodal-tight,bimodal,1.5,11,cluster3,60,240,threshold,symmetric,0.95,1.0,1.0,1.0,3,0.3466666666666666,0.0625
synth-bimodal-tight,bimodal,1.5,11,cluster3,60,240,threshold,symmetric,0.9,1.0,1.0,1.0,3,0.208955223880597,0.029166666666666667
synth-bimodal-tight,bimodal,1.5,11,cluster3,60,240,threshold,symmetric,0.8,1.0,1.0,1.0,3,0.0,0.0
synth-bimodal-tight,bimodal,1.5,11,cluster3,60,240,db,severity,1.0,0.375,1.0,0.5454545454545454,8,0.967741935483871,0.26666666666666666
synth-bimodal-tight,bimodal,1.5,11,cluster3,60,240,db,severity,0.95,1.0,1.0,1.0,3,0.8620689655172413,0.23333333333333334
synth-bimodal-tight,bimodal,1.5,11,cluster3,60,240,db,severity,0.9,1.0,1.0,1.0,3,0.822429906542056,0.19583333333333333
synth-bimodal-tight,bimodal,1.5,11,cluster3,60,240,db,severity,0.8,1.0,0.3333333333333333,0.5,1,0.817391304347826,0.22916666666666666
synth-bimodal-tight,bimodal,1.5,11,cluster3,60,240,db,symmetric,1.0,0.375,1.0,0.5454545454545454,8,0.967741935483871,0.26666666666666666
synth-bimodal-tight,bimodal,1.5,11,cluster3,60,240,db,symmetric,0.95,1.0,1.0,1.0,3,0.8547008547008548,0.2375
synth-bimodal-tight,bimodal,1.5,11,cluster3,60,240,db,symmetric,0.9,1.0,1.0,1.0,3,0.8256880733944955,0.20416666666666666
synth-bimodal-tight,bimodal,1.5,11,cluster3,60,240,db,symmetric,0.8,1.0,0.6666666666666666,0.8,2,0.709090909090909,0.20833333333333334
synth-bimodal-tight,bimodal,1.5,12,cluster0,60,240,threshold,severity,1.0,1.0,1.0,1.0,3,0.9523809523809523,0.275
synth-bimodal-tight,bimodal,1.5,12,cluster0,60,240,threshold,severity,0.95,1.0,1.0,1.0,3,0.2608695652173913,0.0375
synth-bimodal-tight,bimodal,1.5,12,cluster0,60,240,threshold,severity,0.9,0.6666666666666666,0.6666666666666666,0.6666666666666666,3,0.06451612903225806,0.008333333333333333
synth-bimodal-tight,bimodal,1.5,12,cluster0,60,240,threshold,severity,0.8,0.6666666666666666,0.6666666666666666,0.6666666666666666,3,0.0,0.0
synth-bimodal-tight,bimodal,1.5,12,cluster0,60,240,threshold,symmetric,1.0,1.0,1.0,1.0,3,0.9523809523809523,0.275
synth-bimodal-tight,bimodal,1.5,12,cluster0,60,240,threshold,symmetric,0.95,1.0,1.0,1.0,3,0.2571428571428572,0.041666666666666664
synth-bimodal-tight,bimodal,1.5,12,cluster0,60,240,threshold,symmetric,0.9,1.0,1.0,1.0,3,0.06451612903225806,0.008333333333333333
synth-bimodal-tight,bimodal,1.5,12,cluster0,60,240,threshold,symmetric,0.8,0.6666666666666666,0.6666666666666666,0.6666666666666666,3,0.0,0.0
synth-bimodal-tight,bimodal,1.5,12,cluster0,60,240,db,severity,1.0,0.6,1.0,0.7499999999999999,5,0.9523809523809523,0.275
synth-bimodal-tight,bimodal,1.5,12,cluster0,60,240,db,severity,0.95,1.0,1.0,1.0,3,0.8596491228070176,0.225
synth-bimodal-tight,bimodal,1.5,12,cluster0,60,240,db,severity,0.9,1.0,1.0,1.0,3,0.8113207547169811,0.19166666666666668
synth-bimodal-tight,bimodal,1.5,12,cluster0,60,240,db,severity,0.8,1.0,0.3333333333333333,0.5,1,0.8275862068965518,0.23333333333333334
synth-bimodal-tight,bimodal,1.5,12,cluster0,60,240,db,symmetric,1.0,0.6,1.0,0.7499999999999999,5,0.9523809523809523,0.275
synth-bimodal-tight,bimodal,1.5,12,cluster0,60,240,db,symmetric,0.95,1.0,1.0,1.0,3,0.8347826086956521,0.22916666666666666
synth-bimodal-tight,bimodal,1.5,12,cluster0,60,240,db,symmetric,0.9,1.0,1.0,1.0,3,0.8181818181818182,0.20833333333333334
synth-bimodal-tight,bimodal,1.5,12,cluster0,60,240,db,symmetric,0.8,1.0,0.3333333333333333,0.5,1,0.8275862068965518,0.23333333333333334
synth-bimodal-tight,bimodal,1.5,12,cluster1,60,240,threshold,severity,1.0,1.0,1.0,1.0,3,0.975609756097561,0.2625
synth-bimodal-tight,bimodal,1.5,12,cluster1,60,240,threshold,severity,0.95,1.0,1.0,1.0,3,0.2571428571428572,0.041666666666666664
synth-bimodal-tight,bimodal,1.5,12,cluster1,60,240,threshold,severity,0.9,1.0,1.0,1.0,3,0.03278688524590164,0.004166666666666667
synth-bimodal-tight,bimodal,1.5,12,cluster1,60,240,threshold,severity,0.8,1.0,1.0,1.0,3,0.0,0.0
synth-bimodal-tight,bimodal,1.5,12,cluster1,60,240,threshold,symmetric,1.0,1.0,1.0,1.0,3,0.975609756097561,0.2625
synth-bimodal-tight,bimodal,1.5,12,cluster1,60,240,threshold,symmetric,0.95,1.0,1.0,1.0,3,0.2535211267605634,0.04583333333333333
synth-bimodal-tight,bimodal,1.5,12,cluster1,60,240,threshold,symmetric,0.9,1.0,1.0,1.0,3,0.03278688524590164,0.004166666666666667
synth-bimodal-tight,bimodal,1.5,12,cluster1,60,240,threshold,symmetric,0.8,1.0,1.0,1.0,3,0.0,0.0
synth-bimodal-tight,bimodal,1.5,12,cluster1,60,240,db,severity,1.0,0.42857142857142855,1.0,0.6,7,0.975609756097561,0.2625
synth-bimodal-tight,bimodal,1.5,12,cluster1,60,240,db,severity,0.95,1.0,1.0,1.0,3,0.8571428571428571,0.21666666666666667
synth-bimodal-tight,bimodal,1.5,12,cluster1,60,240,db,severity,0.9,1.0,0.6666666666666666,0.8,2,0.8623853211009175,0.20416666666666666
synth-bimodal-tight,bimodal,1.5,12,cluster1,60,240,db,severity,0.8,1.0,0.3333333333333333,0.5,1,0.8545454545454546,0.20833333333333334
synth-bimodal-tight,bimodal,1.5,12,cluster1,60,240,db,symmetric,1.0,0.42857142857142855,1.0,0.6,7,0.975609756097561,0.2625
synth-bimodal-tight,bimodal,1.5,12,cluster1,60,240,db,symmetric,0.95,1.0,1.0,1.0,3,0.8421052631578948,0.225
synth-bimodal-tight,bimodal,1.5,12,cluster1,60,240,db,symmetric,0.9,1.0,0.6666666666666666,0.8,2,0.8067226890756303,0.24583333333333332
synth-bimodal-tight,bimodal,1.5,12,cluster1,60,240,db,symmetric,0.8,1.0,0.3333333333333333,0.5,1,0.8135593220338982,0.24166666666666667
synth-bimodal-tight,bimodal,1.5,12,cluster2,60,240,threshold,severity,1.0,1.0,1.0,1.0,3,0.923076923076923,0.2916666666666667
synth-bimodal-tight,bimodal,1.5,12,cluster2,60,240,threshold,severity,0.95,1.0,1.0,1.0,3,0.2857142857142857,0.041666666666666664
synth-bimodal-tight,bimodal,1.5,12,cluster2,60,240,threshold,severity,0.9,1.0,1.0,1.0,3,0.06451612903225806,0.008333333333333333
synth-bimodal-tight,bimodal,1.5,12,cluster2,60,240,threshold,severity,0.8,1.0,1.0,1.0,3,0.0,0.0
synth-bimodal-tight,bimodal,1.5,12,cluster2,60,240,threshold,symmetric,1.0,1.0,1.0,1.0,3,0.923076923076923,0.2916666666666667
synth-bimodal-tight,bimodal,1.5,12,cluster2,60,240,threshold,symmetric,0.95,1.0,1.0,1.0,3,0.2816901408450704,0.04583333333333333
synth-bimodal-tight,bimodal,1.5,12,cluster2,60,240,threshold,symmetric,0.9,1.0,1.0,1.0,3,0.09523809523809523,0.0125
synth-bimodal-tight,bimodal,1.5,12,cluster2,60,240,threshold,symmetric,0.8,1.0,1.0,1.0,3,0.03278688524590164,0.004166666666666667
synth-bimodal-tight,bimodal,1.5,12,cluster2,60,240,db,severity,1.0,0.42857142857142855,1.0,0.6,7,0.923076923076923,0.2916666666666667
synth-bimodal-tight,bimodal,1.5,12,cluster2,60,240,db,severity,0.95,0.75,1.0,0.8571428571428571,4,0.8288288288288289,0.2125
synth-bimodal-tight,bimodal,1.5,12,cluster2,60,240,db,severity,0.9,1.0,1.0,1.0,3,0.7777777777777777,0.2
synth-bimodal-tight,bimodal,1.5,12,cluster2,60,240,db,severity,0.8,1.0,0.6666666666666666,0.8,2,0.7920792079207921,0.17083333333333334
synth-bimodal-tight,bimodal,1.5,12,cluster2,60,240,db,symmetric,1.0,0.42857142857142855,1.0,0.6,7,0.923076923076923,0.2916666666666667
synth-bimodal-tight,bimodal,1.5,12,cluster2,60,240,db,symmetric,0.95,0.75,1.0,0.8571428571428571,4,0.8108108108108107,0.2125
synth-bimodal-tight,bimodal,1.5,12,cluster2,60,240,db,symmetric,0.9,0.6666666666666666,0.6666666666666666,0.6666666666666666,3,0.7964601769911505,0.22083333333333333
synth-bimodal-tight,bimodal,1.5,12,cluster2,60,240,db,symmetric,0.8,1.0,0.6666666666666666,0.8,2,0.6666666666666667,0.2375
synth-bimodal-tight,bimodal,1.5,12,cluster3,60,240,threshold,severity,1.0,1.0,1.0,1.0,3,0.9917355371900827,0.25416666666666665
synth-bimodal-tight,bimodal,1.5,12,cluster3,60,240,threshold,severity,0.95,1.0,1.0,1.0,3,0.30985915492957744,0.04583333333333333
synth-bimodal-tight,bimodal,1.5,12,cluster3,60,240,threshold,severity,0.9,1.0,1.0,1.0,3,0.09523809523809523,0.0125
synth-bimodal-tight,bimodal,1.5,12,cluster3,60,240,threshold,severity,0.8,1.0,1.0,1.0,3,0.0,0.0
synth-bimodal-tight,bimodal,1.5,12,cluster3,60,240,threshold,symmetric,1.0,1.0,1.0,1.0,3,0.9917355371900827,0.25416666666666665
synth-bimodal-tight,bimodal,1.5,12,cluster3,60,240,threshold,symmetric,0.95,1.0,1.0,1.0,3,0.2857142857142857,0.041666666666666664
synth-bimodal-tight,bimodal,1.5,12,cluster3,60,240,threshold,symmetric,0.9,1.0,1.0,1.0,3,0.18181818181818182,0.025
synth-bimodal-tight,bimodal,1.5,12,cluster3,60,240,threshold,symmetric,0.8,1.0,1.0,1.0,3,0.0,0.0
synth-bimodal-tight,bimodal,1.5,12,cluster3,60,240,db,severity,1.0,0.375,1.0,0.5454545454545454,8,0.9917355371900827,0.25416666666666665
synth-bimodal-tight,bimodal,1.5,12,cluster3,60,240,db,severity,0.95,0.6666666666666666,0.6666666666666666,0.6666666666666666,3,0.8521739130434782,0.22916666666666666
synth-bimodal-tight,bimodal,1.5,12,cluster3,60,240,db,severity,0.9,1.0,0.6666666666666666,0.8,2,0.8623853211009175,0.20416666666666666
synth-bimodal-tight,bimodal,1.5,12,cluster3,60,240,db,severity,0.8,1.0,0.3333333333333333,0.5,1,0.8245614035087719,0.225
synth-bimodal-tight,bimodal,1.5,12,cluster3,60,240,db,symmetric,1.0,0.375,1.0,0.5454545454545454,8,0.9917355371900827,0.25416666666666665
synth-bimodal-tight,bimodal,1.5,12,cluster3,60,240,db,symmetric,0.95,1.0,1.0,1.0,3,0.8275862068965518,0.23333333333333334
synth-bimodal-tight,bimodal,1.5,12,cluster3,60,240,db,symmetric,0.9,0.6666666666666666,0.6666666666666666,0.6666666666666666,3,0.8035714285714286,0.21666666666666667
synth-bimodal-tight,bimodal,1.5,12,cluster3,60,240,db,symmetric,0.8,1.0,0.3333333333333333,0.5,1,0.8067226890756303,0.24583333333333332
synth-bimodal-tight,bimodal,1.5,13,cluster0,60,240,threshold,severity,1.0,1.0,1.0,1.0,3,0.9523809523809523,0.275
synth-bimodal-tight,bimodal,1.5,13,cluster0,60,240,threshold,severity,0.95,1.0,1.0,1.0,3,0.30985915492957744,0.04583333333333333
synth-bimodal-tight,bimodal,1.5,13,cluster0,60,240,threshold,severity,0.9,1.0,1.0,1.0,3,0.06451612903225806,0.008333333333333333
synth-bimodal-tight,bimodal,1.5,13,cluster0,60,240,threshold,severity,0.8,1.0,1.0,1.0,3,0.0,0.0
synth-bimodal-tight,bimodal,1.5,13,cluster0,60,240,threshold,symmetric,1.0,1.0,1.0,1.0,3,0.9523809523809523,0.275
synth-bimodal-tight,bimodal,1.5,13,cluster0,60,240,threshold,symmetric,0.95,1.0,1.0,1.0,3,0.2857142857142857,0.041666666666666664
synth-bimodal-tight,bimodal,1.5,13,cluster0,60,240,threshold,symmetric,0.9,1.0,1.0,1.0,3,0.09523809523809523,0.0125
synth-bimodal-tight,bimodal,1.5,13,cluster0,60,240,threshold,symmetric,0.8,1.0,1.0,1.0,3,0.0,0.0
synth-bimodal-tight,bimodal,1.5,13,cluster0,60,240,db,severity,1.0,0.3333333333333333,1.0,0.5,9,0.9523809523809523,0.275
synth-bimodal-tight,bimodal,1.5,13,cluster0,60,240,db,severity,0.95,0.75,1.0,0.8571428571428571,4,0.817391304347826,0.22916666666666666
synth-bimodal-tight,bimodal,1.5,13,cluster0,60,240,db,severity,0.9,1.0,1.0,1.0,3,0.7924528301886793,0.19166666666666668
synth-bimodal-tight,bimodal,1.5,13,cluster0,60,240,db,severity,0.8,1.0,0.3333333333333333,0.5,1,0.8034188034188033,0.2375
synth-bimodal-tight,bimodal,1.5,13,cluster0,60,240,db,symmetric,1.0,0.3333333333333333,1.0,0.5,9,0.9523809523809523,0.275
synth-bimodal-tight,bimodal,1.5,13,cluster0,60,240,db,symmetric,0.95,0.75,1.0,0.8571428571428571,4,0.8103448275862069,0.23333333333333334
synth-bimodal-tight,bimodal,1.5,13,cluster0,60,240,db,symmetric,0.9,0.75,1.0,0.8571428571428571,4,0.7735849056603774,0.19166666666666668
synth-bimodal-tight,bimodal,1.5,13,cluster0,60,240,db,symmetric,0.8,1.0,0.6666666666666666,0.8,2,0.7592592592592592,0.2
synth-bimodal-tight,bimodal,1.5,13,cluster1,60,240,threshold,severity,1.0,1.0,1.0,1.0,3,0.9836065573770492,0.25833333333333336
synth-bimodal-tight,bimodal,1.5,13,cluster1,60,240,threshold,severity,0.95,1.0,1.0,1.0,3,0.208955223880597,0.029166666666666667
synth-bimodal-tight,bimodal,1.5,13,cluster1,60,240,threshold,severity,0.9,1.0,1.0,1.0,3,0.06451612903225806,0.008333333333333333
synth-bimodal-tight,bimodal,1.5,13,cluster1,60,240,threshold,severity,0.8,1.0,1.0,1.0,3,0.0,0.0
synth-bimodal-tight,bimodal,1.5,13,cluster1,60,240,threshold,symmetric,1.0,1.0,1.0,1.0,3,0.9836065573770492,0.25833333333333336
synth-bimodal-tight,bimodal,1.5,13,cluster1,60,240,threshold,symmetric,0.95,1.0,1.0,1.0,3,0.18181818181818182,0.025
synth-bimodal-tight,bimodal,1.5,13,cluster1,60,240,threshold,symmetric,0.9,1.0,1.0,1.0,3,0.09523809523809523,0.0125
synth-bimodal-tight,bimodal,1.5,13,cluster1,60,240,threshold,symmetric,0.8,1.0,1.0,1.0,3,0.03278688524590164,0.004166666666666667
synth-bimodal-tight,bimodal,1.5,13,cluster1,60,240,db,severity,1.0,0.5,1.0,0.6666666666666666,6,0.9836065573770492,0.25833333333333336
synth-bimodal-tight,bimodal,1.5,13,cluster1,60,240,db,severity,0.95,0.6666666666666666,0.6666666666666666,0.6666666666666666,3,0.847457627118644,0.24166666666666667
synth-bimodal-tight,bimodal,1.5,13,cluster1,60,240,db,severity,0.9,1.0,0.6666666666666666,0.8,2,0.8392857142857143,0.21666666666666667
synth-bimodal-tight,bimodal,1.5,13,cluster1,60,240,db,severity,0.8,1.0,0.3333333333333333,0.5,1,0.8392857142857143,0.21666666666666667
synth-bimodal-tight,bimodal,1.5,13,cluster1,60,240,db,symmetric,1.0,0.5,1.0,0.6666666666666666,6,0.9836065573770492,0.25833333333333336
synth-bimodal-tight,bimodal,1.5,13,cluster1,60,240,db,symmetric,0.95,0.6666666666666666,0.6666666666666666,0.6666666666666666,3,0.8521739130434782,0.22916666666666666
synth-bimodal-tight,bimodal,1.5,13,cluster1,60,240,db,symmetric,0.9,0.6666666666666666,0.6666666666666666,0.6666666666666666,3,0.8181818181818182,0.20833333333333334
synth-bimodal-tight,bimodal,1.5,13,cluster1,60,240,db,symmetric,0.8,1.0,0.3333333333333333,0.5,1,0.8135593220338982,0.24166666666666667
synth-bimodal-tight,bimodal,1.5,13,cluster2,60,240,threshold,severity,1.0,1.0,1.0,1.0,3,0.9448818897637796,0.2791666666666667
synth-bimodal-tight,bimodal,1.5,13,cluster2,60,240,threshold,severity,0.95,1.0,1.0,1.0,3,0.2816901408450704,0.04583333333333333
synth-bimodal-tight,bimodal,1.5,13,cluster2,60,240,threshold,severity,0.9,1.0,1.0,1.0,3,0.03278688524590164,0.004166666666666667
synth-bimodal-tight,bimodal,1.5,13,cluster2,60,240,threshold,severity,0.8,0.6666666666666666,0.6666666666666666,0.6666666666666666,3,0.0,0.0
synth-bimodal-tight,bimodal,1.5,13,cluster2,60,240,threshold,symmetric,1.0,1.0,1.0,1.0,3,0.9448818897637796,0.2791666666666667
synth-bimodal-tight,bimodal,1.5,13,cluster2,60,240,threshold,symmetric,0.95,1.0,1.0,1.0,3,0.2816901408450704,0.04583333333333333
synth-bimodal-tight,bimodal,1.5,13,cluster2,60,240,threshold,symmetric,0.9,1.0,1.0,1.0,3,0.09523809523809523,0.0125
synth-bimodal-tight,bimodal,1.5,13,cluster2,60,240,threshold,symmetric,0.8,0.6666666666666666,0.6666666666666666,0.6666666666666666,3,0.0,0.0
synth-bimodal-tight,bimodal,1.5,13,cluster2,60,240,db,severity,1.0,0.375,1.0,0.5454545454545454,8,0.9448818897637796,0.2791666666666667
synth-bimodal-tight,bimodal,1.5,13,cluster2,60,240,db,severity,0.95,1.0,1.0,1.0,3,0.8235294117647058,0.24583333333333332
synth-bimodal-tight,bimodal,1.5,13,cluster2,60,240,db,severity,0.9,1.0,1.0,1.0,3,0.7777777777777777,0.2
synth-bimodal-tight,bimodal,1.5,13,cluster2,60,240,db,severity,0.8,1.0,0.3333333333333333,0.5,1,0.8103448275862069,0.23333333333333334
synth-bimodal-tight,bimodal,1.5,13,cluster2,60,240,db,symmetric,1.0,0.375,1.0,0.5454545454545454,8,0.9448818897637796,0.2791666666666667
synth-bimodal-tight,bimodal,1.5,13,cluster2,60,240,db,symmetric,0.95,1.0,1.0,1.0,3,0.8205128205128205,0.2375
synth-bimodal-tight,bimodal,1.5,13,cluster2,60,240,db,symmetric,0.9,1.0,1.0,1.0,3,0.7857142857142856,0.21666666666666667
synth-bimodal-tight,bimodal,1.5,13,cluster2,60,240,db,symmetric,0.8,1.0,0.6666666666666666,0.8,2,0.7272727272727272,0.20833333333333334
synth-bimodal-tight,bimodal,1.5,13,cluster3,60,240,threshold,severity,1.0,1.0,1.0,1.0,3,0.9375,0.2833333333333333
synth-bimodal-tight,bimodal,1.5,13,cluster3,60,240,threshold,severity,0.95,1.0,1.0,1.0,3,0.32876712328767127,0.05416666666666667
synth-bimodal-tight,bimodal,1.5,13,cluster3,60,240,threshold,severity,0.9,1.0,1.0,1.0,3,0.09523809523809523,0.0125
synth-bimodal-tight,bimodal,1.5,13,cluster3,60,240,threshold,severity,0.8,1.0,1.0,1.0,3,0.0,0.0
synth-bimodal-tight,bimodal,1.5,13,cluster3,60,240,threshold,symmetric,1.0,1.0,1.0,1.0,3,0.9375,0.2833333333333333
synth-bimodal-tight,bimodal,1.5,13,cluster3,60,240,threshold,symmetric,0.95,1.0,1.0,1.0,3,0.35135135135135137,0.058333333333333334
synth-bimodal-tight,bimodal,1.5,13,cluster3,60,240,threshold,symmetric,0.9,1.0,1.0,1.0,3,0.15384615384615385,0.020833333333333332
synth-bimodal-tight,bimodal,1.5,13,cluster3,60,240,threshold,symmetric,0.8,1.0,1.0,1.0,3,0.0,0.0
synth-bimodal-tight,bimodal,1.5,13,cluster3,60,240,db,severity,1.0,0.375,1.0,0.5454545454545454,8,0.9375,0.2833333333333333
synth-bimodal-tight,bimodal,1.5,13,cluster3,60,240,db,severity,0.95,1.0,1.0,1.0,3,0.8376068376068376,0.2375
synth-bimodal-tight,bimodal,1.5,13,cluster3,60,240,db,severity,0.9,0.6666666666666666,0.6666666666666666,0.6666666666666666,3,0.7719298245614035,0.225
synth-bimodal-tight,bimodal,1.5,13,cluster3,60,240,db,severity,0.8,1.0,0.6666666666666666,0.8,2,0.6551724137931035,0.23333333333333334
synth-bimodal-tight,bimodal,1.5,13,cluster3,60,240,db,symmetric,1.0,0.375,1.0,0.5454545454545454,8,0.9375,0.2833333333333333
synth-bimodal-tight,bimodal,1.5,13,cluster3,60,240,db,symmetric,0.95,1.0,1.0,1.0,3,0.8305084745762712,0.24166666666666667
synth-bimodal-tight,bimodal,1.5,13,cluster3,60,240,db,symmetric,0.9,1.0,1.0,1.0,3,0.7927927927927927,0.2125
synth-bimodal-tight,bimodal,1.5,13,cluster3,60,240,db,symmetric,0.8,1.0,0.6666666666666666,0.8,2,0.6779661016949153,0.24166666666666667
synth-bimodal-tight,bimodal,1.5,14,cluster0,60,240,threshold,severity,1.0,1.0,1.0,1.0,3,0.967741935483871,0.26666666666666666
synth-bimodal-tight,bimodal,1.5,14,cluster0,60,240,threshold,severity,0.95,1.0,1.0,1.0,3,0.208955223880597,0.029166666666666667
synth-bimodal-tight,bimodal,1.5,14,cluster0,60,240,threshold,severity,0.9,1.0,1.0,1.0,3,0.06451612903225806,0.008333333333333333
synth-bimodal-tight,bimodal,1.5,14,cluster0,60,240,threshold,severity,0.8,1.0,1.0,1.0,3,0.0,0.0
synth-bimodal-tight,bimodal,1.5,14,cluster0,60,240,threshold,symmetric,1.0,1.0,1.0,1.0,3,0.967741935483871,0.26666666666666666
synth-bimodal-tight,bimodal,1.5,14,cluster0,60,240,threshold,symmetric,0.95,1.0,1.0,1.0,3,0.23529411764705882,0.03333333333333333
synth-bimodal-tight,bimodal,1.5,14,cluster0,60,240,threshold,symmetric,0.9,1.0,1.0,1.0,3,0.06451612903225806,0.008333333333333333
synth-bimodal-tight,bimodal,1.5,14,cluster0,60,240,threshold,symmetric,0.8,1.0,1.0,1.0,3,0.0,0.0
synth-bimodal-tight,bimodal,1.5,14,cluster0,60,240,db,severity,1.0,0.3333333333333333,1.0,0.5,9,0.967741935483871,0.26666666666666666
synth-bimodal-tight,bimodal,1.5,14,cluster0,60,240,db,severity,0.95,0.75,1.0,0.8571428571428571,4,0.8333333333333334,0.2
synth-bimodal-tight,bimodal,1.5,14,cluster0,60,240,db,severity,0.9,0.5,0.6666666666666666,0.5714285714285715,4,0.7766990291262136,0.17916666666666667
synth-bimodal-tight,bimodal,1.5,14,cluster0,60,240,db,severity,0.8,1.0,0.3333333333333333,0.5,1,0.8245614035087719,0.225
synth-bimodal-tight,bimodal,1.5,14,cluster0,60,240,db,symmetric,1.0,0.3333333333333333,1.0,0.5,9,0.967741935483871,0.26666666666666666
synth-bimodal-tight,bimodal,1.5,14,cluster0,60,240,db,symmetric,0.95,0.5,0.6666666666666666,0.5714285714285715,4,0.8495575221238938,0.22083333333333333
synth-bimodal-tight,bimodal,1.5,14,cluster0,60,240,db,symmetric,0.9,0.5,0.6666666666666666,0.5714285714285715,4,0.8113207547169811,0.19166666666666668
synth-bimodal-tight,bimodal,1.5,14,cluster0,60,240,db,symmetric,0.8,0.6666666666666666,0.6666666666666666,0.6666666666666666,3,0.7010309278350515,0.15416666666666667
synth-bimodal-tight,bimodal,1.5,14,cluster1,60,240,threshold,severity,1.0,1.0,1.0,1.0,3,0.975609756097561,0.2625
synth-bimodal-tight,bimodal,1.5,14,cluster1,60,240,threshold,severity,0.95,1.0,1.0,1.0,3,0.20588235294117646,0.03333333333333333
synth-bimodal-tight,bimodal,1.5,14,cluster1,60,240,threshold,severity,0.9,1.0,1.0,1.0,3,0.06451612903225806,0.008333333333333333
synth-bimodal-tight,bimodal,1.5,14,cluster1,60,240,threshold,severity,0.8,1.0,1.0,1.0,3,0.0,0.0
synth-bimodal-tight,bimodal,1.5,14,cluster1,60,240,threshold,symmetric,1.0,1.0,1.0,1.0,3,0.975609756097561,0.2625
synth-bimodal-tight,bimodal,1.5,14,cluster1,60,240,threshold,symmetric,0.95,1.0,1.0,1.0,3,0.2318840579710145,0.0375
synth-bimodal-tight,bimodal,1.5,14,cluster1,60,240,threshold,symmetric,0.9,1.0,1.0,1.0,3,0.15384615384615385,0.020833333333333332
synth-bimodal-tight,bimodal,1.5,14,cluster1,60,240,threshold,symmetric,0.8,1.0,1.0,1.0,3,0.0,0.0
synth-bimodal-tight,bimodal,1.5,14,cluster1,60,240,db,severity,1.0,0.5,1.0,0.6666666666666666,6,0.975609756097561,0.2625
synth-bimodal-tight,bimodal,1.5,14,cluster1,60,240,db,severity,0.95,1.0,1.0,1.0,3,0.8596491228070176,0.225
synth-bimodal-tight,bimodal,1.5,14,cluster1,60,240,db,severity,0.9,1.0,1.0,1.0,3,0.8301886792452831,0.19166666666666668
synth-bimodal-tight,bimodal,1.5,14,cluster1,60,240,db,severity,0.8,1.0,0.3333333333333333,0.5,1,0.817391304347826,0.22916666666666666
synth-bimodal-tight,bimodal,1.5,14,cluster1,60,240,db,symmetric,1.0,0.5,1.0,0.6666666666666666,6,0.975609756097561,0.2625
synth-bimodal-tight,bimodal,1.5,14,cluster1,60,240,db,symmetric,0.95,1.0,1.0,1.0,3,0.8376068376068376,0.2375
synth-bimodal-tight,bimodal,1.5,14,cluster1,60,240,db,symmetric,0.9,1.0,1.0,1.0,3,0.8037383177570094,0.19583333333333333
synth-bimodal-tight,bimodal,1.5,14,cluster1,60,240,db,symmetric,0.8,1.0,0.6666666666666666,0.8,2,0.7155963302752293,0.20416666666666666
synth-bimodal-tight,bimodal,1.5,14,cluster2,60,240,threshold,severity,1.0,1.0,1.0,1.0,3,0.9448818897637796,0.2791666666666667
synth-bimodal-tight,bimodal,1.5,14,cluster2,60,240,threshold,severity,0.95,1.0,1.0,1.0,3,0.3466666666666666,0.0625
synth-bimodal-tight,bimodal,1.5,14,cluster2,60,240,threshold,severity,0.9,1.0,1.0,1.0,3,0.15384615384615385,0.020833333333333332
synth-bimodal-tight,bimodal,1.5,14,cluster2,60,240,threshold,severity,0.8,1.0,1.0,1.0,3,0.03278688524590164,0.004166666666666667
synth-bimodal-tight,bimodal,1.5,14,cluster2,60,240,threshold,symmetric,1.0,1.0,1.0,1.0,3,0.9448818897637796,0.2791666666666667
synth-bimodal-tight,bimodal,1.5,14,cluster2,60,240,threshold,symmetric,0.95,1.0,1.0,1.0,3,0.3684210526315789,0.06666666666666667
synth-bimodal-tight,bimodal,1.5,14,cluster2,60,240,threshold,symmetric,0.9,1.0,1.0,1.0,3,0.15384615384615385,0.020833333333333332
synth-bimodal-tight,bimodal,1.5,14,cluster2,60,240,threshold,symmetric,0.8,1.0,1.0,1.0,3,0.03278688524590164,0.004166666666666667
synth-bimodal-tight,bimodal,1.5,14,cluster2,60,240,db,severity,1.0,0.2727272727272727,1.0,0.42857142857142855,11,0.9448818897637796,0.2791666666666667
synth-bimodal-tight,bimodal,1.5,14,cluster2,60,240,db,severity,0.95,0.6666666666666666,0.6666666666666666,0.6666666666666666,3,0.8275862068965518,0.23333333333333334
synth-bimodal-tight,bimodal,1.5,14,cluster2,60,240,db,severity,0.9,0.6666666666666666,0.6666666666666666,0.6666666666666666,3,0.7962962962962963,0.2
synth-bimodal-tight,bimodal,1.5,14,cluster2,60,240,db,severity,0.8,1.0,0.3333333333333333,0.5,1,0.8318584070796461,0.22083333333333333
synth-bimodal-tight,bimodal,1.5,14,cluster2,60,240,db,symmetric,1.0,0.2727272727272727,1.0,0.42857142857142855,11,0.9448818897637796,0.2791666666666667
synth-bimodal-tight,bimodal,1.5,14,cluster2,60,240,db,symmetric,0.95,0.75,1.0,0.8571428571428571,4,0.8035714285714286,0.21666666666666667
synth-bimodal-tight,bimodal,1.5,14,cluster2,60,240,db,symmetric,0.9,0.6666666666666666,0.6666666666666666,0.6666666666666666,3,0.7964601769911505,0.22083333333333333
synth-bimodal-tight,bimodal,1.5,14,cluster2,60,240,db,symmetric,0.8,1.0,0.6666666666666666,0.8,2,0.6851851851851851,0.2
synth-bimodal-tight,bimodal,1.5,14,cluster3,60,240,threshold,severity,1.0,1.0,1.0,1.0,3,0.9302325581395349,0.2875
synth-bimodal-tight,bimodal,1.5,14,cluster3,60,240,threshold,severity,0.95,1.0,1.0,1.0,3,0.208955223880597,0.029166666666666667
synth-bimodal-tight,bimodal,1.5,14,cluster3,60,240,threshold,severity,0.9,1.0,1.0,1.0,3,0.03278688524590164,0.004166666666666667
synth-bimodal-tight,bimodal,1.5,14,cluster3,60,240,threshold,severity,0.8,1.0,1.0,1.0,3,0.0,0.0
synth-bimodal-tight,bimodal,1.5,14,cluster3,60,240,threshold,symmetric,1.0,1.0,1.0,1.0,3,0.9302325581395349,0.2875
synth-bimodal-tight,bimodal,1.5,14,cluster3,60,240,threshold,symmetric,0.95,1.0,1.0,1.0,3,0.23529411764705882,0.03333333333333333
synth-bimodal-tight,bimodal,1.5,14,cluster3,60,240,threshold,symmetric,0.9,1.0,1.0,1.0,3,0.03278688524590164,0.004166666666666667
synth-bimodal-tight,bimodal,1.5,14,cluster3,60,240,threshold,symmetric,0.8,1.0,1.0,1.0,3,0.0,0.0
synth-bimodal-tight,bimodal,1.5,14,cluster3,60,240,db,severity,1.0,0.2727272727272727,1.0,0.42857142857142855,11,0.9302325581395349,0.2875
synth-bimodal-tight,bimodal,1.5,14,cluster3,60,240,db,severity,0.95,1.0,1.0,1.0,3,0.8000000000000002,0.25
synth-bimodal-tight,bimodal,1.5,14,cluster3,60,240,db,severity,0.9,1.0,1.0,1.0,3,0.7924528301886793,0.19166666666666668
synth-bimodal-tight,bimodal,1.5,14,cluster3,60,240,db,severity,0.8,1.0,0.3333333333333333,0.5,1,0.8318584070796461,0.22083333333333333
synth-bimodal-tight,bimodal,1.5,14,cluster3,60,240,db,symmetric,1.0,0.2727272727272727,1.0,0.42857142857142855,11,0.9302325581395349,0.2875
synth-bimodal-tight,bimodal,1.5,14,cluster3,60,240,db,symmetric,0.95,1.0,1.0,1.0,3,0.8032786885245902,0.25833333333333336
synth-bimodal-tight,bimodal,1.5,14,cluster3,60,240,db,symmetric,0.9,1.0,1.0,1.0,3,0.7610619469026548,0.22083333333333333
synth-bimodal-tight,bimodal,1.5,14,cluster3,60,240,db,symmetric,0.8,1.0,0.6666666666666666,0.8,2,0.6909090909090909,0.20833333333333334
synth-bimodal-tight,bimodal,1.5,15,cluster0,60,240,threshold,severity,1.0,1.0,1.0,1.0,3,0.975609756097561,0.2625
synth-bimodal-tight,bimodal,1.5,15,cluster0,60,240,threshold,severity,0.95,1.0,1.0,1.0,3,0.3055555555555556,0.05
synth-bimodal-tight,bimodal,1.5,15,cluster0,60,240,threshold,severity,0.9,1.0,1.0,1.0,3,0.09523809523809523,0.0125
synth-bimodal-tight,bimodal,1.5,15,cluster0,60,240,threshold,severity,0.8,1.0,1.0,1.0,3,0.03278688524590164,0.004166666666666667
synth-bimodal-tight,bimodal,1.5,15,cluster0,60,240,threshold,symmetric,1.0,1.0,1.0,1.0,3,0.975609756097561,0.2625
synth-bimodal-tight,bimodal,1.5,15,cluster0,60,240,threshold,symmetric,0.95,1.0,1.0,1.0,3,0.30985915492957744,0.04583333333333333
synth-bimodal-tight,bimodal,1.5,15,cluster0,60,240,threshold,symmetric,0.9,1.0,1.0,1.0,3,0.09523809523809523,0.0125
synth-bimodal-tight,bimodal,1.5,15,cluster0,60,240,threshold,symmetric,0.8,1.0,1.0,1.0,3,0.03278688524590164,0.004166666666666667
synth-bimodal-tight,bimodal,1.5,15,cluster0,60,240,db,severity,1.0,0.375,1.0,0.5454545454545454,8,0.975609756097561,0.2625
synth-bimodal-tight,bimodal,1.5,15,cluster0,60,240,db,severity,0.95,0.75,1.0,0.8571428571428571,4,0.8571428571428571,0.21666666666666667
synth-bimodal-tight,bimodal,1.5,15,cluster0,60,240,db,severity,0.9,1.0,0.6666666666666666,0.8,2,0.7666666666666667,0.25
synth-bimodal-tight,bimodal,1.5,15,cluster0,60,240,db,severity,0.8,1.0,0.3333333333333333,0.5,1,0.8103448275862069,0.23333333333333334
synth-bimodal-tight,bimodal,1.5,15,cluster0,60,240,db,symmetric,1.0,0.375,1.0,0.5454545454545454,8,0.975609756097561,0.2625
synth-bimodal-tight,bimodal,1.5,15,cluster0,60,240,db,symmetric,0.95,0.75,1.0,0.8571428571428571,4,0.8468468468468469,0.2125
synth-bimodal-tight,bimodal,1.5,15,cluster0,60,240,db,symmetric,0.9,1.0,1.0,1.0,3,0.8108108108108107,0.2125
synth-bimodal-tight,bimodal,1.5,15,cluster0,60,240,db,symmetric,0.8,1.0,0.6666666666666666,0.8,2,0.7272727272727272,0.20833333333333334
synth-bimodal-tight,bimodal,1.5,15,cluster1,60,240,threshold,severity,1.0,1.0,1.0,1.0,3,0.975609756097561,0.2625
synth-bimodal-tight,bimodal,1.5,15,cluster1,60,240,threshold,severity,0.95,1.0,1.0,1.0,3,0.2857142857142857,0.041666666666666664
synth-bimodal-tight,bimodal,1.5,15,cluster1,60,240,threshold,severity,0.9,1.0,1.0,1.0,3,0.125,0.016666666666666666
synth-bimodal-tight,bimodal,1.5,15,cluster1,60,240,threshold,severity,0.8,1.0,1.0,1.0,3,0.0,0.0
synth-bimodal-tight,bimodal,1.5,15,cluster1,60,240,threshold,symmetric,1.0,1.0,1.0,1.0,3,0.975609756097561,0.2625
synth-bimodal-tight,bimodal,1.5,15,cluster1,60,240,threshold,symmetric,0.95,1.0,1.0,1.0,3,0.2857142857142857,0.041666666666666664
synth-bimodal-tight,bimodal,1.5,15,cluster1,60,240,threshold,symmetric,0.9,1.0,1.0,1.0,3,0.15384615384615385,0.020833333333333332
synth-bimodal-tight,bimodal,1.5,15,cluster1,60,240,threshold,symmetric,0.8,1.0,1.0,1.0,3,0.03278688524590164,0.004166666666666667
synth-bimodal-tight,bimodal,1.5,15,cluster1,60,240,db,severity,1.0,0.3,1.0,0.4615384615384615,10,0.975609756097561,0.2625
synth-bimodal-tight,bimodal,1.5,15,cluster1,60,240,db,severity,0.95,0.75,1.0,0.8571428571428571,4,0.8545454545454546,0.20833333333333334
synth-bimodal-tight,bimodal,1.5,15,cluster1,60,240,db,severity,0.9,1.0,1.0,1.0,3,0.7706422018348624,0.20416666666666666
synth-bimodal-tight,bimodal,1.5,15,cluster1,60,240,db,severity,0.8,1.0,0.3333333333333333,0.5,1,0.8245614035087719,0.225
synth-bimodal-tight,bimodal,1.5,15,cluster1,60,240,db,symmetric,1.0,0.3,1.0,0.4615384615384615,10,0.975609756097561,0.2625
synth-bimodal-tight,bimodal,1.5,15,cluster1,60,240,db,symmetric,0.95,0.75,1.0,0.8571428571428571,4,0.8545454545454546,0.20833333333333334
synth-bimodal-tight,bimodal,1.5,15,cluster1,60,240,db,symmetric,0.9,1.0,1.0,1.0,3,0.7787610619469026,0.22083333333333333
synth-bimodal-tight,bimodal,1.5,15,cluster1,60,240,db,symmetric,0.8,1.0,0.6666666666666666,0.8,2,0.689655172413793,0.23333333333333334
synth-bimodal-tight,bimodal,1.5,15,cluster2,60,240,threshold,severity,1.0,1.0,1.0,1.0,3,0.9302325581395349,0.2875
synth-bimodal-tight,bimodal,1.5,15,cluster2,60,240,threshold,severity,0.95,1.0,1.0,1.0,3,0.125,0.016666666666666666
synth-bimodal-tight,bimodal,1.5,15,cluster2,60,240,threshold,severity,0.9,1.0,1.0,1.0,3,0.0,0.0
synth-bimodal-tight,bimodal,1.5,15,cluster2,60,240,threshold,severity,0.8,1.0,1.0,1.0,3,0.0,0.0
synth-bimodal-tight,bimodal,1.5,15,cluster2,60,240,threshold,symmetric,1.0,1.0,1.0,1.0,3,0.9302325581395349,0.2875
synth-bimodal-tight,bimodal,1.5,15,cluster2,60,240,threshold,symmetric,0.95,1.0,1.0,1.0,3,0.18181818181818182,0.025
synth-bimodal-tight,bimodal,1.5,15,cluster2,60,240,threshold,symmetric,0.9,1.0,1.0,1.0,3,0.0,0.0
synth-bimodal-tight,bimodal,1.5,15,cluster2,60,240,threshold,symmetric,0.8,0.6666666666666666,0.6666666666666666,0.6666666666666666,3,0.0,0.0
synth-bimodal-tight,bimodal,1.5,15,cluster2,60,240,db,severity,1.0,0.375,1.0,0.5454545454545454,8,0.9302325581395349,0.2875
synth-bimodal-tight,bimodal,1.5,15,cluster2,60,240,db,severity,0.95,1.0,1.0,1.0,3,0.8347826086956521,0.22916666666666666
synth-bimodal-tight,bimodal,1.5,15,cluster2,60,240,db,severity,0.9,1.0,1.0,1.0,3,0.8037383177570094,0.19583333333333333
synth-bimodal-tight,bimodal,1.5,15,cluster2,60,240,db,severity,0.8,1.0,0.3333333333333333,0.5,1,0.8103448275862069,0.23333333333333334
synth-bimodal-tight,bimodal,1.5,15,cluster2,60,240,db,symmetric,1.0,0.375,1.0,0.5454545454545454,8,0.9302325581395349,0.2875
synth-bimodal-tight,bimodal,1.5,15,cluster2,60,240,db,symmetric,0.95,1.0,1.0,1.0,3,0.847457627118644,0.24166666666666667
synth-bimodal-tight,bimodal,1.5,15,cluster2,60,240,db,symmetric,0.9,1.0,1.0,1.0,3,0.7927927927927927,0.2125
synth-bimodal-tight,bimodal,1.5,15,cluster2,60,240,db,symmetric,0.8,1.0,0.6666666666666666,0.8,2,0.6666666666666667,0.225
synth-bimodal-tight,bimodal,1.5,15,cluster3,60,240,threshold,severity,1.0,1.0,1.0,1.0,3,0.8955223880597014,0.30833333333333335
synth-bimodal-tight,bimodal,1.5,15,cluster3,60,240,threshold,severity,0.95,1.0,1.0,1.0,3,0.23529411764705882,0.03333333333333333
synth-bimodal-tight,bimodal,1.5,15,cluster3,60,240,threshold,severity,0.9,1.0,1.0,1.0,3,0.06451612903225806,0.008333333333333333
synth-bimodal-tight,bimodal,1.5,15,cluster3,60,240,threshold,severity,0.8,1.0,1.0,1.0,3,0.0,0.0
synth-bimodal-tight,bimodal,1.5,15,cluster3,60,240,threshold,symmetric,1.0,1.0,1.0,1.0,3,0.8955223880597014,0.30833333333333335
synth-bimodal-tight,bimodal,1.5,15,cluster3,60,240,threshold,symmetric,0.95,1.0,1.0,1.0,3,0.23529411764705882,0.03333333333333333
synth-bimodal-tight,bimodal,1.5,15,cluster3,60,240,threshold,symmetric,0.9,1.0,1.0,1.0,3,0.06451612903225806,0.008333333333333333
synth-bimodal-tight,bimodal,1.5,15,cluster3,60,240,threshold,symmetric,0.8,1.0,1.0,1.0,3,0.0,0.0
synth-bimodal-tight,bimodal,1.5,15,cluster3,60,240,db,severity,1.0,0.375,1.0,0.5454545454545454,8,0.8955223880597014,0.30833333333333335
synth-bimodal-tight,bimodal,1.5,15,cluster3,60,240,db,severity,0.95,0.75,1.0,0.8571428571428571,4,0.8103448275862069,0.23333333333333334
synth-bimodal-tight,bimodal,1.5,15,cluster3,60,240,db,severity,0.9,1.0,1.0,1.0,3,0.7678571428571429,0.21666666666666667
synth-bimodal-tight,bimodal,1.5,15,cluster3,60,240,db,severity,0.8,1.0,0.3333333333333333,0.5,1,0.817391304347826,0.22916666666666666
synth-bimodal-tight,bimodal,1.5,15,cluster3,60,240,db,symmetric,1.0,0.375,1.0,0.5454545454545454,8,0.8955223880597014,0.30833333333333335
synth-bimodal-tight,bimodal,1.5,15,cluster3,60,240,db,symmetric,0.95,0.75,1.0,0.8571428571428571,4,0.8135593220338982,0.24166666666666667
synth-bimodal-tight,bimodal,1.5,15,cluster3,60,240,db,symmetric,0.9,1.0,1.0,1.0,3,0.7796610169491527,0.24166666666666667
synth-bimodal-tight,bimodal,1.5,15,cluster3,60,240,db,symmetric,0.8,1.0,0.6666666666666666,0.8,2,0.6956521739130435,0.22916666666666666
synth-bimodal-tight,bimodal,1.5,16,cluster0,60,240,threshold,severity,1.0,1.0,1.0,1.0,3,0.975609756097561,0.2625
synth-bimodal-tight,bimodal,1.5,16,cluster0,60,240,threshold,severity,0.95,1.0,1.0,1.0,3,0.20588235294117646,0.03333333333333333
synth-bimodal-tight,bimodal,1.5,16,cluster0,60,240,threshold,severity,0.9,1.0,1.0,1.0,3,0.03278688524590164,0.004166666666666667
synth-bimodal-tight,bimodal,1.5,16,cluster0,60,240,threshold,severity,0.8,1.0,1.0,1.0,3,0.0,0.0
synth-bimodal-tight,bimodal,1.5,16,cluster0,60,240,threshold,symmetric,1.0,1.0,1.0,1.0,3,0.975609756097561,0.2625
synth-bimodal-tight,bimodal,1.5,16,cluster0,60,240,threshold,symmetric,0.95,1.0,1.0,1.0,3,0.20588235294117646,0.03333333333333333
synth-bimodal-tight,bimodal,1.5,16,cluster0,60,240,threshold,symmetric,0.9,1.0,1.0,1.0,3,0.06451612903225806,0.008333333333333333
synth-bimodal-tight,bimodal,1.5,16,cluster0,60,240,threshold,symmetric,0.8,1.0,1.0,1.0,3,0.0,0.0
synth-bimodal-tight,bimodal,1.5,16,cluster0,60,240,db,severity,1.0,0.6,1.0,0.7499999999999999,5,0.975609756097561,0.2625
synth-bimodal-tight,bimodal,1.5,16,cluster0,60,240,db,severity,0.95,1.0,1.0,1.0,3,0.8347826086956521,0.22916666666666666
synth-bimodal-tight,bimodal,1.5,16,cluster0,60,240,db,severity,0.9,1.0,0.6666666666666666,0.8,2,0.8245614035087719,0.225
synth-bimodal-tight,bimodal,1.5,16,cluster0,60,240,db,severity,0.8,1.0,0.3333333333333333,0.5,1,0.8392857142857143,0.21666666666666667
synth-bimodal-tight,bimodal,1.5,16,cluster0,60,240,db,symmetric,1.0,0.6,1.0,0.7499999999999999,5,0.975609756097561,0.2625
synth-bimodal-tight,bimodal,1.5,16,cluster0,60,240,db,symmetric,0.95,1.0,1.0,1.0,3,0.8376068376068376,0.2375
synth-bimodal-tight,bimodal,1.5,16,cluster0,60,240,db,symmetric,0.9,0.6666666666666666,0.6666666666666666,0.6666666666666666,3,0.8440366972477065,0.20416666666666666
synth-bimodal-tight,bimodal,1.5,16,cluster0,60,240,db,symmetric,0.8,1.0,0.3333333333333333,0.5,1,0.8205128205128205,0.2375
synth-bimodal-tight,bimodal,1.5,16,cluster1,60,240,threshold,severity,1.0,1.0,1.0,1.0,3,0.9600000000000001,0.2708333333333333
synth-bimodal-tight,bimodal,1.5,16,cluster1,60,240,threshold,severity,0.95,1.0,1.0,1.0,3,0.30985915492957744,0.04583333333333333
synth-bimodal-tight,bimodal,1.5,16,cluster1,60,240,threshold,severity,0.9,1.0,1.0,1.0,3,0.06451612903225806,0.008333333333333333
synth-bimodal-tight,bimodal,1.5,16,cluster1,60,240,threshold,severity,0.8,1.0,1.0,1.0,3,0.0,0.0
synth-bimodal-tight,bimodal,1.5,16,cluster1,60,240,threshold,symmetric,1.0,1.0,1.0,1.0,3,0.9600000000000001,0.2708333333333333
synth-bimodal-tight,bimodal,1.5,16,cluster1,60,240,threshold,symmetric,0.95,1.0,1.0,1.0,3,0.30985915492957744,0.04583333333333333
synth-bimodal-tight,bimodal,1.5,16,cluster1,60,240,threshold,symmetric,0.9,1.0,1.0,1.0,3,0.06451612903225806,0.008333333333333333
synth-bimodal-tight,bimodal,1.5,16,cluster1,60,240,threshold,symmetric,0.8,1.0,1.0,1.0,3,0.0,0.0
synth-bimodal-tight,bimodal,1.5,16,cluster1,60,240,db,severity,1.0,0.375,1.0,0.5454545454545454,8,0.9600000000000001,0.2708333333333333
synth-bimodal-tight,bimodal,1.5,16,cluster1,60,240,db,severity,0.95,0.75,1.0,0.8571428571428571,4,0.8288288288288289,0.2125
synth-bimodal-tight,bimodal,1.5,16,cluster1,60,240,db,severity,0.9,0.6666666666666666,0.6666666666666666,0.6666666666666666,3,0.7678571428571429,0.21666666666666667
synth-bimodal-tight,bimodal,1.5,16,cluster1,60,240,db,severity,0.8,1.0,0.3333333333333333,0.5,1,0.8318584070796461,0.22083333333333333
synth-bimodal-tight,bimodal,1.5,16,cluster1,60,240,db,symmetric,1.0,0.375,1.0,0.5454545454545454,8,0.9600000000000001,0.2708333333333333
synth-bimodal-tight,bimodal,1.5,16,cluster1,60,240,db,symmetric,0.95,0.75,1.0,0.8571428571428571,4,0.8288288288288289,0.2125
synth-bimodal-tight,bimodal,1.5,16,cluster1,60,240,db,symmetric,0.9,0.6666666666666666,0.6666666666666666,0.6666666666666666,3,0.7652173913043478,0.22916666666666666
synth-bimodal-tight,bimodal,1.5,16,cluster1,60,240,db,symmetric,0.8,1.0,0.6666666666666666,0.8,2,0.6956521739130435,0.22916666666666666
synth-bimodal-tight,bimodal,1.5,16,cluster2,60,240,threshold,severity,1.0,1.0,1.0,1.0,3,0.9600000000000001,0.2708333333333333
synth-bimodal-tight,bimodal,1.5,16,cluster2,60,240,threshold,severity,0.95,1.0,1.0,1.0,3,0.2318840579710145,0.0375
synth-bimodal-tight,bimodal,1.5,16,cluster2,60,240,threshold,severity,0.9,1.0,1.0,1.0,3,0.06451612903225806,0.008333333333333333
synth-bimodal-tight,bimodal,1.5,16,cluster2,60,240,threshold,severity,0.8,1.0,1.0,1.0,3,0.0,0.0
synth-bimodal-tight,bimodal,1.5,16,cluster2,60,240,threshold,symmetric,1.0,1.0,1.0,1.0,3,0.9600000000000001,0.2708333333333333
synth-bimodal-tight,bimodal,1.5,16,cluster2,60,240,threshold,symmetric,0.95,1.0,1.0,1.0,3,0.20588235294117646,0.03333333333333333
synth-bimodal-tight,bimodal,1.5,16,cluster2,60,240,threshold,symmetric,0.9,1.0,1.0,1.0,3,0.03278688524590164,0.004166666666666667
synth-bimodal-tight,bimodal,1.5,16,cluster2,60,240,threshold,symmetric,0.8,1.0,1.0,1.0,3,0.0,0.0
synth-bimodal-tight,bimodal,1.5,16,cluster2,60,240,db,severity,1.0,0.42857142857142855,1.0,0.6,7,0.9600000000000001,0.2708333333333333
synth-bimodal-tight,bimodal,1.5,16,cluster2,60,240,db,severity,0.95,1.0,1.0,1.0,3,0.8403361344537815,0.24583333333333332
synth-bimodal-tight,bimodal,1.5,16,cluster2,60,240,db,severity,0.9,1.0,0.6666666666666666,0.8,2,0.8245614035087719,0.225
synth-bimodal-tight,bimodal,1.5,16,cluster2,60,240,db,severity,0.8,1.0,0.3333333333333333,0.5,1,0.8392857142857143,0.21666666666666667
synth-bimodal-tight,bimodal,1.5,16,cluster2,60,240,db,symmetric,1.0,0.42857142857142855,1.0,0.6,7,0.9600000000000001,0.2708333333333333
synth-bimodal-tight,bimodal,1.5,16,cluster2,60,240,db,symmetric,0.95,0.75,1.0,0.8571428571428571,4,0.8363636363636363,0.20833333333333334
synth-bimodal-tight,bimodal,1.5,16,cluster2,60,240,db,symmetric,0.9,0.5,0.6666666666666666,0.5714285714285715,4,0.8076923076923077,0.18333333333333332
synth-bimodal-tight,bimodal,1.5,16,cluster2,60,240,db,symmetric,0.8,1.0,0.3333333333333333,0.5,1,0.8347826086956521,0.22916666666666666
synth-bimodal-tight,bimodal,1.5,16,cluster3,60,240,threshold,severity,1.0,1.0,1.0,1.0,3,0.975609756097561,0.2625
synth-bimodal-tight,bimodal,1.5,16,cluster3,60,240,threshold,severity,0.95,1.0,1.0,1.0,3,0.23529411764705882,0.03333333333333333
synth-bimodal-tight,bimodal,1.5,16,cluster3,60,240,threshold,severity,0.9,1.0,1.0,1.0,3,0.09523809523809523,0.0125
synth-bimodal-tight,bimodal,1.5,16,cluster3,60,240,threshold,severity,0.8,1.0,1.0,1.0,3,0.0,0.0
synth-bimodal-tight,bimodal,1.5,16,cluster3,60,240,threshold,symmetric,1.0,1.0,1.0,1.0,3,0.975609756097561,0.2625
synth-bimodal-tight,bimodal,1.5,16,cluster3,60,240,threshold,symmetric,0.95,1.0,1.0,1.0,3,0.23529411764705882,0.03333333333333333
synth-bimodal-tight,bimodal,1.5,16,cluster3,60,240,threshold,symmetric,0.9,1.0,1.0,1.0,3,0.09523809523809523,0.0125
synth-bimodal-tight,bimodal,1.5,16,cluster3,60,240,threshold,symmetric,0.8,1.0,1.0,1.0,3,0.0,0.0
synth-bimodal-tight,bimodal,1.5,16,cluster3,60,240,db,severity,1.0,0.75,1.0,0.8571428571428571,4,0.975609756097561,0.2625
synth-bimodal-tight,bimodal,1.5,16,cluster3,60,240,db,severity,0.95,1.0,1.0,1.0,3,0.8672566371681416,0.22083333333333333
synth-bimodal-tight,bimodal,1.5,16,cluster3,60,240,db,severity,0.9,1.0,0.6666666666666666,0.8,2,0.8103448275862069,0.23333333333333334
synth-bimodal-tight,bimodal,1.5,16,cluster3,60,240,db,severity,0.8,1.0,0.3333333333333333,0.5,1,0.8468468468468469,0.2125
synth-bimodal-tight,bimodal,1.5,16,cluster3,60,240,db,symmetric,1.0,0.75,1.0,0.8571428571428571,4,0.975609756097561,0.2625
synth-bimodal-tight,bimodal,1.5,16,cluster3,60,240,db,symmetric,0.95,1.0,1.0,1.0,3,0.8672566371681416,0.22083333333333333
synth-bimodal-tight,bimodal,1.5,16,cluster3,60,240,db,symmetric,0.9,1.0,1.0,1.0,3,0.8256880733944955,0.20416666666666666
synth-bimodal-tight,bimodal,1.5,16,cluster3,60,240,db,symmetric,0.8,1.0,0.6666666666666666,0.8,2,0.7102803738317757,0.19583333333333333
synth-bimodal-tight,bimodal,1.5,17,cluster0,60,240,threshold,severity,1.0,1.0,1.0,1.0,3,0.9375,0.2833333333333333
synth-bimodal-tight,bimodal,1.5,17,cluster0,60,240,threshold,severity,0.95,1.0,1.0,1.0,3,0.33333333333333337,0.05
synth-bimodal-tight,bimodal,1.5,17,cluster0,60,240,threshold,severity,0.9,1.0,1.0,1.0,3,0.09523809523809523,0.0125
synth-bimodal-tight,bimodal,1.5,17,cluster0,60,240,threshold,severity,0.8,1.0,1.0,1.0,3,0.03278688524590164,0.004166666666666667
synth-bimodal-tight,bimodal,1.5,17,cluster0,60,240,threshold,symmetric,1.0,1.0,1.0,1.0,3,0.9375,0.2833333333333333
synth-bimodal-tight,bimodal,1.5,17,cluster0,60,240,threshold,symmetric,0.95,1.0,1.0,1.0,3,0.33333333333333337,0.05
synth-bimodal-tight,bimodal,1.5,17,cluster0,60,240,threshold,symmetric,0.9,1.0,1.0,1.0,3,0.125,0.016666666666666666
synth-bimodal-tight,bimodal,1.5,17,cluster0,60,240,threshold,symmetric,0.8,1.0,1.0,1.0,3,0.03278688524590164,0.004166666666666667
synth-bimodal-tight,bimodal,1.5,17,cluster0,60,240,db,severity,1.0,0.42857142857142855,1.0,0.6,7,0.9375,0.2833333333333333
synth-bimodal-tight,bimodal,1.5,17,cluster0,60,240,db,severity,0.95,1.0,1.0,1.0,3,0.8305084745762712,0.24166666666666667
synth-bimodal-tight,bimodal,1.5,17,cluster0,60,240,db,severity,0.9,0.6666666666666666,0.6666666666666666,0.6666666666666666,3,0.7777777777777777,0.2
synth-bimodal-tight,bimodal,1.5,17,cluster0,60,240,db,severity,0.8,1.0,0.3333333333333333,0.5,1,0.8245614035087719,0.225
synth-bimodal-tight,bimodal,1.5,17,cluster0,60,240,db,symmetric,1.0,0.42857142857142855,1.0,0.6,7,0.9375,0.2833333333333333
synth-bimodal-tight,bimodal,1.5,17,cluster0,60,240,db,symmetric,0.95,1.0,1.0,1.0,3,0.8305084745762712,0.24166666666666667
synth-bimodal-tight,bimodal,1.5,17,cluster0,60,240,db,symmetric,0.9,0.75,1.0,0.8571428571428571,4,0.7809523809523808,0.1875
synth-bimodal-tight,bimodal,1.5,17,cluster0,60,240,db,symmetric,0.8,1.0,0.3333333333333333,0.5,1,0.7804878048780488,0.2625
synth-bimodal-tight,bimodal,1.5,17,cluster1,60,240,threshold,severity,1.0,1.0,1.0,1.0,3,0.9375,0.2833333333333333
synth-bimodal-tight,bimodal,1.5,17,cluster1,60,240,threshold,severity,0.95,1.0,1.0,1.0,3,0.3055555555555556,0.05
synth-bimodal-tight,bimodal,1.5,17,cluster1,60,240,threshold,severity,0.9,1.0,1.0,1.0,3,0.09523809523809523,0.0125
synth-bimodal-tight,bimodal,1.5,17,cluster1,60,240,threshold,severity,0.8,1.0,1.0,1.0,3,0.0,0.0
synth-bimodal-tight,bimodal,1.5,17,cluster1,60,240,threshold,symmetric,1.0,1.0,1.0,1.0,3,0.9375,0.2833333333333333
synth-bimodal-tight,bimodal,1.5,17,cluster1,60,240,threshold,symmetric,0.95,1.0,1.0,1.0,3,0.32876712328767127,0.05416666666666667
synth-bimodal-tight,bimodal,1.5,17,cluster1,60,240,threshold,symmetric,0.9,1.0,1.0,1.0,3,0.125,0.016666666666666666
synth-bimodal-tight,bimodal,1.5,17,cluster1,60,240,threshold,symmetric,0.8,1.0,1.0,1.0,3,0.0,0.0
synth-bimodal-tight,bimodal,1.5,17,cluster1,60,240,db,severity,1.0,0.42857142857142855,1.0,0.6,7,0.9375,0.2833333333333333
synth-bimodal-tight,bimodal,1.5,17,cluster1,60,240,db,severity,0.95,1.0,1.0,1.0,3,0.8448275862068966,0.23333333333333334
synth-bimodal-tight,bimodal,1.5,17,cluster1,60,240,db,severity,0.9,1.0,1.0,1.0,3,0.8037383177570094,0.19583333333333333
synth-bimodal-tight,bimodal,1.5,17,cluster1,60,240,db,severity,0.8,1.0,0.3333333333333333,0.5,1,0.8135593220338982,0.24166666666666667
synth-bimodal-tight,bimodal,1.5,17,cluster1,60,240,db,symmetric,1.0,0.42857142857142855,1.0,0.6,7,0.9375,0.2833333333333333
synth-bimodal-tight,bimodal,1.5,17,cluster1,60,240,db,symmetric,0.95,1.0,1.0,1.0,3,0.8205128205128205,0.2375
synth-bimodal-tight,bimodal,1.5,17,cluster1,60,240,db,symmetric,0.9,0.6666666666666666,0.6666666666666666,0.6666666666666666,3,0.8181818181818182,0.20833333333333334
synth-bimodal-tight,bimodal,1.5,17,cluster1,60,240,db,symmetric,0.8,1.0,0.6666666666666666,0.8,2,0.7027027027027027,0.2125
synth-bimodal-tight,bimodal,1.5,17,cluster2,60,240,threshold,severity,1.0,1.0,1.0,1.0,3,0.9836065573770492,0.25833333333333336
synth-bimodal-tight,bimodal,1.5,17,cluster2,60,240,threshold,severity,0.95,1.0,1.0,1.0,3,0.4155844155844156,0.07083333333333333
synth-bimodal-tight,bimodal,1.5,17,cluster2,60,240,threshold,severity,0.9,1.0,1.0,1.0,3,0.09523809523809523,0.0125
synth-bimodal-tight,bimodal,1.5,17,cluster2,60,240,threshold,severity,0.8,1.0,1.0,1.0,3,0.03278688524590164,0.004166666666666667
synth-bimodal-tight,bimodal,1.5,17,cluster2,60,240,threshold,symmetric,1.0,1.0,1.0,1.0,3,0.9836065573770492,0.25833333333333336
synth-bimodal-tight,bimodal,1.5,17,cluster2,60,240,threshold,symmetric,0.95,1.0,1.0,1.0,3,0.39473684210526316,0.06666666666666667
synth-bimodal-tight,bimodal,1.5,17,cluster2,60,240,threshold,symmetric,0.9,1.0,1.0,1.0,3,0.208955223880597,0.029166666666666667
synth-bimodal-tight,bimodal,1.5,17,cluster2,60,240,threshold,symmetric,0.8,1.0,1.0,1.0,3,0.03278688524590164,0.004166666666666667
synth-bimodal-tight,bimodal,1.5,17,cluster2,60,240,db,severity,1.0,0.375,1.0,0.5454545454545454,8,0.9836065573770492,0.25833333333333336
synth-bimodal-tight,bimodal,1.5,17,cluster2,60,240,db,severity,0.95,0.75,1.0,0.8571428571428571,4,0.8521739130434782,0.22916666666666666
synth-bimodal-tight,bimodal,1.5,17,cluster2,60,240,db,severity,0.9,1.0,1.0,1.0,3,0.766355140186916,0.19583333333333333
synth-bimodal-tight,bimodal,1.5,17,cluster2,60,240,db,severity,0.8,1.0,0.3333333333333333,0.5,1,0.817391304347826,0.22916666666666666
synth-bimodal-tight,bimodal,1.5,17,cluster2,60,240,db,symmetric,1.0,0.375,1.0,0.5454545454545454,8,0.9836065573770492,0.25833333333333336
synth-bimodal-tight,bimodal,1.5,17,cluster2,60,240,db,symmetric,0.95,0.75,1.0,0.8571428571428571,4,0.8421052631578948,0.225
synth-bimodal-tight,bimodal,1.5,17,cluster2,60,240,db,symmetric,0.9,1.0,1.0,1.0,3,0.7818181818181817,0.20833333333333334
synth-bimodal-tight,bimodal,1.5,17,cluster2,60,240,db,symmetric,0.8,1.0,0.3333333333333333,0.5,1,0.7741935483870969,0.26666666666666666
synth-bimodal-tight,bimodal,1.5,17,cluster3,60,240,threshold,severity,1.0,1.0,1.0,1.0,3,0.9600000000000001,0.2708333333333333
synth-bimodal-tight,bimodal,1.5,17,cluster3,60,240,threshold,severity,0.95,1.0,1.0,1.0,3,0.2857142857142857,0.041666666666666664
synth-bimodal-tight,bimodal,1.5,17,cluster3,60,240,threshold,severity,0.9,1.0,1.0,1.0,3,0.0,0.0
synth-bimodal-tight,bimodal,1.5,17,cluster3,60,240,threshold,severity,0.8,1.0,1.0,1.0,3,0.0,0.0
synth-bimodal-tight,bimodal,1.5,17,cluster3,60,240,threshold,symmetric,1.0,1.0,1.0,1.0,3,0.9600000000000001,0.2708333333333333
synth-bimodal-tight,bimodal,1.5,17,cluster3,60,240,threshold,symmetric,0.95,1.0,1.0,1.0,3,0.2857142857142857,0.041666666666666664
synth-bimodal-tight,bimodal,1.5,17,cluster3,60,240,threshold,symmetric,0.9,1.0,1.0,1.0,3,0.09523809523809523,0.0125
synth-bimodal-tight,bimodal,1.5,17,cluster3,60,240,threshold,symmetric,0.8,0.6666666666666666,0.6666666666666666,0.6666666666666666,3,0.0,0.0
synth-bimodal-tight,bimodal,1.5,17,cluster3,60,240,db,severity,1.0,0.3,1.0,0.4615384615384615,10,0.9600000000000001,0.2708333333333333
synth-bimodal-tight,bimodal,1.5,17,cluster3,60,240,db,severity,0.95,0.75,1.0,0.8571428571428571,4,0.8108108108108107,0.2125
synth-bimodal-tight,bimodal,1.5,17,cluster3,60,240,db,severity,0.9,0.6666666666666666,0.6666666666666666,0.6666666666666666,3,0.75,0.21666666666666667
synth-bimodal-tight,bimodal,1.5,17,cluster3,60,240,db,severity,0.8,1.0,0.3333333333333333,0.5,1,0.8034188034188033,0.2375
synth-bimodal-tight,bimodal,1.5,17,cluster3,60,240,db,symmetric,1.0,0.3,1.0,0.4615384615384615,10,0.9600000000000001,0.2708333333333333
synth-bimodal-tight,bimodal,1.5,17,cluster3,60,240,db,symmetric,0.95,0.75,1.0,0.8571428571428571,4,0.8181818181818182,0.20833333333333334
synth-bimodal-tight,bimodal,1.5,17,cluster3,60,240,db,symmetric,0.9,0.6666666666666666,0.6666666666666666,0.6666666666666666,3,0.7692307692307692,0.2375
synth-bimodal-tight,bimodal,1.5,17,cluster3,60,240,db,symmetric,0.8,1.0,0.6666666666666666,0.8,2,0.6551724137931035,0.23333333333333334
synth-bimodal-tight,bimodal,1.5,18,cluster0,60,240,threshold,severity,1.0,1.0,1.0,1.0,3,0.9523809523809523,0.275
synth-bimodal-tight,bimodal,1.5,18,cluster0,60,240,threshold,severity,0.95,1.0,1.0,1.0,3,0.2857142857142857,0.041666666666666664
synth-bimodal-tight,bimodal,1.5,18,cluster0,60,240,threshold,severity,0.9,1.0,1.0,1.0,3,0.09523809523809523,0.0125
synth-bimodal-tight,bimodal,1.5,18,cluster0,60,240,threshold,severity,0.8,1.0,1.0,1.0,3,0.0,0.0
synth-bimodal-tight,bimodal,1.5,18,cluster0,60,240,threshold,symmetric,1.0,1.0,1.0,1.0,3,0.9523809523809523,0.275
synth-bimodal-tight,bimodal,1.5,18,cluster0,60,240,threshold,symmetric,0.95,1.0,1.0,1.0,3,0.30985915492957744,0.04583333333333333
synth-bimodal-tight,bimodal,1.5,18,cluster0,60,240,threshold,symmetric,0.9,1.0,1.0,1.0,3,0.15384615384615385,0.020833333333333332
synth-bimodal-tight,bimodal,1.5,18,cluster0,60,240,threshold,symmetric,0.8,1.0,1.0,1.0,3,0.0,0.0
synth-bimodal-tight,bimodal,1.5,18,cluster0,60,240,db,severity,1.0,0.5,1.0,0.6666666666666666,6,0.9523809523809523,0.275
synth-bimodal-tight,bimodal,1.5,18,cluster0,60,240,db,severity,0.95,1.0,1.0,1.0,3,0.8376068376068376,0.2375
synth-bimodal-tight,bimodal,1.5,18,cluster0,60,240,db,severity,0.9,1.0,0.6666666666666666,0.8,2,0.8034188034188033,0.2375
synth-bimodal-tight,bimodal,1.5,18,cluster0,60,240,db,severity,0.8,1.0,0.3333333333333333,0.5,1,0.8103448275862069,0.23333333333333334
synth-bimodal-tight,bimodal,1.5,18,cluster0,60,240,db,symmetric,1.0,0.5,1.0,0.6666666666666666,6,0.9523809523809523,0.275
synth-bimodal-tight,bimodal,1.5,18,cluster0,60,240,db,symmetric,0.95,1.0,1.0,1.0,3,0.847457627118644,0.24166666666666667
synth-bimodal-tight,bimodal,1.5,18,cluster0,60,240,db,symmetric,0.9,1.0,1.0,1.0,3,0.8108108108108107,0.2125
synth-bimodal-tight,bimodal,1.5,18,cluster0,60,240,db,symmetric,0.8,1.0,0.6666666666666666,0.8,2,0.7289719626168223,0.19583333333333333
synth-bimodal-tight,bimodal,1.5,18,cluster1,60,240,threshold,severity,1.0,1.0,1.0,1.0,3,0.9523809523809523,0.275
synth-bimodal-tight,bimodal,1.5,18,cluster1,60,240,threshold,severity,0.95,1.0,1.0,1.0,3,0.2535211267605634,0.04583333333333333
synth-bimodal-tight,bimodal,1.5,18,cluster1,60,240,threshold,severity,0.9,1.0,1.0,1.0,3,0.09523809523809523,0.0125
synth-bimodal-tight,bimodal,1.5,18,cluster1,60,240,threshold,severity,0.8,1.0,1.0,1.0,3,0.03278688524590164,0.004166666666666667
synth-bimodal-tight,bimodal,1.5,18,cluster1,60,240,threshold,symmetric,1.0,1.0,1.0,1.0,3,0.9523809523809523,0.275
synth-bimodal-tight,bimodal,1.5,18,cluster1,60,240,threshold,symmetric,0.95,1.0,1.0,1.0,3,0.2571428571428572,0.041666666666666664
synth-bimodal-tight,bimodal,1.5,18,cluster1,60,240,threshold,symmetric,0.9,1.0,1.0,1.0,3,0.18181818181818182,0.025
synth-bimodal-tight,bimodal,1.5,18,cluster1,60,240,threshold,symmetric,0.8,1.0,1.0,1.0,3,0.0,0.0
synth-bimodal-tight,bimodal,1.5,18,cluster1,60,240,db,severity,1.0,0.42857142857142855,1.0,0.6,7,0.9523809523809523,0.275
synth-bimodal-tight,bimodal,1.5,18,cluster1,60,240,db,severity,0.95,0.75,1.0,0.8571428571428571,4,0.8440366972477065,0.20416666666666666
synth-bimodal-tight,bimodal,1.5,18,cluster1,60,240,db,severity,0.9,1.0,0.3333333333333333,0.5,1,0.8617886178861788,0.2625
synth-bimodal-tight,bimodal,1.5,18,cluster1,60,240,db,severity,0.8,1.0,0.3333333333333333,0.5,1,0.8392857142857143,0.21666666666666667
synth-bimodal-tight,bimodal,1.5,18,cluster1,60,240,db,symmetric,1.0,0.42857142857142855,1.0,0.6,7,0.9523809523809523,0.275
synth-bimodal-tight,bimodal,1.5,18,cluster1,60,240,db,symmetric,0.95,0.75,1.0,0.8571428571428571,4,0.8245614035087719,0.225
synth-bimodal-tight,bimodal,1.5,18,cluster1,60,240,db,symmetric,0.9,1.0,1.0,1.0,3,0.7927927927927927,0.2125
synth-bimodal-tight,bimodal,1.5,18,cluster1,60,240,db,symmetric,0.8,1.0,0.3333333333333333,0.5,1,0.8421052631578948,0.225
synth-bimodal-tight,bimodal,1.5,18,cluster2,60,240,threshold,severity,1.0,1.0,1.0,1.0,3,0.975609756097561,0.2625
synth-bimodal-tight,bimodal,1.5,18,cluster2,60,240,threshold,severity,0.95,1.0,1.0,1.0,3,0.208955223880597,0.029166666666666667
synth-bimodal-tight,bimodal,1.5,18,cluster2,60,240,threshold,severity,0.9,1.0,1.0,1.0,3,0.03278688524590164,0.004166666666666667
synth-bimodal-tight,bimodal,1.5,18,cluster2,60,240,threshold,severity,0.8,1.0,1.0,1.0,3,0.0,0.0
synth-bimodal-tight,bimodal,1.5,18,cluster2,60,240,threshold,symmetric,1.0,1.0,1.0,1.0,3,0.975609756097561,0.2625
synth-bimodal-tight,bimodal,1.5,18,cluster2,60,240,threshold,symmetric,0.95,1.0,1.0,1.0,3,0.23529411764705882,0.03333333333333333
synth-bimodal-tight,bimodal,1.5,18,cluster2,60,240,threshold,symmetric,0.9,1.0,1.0,1.0,3,0.03278688524590164,0.004166666666666667
synth-bimodal-tight,bimodal,1.5,18,cluster2,60,240,threshold,symmetric,0.8,1.0,1.0,1.0,3,0.0,0.0
synth-bimodal-tight,bimodal,1.5,18,cluster2,60,240,db,severity,1.0,0.375,1.0,0.5454545454545454,8,0.975609756097561,0.2625
synth-bimodal-tight,bimodal,1.5,18,cluster2,60,240,db,severity,0.95,1.0,1.0,1.0,3,0.8135593220338982,0.24166666666666667
synth-bimodal-tight,bimodal,1.5,18,cluster2,60,240,db,severity,0.9,1.0,0.6666666666666666,0.8,2,0.8067226890756303,0.24583333333333332
synth-bimodal-tight,bimodal,1.5,18,cluster2,60,240,db,severity,0.8,1.0,0.3333333333333333,0.5,1,0.7966101694915254,0.24166666666666667
synth-bimodal-tight,bimodal,1.5,18,cluster2,60,240,db,symmetric,1.0,0.375,1.0,0.5454545454545454,8,0.975609756097561,0.2625
synth-bimodal-tight,bimodal,1.5,18,cluster2,60,240,db,symmetric,0.95,0.75,1.0,0.8571428571428571,4,0.8318584070796461,0.22083333333333333
synth-bimodal-tight,bimodal,1.5,18,cluster2,60,240,db,symmetric,0.9,1.0,1.0,1.0,3,0.7927927927927927,0.2125
synth-bimodal-tight,bimodal,1.5,18,cluster2,60,240,db,symmetric,0.8,1.0,0.3333333333333333,0.5,1,0.7933884297520661,0.25416666666666665
synth-bimodal-tight,bimodal,1.5,18,cluster3,60,240,threshold,severity,1.0,1.0,1.0,1.0,3,0.9523809523809523,0.275
synth-bimodal-tight,bimodal,1.5,18,cluster3,60,240,threshold,severity,0.95,1.0,1.0,1.0,3,0.2857142857142857,0.041666666666666664
synth-bimodal-tight,bimodal,1.5,18,cluster3,60,240,threshold,severity,0.9,1.0,1.0,1.0,3,0.15384615384615385,0.020833333333333332
synth-bimodal-tight,bimodal,1.5,18,cluster3,60,240,threshold,severity,0.8,0.6666666666666666,0.6666666666666666,0.6666666666666666,3,0.0,0.0
synth-bimodal-tight,bimodal,1.5,18,cluster3,60,240,threshold,symmetric,1.0,1.0,1.0,1.0,3,0.9523809523809523,0.275
synth-bimodal-tight,bimodal,1.5,18,cluster3,60,240,threshold,symmetric,0.95,1.0,1.0,1.0,3,0.2857142857142857,0.041666666666666664
synth-bimodal-tight,bimodal,1.5,18,cluster3,60,240,threshold,symmetric,0.9,1.0,1.0,1.0,3,0.18181818181818182,0.025
synth-bimodal-tight,bimodal,1.5,18,cluster3,60,240,threshold,symmetric,0.8,0.6666666666666666,0.6666666666666666,0.6666666666666666,3,0.0,0.0
synth-bimodal-tight,bimodal,1.5,18,cluster3,60,240,db,severity,1.0,0.5,1.0,0.6666666666666666,6,0.9523809523809523,0.275
synth-bimodal-tight,bimodal,1.5,18,cluster3,60,240,db,severity,0.95,0.75,1.0,0.8571428571428571,4,0.8288288288288289,0.2125
synth-bimodal-tight,bimodal,1.5,18,cluster3,60,240,db,severity,0.9,0.75,1.0,0.8571428571428571,4,0.7572815533980582,0.17916666666666667
synth-bimodal-tight,bimodal,1.5,18,cluster3,60,240,db,severity,0.8,1.0,0.3333333333333333,0.5,1,0.8318584070796461,0.22083333333333333
synth-bimodal-tight,bimodal,1.5,18,cluster3,60,240,db,symmetric,1.0,0.5,1.0,0.6666666666666666,6,0.9523809523809523,0.275
synth-bimodal-tight,bimodal,1.5,18,cluster3,60,240,db,symmetric,0.95,0.75,1.0,0.8571428571428571,4,0.8392857142857143,0.21666666666666667
synth-bimodal-tight,bimodal,1.5,18,cluster3,60,240,db,symmetric,0.9,0.6666666666666666,0.6666666666666666,0.6666666666666666,3,0.7719298245614035,0.225
synth-bimodal-tight,bimodal,1.5,18,cluster3,60,240,db,symmetric,0.8,1.0,0.6666666666666666,0.8,2,0.6607142857142857,0.21666666666666667
synth-bimodal-tight,bimodal,1.5,19,cluster0,60,240,threshold,severity,1.0,1.0,1.0,1.0,3,0.967741935483871,0.26666666666666666
synth-bimodal-tight,bimodal,1.5,19,cluster0,60,240,threshold,severity,0.95,1.0,1.0,1.0,3,0.18181818181818182,0.025
synth-bimodal-tight,bimodal,1.5,19,cluster0,60,240,threshold,severity,0.9,1.0,1.0,1.0,3,0.09523809523809523,0.0125
synth-bimodal-tight,bimodal,1.5,19,cluster0,60,240,threshold,severity,0.8,1.0,1.0,1.0,3,0.0,0.0
synth-bimodal-tight,bimodal,1.5,19,cluster0,60,240,threshold,symmetric,1.0,1.0,1.0,1.0,3,0.967741935483871,0.26666666666666666
synth-bimodal-tight,bimodal,1.5,19,cluster0,60,240,threshold,symmetric,0.95,1.0,1.0,1.0,3,0.15384615384615385,0.020833333333333332
synth-bimodal-tight,bimodal,1.5,19,cluster0,60,240,threshold,symmetric,0.9,1.0,1.0,1.0,3,0.06451612903225806,0.008333333333333333
synth-bimodal-tight,bimodal,1.5,19,cluster0,60,240,threshold,symmetric,0.8,1.0,1.0,1.0,3,0.0,0.0
synth-bimodal-tight,bimodal,1.5,19,cluster0,60,240,db,severity,1.0,0.375,1.0,0.5454545454545454,8,0.967741935483871,0.26666666666666666
synth-bimodal-tight,bimodal,1.5,19,cluster0,60,240,db,severity,0.95,1.0,1.0,1.0,3,0.8347826086956521,0.22916666666666666
synth-bimodal-tight,bimodal,1.5,19,cluster0,60,240,db,severity,0.9,1.0,1.0,1.0,3,0.7476635514018691,0.19583333333333333
synth-bimodal-tight,bimodal,1.5,19,cluster0,60,240,db,severity,0.8,1.0,0.3333333333333333,0.5,1,0.8347826086956521,0.22916666666666666
synth-bimodal-tight,bimodal,1.5,19,cluster0,60,240,db,symmetric,1.0,0.375,1.0,0.5454545454545454,8,0.967741935483871,0.26666666666666666
synth-bimodal-tight,bimodal,1.5,19,cluster0,60,240,db,symmetric,0.95,0.75,1.0,0.8571428571428571,4,0.8141592920353983,0.22083333333333333
synth-bimodal-tight,bimodal,1.5,19,cluster0,60,240,db,symmetric,0.9,0.5,0.6666666666666666,0.5714285714285715,4,0.7924528301886793,0.19166666666666668
synth-bimodal-tight,bimodal,1.5,19,cluster0,60,240,db,symmetric,0.8,1.0,0.6666666666666666,0.8,2,0.6666666666666666,0.2125
synth-bimodal-tight,bimodal,1.5,19,cluster1,60,240,threshold,severity,1.0,1.0,1.0,1.0,3,0.967741935483871,0.26666666666666666
synth-bimodal-tight,bimodal,1.5,19,cluster1,60,240,threshold,severity,0.95,1.0,1.0,1.0,3,0.4,0.0625
synth-bimodal-tight,bimodal,1.5,19,cluster1,60,240,threshold,severity,0.9,1.0,1.0,1.0,3,0.125,0.016666666666666666
synth-bimodal-tight,bimodal,1.5,19,cluster1,60,240,threshold,severity,0.8,1.0,1.0,1.0,3,0.0,0.0
synth-bimodal-tight,bimodal,1.5,19,cluster1,60,240,threshold,symmetric,1.0,1.0,1.0,1.0,3,0.967741935483871,0.26666666666666666
synth-bimodal-tight,bimodal,1.5,19,cluster1,60,240,threshold,symmetric,0.95,1.0,1.0,1.0,3,0.3055555555555556,0.05
synth-bimodal-tight,bimodal,1.5,19,cluster1,60,240,threshold,symmetric,0.9,1.0,1.0,1.0,3,0.125,0.016666666666666666
synth-bimodal-tight,bimodal,1.5,19,cluster1,60,240,threshold,symmetric,0.8,0.6666666666666666,0.6666666666666666,0.6666666666666666,3,0.0,0.0
synth-bimodal-tight,bimodal,1.5,19,cluster1,60,240,db,severity,1.0,0.3333333333333333,1.0,0.5,9,0.967741935483871,0.26666666666666666
synth-bimodal-tight,bimodal,1.5,19,cluster1,60,240,db,severity,0.95,0.5,0.6666666666666666,0.5714285714285715,4,0.8571428571428571,0.21666666666666667
synth-bimodal-tight,bimodal,1.5,19,cluster1,60,240,db,severity,0.9,0.6666666666666666,0.6666666666666666,0.6666666666666666,3,0.8148148148148148,0.2
synth-bimodal-tight,bimodal,1.5,19,cluster1,60,240,db,severity,0.8,1.0,0.3333333333333333,0.5,1,0.7966101694915254,0.24166666666666667
synth-bimodal-tight,bimodal,1.5,19,cluster1,60,240,db,symmetric,1.0,0.3333333333333333,1.0,0.5,9,0.967741935483871,0.26666666666666666
synth-bimodal-tight,bimodal,1.5,19,cluster1,60,240,db,symmetric,0.95,0.6666666666666666,0.6666666666666666,0.6666666666666666,3,0.819672131147541,0.25833333333333336
synth-bimodal-tight,bimodal,1.5,19,cluster1,60,240,db,symmetric,0.9,0.6666666666666666,0.6666666666666666,0.6666666666666666,3,0.8141592920353983,0.22083333333333333
synth-bimodal-tight,bimodal,1.5,19,cluster1,60,240,db,symmetric,0.8,1.0,0.6666666666666666,0.8,2,0.6851851851851851,0.2
synth-bimodal-tight,bimodal,1.5,19,cluster2,60,240,threshold,severity,1.0,1.0,1.0,1.0,3,0.967741935483871,0.26666666666666666
synth-bimodal-tight,bimodal,1.5,19,cluster2,60,240,threshold,severity,0.95,1.0,1.0,1.0,3,0.30985915492957744,0.04583333333333333
synth-bimodal-tight,bimodal,1.5,19,cluster2,60,240,threshold,severity,0.9,1.0,1.0,1.0,3,0.06451612903225806,0.008333333333333333
synth-bimodal-tight,bimodal,1.5,19,cluster2,60,240,threshold,severity,0.8,1.0,1.0,1.0,3,0.0,0.0
synth-bimodal-tight,bimodal,1.5,19,cluster2,60,240,threshold,symmetric,1.0,1.0,1.0,1.0,3,0.967741935483871,0.26666666666666666
synth-bimodal-tight,bimodal,1.5,19,cluster2,60,240,threshold,symmetric,0.95,1.0,1.0,1.0,3,0.33333333333333337,0.05
synth-bimodal-tight,bimodal,1.5,19,cluster2,60,240,threshold,symmetric,0.9,1.0,1.0,1.0,3,0.09523809523809523,0.0125
synth-bimodal-tight,bimodal,1.5,19,cluster2,60,240,threshold,symmetric,0.8,1.0,1.0,1.0,3,0.0,0.0
synth-bimodal-tight,bimodal,1.5,19,cluster2,60,240,db,severity,1.0,0.5,1.0,0.6666666666666666,6,0.967741935483871,0.26666666666666666
synth-bimodal-tight,bimodal,1.5,19,cluster2,60,240,db,severity,0.95,1.0,1.0,1.0,3,0.8521739130434782,0.22916666666666666
synth-bimodal-tight,bimodal,1.5,19,cluster2,60,240,db,severity,0.9,1.0,1.0,1.0,3,0.7962962962962963,0.2
synth-bimodal-tight,bimodal,1.5,19,cluster2,60,240,db,severity,0.8,1.0,0.3333333333333333,0.5,1,0.8000000000000002,0.25
synth-bimodal-tight,bimodal,1.5,19,cluster2,60,240,db,symmetric,1.0,0.5,1.0,0.6666666666666666,6,0.967741935483871,0.26666666666666666
synth-bimodal-tight,bimodal,1.5,19,cluster2,60,240,db,symmetric,0.95,0.75,1.0,0.8571428571428571,4,0.882882882882883,0.2125
synth-bimodal-tight,bimodal,1.5,19,cluster2,60,240,db,symmetric,0.9,1.0,1.0,1.0,3,0.8288288288288289,0.2125
synth-bimodal-tight,bimodal,1.5,19,cluster2,60,240,db,symmetric,0.8,1.0,0.6666666666666666,0.8,2,0.7079646017699115,0.22083333333333333
synth-bimodal-tight,bimodal,1.5,19,cluster3,60,240,threshold,severity,1.0,1.0,1.0,1.0,3,0.9523809523809523,0.275
synth-bimodal-tight,bimodal,1.5,19,cluster3,60,240,threshold,severity,0.95,1.0,1.0,1.0,3,0.15384615384615385,0.020833333333333332
synth-bimodal-tight,bimodal,1.5,19,cluster3,60,240,threshold,severity,0.9,1.0,1.0,1.0,3,0.06451612903225806,0.008333333333333333
synth-bimodal-tight,bimodal,1.5,19,cluster3,60,240,threshold,severity,0.8,0.6666666666666666,0.6666666666666666,0.6666666666666666,3,0.0,0.0
synth-bimodal-tight,bimodal,1.5,19,cluster3,60,240,threshold,symmetric,1.0,1.0,1.0,1.0,3,0.9523809523809523,0.275
synth-bimodal-tight,bimodal,1.5,19,cluster3,60,240,threshold,symmetric,0.95,1.0,1.0,1.0,3,0.15384615384615385,0.020833333333333332
synth-bimodal-tight,bimodal,1.5,19,cluster3,60,240,threshold,symmetric,0.9,0.6666666666666666,0.6666666666666666,0.6666666666666666,3,0.09523809523809523,0.0125
synth-bimodal-tight,bimodal,1.5,19,cluster3,60,240,threshold,symmetric,0.8,0.6666666666666666,0.6666666666666666,0.6666666666666666,3,0.0,0.0
synth-bimodal-tight,bimodal,1.5,19,cluster3,60,240,db,severity,1.0,0.42857142857142855,1.0,0.6,7,0.9523809523809523,0.275
synth-bimodal-tight,bimodal,1.5,19,cluster3,60,240,db,severity,0.95,1.0,1.0,1.0,3,0.8305084745762712,0.24166666666666667
synth-bimodal-tight,bimodal,1.5,19,cluster3,60,240,db,severity,0.9,1.0,1.0,1.0,3,0.8037383177570094,0.19583333333333333
synth-bimodal-tight,bimodal,1.5,19,cluster3,60,240,db,severity,0.8,1.0,0.3333333333333333,0.5,1,0.8245614035087719,0.225
synth-bimodal-tight,bimodal,1.5,19,cluster3,60,240,db,symmetric,1.0,0.42857142857142855,1.0,0.6,7,0.9523809523809523,0.275
synth-bimodal-tight,bimodal,1.5,19,cluster3,60,240,db,symmetric,0.95,0.75,1.0,0.8571428571428571,4,0.8245614035087719,0.225
synth-bimodal-tight,bimodal,1.5,19,cluster3,60,240,db,symmetric,0.9,1.0,1.0,1.0,3,0.8108108108108107,0.2125
synth-bimodal-tight,bimodal,1.5,19,cluster3,60,240,db,symmetric,0.8,1.0,0.3333333333333333,0.5,1,0.8067226890756303,0.24583333333333332
