track,dataset,dr_method,cluster_method,objective,sampler,trial,value,best_so_far
A,Wine quality (Low),UMAP,HDBSCAN,dbcv,TPE,0,-0.20288585299616546,-0.20288585299616546
A,Wine quality (Low),UMAP,HDBSCAN,dbcv,TPE,1,-0.3600100122296017,-0.20288585299616546
A,Wine quality (Low),UMAP,HDBSCAN,dbcv,TPE,2,-0.17642509017942568,-0.17642509017942568
A,Wine quality (Low),UMAP,HDBSCAN,dbcv,TPE,3,-0.3600100122296017,-0.17642509017942568
A,Wine quality (Low),UMAP,HDBSCAN,dbcv,TPE,4,-0.3593157854994606,-0.17642509017942568
A,Wine quality (Low),UMAP,HDBSCAN,dbcv,TPE,5,-0.4741292228893662,-0.17642509017942568
A,Wine quality (Low),UMAP,HDBSCAN,dbcv,TPE,6,-0.4717638579575182,-0.17642509017942568
A,Wine quality (Low),UMAP,HDBSCAN,dbcv,TPE,7,-0.4717638579575182,-0.17642509017942568
A,Wine quality (Low),UMAP,HDBSCAN,dbcv,TPE,8,-0.3411427173908317,-0.17642509017942568
A,Wine quality (Low),UMAP,HDBSCAN,dbcv,TPE,9,-0.3413417047071755,-0.17642509017942568
A,Wine quality (Low),UMAP,HDBSCAN,dbcv,TPE,10,-0.3935855594386845,-0.17642509017942568
A,Wine quality (Low),UMAP,HDBSCAN,dbcv,TPE,11,-0.2689327744659486,-0.17642509017942568
A,Wine quality (Low),UMAP,HDBSCAN,dbcv,TPE,12,-0.205031428175931,-0.17642509017942568
A,Wine quality (Low),UMAP,HDBSCAN,dbcv,TPE,13,-0.19519018272967587,-0.17642509017942568
A,Wine quality (Low),UMAP,HDBSCAN,dbcv,TPE,14,-0.2839409918130051,-0.17642509017942568
A,Wine quality (Low),UMAP,HDBSCAN,dbcv,TPE,15,-0.3400439480936017,-0.17642509017942568
A,Wine quality (Low),UMAP,HDBSCAN,dbcv,TPE,16,-0.310476358560799,-0.17642509017942568
A,Wine quality (Low),UMAP,HDBSCAN,dbcv,TPE,17,-0.42355774660897144,-0.17642509017942568
A,Wine quality (Low),UMAP,HDBSCAN,dbcv,TPE,18,-0.3390843463352816,-0.17642509017942568
A,Wine quality (Low),UMAP,HDBSCAN,dbcv,TPE,19,-0.4070463114693395,-0.17642509017942568
A,Wine quality (Low),UMAP,HDBSCAN,dbcv,TPE,20,-0.3104321875417619,-0.17642509017942568
A,Wine quality (Low),UMAP,HDBSCAN,dbcv,TPE,21,-0.23387274958629078,-0.17642509017942568
A,Wine quality (Low),UMAP,HDBSCAN,dbcv,TPE,22,-0.22079528835631712,-0.17642509017942568
A,Wine quality (Low),UMAP,HDBSCAN,dbcv,TPE,23,-0.17419724956568855,-0.17419724956568855
A,Wine quality (Low),UMAP,HDBSCAN,dbcv,TPE,24,-0.3356488709046818,-0.17419724956568855
A,Wine quality (Low),UMAP,HDBSCAN,dbcv,TPE,25,-0.4355441967285119,-0.17419724956568855
A,Wine quality (Low),UMAP,HDBSCAN,dbcv,TPE,26,-0.3403216696731999,-0.17419724956568855
A,Wine quality (Low),UMAP,HDBSCAN,dbcv,TPE,27,-0.4175573078069019,-0.17419724956568855
A,Wine quality (Low),UMAP,HDBSCAN,dbcv,TPE,28,-0.3514664294191464,-0.17419724956568855
A,Wine quality (Low),UMAP,HDBSCAN,dbcv,TPE,29,-0.2419752124833741,-0.17419724956568855
A,Wine quality (Low),UMAP,HDBSCAN,dbcv,TPE,30,-0.2938840350701477,-0.17419724956568855
A,Wine quality (Low),UMAP,HDBSCAN,dbcv,TPE,31,-0.15406457330058596,-0.15406457330058596
A,Wine quality (Low),UMAP,HDBSCAN,dbcv,TPE,32,-0.21076868924256276,-0.15406457330058596
A,Wine quality (Low),UMAP,HDBSCAN,dbcv,TPE,33,-0.2552037688190629,-0.15406457330058596
A,Wine quality (Low),UMAP,HDBSCAN,dbcv,TPE,34,-0.2505364703727427,-0.15406457330058596
A,Wine quality (Low),UMAP,HDBSCAN,dbcv,TPE,35,-0.19430522581582282,-0.15406457330058596
A,Wine quality (Low),UMAP,HDBSCAN,dbcv,TPE,36,-0.11716366259247576,-0.11716366259247576
A,Wine quality (Low),UMAP,HDBSCAN,dbcv,TPE,37,-0.3600100122296017,-0.11716366259247576
A,Wine quality (Low),UMAP,HDBSCAN,dbcv,TPE,38,-0.12176003018419994,-0.11716366259247576
A,Wine quality (Low),UMAP,HDBSCAN,dbcv,TPE,39,-0.14826427939912945,-0.11716366259247576
A,Wine quality (Low),UMAP,HDBSCAN,dbcv,TPE,40,-0.1773802465229688,-0.11716366259247576
A,Wine quality (Low),UMAP,HDBSCAN,dbcv,TPE,41,-0.2577131096954878,-0.11716366259247576
A,Wine quality (Low),UMAP,HDBSCAN,dbcv,TPE,42,-0.26813083508946567,-0.11716366259247576
A,Wine quality (Low),UMAP,HDBSCAN,dbcv,TPE,43,-0.21953634287671703,-0.11716366259247576
A,Wine quality (Low),UMAP,HDBSCAN,dbcv,TPE,44,-0.22265821898293964,-0.11716366259247576
A,Wine quality (Low),UMAP,HDBSCAN,dbcv,TPE,45,-0.19179117094094691,-0.11716366259247576
A,Wine quality (Low),UMAP,HDBSCAN,dbcv,TPE,46,-0.22543557875335257,-0.11716366259247576
A,Wine quality (Low),UMAP,HDBSCAN,dbcv,TPE,47,-0.09069927956887057,-0.09069927956887057
A,Wine quality (Low),UMAP,HDBSCAN,dbcv,TPE,48,-0.20339546597499694,-0.09069927956887057
A,Wine quality (Low),UMAP,HDBSCAN,dbcv,TPE,49,-0.338945335521327,-0.09069927956887057
A,Wine quality (Low),UMAP,HDBSCAN,dbcv,TPE,50,-0.39092735787163213,-0.09069927956887057
A,Wine quality (Low),UMAP,HDBSCAN,dbcv,TPE,51,-0.2854278768492986,-0.09069927956887057
A,Wine quality (Low),UMAP,HDBSCAN,dbcv,TPE,52,-0.3290550928003486,-0.09069927956887057
A,Wine quality (Low),UMAP,HDBSCAN,dbcv,TPE,53,-0.35018139618512645,-0.09069927956887057
A,Wine quality (Low),UMAP,HDBSCAN,dbcv,TPE,54,-0.2562889851098235,-0.09069927956887057
A,Wine quality (Low),UMAP,HDBSCAN,dbcv,TPE,55,-0.3242499497429383,-0.09069927956887057
A,Wine quality (Low),UMAP,HDBSCAN,dbcv,TPE,56,-0.18456102846232308,-0.09069927956887057
A,Wine quality (Low),UMAP,HDBSCAN,dbcv,TPE,57,-0.2496252151155606,-0.09069927956887057
A,Wine quality (Low),UMAP,HDBSCAN,dbcv,TPE,58,-0.47092042534434364,-0.09069927956887057
A,Wine quality (Low),UMAP,HDBSCAN,dbcv,TPE,59,-0.2138146317473638,-0.09069927956887057
A,Wine quality (Low),UMAP,HDBSCAN,dbcv,TPE,60,-0.3600100122296017,-0.09069927956887057
A,Wine quality (Low),UMAP,HDBSCAN,dbcv,TPE,61,-0.2616459076035728,-0.09069927956887057
A,Wine quality (Low),UMAP,HDBSCAN,dbcv,TPE,62,-0.09566964992462268,-0.09069927956887057
A,Wine quality (Low),UMAP,HDBSCAN,dbcv,TPE,63,-0.0844092838484933,-0.0844092838484933
A,Wine quality (Low),UMAP,HDBSCAN,dbcv,TPE,64,-0.4807597009583208,-0.0844092838484933
A,Wine quality (Low),UMAP,HDBSCAN,dbcv,TPE,65,-0.33441118647108425,-0.0844092838484933
A,Wine quality (Low),UMAP,HDBSCAN,dbcv,TPE,66,-0.5675229618996291,-0.0844092838484933
A,Wine quality (Low),UMAP,HDBSCAN,dbcv,TPE,67,-0.3979267903668485,-0.0844092838484933
A,Wine quality (Low),UMAP,HDBSCAN,dbcv,TPE,68,-0.1851503551458674,-0.0844092838484933
A,Wine quality (Low),UMAP,HDBSCAN,dbcv,TPE,69,-0.4616612747193632,-0.0844092838484933
A,Wine quality (Low),UMAP,HDBSCAN,dbcv,TPE,70,-0.3360727578117162,-0.0844092838484933
A,Wine quality (Low),UMAP,HDBSCAN,dbcv,TPE,71,-0.398236311651607,-0.0844092838484933
A,Wine quality (Low),UMAP,HDBSCAN,dbcv,TPE,72,-0.31152850827005607,-0.0844092838484933
A,Wine quality (Low),UMAP,HDBSCAN,dbcv,TPE,73,-0.23514534508539778,-0.0844092838484933
A,Wine quality (Low),UMAP,HDBSCAN,dbcv,TPE,74,-0.15618059948736235,-0.0844092838484933
A,Wine quality (Low),UMAP,HDBSCAN,dbcv,TPE,75,-0.28852734697491067,-0.0844092838484933
A,Wine quality (Low),UMAP,HDBSCAN,dbcv,TPE,76,-0.3600100122296017,-0.0844092838484933
A,Wine quality (Low),UMAP,HDBSCAN,dbcv,TPE,77,-0.06810547591441879,-0.06810547591441879
A,Wine quality (Low),UMAP,HDBSCAN,dbcv,TPE,78,-0.18503380979217443,-0.06810547591441879
A,Wine quality (Low),UMAP,HDBSCAN,dbcv,TPE,79,-0.2972297014332008,-0.06810547591441879
A,Wine quality (Low),UMAP,HDBSCAN,dbcv,TPE,80,-0.22936423744642545,-0.06810547591441879
A,Wine quality (Low),UMAP,HDBSCAN,dbcv,TPE,81,-0.3260723908141964,-0.06810547591441879
A,Wine quality (Low),UMAP,HDBSCAN,dbcv,TPE,82,-0.17253127056005715,-0.06810547591441879
A,Wine quality (Low),UMAP,HDBSCAN,dbcv,TPE,83,-0.0889075144664083,-0.06810547591441879
A,Wine quality (Low),UMAP,HDBSCAN,dbcv,TPE,84,-0.11404855485958554,-0.06810547591441879
A,Wine quality (Low),UMAP,HDBSCAN,dbcv,TPE,85,-0.1883583790031304,-0.06810547591441879
A,Wine quality (Low),UMAP,HDBSCAN,dbcv,TPE,86,-0.15155924672482765,-0.06810547591441879
A,Wine quality (Low),UMAP,HDBSCAN,dbcv,TPE,87,-0.19607670541214256,-0.06810547591441879
A,Wine quality (Low),UMAP,HDBSCAN,dbcv,TPE,88,-0.1594489674101736,-0.06810547591441879
A,Wine quality (Low),UMAP,HDBSCAN,dbcv,TPE,89,-0.27118703139512795,-0.06810547591441879
A,Wine quality (Low),UMAP,HDBSCAN,dbcv,TPE,90,-0.21170798965470095,-0.06810547591441879
A,Wine quality (Low),UMAP,HDBSCAN,dbcv,TPE,91,-0.20076288484599156,-0.06810547591441879
A,Wine quality (Low),UMAP,HDBSCAN,dbcv,TPE,92,-0.26491403684322784,-0.06810547591441879
A,Wine quality (Low),UMAP,HDBSCAN,dbcv,TPE,93,-0.15026259059391994,-0.06810547591441879
A,Wine quality (Low),UMAP,HDBSCAN,dbcv,TPE,94,-0.2518175791584402,-0.06810547591441879
A,Wine quality (Low),UMAP,HDBSCAN,dbcv,TPE,95,-0.3405933327422167,-0.06810547591441879
A,Wine quality (Low),UMAP,HDBSCAN,dbcv,TPE,96,-0.35036223312088177,-0.06810547591441879
A,Wine quality (Low),UMAP,HDBSCAN,dbcv,TPE,97,-0.1632412676440672,-0.06810547591441879
A,Wine quality (Low),UMAP,HDBSCAN,dbcv,TPE,98,-0.14117843755398005,-0.06810547591441879
A,Wine quality (Low),UMAP,HDBSCAN,dbcv,TPE,99,-0.12172566319894312,-0.06810547591441879
A,Wine quality (Low),UMAP,HDBSCAN,dbcv,Random,0,-0.22788374286926363,-0.22788374286926363
A,Wine quality (Low),UMAP,HDBSCAN,dbcv,Random,1,-0.3600100122296017,-0.22788374286926363
A,Wine quality (Low),UMAP,HDBSCAN,dbcv,Random,2,-0.22171495197717359,-0.22171495197717359
A,Wine quality (Low),UMAP,HDBSCAN,dbcv,Random,3,-0.39707208435837493,-0.22171495197717359
A,Wine quality (Low),UMAP,HDBSCAN,dbcv,Random,4,-0.39570581415493017,-0.22171495197717359
A,Wine quality (Low),UMAP,HDBSCAN,dbcv,Random,5,-0.33820113617437336,-0.22171495197717359
A,Wine quality (Low),UMAP,HDBSCAN,dbcv,Random,6,-0.4717638579575182,-0.22171495197717359
A,Wine quality (Low),UMAP,HDBSCAN,dbcv,Random,7,-0.3913469591835084,-0.22171495197717359
A,Wine quality (Low),UMAP,HDBSCAN,dbcv,Random,8,-0.3600100122296017,-0.22171495197717359
A,Wine quality (Low),UMAP,HDBSCAN,dbcv,Random,9,-0.39434009191957164,-0.22171495197717359
A,Wine quality (Low),UMAP,HDBSCAN,dbcv,Random,10,-0.24213214390150448,-0.22171495197717359
A,Wine quality (Low),UMAP,HDBSCAN,dbcv,Random,11,-0.47134256298635824,-0.22171495197717359
A,Wine quality (Low),UMAP,HDBSCAN,dbcv,Random,12,-0.39515010932165245,-0.22171495197717359
A,Wine quality (Low),UMAP,HDBSCAN,dbcv,Random,13,-0.47134256298635824,-0.22171495197717359
A,Wine quality (Low),UMAP,HDBSCAN,dbcv,Random,14,-0.4717638579575182,-0.22171495197717359
A,Wine quality (Low),UMAP,HDBSCAN,dbcv,Random,15,-0.4121496128241866,-0.22171495197717359
A,Wine quality (Low),UMAP,HDBSCAN,dbcv,Random,16,-0.33413992132936243,-0.22171495197717359
A,Wine quality (Low),UMAP,HDBSCAN,dbcv,Random,17,-0.3400439480936017,-0.22171495197717359
A,Wine quality (Low),UMAP,HDBSCAN,dbcv,Random,18,-0.33358629273356327,-0.22171495197717359
A,Wine quality (Low),UMAP,HDBSCAN,dbcv,Random,19,-0.2945684118239253,-0.22171495197717359
A,Wine quality (Low),UMAP,HDBSCAN,dbcv,Random,20,-0.3607052498460004,-0.22171495197717359
A,Wine quality (Low),UMAP,HDBSCAN,dbcv,Random,21,-0.28217182281225067,-0.22171495197717359
A,Wine quality (Low),UMAP,HDBSCAN,dbcv,Random,22,-0.39596094234133017,-0.22171495197717359
A,Wine quality (Low),UMAP,HDBSCAN,dbcv,Random,23,-0.4717638579575182,-0.22171495197717359
A,Wine quality (Low),UMAP,HDBSCAN,dbcv,Random,24,-0.1650852047325203,-0.1650852047325203
A,Wine quality (Low),UMAP,HDBSCAN,dbcv,Random,25,-0.33559364490250454,-0.1650852047325203
A,Wine quality (Low),UMAP,HDBSCAN,dbcv,Random,26,-0.3937846104206894,-0.1650852047325203
A,Wine quality (Low),UMAP,HDBSCAN,dbcv,Random,27,-0.3407325371127423,-0.1650852047325203
A,Wine quality (Low),UMAP,HDBSCAN,dbcv,Random,28,-0.39066961559124397,-0.1650852047325203
A,Wine quality (Low),UMAP,HDBSCAN,dbcv,Random,29,-0.32951658714445486,-0.1650852047325203
A,Wine quality (Low),UMAP,HDBSCAN,dbcv,Random,30,-0.47134256298635824,-0.1650852047325203
A,Wine quality (Low),UMAP,HDBSCAN,dbcv,Random,31,-0.3073959527191038,-0.1650852047325203
A,Wine quality (Low),UMAP,HDBSCAN,dbcv,Random,32,-0.30440553075011884,-0.1650852047325203
A,Wine quality (Low),UMAP,HDBSCAN,dbcv,Random,33,-0.39570581415493017,-0.1650852047325203
A,Wine quality (Low),UMAP,HDBSCAN,dbcv,Random,34,-0.47134256298635824,-0.1650852047325203
A,Wine quality (Low),UMAP,HDBSCAN,dbcv,Random,35,-0.24696288797125127,-0.1650852047325203
A,Wine quality (Low),UMAP,HDBSCAN,dbcv,Random,36,-0.39596094234133017,-0.1650852047325203
A,Wine quality (Low),UMAP,HDBSCAN,dbcv,Random,37,-0.24657333650218088,-0.1650852047325203
A,Wine quality (Low),UMAP,HDBSCAN,dbcv,Random,38,-0.25468203924661265,-0.1650852047325203
A,Wine quality (Low),UMAP,HDBSCAN,dbcv,Random,39,-0.3411427173908317,-0.1650852047325203
A,Wine quality (Low),UMAP,HDBSCAN,dbcv,Random,40,-0.47134256298635824,-0.1650852047325203
A,Wine quality (Low),UMAP,HDBSCAN,dbcv,Random,41,-0.17933748397756433,-0.1650852047325203
A,Wine quality (Low),UMAP,HDBSCAN,dbcv,Random,42,-0.3924188881853309,-0.1650852047325203
A,Wine quality (Low),UMAP,HDBSCAN,dbcv,Random,43,-0.3600100122296017,-0.1650852047325203
A,Wine quality (Low),UMAP,HDBSCAN,dbcv,Random,44,-0.47049913037318364,-0.1650852047325203
A,Wine quality (Low),UMAP,HDBSCAN,dbcv,Random,45,-0.3360687985007812,-0.1650852047325203
A,Wine quality (Low),UMAP,HDBSCAN,dbcv,Random,46,-0.3323621233910936,-0.1650852047325203
A,Wine quality (Low),UMAP,HDBSCAN,dbcv,Random,47,-0.4717638579575182,-0.1650852047325203
A,Wine quality (Low),UMAP,HDBSCAN,dbcv,Random,48,-0.41548931390516874,-0.1650852047325203
A,Wine quality (Low),UMAP,HDBSCAN,dbcv,Random,49,-0.3924178402739765,-0.1650852047325203
A,Wine quality (Low),UMAP,HDBSCAN,dbcv,Random,50,-0.2902347080129817,-0.1650852047325203
A,Wine quality (Low),UMAP,HDBSCAN,dbcv,Random,51,-0.3250882827707698,-0.1650852047325203
A,Wine quality (Low),UMAP,HDBSCAN,dbcv,Random,52,-0.38486903823496527,-0.1650852047325203
A,Wine quality (Low),UMAP,HDBSCAN,dbcv,Random,53,-0.21438763895518476,-0.1650852047325203
A,Wine quality (Low),UMAP,HDBSCAN,dbcv,Random,54,-0.27678468926353833,-0.1650852047325203
A,Wine quality (Low),UMAP,HDBSCAN,dbcv,Random,55,-0.17888843433752025,-0.1650852047325203
A,Wine quality (Low),UMAP,HDBSCAN,dbcv,Random,56,-0.3911809145175753,-0.1650852047325203
A,Wine quality (Low),UMAP,HDBSCAN,dbcv,Random,57,-0.33496057111969924,-0.1650852047325203
A,Wine quality (Low),UMAP,HDBSCAN,dbcv,Random,58,-0.29803704995477065,-0.1650852047325203
A,Wine quality (Low),UMAP,HDBSCAN,dbcv,Random,59,-0.3365088459710853,-0.1650852047325203
A,Wine quality (Low),UMAP,HDBSCAN,dbcv,Random,60,-0.32978662962749283,-0.1650852047325203
A,Wine quality (Low),UMAP,HDBSCAN,dbcv,Random,61,-0.3000677100087984,-0.1650852047325203
A,Wine quality (Low),UMAP,HDBSCAN,dbcv,Random,62,-0.3944672482039732,-0.1650852047325203
A,Wine quality (Low),UMAP,HDBSCAN,dbcv,Random,63,-0.4022168001182234,-0.1650852047325203
A,Wine quality (Low),UMAP,HDBSCAN,dbcv,Random,64,-0.32507297287528325,-0.1650852047325203
A,Wine quality (Low),UMAP,HDBSCAN,dbcv,Random,65,-0.33867457183761385,-0.1650852047325203
A,Wine quality (Low),UMAP,HDBSCAN,dbcv,Random,66,-0.2573306967194015,-0.1650852047325203
A,Wine quality (Low),UMAP,HDBSCAN,dbcv,Random,67,-0.2945537412688663,-0.1650852047325203
A,Wine quality (Low),UMAP,HDBSCAN,dbcv,Random,68,-0.3514664294191464,-0.1650852047325203
A,Wine quality (Low),UMAP,HDBSCAN,dbcv,Random,69,-0.34018315246412734,-0.1650852047325203
A,Wine quality (Low),UMAP,HDBSCAN,dbcv,Random,70,-0.19112278060682097,-0.1650852047325203
A,Wine quality (Low),UMAP,HDBSCAN,dbcv,Random,71,-0.3958331937737272,-0.1650852047325203
A,Wine quality (Low),UMAP,HDBSCAN,dbcv,Random,72,-0.33468548965210027,-0.1650852047325203
A,Wine quality (Low),UMAP,HDBSCAN,dbcv,Random,73,-0.21826589340179559,-0.1650852047325203
A,Wine quality (Low),UMAP,HDBSCAN,dbcv,Random,74,-0.3479379221452537,-0.1650852047325203
A,Wine quality (Low),UMAP,HDBSCAN,dbcv,Random,75,-0.24636724590064507,-0.1650852047325203
A,Wine quality (Low),UMAP,HDBSCAN,dbcv,Random,76,-0.3405933327422167,-0.1650852047325203
A,Wine quality (Low),UMAP,HDBSCAN,dbcv,Random,77,-0.39446642362701434,-0.1650852047325203
A,Wine quality (Low),UMAP,HDBSCAN,dbcv,Random,78,-0.4949127648009344,-0.1650852047325203
A,Wine quality (Low),UMAP,HDBSCAN,dbcv,Random,79,-0.37943633875364036,-0.1650852047325203
A,Wine quality (Low),UMAP,HDBSCAN,dbcv,Random,80,0.014189408720002485,0.014189408720002485
A,Wine quality (Low),UMAP,HDBSCAN,dbcv,Random,81,-0.4717638579575182,0.014189408720002485
A,Wine quality (Low),UMAP,HDBSCAN,dbcv,Random,82,-0.3570133264039962,0.014189408720002485
A,Wine quality (Low),UMAP,HDBSCAN,dbcv,Random,83,-0.4717638579575182,0.014189408720002485
A,Wine quality (Low),UMAP,HDBSCAN,dbcv,Random,84,-0.46570992376871767,0.014189408720002485
A,Wine quality (Low),UMAP,HDBSCAN,dbcv,Random,85,-0.23773878739075038,0.014189408720002485
A,Wine quality (Low),UMAP,HDBSCAN,dbcv,Random,86,-0.21624787529739664,0.014189408720002485
A,Wine quality (Low),UMAP,HDBSCAN,dbcv,Random,87,-0.3572365965411107,0.014189408720002485
A,Wine quality (Low),UMAP,HDBSCAN,dbcv,Random,88,-0.3266975029683742,0.014189408720002485
A,Wine quality (Low),UMAP,HDBSCAN,dbcv,Random,89,-0.36122468782574113,0.014189408720002485
A,Wine quality (Low),UMAP,HDBSCAN,dbcv,Random,90,-0.34686404864522635,0.014189408720002485
A,Wine quality (Low),UMAP,HDBSCAN,dbcv,Random,91,-0.21773570839888484,0.014189408720002485
A,Wine quality (Low),UMAP,HDBSCAN,dbcv,Random,92,-0.3212402172790736,0.014189408720002485
A,Wine quality (Low),UMAP,HDBSCAN,dbcv,Random,93,-0.39596094234133017,0.014189408720002485
A,Wine quality (Low),UMAP,HDBSCAN,dbcv,Random,94,-0.195957126267419,0.014189408720002485
A,Wine quality (Low),UMAP,HDBSCAN,dbcv,Random,95,-0.47134256298635824,0.014189408720002485
A,Wine quality (Low),UMAP,HDBSCAN,dbcv,Random,96,-0.2845197219022686,0.014189408720002485
A,Wine quality (Low),UMAP,HDBSCAN,dbcv,Random,97,-0.47134256298635824,0.014189408720002485
A,Wine quality (Low),UMAP,HDBSCAN,dbcv,Random,98,-0.3383957941477568,0.014189408720002485
A,Wine quality (Low),UMAP,HDBSCAN,dbcv,Random,99,-0.33702026746042213,0.014189408720002485
A,Wine quality (Low),UMAP,DBSCAN,dbcv,TPE,0,-1.0,-1.0
A,Wine quality (Low),UMAP,DBSCAN,dbcv,TPE,1,-0.3600100122296017,-0.3600100122296017
A,Wine quality (Low),UMAP,DBSCAN,dbcv,TPE,2,-0.29384917919072157,-0.29384917919072157
A,Wine quality (Low),UMAP,DBSCAN,dbcv,TPE,3,-0.3600100122296017,-0.29384917919072157
A,Wine quality (Low),UMAP,DBSCAN,dbcv,TPE,4,-1.0,-0.29384917919072157
A,Wine quality (Low),UMAP,DBSCAN,dbcv,TPE,5,-1.0,-0.29384917919072157
A,Wine quality (Low),UMAP,DBSCAN,dbcv,TPE,6,-1.0,-0.29384917919072157
A,Wine quality (Low),UMAP,DBSCAN,dbcv,TPE,7,-1.0,-0.29384917919072157
A,Wine quality (Low),UMAP,DBSCAN,dbcv,TPE,8,-1.0,-0.29384917919072157
A,Wine quality (Low),UMAP,DBSCAN,dbcv,TPE,9,-1.0,-0.29384917919072157
A,Wine quality (Low),UMAP,DBSCAN,dbcv,TPE,10,-1.0,-0.29384917919072157
A,Wine quality (Low),UMAP,DBSCAN,dbcv,TPE,11,-1.0,-0.29384917919072157
A,Wine quality (Low),UMAP,DBSCAN,dbcv,TPE,12,-0.39596094234133017,-0.29384917919072157
A,Wine quality (Low),UMAP,DBSCAN,dbcv,TPE,13,-1.0,-0.29384917919072157
A,Wine quality (Low),UMAP,DBSCAN,dbcv,TPE,14,-1.0,-0.29384917919072157
A,Wine quality (Low),UMAP,DBSCAN,dbcv,TPE,15,-1.0,-0.29384917919072157
A,Wine quality (Low),UMAP,DBSCAN,dbcv,TPE,16,-1.0,-0.29384917919072157
A,Wine quality (Low),UMAP,DBSCAN,dbcv,TPE,17,-0.33345133231022184,-0.29384917919072157
A,Wine quality (Low),UMAP,DBSCAN,dbcv,TPE,18,-1.0,-0.29384917919072157
A,Wine quality (Low),UMAP,DBSCAN,dbcv,TPE,19,-1.0,-0.29384917919072157
A,Wine quality (Low),UMAP,DBSCAN,dbcv,TPE,20,-0.14365695727166872,-0.14365695727166872
A,Wine quality (Low),UMAP,DBSCAN,dbcv,TPE,21,-0.34252026437791877,-0.14365695727166872
A,Wine quality (Low),UMAP,DBSCAN,dbcv,TPE,22,-1.0,-0.14365695727166872
A,Wine quality (Low),UMAP,DBSCAN,dbcv,TPE,23,-1.0,-0.14365695727166872
A,Wine quality (Low),UMAP,DBSCAN,dbcv,TPE,24,-1.0,-0.14365695727166872
A,Wine quality (Low),UMAP,DBSCAN,dbcv,TPE,25,-1.0,-0.14365695727166872
A,Wine quality (Low),UMAP,DBSCAN,dbcv,TPE,26,-0.2945684118239253,-0.14365695727166872
A,Wine quality (Low),UMAP,DBSCAN,dbcv,TPE,27,-0.2945684118239253,-0.14365695727166872
A,Wine quality (Low),UMAP,DBSCAN,dbcv,TPE,28,-1.0,-0.14365695727166872
A,Wine quality (Low),UMAP,DBSCAN,dbcv,TPE,29,-1.0,-0.14365695727166872
A,Wine quality (Low),UMAP,DBSCAN,dbcv,TPE,30,-0.3343674300325129,-0.14365695727166872
A,Wine quality (Low),UMAP,DBSCAN,dbcv,TPE,31,-1.0,-0.14365695727166872
A,Wine quality (Low),UMAP,DBSCAN,dbcv,TPE,32,-1.0,-0.14365695727166872
A,Wine quality (Low),UMAP,DBSCAN,dbcv,TPE,33,-0.3600100122296017,-0.14365695727166872
A,Wine quality (Low),UMAP,DBSCAN,dbcv,TPE,34,-1.0,-0.14365695727166872
A,Wine quality (Low),UMAP,DBSCAN,dbcv,TPE,35,-0.2945684118239253,-0.14365695727166872
A,Wine quality (Low),UMAP,DBSCAN,dbcv,TPE,36,-0.3600100122296017,-0.14365695727166872
A,Wine quality (Low),UMAP,DBSCAN,dbcv,TPE,37,-1.0,-0.14365695727166872
A,Wine quality (Low),UMAP,DBSCAN,dbcv,TPE,38,-1.0,-0.14365695727166872
A,Wine quality (Low),UMAP,DBSCAN,dbcv,TPE,39,-0.4717638579575182,-0.14365695727166872
A,Wine quality (Low),UMAP,DBSCAN,dbcv,TPE,40,-1.0,-0.14365695727166872
A,Wine quality (Low),UMAP,DBSCAN,dbcv,TPE,41,-0.1517120702006826,-0.14365695727166872
A,Wine quality (Low),UMAP,DBSCAN,dbcv,TPE,42,-0.4897469267318544,-0.14365695727166872
A,Wine quality (Low),UMAP,DBSCAN,dbcv,TPE,43,-0.1517120702006826,-0.14365695727166872
A,Wine quality (Low),UMAP,DBSCAN,dbcv,TPE,44,-0.12881300712235746,-0.12881300712235746
A,Wine quality (Low),UMAP,DBSCAN,dbcv,TPE,45,-0.19088667295291475,-0.12881300712235746
A,Wine quality (Low),UMAP,DBSCAN,dbcv,TPE,46,-1.0,-0.12881300712235746
A,Wine quality (Low),UMAP,DBSCAN,dbcv,TPE,47,-0.2885088172057384,-0.12881300712235746
A,Wine quality (Low),UMAP,DBSCAN,dbcv,TPE,48,-0.3411427173908317,-0.12881300712235746
A,Wine quality (Low),UMAP,DBSCAN,dbcv,TPE,49,-1.0,-0.12881300712235746
A,Wine quality (Low),UMAP,DBSCAN,dbcv,TPE,50,-0.1679751697435081,-0.12881300712235746
A,Wine quality (Low),UMAP,DBSCAN,dbcv,TPE,51,-0.08419547085307964,-0.08419547085307964
A,Wine quality (Low),UMAP,DBSCAN,dbcv,TPE,52,-0.46923356011799444,-0.08419547085307964
A,Wine quality (Low),UMAP,DBSCAN,dbcv,TPE,53,-0.4717638579575182,-0.08419547085307964
A,Wine quality (Low),UMAP,DBSCAN,dbcv,TPE,54,-0.41785572716422004,-0.08419547085307964
A,Wine quality (Low),UMAP,DBSCAN,dbcv,TPE,55,-1.0,-0.08419547085307964
A,Wine quality (Low),UMAP,DBSCAN,dbcv,TPE,56,-0.3411427173908317,-0.08419547085307964
A,Wine quality (Low),UMAP,DBSCAN,dbcv,TPE,57,-1.0,-0.08419547085307964
A,Wine quality (Low),UMAP,DBSCAN,dbcv,TPE,58,-0.4258248221603181,-0.08419547085307964
A,Wine quality (Low),UMAP,DBSCAN,dbcv,TPE,59,-0.47260444767059484,-0.08419547085307964
A,Wine quality (Low),UMAP,DBSCAN,dbcv,TPE,60,-0.47134256298635824,-0.08419547085307964
A,Wine quality (Low),UMAP,DBSCAN,dbcv,TPE,61,-1.0,-0.08419547085307964
A,Wine quality (Low),UMAP,DBSCAN,dbcv,TPE,62,-0.17126355987444114,-0.08419547085307964
A,Wine quality (Low),UMAP,DBSCAN,dbcv,TPE,63,-0.1227523170946035,-0.08419547085307964
A,Wine quality (Low),UMAP,DBSCAN,dbcv,TPE,64,-0.29856637541447684,-0.08419547085307964
A,Wine quality (Low),UMAP,DBSCAN,dbcv,TPE,65,-0.2380202058445315,-0.08419547085307964
A,Wine quality (Low),UMAP,DBSCAN,dbcv,TPE,66,-0.5559100070612002,-0.08419547085307964
A,Wine quality (Low),UMAP,DBSCAN,dbcv,TPE,67,-0.3411427173908317,-0.08419547085307964
A,Wine quality (Low),UMAP,DBSCAN,dbcv,TPE,68,-1.0,-0.08419547085307964
A,Wine quality (Low),UMAP,DBSCAN,dbcv,TPE,69,-1.0,-0.08419547085307964
A,Wine quality (Low),UMAP,DBSCAN,dbcv,TPE,70,-0.4859026298581982,-0.08419547085307964
A,Wine quality (Low),UMAP,DBSCAN,dbcv,TPE,71,-1.0,-0.08419547085307964
A,Wine quality (Low),UMAP,DBSCAN,dbcv,TPE,72,-0.09459564840138024,-0.08419547085307964
A,Wine quality (Low),UMAP,DBSCAN,dbcv,TPE,73,-0.3600100122296017,-0.08419547085307964
A,Wine quality (Low),UMAP,DBSCAN,dbcv,TPE,74,-0.32978662962749283,-0.08419547085307964
A,Wine quality (Low),UMAP,DBSCAN,dbcv,TPE,75,-0.4897469267318544,-0.08419547085307964
A,Wine quality (Low),UMAP,DBSCAN,dbcv,TPE,76,-0.3647144753905132,-0.08419547085307964
A,Wine quality (Low),UMAP,DBSCAN,dbcv,TPE,77,-1.0,-0.08419547085307964
A,Wine quality (Low),UMAP,DBSCAN,dbcv,TPE,78,-1.0,-0.08419547085307964
A,Wine quality (Low),UMAP,DBSCAN,dbcv,TPE,79,-1.0,-0.08419547085307964
A,Wine quality (Low),UMAP,DBSCAN,dbcv,TPE,80,-0.3407323137783468,-0.08419547085307964
A,Wine quality (Low),UMAP,DBSCAN,dbcv,TPE,81,-0.3718079574944463,-0.08419547085307964
A,Wine quality (Low),UMAP,DBSCAN,dbcv,TPE,82,-1.0,-0.08419547085307964
A,Wine quality (Low),UMAP,DBSCAN,dbcv,TPE,83,-0.2668146939907868,-0.08419547085307964
A,Wine quality (Low),UMAP,DBSCAN,dbcv,TPE,84,-0.436124352401898,-0.08419547085307964
A,Wine quality (Low),UMAP,DBSCAN,dbcv,TPE,85,-0.541467011180163,-0.08419547085307964
A,Wine quality (Low),UMAP,DBSCAN,dbcv,TPE,86,-0.39596094234133017,-0.08419547085307964
A,Wine quality (Low),UMAP,DBSCAN,dbcv,TPE,87,-0.4935160643797571,-0.08419547085307964
A,Wine quality (Low),UMAP,DBSCAN,dbcv,TPE,88,-0.03305136786145443,-0.03305136786145443
A,Wine quality (Low),UMAP,DBSCAN,dbcv,TPE,89,0.02979038986197217,0.02979038986197217
A,Wine quality (Low),UMAP,DBSCAN,dbcv,TPE,90,-1.0,0.02979038986197217
A,Wine quality (Low),UMAP,DBSCAN,dbcv,TPE,91,0.06353273292005222,0.06353273292005222
A,Wine quality (Low),UMAP,DBSCAN,dbcv,TPE,92,-0.03589346562491621,0.06353273292005222
A,Wine quality (Low),UMAP,DBSCAN,dbcv,TPE,93,-1.0,0.06353273292005222
A,Wine quality (Low),UMAP,DBSCAN,dbcv,TPE,94,0.061136518334096536,0.06353273292005222
A,Wine quality (Low),UMAP,DBSCAN,dbcv,TPE,95,-1.0,0.06353273292005222
A,Wine quality (Low),UMAP,DBSCAN,dbcv,TPE,96,-1.0,0.06353273292005222
A,Wine quality (Low),UMAP,DBSCAN,dbcv,TPE,97,-0.3990509667139482,0.06353273292005222
A,Wine quality (Low),UMAP,DBSCAN,dbcv,TPE,98,0.0172388904933524,0.06353273292005222
A,Wine quality (Low),UMAP,DBSCAN,dbcv,TPE,99,0.022448793487085627,0.06353273292005222
A,Wine quality (Low),UMAP,DBSCAN,dbcv,Random,0,-1.0,-1.0
A,Wine quality (Low),UMAP,DBSCAN,dbcv,Random,1,-0.3600100122296017,-0.3600100122296017
A,Wine quality (Low),UMAP,DBSCAN,dbcv,Random,2,-0.2924105819691436,-0.2924105819691436
A,Wine quality (Low),UMAP,DBSCAN,dbcv,Random,3,-0.3411427173908317,-0.2924105819691436
A,Wine quality (Low),UMAP,DBSCAN,dbcv,Random,4,-1.0,-0.2924105819691436
A,Wine quality (Low),UMAP,DBSCAN,dbcv,Random,5,-1.0,-0.2924105819691436
A,Wine quality (Low),UMAP,DBSCAN,dbcv,Random,6,-1.0,-0.2924105819691436
A,Wine quality (Low),UMAP,DBSCAN,dbcv,Random,7,-1.0,-0.2924105819691436
A,Wine quality (Low),UMAP,DBSCAN,dbcv,Random,8,-1.0,-0.2924105819691436
A,Wine quality (Low),UMAP,DBSCAN,dbcv,Random,9,-1.0,-0.2924105819691436
A,Wine quality (Low),UMAP,DBSCAN,dbcv,Random,10,-1.0,-0.2924105819691436
A,Wine quality (Low),UMAP,DBSCAN,dbcv,Random,11,-0.1272488644508144,-0.1272488644508144
A,Wine quality (Low),UMAP,DBSCAN,dbcv,Random,12,-1.0,-0.1272488644508144
A,Wine quality (Low),UMAP,DBSCAN,dbcv,Random,13,-1.0,-0.1272488644508144
A,Wine quality (Low),UMAP,DBSCAN,dbcv,Random,14,-1.0,-0.1272488644508144
A,Wine quality (Low),UMAP,DBSCAN,dbcv,Random,15,-1.0,-0.1272488644508144
A,Wine quality (Low),UMAP,DBSCAN,dbcv,Random,16,-1.0,-0.1272488644508144
A,Wine quality (Low),UMAP,DBSCAN,dbcv,Random,17,-1.0,-0.1272488644508144
A,Wine quality (Low),UMAP,DBSCAN,dbcv,Random,18,-1.0,-0.1272488644508144
A,Wine quality (Low),UMAP,DBSCAN,dbcv,Random,19,-1.0,-0.1272488644508144
A,Wine quality (Low),UMAP,DBSCAN,dbcv,Random,20,-1.0,-0.1272488644508144
A,Wine quality (Low),UMAP,DBSCAN,dbcv,Random,21,-0.3399310216371598,-0.1272488644508144
A,Wine quality (Low),UMAP,DBSCAN,dbcv,Random,22,-1.0,-0.1272488644508144
A,Wine quality (Low),UMAP,DBSCAN,dbcv,Random,23,-1.0,-0.1272488644508144
A,Wine quality (Low),UMAP,DBSCAN,dbcv,Random,24,-0.21946381017534938,-0.1272488644508144
A,Wine quality (Low),UMAP,DBSCAN,dbcv,Random,25,-1.0,-0.1272488644508144
A,Wine quality (Low),UMAP,DBSCAN,dbcv,Random,26,-1.0,-0.1272488644508144
A,Wine quality (Low),UMAP,DBSCAN,dbcv,Random,27,-1.0,-0.1272488644508144
A,Wine quality (Low),UMAP,DBSCAN,dbcv,Random,28,-1.0,-0.1272488644508144
A,Wine quality (Low),UMAP,DBSCAN,dbcv,Random,29,-1.0,-0.1272488644508144
A,Wine quality (Low),UMAP,DBSCAN,dbcv,Random,30,-1.0,-0.1272488644508144
A,Wine quality (Low),UMAP,DBSCAN,dbcv,Random,31,-0.42221309617628305,-0.1272488644508144
A,Wine quality (Low),UMAP,DBSCAN,dbcv,Random,32,-1.0,-0.1272488644508144
A,Wine quality (Low),UMAP,DBSCAN,dbcv,Random,33,-1.0,-0.1272488644508144
A,Wine quality (Low),UMAP,DBSCAN,dbcv,Random,34,-0.39596094234133017,-0.1272488644508144
A,Wine quality (Low),UMAP,DBSCAN,dbcv,Random,35,-1.0,-0.1272488644508144
A,Wine quality (Low),UMAP,DBSCAN,dbcv,Random,36,-1.0,-0.1272488644508144
A,Wine quality (Low),UMAP,DBSCAN,dbcv,Random,37,-1.0,-0.1272488644508144
A,Wine quality (Low),UMAP,DBSCAN,dbcv,Random,38,-1.0,-0.1272488644508144
A,Wine quality (Low),UMAP,DBSCAN,dbcv,Random,39,-1.0,-0.1272488644508144
A,Wine quality (Low),UMAP,DBSCAN,dbcv,Random,40,-1.0,-0.1272488644508144
A,Wine quality (Low),UMAP,DBSCAN,dbcv,Random,41,-1.0,-0.1272488644508144
A,Wine quality (Low),UMAP,DBSCAN,dbcv,Random,42,-0.4688122651468345,-0.1272488644508144
A,Wine quality (Low),UMAP,DBSCAN,dbcv,Random,43,-1.0,-0.1272488644508144
A,Wine quality (Low),UMAP,DBSCAN,dbcv,Random,44,-1.0,-0.1272488644508144
A,Wine quality (Low),UMAP,DBSCAN,dbcv,Random,45,-1.0,-0.1272488644508144
A,Wine quality (Low),UMAP,DBSCAN,dbcv,Random,46,-1.0,-0.1272488644508144
A,Wine quality (Low),UMAP,DBSCAN,dbcv,Random,47,-1.0,-0.1272488644508144
A,Wine quality (Low),UMAP,DBSCAN,dbcv,Random,48,-1.0,-0.1272488644508144
A,Wine quality (Low),UMAP,DBSCAN,dbcv,Random,49,-1.0,-0.1272488644508144
A,Wine quality (Low),UMAP,DBSCAN,dbcv,Random,50,-0.2945684118239253,-0.1272488644508144
A,Wine quality (Low),UMAP,DBSCAN,dbcv,Random,51,-1.0,-0.1272488644508144
A,Wine quality (Low),UMAP,DBSCAN,dbcv,Random,52,-1.0,-0.1272488644508144
A,Wine quality (Low),UMAP,DBSCAN,dbcv,Random,53,-1.0,-0.1272488644508144
A,Wine quality (Low),UMAP,DBSCAN,dbcv,Random,54,-1.0,-0.1272488644508144
A,Wine quality (Low),UMAP,DBSCAN,dbcv,Random,55,-1.0,-0.1272488644508144
A,Wine quality (Low),UMAP,DBSCAN,dbcv,Random,56,-0.1650472395622861,-0.1272488644508144
A,Wine quality (Low),UMAP,DBSCAN,dbcv,Random,57,-0.3490707292310141,-0.1272488644508144
A,Wine quality (Low),UMAP,DBSCAN,dbcv,Random,58,-0.5533672759989164,-0.1272488644508144
A,Wine quality (Low),UMAP,DBSCAN,dbcv,Random,59,-1.0,-0.1272488644508144
A,Wine quality (Low),UMAP,DBSCAN,dbcv,Random,60,-1.0,-0.1272488644508144
A,Wine quality (Low),UMAP,DBSCAN,dbcv,Random,61,-1.0,-0.1272488644508144
A,Wine quality (Low),UMAP,DBSCAN,dbcv,Random,62,-1.0,-0.1272488644508144
A,Wine quality (Low),UMAP,DBSCAN,dbcv,Random,63,-1.0,-0.1272488644508144
A,Wine quality (Low),UMAP,DBSCAN,dbcv,Random,64,-1.0,-0.1272488644508144
A,Wine quality (Low),UMAP,DBSCAN,dbcv,Random,65,-1.0,-0.1272488644508144
A,Wine quality (Low),UMAP,DBSCAN,dbcv,Random,66,-0.2945684118239253,-0.1272488644508144
A,Wine quality (Low),UMAP,DBSCAN,dbcv,Random,67,-1.0,-0.1272488644508144
A,Wine quality (Low),UMAP,DBSCAN,dbcv,Random,68,-1.0,-0.1272488644508144
A,Wine quality (Low),UMAP,DBSCAN,dbcv,Random,69,-1.0,-0.1272488644508144
A,Wine quality (Low),UMAP,DBSCAN,dbcv,Random,70,-0.2945684118239253,-0.1272488644508144
A,Wine quality (Low),UMAP,DBSCAN,dbcv,Random,71,-1.0,-0.1272488644508144
A,Wine quality (Low),UMAP,DBSCAN,dbcv,Random,72,-1.0,-0.1272488644508144
A,Wine quality (Low),UMAP,DBSCAN,dbcv,Random,73,-0.2945684118239253,-0.1272488644508144
A,Wine quality (Low),UMAP,DBSCAN,dbcv,Random,74,-1.0,-0.1272488644508144
A,Wine quality (Low),UMAP,DBSCAN,dbcv,Random,75,-1.0,-0.1272488644508144
A,Wine quality (Low),UMAP,DBSCAN,dbcv,Random,76,-1.0,-0.1272488644508144
A,Wine quality (Low),UMAP,DBSCAN,dbcv,Random,77,-1.0,-0.1272488644508144
A,Wine quality (Low),UMAP,DBSCAN,dbcv,Random,78,-1.0,-0.1272488644508144
A,Wine quality (Low),UMAP,DBSCAN,dbcv,Random,79,-1.0,-0.1272488644508144
A,Wine quality (Low),UMAP,DBSCAN,dbcv,Random,80,-1.0,-0.1272488644508144
A,Wine quality (Low),UMAP,DBSCAN,dbcv,Random,81,-1.0,-0.1272488644508144
A,Wine quality (Low),UMAP,DBSCAN,dbcv,Random,82,-1.0,-0.1272488644508144
A,Wine quality (Low),UMAP,DBSCAN,dbcv,Random,83,-1.0,-0.1272488644508144
A,Wine quality (Low),UMAP,DBSCAN,dbcv,Random,84,-1.0,-0.1272488644508144
A,Wine quality (Low),UMAP,DBSCAN,dbcv,Random,85,-1.0,-0.1272488644508144
A,Wine quality (Low),UMAP,DBSCAN,dbcv,Random,86,-0.23731068245302855,-0.1272488644508144
A,Wine quality (Low),UMAP,DBSCAN,dbcv,Random,87,-1.0,-0.1272488644508144
A,Wine quality (Low),UMAP,DBSCAN,dbcv,Random,88,-1.0,-0.1272488644508144
A,Wine quality (Low),UMAP,DBSCAN,dbcv,Random,89,-1.0,-0.1272488644508144
A,Wine quality (Low),UMAP,DBSCAN,dbcv,Random,90,-1.0,-0.1272488644508144
A,Wine quality (Low),UMAP,DBSCAN,dbcv,Random,91,-0.36594196961714004,-0.1272488644508144
A,Wine quality (Low),UMAP,DBSCAN,dbcv,Random,92,-1.0,-0.1272488644508144
A,Wine quality (Low),UMAP,DBSCAN,dbcv,Random,93,-0.38821798350257447,-0.1272488644508144
A,Wine quality (Low),UMAP,DBSCAN,dbcv,Random,94,-1.0,-0.1272488644508144
A,Wine quality (Low),UMAP,DBSCAN,dbcv,Random,95,-1.0,-0.1272488644508144
A,Wine quality (Low),UMAP,DBSCAN,dbcv,Random,96,-1.0,-0.1272488644508144
A,Wine quality (Low),UMAP,DBSCAN,dbcv,Random,97,-1.0,-0.1272488644508144
A,Wine quality (Low),UMAP,DBSCAN,dbcv,Random,98,-0.42221309617628305,-0.1272488644508144
A,Wine quality (Low),UMAP,DBSCAN,dbcv,Random,99,-1.0,-0.1272488644508144
A,Wine quality (Low),UMAP,KMeans,dbcv,TPE,0,-0.4319757170953078,-0.4319757170953078
A,Wine quality (Low),UMAP,KMeans,dbcv,TPE,1,-0.36305585667076307,-0.36305585667076307
A,Wine quality (Low),UMAP,KMeans,dbcv,TPE,2,-0.411683861837626,-0.36305585667076307
A,Wine quality (Low),UMAP,KMeans,dbcv,TPE,3,-0.5292097631174278,-0.36305585667076307
A,Wine quality (Low),UMAP,KMeans,dbcv,TPE,4,-0.5003031954488306,-0.36305585667076307
A,Wine quality (Low),UMAP,KMeans,dbcv,TPE,5,-0.4579646724425642,-0.36305585667076307
A,Wine quality (Low),UMAP,KMeans,dbcv,TPE,6,-0.451952880215017,-0.36305585667076307
A,Wine quality (Low),UMAP,KMeans,dbcv,TPE,7,-0.5666655999598443,-0.36305585667076307
A,Wine quality (Low),UMAP,KMeans,dbcv,TPE,8,-0.3523124516862113,-0.3523124516862113
A,Wine quality (Low),UMAP,KMeans,dbcv,TPE,9,-0.41377692369828967,-0.3523124516862113
A,Wine quality (Low),UMAP,KMeans,dbcv,TPE,10,-0.4214731087829144,-0.3523124516862113
A,Wine quality (Low),UMAP,KMeans,dbcv,TPE,11,-0.3795589296112463,-0.3523124516862113
A,Wine quality (Low),UMAP,KMeans,dbcv,TPE,12,-0.35385201337732436,-0.3523124516862113
A,Wine quality (Low),UMAP,KMeans,dbcv,TPE,13,-0.4048084652402292,-0.3523124516862113
A,Wine quality (Low),UMAP,KMeans,dbcv,TPE,14,-0.4269591187193298,-0.3523124516862113
A,Wine quality (Low),UMAP,KMeans,dbcv,TPE,15,-0.4196440322115213,-0.3523124516862113
A,Wine quality (Low),UMAP,KMeans,dbcv,TPE,16,-0.37710373615380877,-0.3523124516862113
A,Wine quality (Low),UMAP,KMeans,dbcv,TPE,17,-0.44193010958556866,-0.3523124516862113
A,Wine quality (Low),UMAP,KMeans,dbcv,TPE,18,-0.3884372964561727,-0.3523124516862113
A,Wine quality (Low),UMAP,KMeans,dbcv,TPE,19,-0.5033714769416028,-0.3523124516862113
A,Wine quality (Low),UMAP,KMeans,dbcv,TPE,20,-0.42457391433342534,-0.3523124516862113
A,Wine quality (Low),UMAP,KMeans,dbcv,TPE,21,-0.3521983724070365,-0.3521983724070365
A,Wine quality (Low),UMAP,KMeans,dbcv,TPE,22,-0.4167082415306617,-0.3521983724070365
A,Wine quality (Low),UMAP,KMeans,dbcv,TPE,23,-0.39337898996030163,-0.3521983724070365
A,Wine quality (Low),UMAP,KMeans,dbcv,TPE,24,-0.3717253372937765,-0.3521983724070365
A,Wine quality (Low),UMAP,KMeans,dbcv,TPE,25,-0.42121691803238764,-0.3521983724070365
A,Wine quality (Low),UMAP,KMeans,dbcv,TPE,26,-0.38242785356600933,-0.3521983724070365
A,Wine quality (Low),UMAP,KMeans,dbcv,TPE,27,-0.4436304056129762,-0.3521983724070365
A,Wine quality (Low),UMAP,KMeans,dbcv,TPE,28,-0.4073095733780498,-0.3521983724070365
A,Wine quality (Low),UMAP,KMeans,dbcv,TPE,29,-0.4105369168545577,-0.3521983724070365
A,Wine quality (Low),UMAP,KMeans,dbcv,TPE,30,-0.4136334893709929,-0.3521983724070365
A,Wine quality (Low),UMAP,KMeans,dbcv,TPE,31,-0.383625224443899,-0.3521983724070365
A,Wine quality (Low),UMAP,KMeans,dbcv,TPE,32,-0.29665257462326877,-0.29665257462326877
A,Wine quality (Low),UMAP,KMeans,dbcv,TPE,33,-0.3853738216248526,-0.29665257462326877
A,Wine quality (Low),UMAP,KMeans,dbcv,TPE,34,-0.35594617059867234,-0.29665257462326877
A,Wine quality (Low),UMAP,KMeans,dbcv,TPE,35,-0.38730782258375707,-0.29665257462326877
A,Wine quality (Low),UMAP,KMeans,dbcv,TPE,36,-0.36373095345099427,-0.29665257462326877
A,Wine quality (Low),UMAP,KMeans,dbcv,TPE,37,-0.44168398886678634,-0.29665257462326877
A,Wine quality (Low),UMAP,KMeans,dbcv,TPE,38,-0.4083590408615267,-0.29665257462326877
A,Wine quality (Low),UMAP,KMeans,dbcv,TPE,39,-0.36164366245934215,-0.29665257462326877
A,Wine quality (Low),UMAP,KMeans,dbcv,TPE,40,-0.3523086634287642,-0.29665257462326877
A,Wine quality (Low),UMAP,KMeans,dbcv,TPE,41,-0.42172912665331413,-0.29665257462326877
A,Wine quality (Low),UMAP,KMeans,dbcv,TPE,42,-0.3561416248760001,-0.29665257462326877
A,Wine quality (Low),UMAP,KMeans,dbcv,TPE,43,-0.4016303198344692,-0.29665257462326877
A,Wine quality (Low),UMAP,KMeans,dbcv,TPE,44,-0.35588719980586475,-0.29665257462326877
A,Wine quality (Low),UMAP,KMeans,dbcv,TPE,45,-0.47465996279494427,-0.29665257462326877
A,Wine quality (Low),UMAP,KMeans,dbcv,TPE,46,-0.38089979307932575,-0.29665257462326877
A,Wine quality (Low),UMAP,KMeans,dbcv,TPE,47,-0.3752481432520966,-0.29665257462326877
A,Wine quality (Low),UMAP,KMeans,dbcv,TPE,48,-0.40092630638117144,-0.29665257462326877
A,Wine quality (Low),UMAP,KMeans,dbcv,TPE,49,-0.3936561435284385,-0.29665257462326877
A,Wine quality (Low),UMAP,KMeans,dbcv,TPE,50,-0.5118653992616162,-0.29665257462326877
A,Wine quality (Low),UMAP,KMeans,dbcv,TPE,51,-0.3779325496971383,-0.29665257462326877
A,Wine quality (Low),UMAP,KMeans,dbcv,TPE,52,-0.42524058964020406,-0.29665257462326877
A,Wine quality (Low),UMAP,KMeans,dbcv,TPE,53,-0.36901740419559326,-0.29665257462326877
A,Wine quality (Low),UMAP,KMeans,dbcv,TPE,54,-0.36948423094958516,-0.29665257462326877
A,Wine quality (Low),UMAP,KMeans,dbcv,TPE,55,-0.43303098545583646,-0.29665257462326877
A,Wine quality (Low),UMAP,KMeans,dbcv,TPE,56,-0.40304433345285096,-0.29665257462326877
A,Wine quality (Low),UMAP,KMeans,dbcv,TPE,57,-0.40984034137432945,-0.29665257462326877
A,Wine quality (Low),UMAP,KMeans,dbcv,TPE,58,-0.43206432304522097,-0.29665257462326877
A,Wine quality (Low),UMAP,KMeans,dbcv,TPE,59,-0.4058639248503931,-0.29665257462326877
A,Wine quality (Low),UMAP,KMeans,dbcv,TPE,60,-0.39417945890752765,-0.29665257462326877
A,Wine quality (Low),UMAP,KMeans,dbcv,TPE,61,-0.3862080286556043,-0.29665257462326877
A,Wine quality (Low),UMAP,KMeans,dbcv,TPE,62,-0.36522889334053465,-0.29665257462326877
A,Wine quality (Low),UMAP,KMeans,dbcv,TPE,63,-0.426443878047942,-0.29665257462326877
A,Wine quality (Low),UMAP,KMeans,dbcv,TPE,64,-0.3544945274572549,-0.29665257462326877
A,Wine quality (Low),UMAP,KMeans,dbcv,TPE,65,-0.38949813516955845,-0.29665257462326877
A,Wine quality (Low),UMAP,KMeans,dbcv,TPE,66,-0.4003658956539194,-0.29665257462326877
A,Wine quality (Low),UMAP,KMeans,dbcv,TPE,67,-0.4226425221336892,-0.29665257462326877
A,Wine quality (Low),UMAP,KMeans,dbcv,TPE,68,-0.41275335918914746,-0.29665257462326877
A,Wine quality (Low),UMAP,KMeans,dbcv,TPE,69,-0.32618809448648,-0.29665257462326877
A,Wine quality (Low),UMAP,KMeans,dbcv,TPE,70,-0.5513655052169004,-0.29665257462326877
A,Wine quality (Low),UMAP,KMeans,dbcv,TPE,71,-0.5003939505758626,-0.29665257462326877
A,Wine quality (Low),UMAP,KMeans,dbcv,TPE,72,-0.48196434872010413,-0.29665257462326877
A,Wine quality (Low),UMAP,KMeans,dbcv,TPE,73,-0.4767684583877978,-0.29665257462326877
A,Wine quality (Low),UMAP,KMeans,dbcv,TPE,74,-0.3733778476056651,-0.29665257462326877
A,Wine quality (Low),UMAP,KMeans,dbcv,TPE,75,-0.4547950857902545,-0.29665257462326877
A,Wine quality (Low),UMAP,KMeans,dbcv,TPE,76,-0.4844576472586841,-0.29665257462326877
A,Wine quality (Low),UMAP,KMeans,dbcv,TPE,77,-0.3742284077045255,-0.29665257462326877
A,Wine quality (Low),UMAP,KMeans,dbcv,TPE,78,-0.4059421510914869,-0.29665257462326877
A,Wine quality (Low),UMAP,KMeans,dbcv,TPE,79,-0.34019136719722703,-0.29665257462326877
A,Wine quality (Low),UMAP,KMeans,dbcv,TPE,80,-0.42951498342284533,-0.29665257462326877
A,Wine quality (Low),UMAP,KMeans,dbcv,TPE,81,-0.4072505198738764,-0.29665257462326877
A,Wine quality (Low),UMAP,KMeans,dbcv,TPE,82,-0.3674757080298446,-0.29665257462326877
A,Wine quality (Low),UMAP,KMeans,dbcv,TPE,83,-0.42365941205526936,-0.29665257462326877
A,Wine quality (Low),UMAP,KMeans,dbcv,TPE,84,-0.4445831348385539,-0.29665257462326877
A,Wine quality (Low),UMAP,KMeans,dbcv,TPE,85,-0.3260239203122556,-0.29665257462326877
A,Wine quality (Low),UMAP,KMeans,dbcv,TPE,86,-0.35343979866068376,-0.29665257462326877
A,Wine quality (Low),UMAP,KMeans,dbcv,TPE,87,-0.38823379124429147,-0.29665257462326877
A,Wine quality (Low),UMAP,KMeans,dbcv,TPE,88,-0.49396881667771136,-0.29665257462326877
A,Wine quality (Low),UMAP,KMeans,dbcv,TPE,89,-0.4433084100118764,-0.29665257462326877
A,Wine quality (Low),UMAP,KMeans,dbcv,TPE,90,-0.3569222963884353,-0.29665257462326877
A,Wine quality (Low),UMAP,KMeans,dbcv,TPE,91,-0.40323174655524646,-0.29665257462326877
A,Wine quality (Low),UMAP,KMeans,dbcv,TPE,92,-0.4193537903583013,-0.29665257462326877
A,Wine quality (Low),UMAP,KMeans,dbcv,TPE,93,-0.4274185321403773,-0.29665257462326877
A,Wine quality (Low),UMAP,KMeans,dbcv,TPE,94,-0.4404728314264033,-0.29665257462326877
A,Wine quality (Low),UMAP,KMeans,dbcv,TPE,95,-0.4034071892335546,-0.29665257462326877
A,Wine quality (Low),UMAP,KMeans,dbcv,TPE,96,-0.3646330870817174,-0.29665257462326877
A,Wine quality (Low),UMAP,KMeans,dbcv,TPE,97,-0.44365886009996985,-0.29665257462326877
A,Wine quality (Low),UMAP,KMeans,dbcv,TPE,98,-0.4139142129588462,-0.29665257462326877
A,Wine quality (Low),UMAP,KMeans,dbcv,TPE,99,-0.40904006816873506,-0.29665257462326877
A,Wine quality (Low),UMAP,KMeans,dbcv,Random,0,-0.42066876648056517,-0.42066876648056517
A,Wine quality (Low),UMAP,KMeans,dbcv,Random,1,-0.3626469634803496,-0.3626469634803496
A,Wine quality (Low),UMAP,KMeans,dbcv,Random,2,-0.44865807036974414,-0.3626469634803496
A,Wine quality (Low),UMAP,KMeans,dbcv,Random,3,-0.5931908649972029,-0.3626469634803496
A,Wine quality (Low),UMAP,KMeans,dbcv,Random,4,-0.5181993344271786,-0.3626469634803496
A,Wine quality (Low),UMAP,KMeans,dbcv,Random,5,-0.483011650170874,-0.3626469634803496
A,Wine quality (Low),UMAP,KMeans,dbcv,Random,6,-0.43280826132515016,-0.3626469634803496
A,Wine quality (Low),UMAP,KMeans,dbcv,Random,7,-0.5844422108534479,-0.3626469634803496
A,Wine quality (Low),UMAP,KMeans,dbcv,Random,8,-0.361608777884312,-0.361608777884312
A,Wine quality (Low),UMAP,KMeans,dbcv,Random,9,-0.4846050418467578,-0.361608777884312
A,Wine quality (Low),UMAP,KMeans,dbcv,Random,10,-0.3730608772862906,-0.361608777884312
A,Wine quality (Low),UMAP,KMeans,dbcv,Random,11,-0.367849844736704,-0.361608777884312
A,Wine quality (Low),UMAP,KMeans,dbcv,Random,12,-0.4104408548129105,-0.361608777884312
A,Wine quality (Low),UMAP,KMeans,dbcv,Random,13,-0.4219284344186905,-0.361608777884312
A,Wine quality (Low),UMAP,KMeans,dbcv,Random,14,-0.513046129063012,-0.361608777884312
A,Wine quality (Low),UMAP,KMeans,dbcv,Random,15,-0.5077321533287765,-0.361608777884312
A,Wine quality (Low),UMAP,KMeans,dbcv,Random,16,-0.41330230641777005,-0.361608777884312
A,Wine quality (Low),UMAP,KMeans,dbcv,Random,17,-0.46806414145302083,-0.361608777884312
A,Wine quality (Low),UMAP,KMeans,dbcv,Random,18,-0.39900314413082827,-0.361608777884312
A,Wine quality (Low),UMAP,KMeans,dbcv,Random,19,-0.5664487143468506,-0.361608777884312
A,Wine quality (Low),UMAP,KMeans,dbcv,Random,20,-0.4059421510914869,-0.361608777884312
A,Wine quality (Low),UMAP,KMeans,dbcv,Random,21,-0.4246184741905961,-0.361608777884312
A,Wine quality (Low),UMAP,KMeans,dbcv,Random,22,-0.45163123203321887,-0.361608777884312
A,Wine quality (Low),UMAP,KMeans,dbcv,Random,23,-0.4457112839107215,-0.361608777884312
A,Wine quality (Low),UMAP,KMeans,dbcv,Random,24,-0.5576088306807645,-0.361608777884312
A,Wine quality (Low),UMAP,KMeans,dbcv,Random,25,-0.4536687085444326,-0.361608777884312
A,Wine quality (Low),UMAP,KMeans,dbcv,Random,26,-0.4080259569204323,-0.361608777884312
A,Wine quality (Low),UMAP,KMeans,dbcv,Random,27,-0.5114109806482137,-0.361608777884312
A,Wine quality (Low),UMAP,KMeans,dbcv,Random,28,-0.36273977353805376,-0.361608777884312
A,Wine quality (Low),UMAP,KMeans,dbcv,Random,29,-0.45151976826848206,-0.361608777884312
A,Wine quality (Low),UMAP,KMeans,dbcv,Random,30,-0.5504377536414691,-0.361608777884312
A,Wine quality (Low),UMAP,KMeans,dbcv,Random,31,-0.3587233744780253,-0.3587233744780253
A,Wine quality (Low),UMAP,KMeans,dbcv,Random,32,-0.5436922532378593,-0.3587233744780253
A,Wine quality (Low),UMAP,KMeans,dbcv,Random,33,-0.49138724041432097,-0.3587233744780253
A,Wine quality (Low),UMAP,KMeans,dbcv,Random,34,-0.39838382948547496,-0.3587233744780253
A,Wine quality (Low),UMAP,KMeans,dbcv,Random,35,-0.5136962875760764,-0.3587233744780253
A,Wine quality (Low),UMAP,KMeans,dbcv,Random,36,-0.44970824069653437,-0.3587233744780253
A,Wine quality (Low),UMAP,KMeans,dbcv,Random,37,-0.4669900460473381,-0.3587233744780253
A,Wine quality (Low),UMAP,KMeans,dbcv,Random,38,-0.510067460998559,-0.3587233744780253
A,Wine quality (Low),UMAP,KMeans,dbcv,Random,39,-0.45407370671803177,-0.3587233744780253
A,Wine quality (Low),UMAP,KMeans,dbcv,Random,40,-0.5114795313562825,-0.3587233744780253
A,Wine quality (Low),UMAP,KMeans,dbcv,Random,41,-0.43636993539914043,-0.3587233744780253
A,Wine quality (Low),UMAP,KMeans,dbcv,Random,42,-0.3479379221452537,-0.3479379221452537
A,Wine quality (Low),UMAP,KMeans,dbcv,Random,43,-0.5083466669730594,-0.3479379221452537
A,Wine quality (Low),UMAP,KMeans,dbcv,Random,44,-0.5577507545659918,-0.3479379221452537
A,Wine quality (Low),UMAP,KMeans,dbcv,Random,45,-0.38721457347998106,-0.3479379221452537
A,Wine quality (Low),UMAP,KMeans,dbcv,Random,46,-0.46169552748902126,-0.3479379221452537
A,Wine quality (Low),UMAP,KMeans,dbcv,Random,47,-0.4138698558339196,-0.3479379221452537
A,Wine quality (Low),UMAP,KMeans,dbcv,Random,48,-0.5164754303273883,-0.3479379221452537
A,Wine quality (Low),UMAP,KMeans,dbcv,Random,49,-0.387447374442107,-0.3479379221452537
A,Wine quality (Low),UMAP,KMeans,dbcv,Random,50,-0.3760569432891377,-0.3479379221452537
A,Wine quality (Low),UMAP,KMeans,dbcv,Random,51,-0.44099517210569594,-0.3479379221452537
A,Wine quality (Low),UMAP,KMeans,dbcv,Random,52,-0.38577138523201926,-0.3479379221452537
A,Wine quality (Low),UMAP,KMeans,dbcv,Random,53,-0.56995658619739,-0.3479379221452537
A,Wine quality (Low),UMAP,KMeans,dbcv,Random,54,-0.41197237995798913,-0.3479379221452537
A,Wine quality (Low),UMAP,KMeans,dbcv,Random,55,-0.46960858839997516,-0.3479379221452537
A,Wine quality (Low),UMAP,KMeans,dbcv,Random,56,-0.5144760793605687,-0.3479379221452537
A,Wine quality (Low),UMAP,KMeans,dbcv,Random,57,-0.4132021831685486,-0.3479379221452537
A,Wine quality (Low),UMAP,KMeans,dbcv,Random,58,-0.4143332650659316,-0.3479379221452537
A,Wine quality (Low),UMAP,KMeans,dbcv,Random,59,-0.5114983598438363,-0.3479379221452537
A,Wine quality (Low),UMAP,KMeans,dbcv,Random,60,-0.5010361979704291,-0.3479379221452537
A,Wine quality (Low),UMAP,KMeans,dbcv,Random,61,-0.3881326353538228,-0.3479379221452537
A,Wine quality (Low),UMAP,KMeans,dbcv,Random,62,-0.4984281921773972,-0.3479379221452537
A,Wine quality (Low),UMAP,KMeans,dbcv,Random,63,-0.4087072520827799,-0.3479379221452537
A,Wine quality (Low),UMAP,KMeans,dbcv,Random,64,-0.5374201974242359,-0.3479379221452537
A,Wine quality (Low),UMAP,KMeans,dbcv,Random,65,-0.45333101093710537,-0.3479379221452537
A,Wine quality (Low),UMAP,KMeans,dbcv,Random,66,-0.41000876331462704,-0.3479379221452537
A,Wine quality (Low),UMAP,KMeans,dbcv,Random,67,-0.4330648851301996,-0.3479379221452537
A,Wine quality (Low),UMAP,KMeans,dbcv,Random,68,-0.4161013197809316,-0.3479379221452537
A,Wine quality (Low),UMAP,KMeans,dbcv,Random,69,-0.38377113422122566,-0.3479379221452537
A,Wine quality (Low),UMAP,KMeans,dbcv,Random,70,-0.5692945301938593,-0.3479379221452537
A,Wine quality (Low),UMAP,KMeans,dbcv,Random,71,-0.46778252211582594,-0.3479379221452537
A,Wine quality (Low),UMAP,KMeans,dbcv,Random,72,-0.6074156937570159,-0.3479379221452537
A,Wine quality (Low),UMAP,KMeans,dbcv,Random,73,-0.4389859625084173,-0.3479379221452537
A,Wine quality (Low),UMAP,KMeans,dbcv,Random,74,-0.5585232704336016,-0.3479379221452537
A,Wine quality (Low),UMAP,KMeans,dbcv,Random,75,-0.4029403515468836,-0.3479379221452537
A,Wine quality (Low),UMAP,KMeans,dbcv,Random,76,-0.46684069840777853,-0.3479379221452537
A,Wine quality (Low),UMAP,KMeans,dbcv,Random,77,-0.5320475539283372,-0.3479379221452537
A,Wine quality (Low),UMAP,KMeans,dbcv,Random,78,-0.4274362140366053,-0.3479379221452537
A,Wine quality (Low),UMAP,KMeans,dbcv,Random,79,-0.5122593772732378,-0.3479379221452537
A,Wine quality (Low),UMAP,KMeans,dbcv,Random,80,-0.5347179190853351,-0.3479379221452537
A,Wine quality (Low),UMAP,KMeans,dbcv,Random,81,-0.44446945335275645,-0.3479379221452537
A,Wine quality (Low),UMAP,KMeans,dbcv,Random,82,-0.3717145345005755,-0.3479379221452537
A,Wine quality (Low),UMAP,KMeans,dbcv,Random,83,-0.32618809448648,-0.32618809448648
A,Wine quality (Low),UMAP,KMeans,dbcv,Random,84,-0.556821669062487,-0.32618809448648
A,Wine quality (Low),UMAP,KMeans,dbcv,Random,85,-0.4780956731868983,-0.32618809448648
A,Wine quality (Low),UMAP,KMeans,dbcv,Random,86,-0.4245471306189239,-0.32618809448648
A,Wine quality (Low),UMAP,KMeans,dbcv,Random,87,-0.41570636298965896,-0.32618809448648
A,Wine quality (Low),UMAP,KMeans,dbcv,Random,88,-0.4239397944805382,-0.32618809448648
A,Wine quality (Low),UMAP,KMeans,dbcv,Random,89,-0.4398518695316485,-0.32618809448648
A,Wine quality (Low),UMAP,KMeans,dbcv,Random,90,-0.46545826694867465,-0.32618809448648
A,Wine quality (Low),UMAP,KMeans,dbcv,Random,91,-0.4058886267170732,-0.32618809448648
A,Wine quality (Low),UMAP,KMeans,dbcv,Random,92,-0.392282045056161,-0.32618809448648
A,Wine quality (Low),UMAP,KMeans,dbcv,Random,93,-0.5047796468719307,-0.32618809448648
A,Wine quality (Low),UMAP,KMeans,dbcv,Random,94,-0.5273969224379425,-0.32618809448648
A,Wine quality (Low),UMAP,KMeans,dbcv,Random,95,-0.38164578298422563,-0.32618809448648
A,Wine quality (Low),UMAP,KMeans,dbcv,Random,96,-0.5888971153493322,-0.32618809448648
A,Wine quality (Low),UMAP,KMeans,dbcv,Random,97,-0.4262660567713581,-0.32618809448648
A,Wine quality (Low),UMAP,KMeans,dbcv,Random,98,-0.3754564852993442,-0.32618809448648
A,Wine quality (Low),UMAP,KMeans,dbcv,Random,99,-0.3880812673728982,-0.32618809448648
A,Wine quality (Low),t-SNE,HDBSCAN,dbcv,TPE,0,-0.35523889849156765,-0.35523889849156765
A,Wine quality (Low),t-SNE,HDBSCAN,dbcv,TPE,1,-0.3372131850851134,-0.3372131850851134
A,Wine quality (Low),t-SNE,HDBSCAN,dbcv,TPE,2,-0.20818812998874353,-0.20818812998874353
A,Wine quality (Low),t-SNE,HDBSCAN,dbcv,TPE,3,-0.28416649428791313,-0.20818812998874353
A,Wine quality (Low),t-SNE,HDBSCAN,dbcv,TPE,4,-0.39545474547602194,-0.20818812998874353
A,Wine quality (Low),t-SNE,HDBSCAN,dbcv,TPE,5,-0.47260444767059484,-0.20818812998874353
A,Wine quality (Low),t-SNE,HDBSCAN,dbcv,TPE,6,-0.47666591011118664,-0.20818812998874353
A,Wine quality (Low),t-SNE,HDBSCAN,dbcv,TPE,7,-0.32176777603445805,-0.20818812998874353
A,Wine quality (Low),t-SNE,HDBSCAN,dbcv,TPE,8,-0.36094259065701856,-0.20818812998874353
A,Wine quality (Low),t-SNE,HDBSCAN,dbcv,TPE,9,-0.47260444767059484,-0.20818812998874353
A,Wine quality (Low),t-SNE,HDBSCAN,dbcv,TPE,10,-0.39341882187809507,-0.20818812998874353
A,Wine quality (Low),t-SNE,HDBSCAN,dbcv,TPE,11,-0.37720043963246813,-0.20818812998874353
A,Wine quality (Low),t-SNE,HDBSCAN,dbcv,TPE,12,-0.4696540683928119,-0.20818812998874353
A,Wine quality (Low),t-SNE,HDBSCAN,dbcv,TPE,13,-0.4753939504737007,-0.20818812998874353
A,Wine quality (Low),t-SNE,HDBSCAN,dbcv,TPE,14,-0.3948433709110462,-0.20818812998874353
A,Wine quality (Low),t-SNE,HDBSCAN,dbcv,TPE,15,-0.3504576560983754,-0.20818812998874353
A,Wine quality (Low),t-SNE,HDBSCAN,dbcv,TPE,16,-0.2510181323609926,-0.20818812998874353
A,Wine quality (Low),t-SNE,HDBSCAN,dbcv,TPE,17,-0.375402407024957,-0.20818812998874353
A,Wine quality (Low),t-SNE,HDBSCAN,dbcv,TPE,18,-0.29771289799066314,-0.20818812998874353
A,Wine quality (Low),t-SNE,HDBSCAN,dbcv,TPE,19,-0.47207495132436095,-0.20818812998874353
A,Wine quality (Low),t-SNE,HDBSCAN,dbcv,TPE,20,-0.2629798563883041,-0.20818812998874353
A,Wine quality (Low),t-SNE,HDBSCAN,dbcv,TPE,21,-0.2056892280474069,-0.2056892280474069
A,Wine quality (Low),t-SNE,HDBSCAN,dbcv,TPE,22,-0.4717638579575182,-0.2056892280474069
A,Wine quality (Low),t-SNE,HDBSCAN,dbcv,TPE,23,-0.47260444767059484,-0.2056892280474069
A,Wine quality (Low),t-SNE,HDBSCAN,dbcv,TPE,24,-0.19756716837313948,-0.19756716837313948
A,Wine quality (Low),t-SNE,HDBSCAN,dbcv,TPE,25,-0.30425907004662117,-0.19756716837313948
A,Wine quality (Low),t-SNE,HDBSCAN,dbcv,TPE,26,-0.4717638579575182,-0.19756716837313948
A,Wine quality (Low),t-SNE,HDBSCAN,dbcv,TPE,27,-0.2944773882680317,-0.19756716837313948
A,Wine quality (Low),t-SNE,HDBSCAN,dbcv,TPE,28,-0.4662802013018835,-0.19756716837313948
A,Wine quality (Low),t-SNE,HDBSCAN,dbcv,TPE,29,-0.28037816171607877,-0.19756716837313948
A,Wine quality (Low),t-SNE,HDBSCAN,dbcv,TPE,30,-0.470076992731169,-0.19756716837313948
A,Wine quality (Low),t-SNE,HDBSCAN,dbcv,TPE,31,-0.4753939504737007,-0.19756716837313948
A,Wine quality (Low),t-SNE,HDBSCAN,dbcv,TPE,32,-0.38503516445846203,-0.19756716837313948
A,Wine quality (Low),t-SNE,HDBSCAN,dbcv,TPE,33,-0.20046254923237566,-0.19756716837313948
A,Wine quality (Low),t-SNE,HDBSCAN,dbcv,TPE,34,-0.04198003298875409,-0.04198003298875409
A,Wine quality (Low),t-SNE,HDBSCAN,dbcv,TPE,35,-0.46754669489164524,-0.04198003298875409
A,Wine quality (Low),t-SNE,HDBSCAN,dbcv,TPE,36,-0.22461328471822173,-0.04198003298875409
A,Wine quality (Low),t-SNE,HDBSCAN,dbcv,TPE,37,-0.17229739181340165,-0.04198003298875409
A,Wine quality (Low),t-SNE,HDBSCAN,dbcv,TPE,38,-0.17909576144725192,-0.04198003298875409
A,Wine quality (Low),t-SNE,HDBSCAN,dbcv,TPE,39,-0.23888744130015177,-0.04198003298875409
A,Wine quality (Low),t-SNE,HDBSCAN,dbcv,TPE,40,-0.107745542421079,-0.04198003298875409
A,Wine quality (Low),t-SNE,HDBSCAN,dbcv,TPE,41,-0.08516304571708214,-0.04198003298875409
A,Wine quality (Low),t-SNE,HDBSCAN,dbcv,TPE,42,-0.19848930442375462,-0.04198003298875409
A,Wine quality (Low),t-SNE,HDBSCAN,dbcv,TPE,43,-0.3230298824875815,-0.04198003298875409
A,Wine quality (Low),t-SNE,HDBSCAN,dbcv,TPE,44,-0.5145017999166476,-0.04198003298875409
A,Wine quality (Low),t-SNE,HDBSCAN,dbcv,TPE,45,-0.470076992731169,-0.04198003298875409
A,Wine quality (Low),t-SNE,HDBSCAN,dbcv,TPE,46,-0.0250170019233334,-0.0250170019233334
A,Wine quality (Low),t-SNE,HDBSCAN,dbcv,TPE,47,-0.4717638579575182,-0.0250170019233334
A,Wine quality (Low),t-SNE,HDBSCAN,dbcv,TPE,48,-0.36571174412700097,-0.0250170019233334
A,Wine quality (Low),t-SNE,HDBSCAN,dbcv,TPE,49,-0.39545474547602194,-0.0250170019233334
A,Wine quality (Low),t-SNE,HDBSCAN,dbcv,TPE,50,-0.4232893083112552,-0.0250170019233334
A,Wine quality (Low),t-SNE,HDBSCAN,dbcv,TPE,51,-0.470076992731169,-0.0250170019233334
A,Wine quality (Low),t-SNE,HDBSCAN,dbcv,TPE,52,-0.3027757648557806,-0.0250170019233334
A,Wine quality (Low),t-SNE,HDBSCAN,dbcv,TPE,53,-0.39545474547602194,-0.0250170019233334
A,Wine quality (Low),t-SNE,HDBSCAN,dbcv,TPE,54,-0.47302495045288107,-0.0250170019233334
A,Wine quality (Low),t-SNE,HDBSCAN,dbcv,TPE,55,-0.47091758244424575,-0.0250170019233334
A,Wine quality (Low),t-SNE,HDBSCAN,dbcv,TPE,56,-0.4234778237606176,-0.0250170019233334
A,Wine quality (Low),t-SNE,HDBSCAN,dbcv,TPE,57,-0.39545474547602194,-0.0250170019233334
A,Wine quality (Low),t-SNE,HDBSCAN,dbcv,TPE,58,-0.34877373791537003,-0.0250170019233334
A,Wine quality (Low),t-SNE,HDBSCAN,dbcv,TPE,59,-0.3022795946758262,-0.0250170019233334
A,Wine quality (Low),t-SNE,HDBSCAN,dbcv,TPE,60,-0.47260444767059484,-0.0250170019233334
A,Wine quality (Low),t-SNE,HDBSCAN,dbcv,TPE,61,-0.47092042534434364,-0.0250170019233334
A,Wine quality (Low),t-SNE,HDBSCAN,dbcv,TPE,62,-0.47710796838529546,-0.0250170019233334
A,Wine quality (Low),t-SNE,HDBSCAN,dbcv,TPE,63,-0.4232893083112552,-0.0250170019233334
A,Wine quality (Low),t-SNE,HDBSCAN,dbcv,TPE,64,-0.2842345043031134,-0.0250170019233334
A,Wine quality (Low),t-SNE,HDBSCAN,dbcv,TPE,65,-0.23394007713966247,-0.0250170019233334
A,Wine quality (Low),t-SNE,HDBSCAN,dbcv,TPE,66,-0.3252435367810173,-0.0250170019233334
A,Wine quality (Low),t-SNE,HDBSCAN,dbcv,TPE,67,-0.24600146941090945,-0.0250170019233334
A,Wine quality (Low),t-SNE,HDBSCAN,dbcv,TPE,68,-0.2209265994329255,-0.0250170019233334
A,Wine quality (Low),t-SNE,HDBSCAN,dbcv,TPE,69,-0.4704975010059864,-0.0250170019233334
A,Wine quality (Low),t-SNE,HDBSCAN,dbcv,TPE,70,-0.1835718999299628,-0.0250170019233334
A,Wine quality (Low),t-SNE,HDBSCAN,dbcv,TPE,71,-0.34357475143779953,-0.0250170019233334
A,Wine quality (Low),t-SNE,HDBSCAN,dbcv,TPE,72,-0.48599697097495,-0.0250170019233334
A,Wine quality (Low),t-SNE,HDBSCAN,dbcv,TPE,73,-0.46923356011799444,-0.0250170019233334
A,Wine quality (Low),t-SNE,HDBSCAN,dbcv,TPE,74,-0.37152553901440827,-0.0250170019233334
A,Wine quality (Low),t-SNE,HDBSCAN,dbcv,TPE,75,-0.10336164670019277,-0.0250170019233334
A,Wine quality (Low),t-SNE,HDBSCAN,dbcv,TPE,76,-0.16456996718558065,-0.0250170019233334
A,Wine quality (Low),t-SNE,HDBSCAN,dbcv,TPE,77,-0.22761059603212874,-0.0250170019233334
A,Wine quality (Low),t-SNE,HDBSCAN,dbcv,TPE,78,-0.11706833193151114,-0.0250170019233334
A,Wine quality (Low),t-SNE,HDBSCAN,dbcv,TPE,79,-0.1844944438642432,-0.0250170019233334
A,Wine quality (Low),t-SNE,HDBSCAN,dbcv,TPE,80,-0.23889436261974856,-0.0250170019233334
A,Wine quality (Low),t-SNE,HDBSCAN,dbcv,TPE,81,-0.24059564320819316,-0.0250170019233334
A,Wine quality (Low),t-SNE,HDBSCAN,dbcv,TPE,82,-0.21876208954919124,-0.0250170019233334
A,Wine quality (Low),t-SNE,HDBSCAN,dbcv,TPE,83,-0.2178708476954751,-0.0250170019233334
A,Wine quality (Low),t-SNE,HDBSCAN,dbcv,TPE,84,-0.4704975010059864,-0.0250170019233334
A,Wine quality (Low),t-SNE,HDBSCAN,dbcv,TPE,85,-0.186510070520529,-0.0250170019233334
A,Wine quality (Low),t-SNE,HDBSCAN,dbcv,TPE,86,-0.05784123571592905,-0.0250170019233334
A,Wine quality (Low),t-SNE,HDBSCAN,dbcv,TPE,87,-0.33412010624352473,-0.0250170019233334
A,Wine quality (Low),t-SNE,HDBSCAN,dbcv,TPE,88,-0.14011366822156118,-0.0250170019233334
A,Wine quality (Low),t-SNE,HDBSCAN,dbcv,TPE,89,-0.19970040614010193,-0.0250170019233334
A,Wine quality (Low),t-SNE,HDBSCAN,dbcv,TPE,90,-0.2516800235621215,-0.0250170019233334
A,Wine quality (Low),t-SNE,HDBSCAN,dbcv,TPE,91,-0.37284854868465744,-0.0250170019233334
A,Wine quality (Low),t-SNE,HDBSCAN,dbcv,TPE,92,-0.17028666781266064,-0.0250170019233334
A,Wine quality (Low),t-SNE,HDBSCAN,dbcv,TPE,93,-0.354746531258132,-0.0250170019233334
A,Wine quality (Low),t-SNE,HDBSCAN,dbcv,TPE,94,-0.4749843307099157,-0.0250170019233334
A,Wine quality (Low),t-SNE,HDBSCAN,dbcv,TPE,95,-0.4771087724760027,-0.0250170019233334
A,Wine quality (Low),t-SNE,HDBSCAN,dbcv,TPE,96,-0.36888967929374217,-0.0250170019233334
A,Wine quality (Low),t-SNE,HDBSCAN,dbcv,TPE,97,-0.4105341340067262,-0.0250170019233334
A,Wine quality (Low),t-SNE,HDBSCAN,dbcv,TPE,98,-0.39377120377679936,-0.0250170019233334
A,Wine quality (Low),t-SNE,HDBSCAN,dbcv,TPE,99,-0.19290052278620626,-0.0250170019233334
A,Wine quality (Low),t-SNE,HDBSCAN,dbcv,Random,0,-0.35523889849156765,-0.35523889849156765
A,Wine quality (Low),t-SNE,HDBSCAN,dbcv,Random,1,-0.3372131850851134,-0.3372131850851134
A,Wine quality (Low),t-SNE,HDBSCAN,dbcv,Random,2,-0.20818812998874353,-0.20818812998874353
A,Wine quality (Low),t-SNE,HDBSCAN,dbcv,Random,3,-0.28416649428791313,-0.20818812998874353
A,Wine quality (Low),t-SNE,HDBSCAN,dbcv,Random,4,-0.39545474547602194,-0.20818812998874353
A,Wine quality (Low),t-SNE,HDBSCAN,dbcv,Random,5,-0.47260444767059484,-0.20818812998874353
A,Wine quality (Low),t-SNE,HDBSCAN,dbcv,Random,6,-0.47666591011118664,-0.20818812998874353
A,Wine quality (Low),t-SNE,HDBSCAN,dbcv,Random,7,-0.32176777603445805,-0.20818812998874353
A,Wine quality (Low),t-SNE,HDBSCAN,dbcv,Random,8,-0.36094259065701856,-0.20818812998874353
A,Wine quality (Low),t-SNE,HDBSCAN,dbcv,Random,9,-0.47260444767059484,-0.20818812998874353
A,Wine quality (Low),t-SNE,HDBSCAN,dbcv,Random,10,-0.292783541609153,-0.20818812998874353
A,Wine quality (Low),t-SNE,HDBSCAN,dbcv,Random,11,-0.4930007939438309,-0.20818812998874353
A,Wine quality (Low),t-SNE,HDBSCAN,dbcv,Random,12,-0.423530499134163,-0.20818812998874353
A,Wine quality (Low),t-SNE,HDBSCAN,dbcv,Random,13,-0.30041746028552585,-0.20818812998874353
A,Wine quality (Low),t-SNE,HDBSCAN,dbcv,Random,14,-0.47260444767059484,-0.20818812998874353
A,Wine quality (Low),t-SNE,HDBSCAN,dbcv,Random,15,-0.2520408432533201,-0.20818812998874353
A,Wine quality (Low),t-SNE,HDBSCAN,dbcv,Random,16,-0.30562098168368146,-0.20818812998874353
A,Wine quality (Low),t-SNE,HDBSCAN,dbcv,Random,17,-0.42160301606784434,-0.20818812998874353
A,Wine quality (Low),t-SNE,HDBSCAN,dbcv,Random,18,-0.34062931207271163,-0.20818812998874353
A,Wine quality (Low),t-SNE,HDBSCAN,dbcv,Random,19,-0.26324201482440734,-0.20818812998874353
A,Wine quality (Low),t-SNE,HDBSCAN,dbcv,Random,20,-0.2470459859537048,-0.20818812998874353
A,Wine quality (Low),t-SNE,HDBSCAN,dbcv,Random,21,-0.4696569246528766,-0.20818812998874353
A,Wine quality (Low),t-SNE,HDBSCAN,dbcv,Random,22,-0.2115554405150139,-0.20818812998874353
A,Wine quality (Low),t-SNE,HDBSCAN,dbcv,Random,23,-0.3786896309749216,-0.20818812998874353
A,Wine quality (Low),t-SNE,HDBSCAN,dbcv,Random,24,-0.4365154634058248,-0.20818812998874353
A,Wine quality (Low),t-SNE,HDBSCAN,dbcv,Random,25,-0.39987150939199534,-0.20818812998874353
A,Wine quality (Low),t-SNE,HDBSCAN,dbcv,Random,26,-0.4114864431593276,-0.20818812998874353
A,Wine quality (Low),t-SNE,HDBSCAN,dbcv,Random,27,-0.47260444767059484,-0.20818812998874353
A,Wine quality (Low),t-SNE,HDBSCAN,dbcv,Random,28,-0.2057428235145764,-0.2057428235145764
A,Wine quality (Low),t-SNE,HDBSCAN,dbcv,Random,29,-0.20097788596978455,-0.20097788596978455
A,Wine quality (Low),t-SNE,HDBSCAN,dbcv,Random,30,-0.46754669489164524,-0.20097788596978455
A,Wine quality (Low),t-SNE,HDBSCAN,dbcv,Random,31,-0.47091758244424575,-0.20097788596978455
A,Wine quality (Low),t-SNE,HDBSCAN,dbcv,Random,32,-0.42328912433660504,-0.20097788596978455
A,Wine quality (Low),t-SNE,HDBSCAN,dbcv,Random,33,-0.39545474547602194,-0.20097788596978455
A,Wine quality (Low),t-SNE,HDBSCAN,dbcv,Random,34,-0.470076992731169,-0.20097788596978455
A,Wine quality (Low),t-SNE,HDBSCAN,dbcv,Random,35,-0.3263150471648502,-0.20097788596978455
A,Wine quality (Low),t-SNE,HDBSCAN,dbcv,Random,36,-0.39545474547602194,-0.20097788596978455
A,Wine quality (Low),t-SNE,HDBSCAN,dbcv,Random,37,-0.4227515955919404,-0.20097788596978455
A,Wine quality (Low),t-SNE,HDBSCAN,dbcv,Random,38,-0.4152254305910349,-0.20097788596978455
A,Wine quality (Low),t-SNE,HDBSCAN,dbcv,Random,39,-0.24500951268907872,-0.20097788596978455
A,Wine quality (Low),t-SNE,HDBSCAN,dbcv,Random,40,-0.14079947178692115,-0.14079947178692115
A,Wine quality (Low),t-SNE,HDBSCAN,dbcv,Random,41,-0.48590935220760434,-0.14079947178692115
A,Wine quality (Low),t-SNE,HDBSCAN,dbcv,Random,42,-0.4275896089041361,-0.14079947178692115
A,Wine quality (Low),t-SNE,HDBSCAN,dbcv,Random,43,-0.3816154307181385,-0.14079947178692115
A,Wine quality (Low),t-SNE,HDBSCAN,dbcv,Random,44,-0.4717638579575182,-0.14079947178692115
A,Wine quality (Low),t-SNE,HDBSCAN,dbcv,Random,45,-0.4753939504737007,-0.14079947178692115
A,Wine quality (Low),t-SNE,HDBSCAN,dbcv,Random,46,-0.42202536742326324,-0.14079947178692115
A,Wine quality (Low),t-SNE,HDBSCAN,dbcv,Random,47,-0.16918880352739957,-0.14079947178692115
A,Wine quality (Low),t-SNE,HDBSCAN,dbcv,Random,48,-0.27568056127975765,-0.14079947178692115
A,Wine quality (Low),t-SNE,HDBSCAN,dbcv,Random,49,-0.20375262873733435,-0.14079947178692115
A,Wine quality (Low),t-SNE,HDBSCAN,dbcv,Random,50,-0.3004261241051338,-0.14079947178692115
A,Wine quality (Low),t-SNE,HDBSCAN,dbcv,Random,51,-0.27792244300205093,-0.14079947178692115
A,Wine quality (Low),t-SNE,HDBSCAN,dbcv,Random,52,-0.2557245157677764,-0.14079947178692115
A,Wine quality (Low),t-SNE,HDBSCAN,dbcv,Random,53,-0.4721843662323356,-0.14079947178692115
A,Wine quality (Low),t-SNE,HDBSCAN,dbcv,Random,54,-0.2518153692871602,-0.14079947178692115
A,Wine quality (Low),t-SNE,HDBSCAN,dbcv,Random,55,-0.4717638579575182,-0.14079947178692115
A,Wine quality (Low),t-SNE,HDBSCAN,dbcv,Random,56,-0.39939036489303525,-0.14079947178692115
A,Wine quality (Low),t-SNE,HDBSCAN,dbcv,Random,57,-0.39709742135349646,-0.14079947178692115
A,Wine quality (Low),t-SNE,HDBSCAN,dbcv,Random,58,-0.39215423877581684,-0.14079947178692115
A,Wine quality (Low),t-SNE,HDBSCAN,dbcv,Random,59,-0.47260444767059484,-0.14079947178692115
A,Wine quality (Low),t-SNE,HDBSCAN,dbcv,Random,60,-0.48963850632910155,-0.14079947178692115
A,Wine quality (Low),t-SNE,HDBSCAN,dbcv,Random,61,-0.2791267630602897,-0.14079947178692115
A,Wine quality (Low),t-SNE,HDBSCAN,dbcv,Random,62,-0.4467146613281997,-0.14079947178692115
A,Wine quality (Low),t-SNE,HDBSCAN,dbcv,Random,63,-0.24849854349117578,-0.14079947178692115
A,Wine quality (Low),t-SNE,HDBSCAN,dbcv,Random,64,-0.307035815363079,-0.14079947178692115
A,Wine quality (Low),t-SNE,HDBSCAN,dbcv,Random,65,-0.4890657288725764,-0.14079947178692115
A,Wine quality (Low),t-SNE,HDBSCAN,dbcv,Random,66,-0.47683718500009353,-0.14079947178692115
A,Wine quality (Low),t-SNE,HDBSCAN,dbcv,Random,67,-0.4717610150574203,-0.14079947178692115
A,Wine quality (Low),t-SNE,HDBSCAN,dbcv,Random,68,-0.3901152930031596,-0.14079947178692115
A,Wine quality (Low),t-SNE,HDBSCAN,dbcv,Random,69,-0.28784731133198616,-0.14079947178692115
A,Wine quality (Low),t-SNE,HDBSCAN,dbcv,Random,70,-0.3725536287298124,-0.14079947178692115
A,Wine quality (Low),t-SNE,HDBSCAN,dbcv,Random,71,-0.4753939504737007,-0.14079947178692115
A,Wine quality (Low),t-SNE,HDBSCAN,dbcv,Random,72,0.014039679355590577,0.014039679355590577
A,Wine quality (Low),t-SNE,HDBSCAN,dbcv,Random,73,-0.4721843662323356,0.014039679355590577
A,Wine quality (Low),t-SNE,HDBSCAN,dbcv,Random,74,-0.3908911059743308,0.014039679355590577
A,Wine quality (Low),t-SNE,HDBSCAN,dbcv,Random,75,-0.40887301173581225,0.014039679355590577
A,Wine quality (Low),t-SNE,HDBSCAN,dbcv,Random,76,-0.37137123631789404,0.014039679355590577
A,Wine quality (Low),t-SNE,HDBSCAN,dbcv,Random,77,-0.40005671201913096,0.014039679355590577
A,Wine quality (Low),t-SNE,HDBSCAN,dbcv,Random,78,-0.24935315638028813,0.014039679355590577
A,Wine quality (Low),t-SNE,HDBSCAN,dbcv,Random,79,-0.3065042687320585,0.014039679355590577
A,Wine quality (Low),t-SNE,HDBSCAN,dbcv,Random,80,-0.38892596906412114,0.014039679355590577
A,Wine quality (Low),t-SNE,HDBSCAN,dbcv,Random,81,-0.3710251903935905,0.014039679355590577
A,Wine quality (Low),t-SNE,HDBSCAN,dbcv,Random,82,-0.3004362572630339,0.014039679355590577
A,Wine quality (Low),t-SNE,HDBSCAN,dbcv,Random,83,-0.1539285804531746,0.014039679355590577
A,Wine quality (Low),t-SNE,HDBSCAN,dbcv,Random,84,-0.3913836397867804,0.014039679355590577
A,Wine quality (Low),t-SNE,HDBSCAN,dbcv,Random,85,-0.39939036489303525,0.014039679355590577
A,Wine quality (Low),t-SNE,HDBSCAN,dbcv,Random,86,-0.47092042534434364,0.014039679355590577
A,Wine quality (Low),t-SNE,HDBSCAN,dbcv,Random,87,-0.4688106357796373,0.014039679355590577
A,Wine quality (Low),t-SNE,HDBSCAN,dbcv,Random,88,-0.4741292228893662,0.014039679355590577
A,Wine quality (Low),t-SNE,HDBSCAN,dbcv,Random,89,-0.32109295162893886,0.014039679355590577
A,Wine quality (Low),t-SNE,HDBSCAN,dbcv,Random,90,-0.39596094234133017,0.014039679355590577
A,Wine quality (Low),t-SNE,HDBSCAN,dbcv,Random,91,-0.1441144249931339,0.014039679355590577
A,Wine quality (Low),t-SNE,HDBSCAN,dbcv,Random,92,-0.2798405023043422,0.014039679355590577
A,Wine quality (Low),t-SNE,HDBSCAN,dbcv,Random,93,-0.3327275111306161,0.014039679355590577
A,Wine quality (Low),t-SNE,HDBSCAN,dbcv,Random,94,-0.39215426743329523,0.014039679355590577
A,Wine quality (Low),t-SNE,HDBSCAN,dbcv,Random,95,-0.2705029235233562,0.014039679355590577
A,Wine quality (Low),t-SNE,HDBSCAN,dbcv,Random,96,-0.21607985902938592,0.014039679355590577
A,Wine quality (Low),t-SNE,HDBSCAN,dbcv,Random,97,-0.470076992731169,0.014039679355590577
A,Wine quality (Low),t-SNE,HDBSCAN,dbcv,Random,98,-0.4222252104351051,0.014039679355590577
A,Wine quality (Low),t-SNE,HDBSCAN,dbcv,Random,99,-0.3012117548052058,0.014039679355590577
A,Wine quality (Low),t-SNE,DBSCAN,dbcv,TPE,0,-1.0,-1.0
A,Wine quality (Low),t-SNE,DBSCAN,dbcv,TPE,1,-1.0,-1.0
A,Wine quality (Low),t-SNE,DBSCAN,dbcv,TPE,2,-1.0,-1.0
A,Wine quality (Low),t-SNE,DBSCAN,dbcv,TPE,3,-1.0,-1.0
A,Wine quality (Low),t-SNE,DBSCAN,dbcv,TPE,4,-1.0,-1.0
A,Wine quality (Low),t-SNE,DBSCAN,dbcv,TPE,5,-1.0,-1.0
A,Wine quality (Low),t-SNE,DBSCAN,dbcv,TPE,6,-1.0,-1.0
A,Wine quality (Low),t-SNE,DBSCAN,dbcv,TPE,7,-0.32735600417922006,-0.32735600417922006
A,Wine quality (Low),t-SNE,DBSCAN,dbcv,TPE,8,-1.0,-0.32735600417922006
A,Wine quality (Low),t-SNE,DBSCAN,dbcv,TPE,9,-1.0,-0.32735600417922006
A,Wine quality (Low),t-SNE,DBSCAN,dbcv,TPE,10,-1.0,-0.32735600417922006
A,Wine quality (Low),t-SNE,DBSCAN,dbcv,TPE,11,-0.2619018553755033,-0.2619018553755033
A,Wine quality (Low),t-SNE,DBSCAN,dbcv,TPE,12,-0.4688122651468345,-0.2619018553755033
A,Wine quality (Low),t-SNE,DBSCAN,dbcv,TPE,13,-0.393960365073951,-0.2619018553755033
A,Wine quality (Low),t-SNE,DBSCAN,dbcv,TPE,14,-0.38052897658851376,-0.2619018553755033
A,Wine quality (Low),t-SNE,DBSCAN,dbcv,TPE,15,-0.2701218631489887,-0.2619018553755033
A,Wine quality (Low),t-SNE,DBSCAN,dbcv,TPE,16,-0.23316994208127423,-0.23316994208127423
A,Wine quality (Low),t-SNE,DBSCAN,dbcv,TPE,17,-1.0,-0.23316994208127423
A,Wine quality (Low),t-SNE,DBSCAN,dbcv,TPE,18,-0.48548823167048316,-0.23316994208127423
A,Wine quality (Low),t-SNE,DBSCAN,dbcv,TPE,19,-1.0,-0.23316994208127423
A,Wine quality (Low),t-SNE,DBSCAN,dbcv,TPE,20,-1.0,-0.23316994208127423
A,Wine quality (Low),t-SNE,DBSCAN,dbcv,TPE,21,-0.1683405964280652,-0.1683405964280652
A,Wine quality (Low),t-SNE,DBSCAN,dbcv,TPE,22,-0.46189756020582123,-0.1683405964280652
A,Wine quality (Low),t-SNE,DBSCAN,dbcv,TPE,23,-0.19459425179060336,-0.1683405964280652
A,Wine quality (Low),t-SNE,DBSCAN,dbcv,TPE,24,-0.04795432366500185,-0.04795432366500185
A,Wine quality (Low),t-SNE,DBSCAN,dbcv,TPE,25,-1.0,-0.04795432366500185
A,Wine quality (Low),t-SNE,DBSCAN,dbcv,TPE,26,-1.0,-0.04795432366500185
A,Wine quality (Low),t-SNE,DBSCAN,dbcv,TPE,27,-1.0,-0.04795432366500185
A,Wine quality (Low),t-SNE,DBSCAN,dbcv,TPE,28,-1.0,-0.04795432366500185
A,Wine quality (Low),t-SNE,DBSCAN,dbcv,TPE,29,-1.0,-0.04795432366500185
A,Wine quality (Low),t-SNE,DBSCAN,dbcv,TPE,30,-0.2066908165298994,-0.04795432366500185
A,Wine quality (Low),t-SNE,DBSCAN,dbcv,TPE,31,-0.18020939960752047,-0.04795432366500185
A,Wine quality (Low),t-SNE,DBSCAN,dbcv,TPE,32,-0.3228608661357645,-0.04795432366500185
A,Wine quality (Low),t-SNE,DBSCAN,dbcv,TPE,33,-1.0,-0.04795432366500185
A,Wine quality (Low),t-SNE,DBSCAN,dbcv,TPE,34,-1.0,-0.04795432366500185
A,Wine quality (Low),t-SNE,DBSCAN,dbcv,TPE,35,-1.0,-0.04795432366500185
A,Wine quality (Low),t-SNE,DBSCAN,dbcv,TPE,36,-1.0,-0.04795432366500185
A,Wine quality (Low),t-SNE,DBSCAN,dbcv,TPE,37,-0.4205729110859089,-0.04795432366500185
A,Wine quality (Low),t-SNE,DBSCAN,dbcv,TPE,38,-0.09941565296160487,-0.04795432366500185
A,Wine quality (Low),t-SNE,DBSCAN,dbcv,TPE,39,-1.0,-0.04795432366500185
A,Wine quality (Low),t-SNE,DBSCAN,dbcv,TPE,40,-1.0,-0.04795432366500185
A,Wine quality (Low),t-SNE,DBSCAN,dbcv,TPE,41,-1.0,-0.04795432366500185
A,Wine quality (Low),t-SNE,DBSCAN,dbcv,TPE,42,-1.0,-0.04795432366500185
A,Wine quality (Low),t-SNE,DBSCAN,dbcv,TPE,43,-0.24984470221063265,-0.04795432366500185
A,Wine quality (Low),t-SNE,DBSCAN,dbcv,TPE,44,-0.21880753061912864,-0.04795432366500185
A,Wine quality (Low),t-SNE,DBSCAN,dbcv,TPE,45,-1.0,-0.04795432366500185
A,Wine quality (Low),t-SNE,DBSCAN,dbcv,TPE,46,-0.1334114834859048,-0.04795432366500185
A,Wine quality (Low),t-SNE,DBSCAN,dbcv,TPE,47,-0.13359262708564912,-0.04795432366500185
A,Wine quality (Low),t-SNE,DBSCAN,dbcv,TPE,48,-0.2757138725979248,-0.04795432366500185
A,Wine quality (Low),t-SNE,DBSCAN,dbcv,TPE,49,-0.38804347222711455,-0.04795432366500185
A,Wine quality (Low),t-SNE,DBSCAN,dbcv,TPE,50,-1.0,-0.04795432366500185
A,Wine quality (Low),t-SNE,DBSCAN,dbcv,TPE,51,-0.15694559455703694,-0.04795432366500185
A,Wine quality (Low),t-SNE,DBSCAN,dbcv,TPE,52,-0.2525900898181883,-0.04795432366500185
A,Wine quality (Low),t-SNE,DBSCAN,dbcv,TPE,53,-0.30696198258765295,-0.04795432366500185
A,Wine quality (Low),t-SNE,DBSCAN,dbcv,TPE,54,-0.19411813852602414,-0.04795432366500185
A,Wine quality (Low),t-SNE,DBSCAN,dbcv,TPE,55,-0.3115298225389737,-0.04795432366500185
A,Wine quality (Low),t-SNE,DBSCAN,dbcv,TPE,56,-0.16384422710801105,-0.04795432366500185
A,Wine quality (Low),t-SNE,DBSCAN,dbcv,TPE,57,-0.1920103318923354,-0.04795432366500185
A,Wine quality (Low),t-SNE,DBSCAN,dbcv,TPE,58,-1.0,-0.04795432366500185
A,Wine quality (Low),t-SNE,DBSCAN,dbcv,TPE,59,-0.28596766773080873,-0.04795432366500185
A,Wine quality (Low),t-SNE,DBSCAN,dbcv,TPE,60,-0.39215480930502783,-0.04795432366500185
A,Wine quality (Low),t-SNE,DBSCAN,dbcv,TPE,61,-0.10403305625247318,-0.04795432366500185
A,Wine quality (Low),t-SNE,DBSCAN,dbcv,TPE,62,-0.2566767967738087,-0.04795432366500185
A,Wine quality (Low),t-SNE,DBSCAN,dbcv,TPE,63,-0.2900987514865738,-0.04795432366500185
A,Wine quality (Low),t-SNE,DBSCAN,dbcv,TPE,64,-0.18234624767059932,-0.04795432366500185
A,Wine quality (Low),t-SNE,DBSCAN,dbcv,TPE,65,-1.0,-0.04795432366500185
A,Wine quality (Low),t-SNE,DBSCAN,dbcv,TPE,66,-0.007588857960865459,-0.007588857960865459
A,Wine quality (Low),t-SNE,DBSCAN,dbcv,TPE,67,-1.0,-0.007588857960865459
A,Wine quality (Low),t-SNE,DBSCAN,dbcv,TPE,68,-1.0,-0.007588857960865459
A,Wine quality (Low),t-SNE,DBSCAN,dbcv,TPE,69,-1.0,-0.007588857960865459
A,Wine quality (Low),t-SNE,DBSCAN,dbcv,TPE,70,-0.09666106786663135,-0.007588857960865459
A,Wine quality (Low),t-SNE,DBSCAN,dbcv,TPE,71,-0.08752524097891962,-0.007588857960865459
A,Wine quality (Low),t-SNE,DBSCAN,dbcv,TPE,72,-0.04918793344707452,-0.007588857960865459
A,Wine quality (Low),t-SNE,DBSCAN,dbcv,TPE,73,-1.0,-0.007588857960865459
A,Wine quality (Low),t-SNE,DBSCAN,dbcv,TPE,74,-0.010673982403750084,-0.007588857960865459
A,Wine quality (Low),t-SNE,DBSCAN,dbcv,TPE,75,0.013735355329194277,0.013735355329194277
A,Wine quality (Low),t-SNE,DBSCAN,dbcv,TPE,76,-0.15232986418370964,0.013735355329194277
A,Wine quality (Low),t-SNE,DBSCAN,dbcv,TPE,77,-1.0,0.013735355329194277
A,Wine quality (Low),t-SNE,DBSCAN,dbcv,TPE,78,-0.1035247859360468,0.013735355329194277
A,Wine quality (Low),t-SNE,DBSCAN,dbcv,TPE,79,-1.0,0.013735355329194277
A,Wine quality (Low),t-SNE,DBSCAN,dbcv,TPE,80,-1.0,0.013735355329194277
A,Wine quality (Low),t-SNE,DBSCAN,dbcv,TPE,81,-0.2311289787895277,0.013735355329194277
A,Wine quality (Low),t-SNE,DBSCAN,dbcv,TPE,82,-0.32559409612032336,0.013735355329194277
A,Wine quality (Low),t-SNE,DBSCAN,dbcv,TPE,83,-1.0,0.013735355329194277
A,Wine quality (Low),t-SNE,DBSCAN,dbcv,TPE,84,-0.17207937260335784,0.013735355329194277
A,Wine quality (Low),t-SNE,DBSCAN,dbcv,TPE,85,-1.0,0.013735355329194277
A,Wine quality (Low),t-SNE,DBSCAN,dbcv,TPE,86,-0.16611928930834718,0.013735355329194277
A,Wine quality (Low),t-SNE,DBSCAN,dbcv,TPE,87,-0.19640642123816013,0.013735355329194277
A,Wine quality (Low),t-SNE,DBSCAN,dbcv,TPE,88,-1.0,0.013735355329194277
A,Wine quality (Low),t-SNE,DBSCAN,dbcv,TPE,89,-1.0,0.013735355329194277
A,Wine quality (Low),t-SNE,DBSCAN,dbcv,TPE,90,-1.0,0.013735355329194277
A,Wine quality (Low),t-SNE,DBSCAN,dbcv,TPE,91,-0.18421799305290265,0.013735355329194277
A,Wine quality (Low),t-SNE,DBSCAN,dbcv,TPE,92,-0.2030213136313309,0.013735355329194277
A,Wine quality (Low),t-SNE,DBSCAN,dbcv,TPE,93,-1.0,0.013735355329194277
A,Wine quality (Low),t-SNE,DBSCAN,dbcv,TPE,94,-0.219793730004318,0.013735355329194277
A,Wine quality (Low),t-SNE,DBSCAN,dbcv,TPE,95,-1.0,0.013735355329194277
A,Wine quality (Low),t-SNE,DBSCAN,dbcv,TPE,96,-0.023157863144958744,0.013735355329194277
A,Wine quality (Low),t-SNE,DBSCAN,dbcv,TPE,97,-1.0,0.013735355329194277
A,Wine quality (Low),t-SNE,DBSCAN,dbcv,TPE,98,-1.0,0.013735355329194277
A,Wine quality (Low),t-SNE,DBSCAN,dbcv,TPE,99,-1.0,0.013735355329194277
A,Wine quality (Low),t-SNE,DBSCAN,dbcv,Random,0,-1.0,-1.0
A,Wine quality (Low),t-SNE,DBSCAN,dbcv,Random,1,-1.0,-1.0
A,Wine quality (Low),t-SNE,DBSCAN,dbcv,Random,2,-1.0,-1.0
A,Wine quality (Low),t-SNE,DBSCAN,dbcv,Random,3,-1.0,-1.0
A,Wine quality (Low),t-SNE,DBSCAN,dbcv,Random,4,-1.0,-1.0
A,Wine quality (Low),t-SNE,DBSCAN,dbcv,Random,5,-1.0,-1.0
A,Wine quality (Low),t-SNE,DBSCAN,dbcv,Random,6,-1.0,-1.0
A,Wine quality (Low),t-SNE,DBSCAN,dbcv,Random,7,-0.32735600417922006,-0.32735600417922006
A,Wine quality (Low),t-SNE,DBSCAN,dbcv,Random,8,-1.0,-0.32735600417922006
A,Wine quality (Low),t-SNE,DBSCAN,dbcv,Random,9,-1.0,-0.32735600417922006
A,Wine quality (Low),t-SNE,DBSCAN,dbcv,Random,10,-1.0,-0.32735600417922006
A,Wine quality (Low),t-SNE,DBSCAN,dbcv,Random,11,-1.0,-0.32735600417922006
A,Wine quality (Low),t-SNE,DBSCAN,dbcv,Random,12,-0.41538001053756324,-0.32735600417922006
A,Wine quality (Low),t-SNE,DBSCAN,dbcv,Random,13,-0.28568900528182584,-0.28568900528182584
A,Wine quality (Low),t-SNE,DBSCAN,dbcv,Random,14,-1.0,-0.28568900528182584
A,Wine quality (Low),t-SNE,DBSCAN,dbcv,Random,15,-0.3326476415829791,-0.28568900528182584
A,Wine quality (Low),t-SNE,DBSCAN,dbcv,Random,16,-1.0,-0.28568900528182584
A,Wine quality (Low),t-SNE,DBSCAN,dbcv,Random,17,-0.03541361718723302,-0.03541361718723302
A,Wine quality (Low),t-SNE,DBSCAN,dbcv,Random,18,-1.0,-0.03541361718723302
A,Wine quality (Low),t-SNE,DBSCAN,dbcv,Random,19,-0.26869548389907594,-0.03541361718723302
A,Wine quality (Low),t-SNE,DBSCAN,dbcv,Random,20,-0.3741885897030047,-0.03541361718723302
A,Wine quality (Low),t-SNE,DBSCAN,dbcv,Random,21,-1.0,-0.03541361718723302
A,Wine quality (Low),t-SNE,DBSCAN,dbcv,Random,22,-1.0,-0.03541361718723302
A,Wine quality (Low),t-SNE,DBSCAN,dbcv,Random,23,-0.42202536742326324,-0.03541361718723302
A,Wine quality (Low),t-SNE,DBSCAN,dbcv,Random,24,-1.0,-0.03541361718723302
A,Wine quality (Low),t-SNE,DBSCAN,dbcv,Random,25,-1.0,-0.03541361718723302
A,Wine quality (Low),t-SNE,DBSCAN,dbcv,Random,26,-1.0,-0.03541361718723302
A,Wine quality (Low),t-SNE,DBSCAN,dbcv,Random,27,-1.0,-0.03541361718723302
A,Wine quality (Low),t-SNE,DBSCAN,dbcv,Random,28,-0.23456117636235507,-0.03541361718723302
A,Wine quality (Low),t-SNE,DBSCAN,dbcv,Random,29,-0.47666591011118664,-0.03541361718723302
A,Wine quality (Low),t-SNE,DBSCAN,dbcv,Random,30,-0.2301500729119287,-0.03541361718723302
A,Wine quality (Low),t-SNE,DBSCAN,dbcv,Random,31,-1.0,-0.03541361718723302
A,Wine quality (Low),t-SNE,DBSCAN,dbcv,Random,32,-1.0,-0.03541361718723302
A,Wine quality (Low),t-SNE,DBSCAN,dbcv,Random,33,-0.169236719555836,-0.03541361718723302
A,Wine quality (Low),t-SNE,DBSCAN,dbcv,Random,34,-1.0,-0.03541361718723302
A,Wine quality (Low),t-SNE,DBSCAN,dbcv,Random,35,-0.3663876732943778,-0.03541361718723302
A,Wine quality (Low),t-SNE,DBSCAN,dbcv,Random,36,-1.0,-0.03541361718723302
A,Wine quality (Low),t-SNE,DBSCAN,dbcv,Random,37,-0.12289510730456842,-0.03541361718723302
A,Wine quality (Low),t-SNE,DBSCAN,dbcv,Random,38,-0.25605656604529065,-0.03541361718723302
A,Wine quality (Low),t-SNE,DBSCAN,dbcv,Random,39,-1.0,-0.03541361718723302
A,Wine quality (Low),t-SNE,DBSCAN,dbcv,Random,40,-1.0,-0.03541361718723302
A,Wine quality (Low),t-SNE,DBSCAN,dbcv,Random,41,-1.0,-0.03541361718723302
A,Wine quality (Low),t-SNE,DBSCAN,dbcv,Random,42,-0.12041233284036604,-0.03541361718723302
A,Wine quality (Low),t-SNE,DBSCAN,dbcv,Random,43,-0.44354016821008435,-0.03541361718723302
A,Wine quality (Low),t-SNE,DBSCAN,dbcv,Random,44,-0.4717638579575182,-0.03541361718723302
A,Wine quality (Low),t-SNE,DBSCAN,dbcv,Random,45,-1.0,-0.03541361718723302
A,Wine quality (Low),t-SNE,DBSCAN,dbcv,Random,46,-1.0,-0.03541361718723302
A,Wine quality (Low),t-SNE,DBSCAN,dbcv,Random,47,-1.0,-0.03541361718723302
A,Wine quality (Low),t-SNE,DBSCAN,dbcv,Random,48,-0.1582158724260638,-0.03541361718723302
A,Wine quality (Low),t-SNE,DBSCAN,dbcv,Random,49,-0.35212713826620773,-0.03541361718723302
A,Wine quality (Low),t-SNE,DBSCAN,dbcv,Random,50,-1.0,-0.03541361718723302
A,Wine quality (Low),t-SNE,DBSCAN,dbcv,Random,51,-1.0,-0.03541361718723302
A,Wine quality (Low),t-SNE,DBSCAN,dbcv,Random,52,-1.0,-0.03541361718723302
A,Wine quality (Low),t-SNE,DBSCAN,dbcv,Random,53,-0.42111062380522374,-0.03541361718723302
A,Wine quality (Low),t-SNE,DBSCAN,dbcv,Random,54,-1.0,-0.03541361718723302
A,Wine quality (Low),t-SNE,DBSCAN,dbcv,Random,55,-1.0,-0.03541361718723302
A,Wine quality (Low),t-SNE,DBSCAN,dbcv,Random,56,-0.32480718710043177,-0.03541361718723302
A,Wine quality (Low),t-SNE,DBSCAN,dbcv,Random,57,-1.0,-0.03541361718723302
A,Wine quality (Low),t-SNE,DBSCAN,dbcv,Random,58,-1.0,-0.03541361718723302
A,Wine quality (Low),t-SNE,DBSCAN,dbcv,Random,59,-0.2629311839765305,-0.03541361718723302
A,Wine quality (Low),t-SNE,DBSCAN,dbcv,Random,60,-1.0,-0.03541361718723302
A,Wine quality (Low),t-SNE,DBSCAN,dbcv,Random,61,-1.0,-0.03541361718723302
A,Wine quality (Low),t-SNE,DBSCAN,dbcv,Random,62,-0.06465975987489099,-0.03541361718723302
A,Wine quality (Low),t-SNE,DBSCAN,dbcv,Random,63,-1.0,-0.03541361718723302
A,Wine quality (Low),t-SNE,DBSCAN,dbcv,Random,64,-0.2915624530697351,-0.03541361718723302
A,Wine quality (Low),t-SNE,DBSCAN,dbcv,Random,65,-1.0,-0.03541361718723302
A,Wine quality (Low),t-SNE,DBSCAN,dbcv,Random,66,-0.29280870944979187,-0.03541361718723302
A,Wine quality (Low),t-SNE,DBSCAN,dbcv,Random,67,-1.0,-0.03541361718723302
A,Wine quality (Low),t-SNE,DBSCAN,dbcv,Random,68,-0.25425646712773675,-0.03541361718723302
A,Wine quality (Low),t-SNE,DBSCAN,dbcv,Random,69,-0.28668739280300903,-0.03541361718723302
A,Wine quality (Low),t-SNE,DBSCAN,dbcv,Random,70,-0.40953736210207853,-0.03541361718723302
A,Wine quality (Low),t-SNE,DBSCAN,dbcv,Random,71,-1.0,-0.03541361718723302
A,Wine quality (Low),t-SNE,DBSCAN,dbcv,Random,72,-1.0,-0.03541361718723302
A,Wine quality (Low),t-SNE,DBSCAN,dbcv,Random,73,-1.0,-0.03541361718723302
A,Wine quality (Low),t-SNE,DBSCAN,dbcv,Random,74,-0.24519761083775346,-0.03541361718723302
A,Wine quality (Low),t-SNE,DBSCAN,dbcv,Random,75,-1.0,-0.03541361718723302
A,Wine quality (Low),t-SNE,DBSCAN,dbcv,Random,76,-0.3144222907737043,-0.03541361718723302
A,Wine quality (Low),t-SNE,DBSCAN,dbcv,Random,77,-0.29871070710437747,-0.03541361718723302
A,Wine quality (Low),t-SNE,DBSCAN,dbcv,Random,78,-1.0,-0.03541361718723302
A,Wine quality (Low),t-SNE,DBSCAN,dbcv,Random,79,-1.0,-0.03541361718723302
A,Wine quality (Low),t-SNE,DBSCAN,dbcv,Random,80,-0.30628778997892914,-0.03541361718723302
A,Wine quality (Low),t-SNE,DBSCAN,dbcv,Random,81,-0.38661726472532976,-0.03541361718723302
A,Wine quality (Low),t-SNE,DBSCAN,dbcv,Random,82,-1.0,-0.03541361718723302
A,Wine quality (Low),t-SNE,DBSCAN,dbcv,Random,83,-1.0,-0.03541361718723302
A,Wine quality (Low),t-SNE,DBSCAN,dbcv,Random,84,-0.5866327664032437,-0.03541361718723302
A,Wine quality (Low),t-SNE,DBSCAN,dbcv,Random,85,-1.0,-0.03541361718723302
A,Wine quality (Low),t-SNE,DBSCAN,dbcv,Random,86,-0.39040264852926676,-0.03541361718723302
A,Wine quality (Low),t-SNE,DBSCAN,dbcv,Random,87,-1.0,-0.03541361718723302
A,Wine quality (Low),t-SNE,DBSCAN,dbcv,Random,88,-1.0,-0.03541361718723302
A,Wine quality (Low),t-SNE,DBSCAN,dbcv,Random,89,-1.0,-0.03541361718723302
A,Wine quality (Low),t-SNE,DBSCAN,dbcv,Random,90,-1.0,-0.03541361718723302
A,Wine quality (Low),t-SNE,DBSCAN,dbcv,Random,91,-1.0,-0.03541361718723302
A,Wine quality (Low),t-SNE,DBSCAN,dbcv,Random,92,-1.0,-0.03541361718723302
A,Wine quality (Low),t-SNE,DBSCAN,dbcv,Random,93,-1.0,-0.03541361718723302
A,Wine quality (Low),t-SNE,DBSCAN,dbcv,Random,94,-0.47666591011118664,-0.03541361718723302
A,Wine quality (Low),t-SNE,DBSCAN,dbcv,Random,95,-1.0,-0.03541361718723302
A,Wine quality (Low),t-SNE,DBSCAN,dbcv,Random,96,-0.08450641433312449,-0.03541361718723302
A,Wine quality (Low),t-SNE,DBSCAN,dbcv,Random,97,-1.0,-0.03541361718723302
A,Wine quality (Low),t-SNE,DBSCAN,dbcv,Random,98,-1.0,-0.03541361718723302
A,Wine quality (Low),t-SNE,DBSCAN,dbcv,Random,99,-0.3978327750177999,-0.03541361718723302
A,Wine quality (Low),t-SNE,KMeans,dbcv,TPE,0,-0.39860500010725697,-0.39860500010725697
A,Wine quality (Low),t-SNE,KMeans,dbcv,TPE,1,-0.5865799140603232,-0.39860500010725697
A,Wine quality (Low),t-SNE,KMeans,dbcv,TPE,2,-0.36309433284249626,-0.36309433284249626
A,Wine quality (Low),t-SNE,KMeans,dbcv,TPE,3,-0.40928980364624906,-0.36309433284249626
A,Wine quality (Low),t-SNE,KMeans,dbcv,TPE,4,-0.5170644255704493,-0.36309433284249626
A,Wine quality (Low),t-SNE,KMeans,dbcv,TPE,5,-0.46314039422698866,-0.36309433284249626
A,Wine quality (Low),t-SNE,KMeans,dbcv,TPE,6,-0.44476552715370804,-0.36309433284249626
A,Wine quality (Low),t-SNE,KMeans,dbcv,TPE,7,-0.5269288455519585,-0.36309433284249626
A,Wine quality (Low),t-SNE,KMeans,dbcv,TPE,8,-0.550790990260346,-0.36309433284249626
A,Wine quality (Low),t-SNE,KMeans,dbcv,TPE,9,-0.5428279762877608,-0.36309433284249626
A,Wine quality (Low),t-SNE,KMeans,dbcv,TPE,10,-0.35641734674255376,-0.35641734674255376
A,Wine quality (Low),t-SNE,KMeans,dbcv,TPE,11,-0.4133082467438329,-0.35641734674255376
A,Wine quality (Low),t-SNE,KMeans,dbcv,TPE,12,-0.4108152471633776,-0.35641734674255376
A,Wine quality (Low),t-SNE,KMeans,dbcv,TPE,13,-0.4837227767432324,-0.35641734674255376
A,Wine quality (Low),t-SNE,KMeans,dbcv,TPE,14,-0.4236664560237897,-0.35641734674255376
A,Wine quality (Low),t-SNE,KMeans,dbcv,TPE,15,-0.44179053161808574,-0.35641734674255376
A,Wine quality (Low),t-SNE,KMeans,dbcv,TPE,16,-0.36585256696601454,-0.35641734674255376
A,Wine quality (Low),t-SNE,KMeans,dbcv,TPE,17,-0.4618713896973664,-0.35641734674255376
A,Wine quality (Low),t-SNE,KMeans,dbcv,TPE,18,-0.4504933233792974,-0.35641734674255376
A,Wine quality (Low),t-SNE,KMeans,dbcv,TPE,19,-0.4650743803523384,-0.35641734674255376
A,Wine quality (Low),t-SNE,KMeans,dbcv,TPE,20,-0.4664340727859696,-0.35641734674255376
A,Wine quality (Low),t-SNE,KMeans,dbcv,TPE,21,-0.43252728867850004,-0.35641734674255376
A,Wine quality (Low),t-SNE,KMeans,dbcv,TPE,22,-0.36910109051720547,-0.35641734674255376
A,Wine quality (Low),t-SNE,KMeans,dbcv,TPE,23,-0.39107298145113983,-0.35641734674255376
A,Wine quality (Low),t-SNE,KMeans,dbcv,TPE,24,-0.37745251545411107,-0.35641734674255376
A,Wine quality (Low),t-SNE,KMeans,dbcv,TPE,25,-0.4138979586337569,-0.35641734674255376
A,Wine quality (Low),t-SNE,KMeans,dbcv,TPE,26,-0.42993238242857157,-0.35641734674255376
A,Wine quality (Low),t-SNE,KMeans,dbcv,TPE,27,-0.4401411906378312,-0.35641734674255376
A,Wine quality (Low),t-SNE,KMeans,dbcv,TPE,28,-0.4308232109015132,-0.35641734674255376
A,Wine quality (Low),t-SNE,KMeans,dbcv,TPE,29,-0.4871211363645466,-0.35641734674255376
A,Wine quality (Low),t-SNE,KMeans,dbcv,TPE,30,-0.40852403393879577,-0.35641734674255376
A,Wine quality (Low),t-SNE,KMeans,dbcv,TPE,31,-0.4107319159763437,-0.35641734674255376
A,Wine quality (Low),t-SNE,KMeans,dbcv,TPE,32,-0.3895970581861802,-0.35641734674255376
A,Wine quality (Low),t-SNE,KMeans,dbcv,TPE,33,-0.46114785381275253,-0.35641734674255376
A,Wine quality (Low),t-SNE,KMeans,dbcv,TPE,34,-0.38167880916171265,-0.35641734674255376
A,Wine quality (Low),t-SNE,KMeans,dbcv,TPE,35,-0.42607357627779596,-0.35641734674255376
A,Wine quality (Low),t-SNE,KMeans,dbcv,TPE,36,-0.43157588329836977,-0.35641734674255376
A,Wine quality (Low),t-SNE,KMeans,dbcv,TPE,37,-0.5483654944129717,-0.35641734674255376
A,Wine quality (Low),t-SNE,KMeans,dbcv,TPE,38,-0.38555888909596053,-0.35641734674255376
A,Wine quality (Low),t-SNE,KMeans,dbcv,TPE,39,-0.5543295318172272,-0.35641734674255376
A,Wine quality (Low),t-SNE,KMeans,dbcv,TPE,40,-0.5008057075476913,-0.35641734674255376
A,Wine quality (Low),t-SNE,KMeans,dbcv,TPE,41,-0.4294062392644687,-0.35641734674255376
A,Wine quality (Low),t-SNE,KMeans,dbcv,TPE,42,-0.3480589492183713,-0.3480589492183713
A,Wine quality (Low),t-SNE,KMeans,dbcv,TPE,43,-0.4206645555513663,-0.3480589492183713
A,Wine quality (Low),t-SNE,KMeans,dbcv,TPE,44,-0.4109772804325192,-0.3480589492183713
A,Wine quality (Low),t-SNE,KMeans,dbcv,TPE,45,-0.3841978060997433,-0.3480589492183713
A,Wine quality (Low),t-SNE,KMeans,dbcv,TPE,46,-0.40073910823870984,-0.3480589492183713
A,Wine quality (Low),t-SNE,KMeans,dbcv,TPE,47,-0.44020383690031933,-0.3480589492183713
A,Wine quality (Low),t-SNE,KMeans,dbcv,TPE,48,-0.5627430920124542,-0.3480589492183713
A,Wine quality (Low),t-SNE,KMeans,dbcv,TPE,49,-0.4393344414601312,-0.3480589492183713
A,Wine quality (Low),t-SNE,KMeans,dbcv,TPE,50,-0.44710308620820133,-0.3480589492183713
A,Wine quality (Low),t-SNE,KMeans,dbcv,TPE,51,-0.4075259417010991,-0.3480589492183713
A,Wine quality (Low),t-SNE,KMeans,dbcv,TPE,52,-0.34848583678989203,-0.3480589492183713
A,Wine quality (Low),t-SNE,KMeans,dbcv,TPE,53,-0.3872707193490615,-0.3480589492183713
A,Wine quality (Low),t-SNE,KMeans,dbcv,TPE,54,-0.41963556986377076,-0.3480589492183713
A,Wine quality (Low),t-SNE,KMeans,dbcv,TPE,55,-0.339179224771908,-0.339179224771908
A,Wine quality (Low),t-SNE,KMeans,dbcv,TPE,56,-0.38040399617974663,-0.339179224771908
A,Wine quality (Low),t-SNE,KMeans,dbcv,TPE,57,-0.42483600559350876,-0.339179224771908
A,Wine quality (Low),t-SNE,KMeans,dbcv,TPE,58,-0.4193343363734695,-0.339179224771908
A,Wine quality (Low),t-SNE,KMeans,dbcv,TPE,59,-0.385914462178327,-0.339179224771908
A,Wine quality (Low),t-SNE,KMeans,dbcv,TPE,60,-0.4449380533201151,-0.339179224771908
A,Wine quality (Low),t-SNE,KMeans,dbcv,TPE,61,-0.32762296355246795,-0.32762296355246795
A,Wine quality (Low),t-SNE,KMeans,dbcv,TPE,62,-0.3927210159662557,-0.32762296355246795
A,Wine quality (Low),t-SNE,KMeans,dbcv,TPE,63,-0.43189240076927005,-0.32762296355246795
A,Wine quality (Low),t-SNE,KMeans,dbcv,TPE,64,-0.411544521257022,-0.32762296355246795
A,Wine quality (Low),t-SNE,KMeans,dbcv,TPE,65,-0.41551322576963373,-0.32762296355246795
A,Wine quality (Low),t-SNE,KMeans,dbcv,TPE,66,-0.3911006538321611,-0.32762296355246795
A,Wine quality (Low),t-SNE,KMeans,dbcv,TPE,67,-0.42589775090820037,-0.32762296355246795
A,Wine quality (Low),t-SNE,KMeans,dbcv,TPE,68,-0.4407722745741357,-0.32762296355246795
A,Wine quality (Low),t-SNE,KMeans,dbcv,TPE,69,-0.39918149309711637,-0.32762296355246795
A,Wine quality (Low),t-SNE,KMeans,dbcv,TPE,70,-0.34926013665452216,-0.32762296355246795
A,Wine quality (Low),t-SNE,KMeans,dbcv,TPE,71,-0.3629920146539515,-0.32762296355246795
A,Wine quality (Low),t-SNE,KMeans,dbcv,TPE,72,-0.3917819246324833,-0.32762296355246795
A,Wine quality (Low),t-SNE,KMeans,dbcv,TPE,73,-0.4017490730673321,-0.32762296355246795
A,Wine quality (Low),t-SNE,KMeans,dbcv,TPE,74,-0.3877624098675099,-0.32762296355246795
A,Wine quality (Low),t-SNE,KMeans,dbcv,TPE,75,-0.44962556018588823,-0.32762296355246795
A,Wine quality (Low),t-SNE,KMeans,dbcv,TPE,76,-0.40163519764569644,-0.32762296355246795
A,Wine quality (Low),t-SNE,KMeans,dbcv,TPE,77,-0.35162966866334755,-0.32762296355246795
A,Wine quality (Low),t-SNE,KMeans,dbcv,TPE,78,-0.4334127672163872,-0.32762296355246795
A,Wine quality (Low),t-SNE,KMeans,dbcv,TPE,79,-0.3721928626151429,-0.32762296355246795
A,Wine quality (Low),t-SNE,KMeans,dbcv,TPE,80,-0.4026970974901504,-0.32762296355246795
A,Wine quality (Low),t-SNE,KMeans,dbcv,TPE,81,-0.4184150211387093,-0.32762296355246795
A,Wine quality (Low),t-SNE,KMeans,dbcv,TPE,82,-0.35170629652440777,-0.32762296355246795
A,Wine quality (Low),t-SNE,KMeans,dbcv,TPE,83,-0.416549890065411,-0.32762296355246795
A,Wine quality (Low),t-SNE,KMeans,dbcv,TPE,84,-0.399910158118637,-0.32762296355246795
A,Wine quality (Low),t-SNE,KMeans,dbcv,TPE,85,-0.43364697915524325,-0.32762296355246795
A,Wine quality (Low),t-SNE,KMeans,dbcv,TPE,86,-0.3775531929750614,-0.32762296355246795
A,Wine quality (Low),t-SNE,KMeans,dbcv,TPE,87,-0.38039205729065123,-0.32762296355246795
A,Wine quality (Low),t-SNE,KMeans,dbcv,TPE,88,-0.41206615267745966,-0.32762296355246795
A,Wine quality (Low),t-SNE,KMeans,dbcv,TPE,89,-0.4151474143884947,-0.32762296355246795
A,Wine quality (Low),t-SNE,KMeans,dbcv,TPE,90,-0.3906577216358675,-0.32762296355246795
A,Wine quality (Low),t-SNE,KMeans,dbcv,TPE,91,-0.45067495011763037,-0.32762296355246795
A,Wine quality (Low),t-SNE,KMeans,dbcv,TPE,92,-0.37635510258719834,-0.32762296355246795
A,Wine quality (Low),t-SNE,KMeans,dbcv,TPE,93,-0.4444031854522071,-0.32762296355246795
A,Wine quality (Low),t-SNE,KMeans,dbcv,TPE,94,-0.4341394478915295,-0.32762296355246795
A,Wine quality (Low),t-SNE,KMeans,dbcv,TPE,95,-0.40715879518320486,-0.32762296355246795
A,Wine quality (Low),t-SNE,KMeans,dbcv,TPE,96,-0.4207860988373846,-0.32762296355246795
A,Wine quality (Low),t-SNE,KMeans,dbcv,TPE,97,-0.5557709532724444,-0.32762296355246795
A,Wine quality (Low),t-SNE,KMeans,dbcv,TPE,98,-0.382865356276558,-0.32762296355246795
A,Wine quality (Low),t-SNE,KMeans,dbcv,TPE,99,-0.36969368044608497,-0.32762296355246795
A,Wine quality (Low),t-SNE,KMeans,dbcv,Random,0,-0.39860500010725697,-0.39860500010725697
A,Wine quality (Low),t-SNE,KMeans,dbcv,Random,1,-0.5865799140603232,-0.39860500010725697
A,Wine quality (Low),t-SNE,KMeans,dbcv,Random,2,-0.36309433284249626,-0.36309433284249626
A,Wine quality (Low),t-SNE,KMeans,dbcv,Random,3,-0.40928980364624906,-0.36309433284249626
A,Wine quality (Low),t-SNE,KMeans,dbcv,Random,4,-0.5170644255704493,-0.36309433284249626
A,Wine quality (Low),t-SNE,KMeans,dbcv,Random,5,-0.46314039422698866,-0.36309433284249626
A,Wine quality (Low),t-SNE,KMeans,dbcv,Random,6,-0.44476552715370804,-0.36309433284249626
A,Wine quality (Low),t-SNE,KMeans,dbcv,Random,7,-0.5269288455519585,-0.36309433284249626
A,Wine quality (Low),t-SNE,KMeans,dbcv,Random,8,-0.550790990260346,-0.36309433284249626
A,Wine quality (Low),t-SNE,KMeans,dbcv,Random,9,-0.5428279762877608,-0.36309433284249626
A,Wine quality (Low),t-SNE,KMeans,dbcv,Random,10,-0.5261720100831364,-0.36309433284249626
A,Wine quality (Low),t-SNE,KMeans,dbcv,Random,11,-0.45717060557418543,-0.36309433284249626
A,Wine quality (Low),t-SNE,KMeans,dbcv,Random,12,-0.45013211033118666,-0.36309433284249626
A,Wine quality (Low),t-SNE,KMeans,dbcv,Random,13,-0.5039112235027728,-0.36309433284249626
A,Wine quality (Low),t-SNE,KMeans,dbcv,Random,14,-0.4375602239049055,-0.36309433284249626
A,Wine quality (Low),t-SNE,KMeans,dbcv,Random,15,-0.4809421676470255,-0.36309433284249626
A,Wine quality (Low),t-SNE,KMeans,dbcv,Random,16,-0.404920629396055,-0.36309433284249626
A,Wine quality (Low),t-SNE,KMeans,dbcv,Random,17,-0.45871293880871944,-0.36309433284249626
A,Wine quality (Low),t-SNE,KMeans,dbcv,Random,18,-0.5567531981395495,-0.36309433284249626
A,Wine quality (Low),t-SNE,KMeans,dbcv,Random,19,-0.5143350641407735,-0.36309433284249626
A,Wine quality (Low),t-SNE,KMeans,dbcv,Random,20,-0.3734611561449636,-0.36309433284249626
A,Wine quality (Low),t-SNE,KMeans,dbcv,Random,21,-0.4503240309774288,-0.36309433284249626
A,Wine quality (Low),t-SNE,KMeans,dbcv,Random,22,-0.5479969789549949,-0.36309433284249626
A,Wine quality (Low),t-SNE,KMeans,dbcv,Random,23,-0.5506662455478945,-0.36309433284249626
A,Wine quality (Low),t-SNE,KMeans,dbcv,Random,24,-0.4215878291995664,-0.36309433284249626
A,Wine quality (Low),t-SNE,KMeans,dbcv,Random,25,-0.5726905863013793,-0.36309433284249626
A,Wine quality (Low),t-SNE,KMeans,dbcv,Random,26,-0.3525237657492729,-0.3525237657492729
A,Wine quality (Low),t-SNE,KMeans,dbcv,Random,27,-0.6342410131418594,-0.3525237657492729
A,Wine quality (Low),t-SNE,KMeans,dbcv,Random,28,-0.4300616560053856,-0.3525237657492729
A,Wine quality (Low),t-SNE,KMeans,dbcv,Random,29,-0.41565413270170465,-0.3525237657492729
A,Wine quality (Low),t-SNE,KMeans,dbcv,Random,30,-0.4546312957445495,-0.3525237657492729
A,Wine quality (Low),t-SNE,KMeans,dbcv,Random,31,-0.44541233154889465,-0.3525237657492729
A,Wine quality (Low),t-SNE,KMeans,dbcv,Random,32,-0.5920986078885406,-0.3525237657492729
A,Wine quality (Low),t-SNE,KMeans,dbcv,Random,33,-0.456699413063029,-0.3525237657492729
A,Wine quality (Low),t-SNE,KMeans,dbcv,Random,34,-0.416438830049266,-0.3525237657492729
A,Wine quality (Low),t-SNE,KMeans,dbcv,Random,35,-0.4859668937016112,-0.3525237657492729
A,Wine quality (Low),t-SNE,KMeans,dbcv,Random,36,-0.4977979783440894,-0.3525237657492729
A,Wine quality (Low),t-SNE,KMeans,dbcv,Random,37,-0.44692742568094,-0.3525237657492729
A,Wine quality (Low),t-SNE,KMeans,dbcv,Random,38,-0.43149645411224236,-0.3525237657492729
A,Wine quality (Low),t-SNE,KMeans,dbcv,Random,39,-0.49411801288223733,-0.3525237657492729
A,Wine quality (Low),t-SNE,KMeans,dbcv,Random,40,-0.444479850490352,-0.3525237657492729
A,Wine quality (Low),t-SNE,KMeans,dbcv,Random,41,-0.48462347646110104,-0.3525237657492729
A,Wine quality (Low),t-SNE,KMeans,dbcv,Random,42,-0.6634614416700224,-0.3525237657492729
A,Wine quality (Low),t-SNE,KMeans,dbcv,Random,43,-0.548123956085854,-0.3525237657492729
A,Wine quality (Low),t-SNE,KMeans,dbcv,Random,44,-0.3572228452932354,-0.3525237657492729
A,Wine quality (Low),t-SNE,KMeans,dbcv,Random,45,-0.40285842972669095,-0.3525237657492729
A,Wine quality (Low),t-SNE,KMeans,dbcv,Random,46,-0.3872753851997792,-0.3525237657492729
A,Wine quality (Low),t-SNE,KMeans,dbcv,Random,47,-0.5253650437677911,-0.3525237657492729
A,Wine quality (Low),t-SNE,KMeans,dbcv,Random,48,-0.40497547304339737,-0.3525237657492729
A,Wine quality (Low),t-SNE,KMeans,dbcv,Random,49,-0.5118853270637461,-0.3525237657492729
A,Wine quality (Low),t-SNE,KMeans,dbcv,Random,50,-0.5472325256102815,-0.3525237657492729
A,Wine quality (Low),t-SNE,KMeans,dbcv,Random,51,-0.568688942216766,-0.3525237657492729
A,Wine quality (Low),t-SNE,KMeans,dbcv,Random,52,-0.5387257200972291,-0.3525237657492729
A,Wine quality (Low),t-SNE,KMeans,dbcv,Random,53,-0.4103148474637266,-0.3525237657492729
A,Wine quality (Low),t-SNE,KMeans,dbcv,Random,54,-0.5641712858317794,-0.3525237657492729
A,Wine quality (Low),t-SNE,KMeans,dbcv,Random,55,-0.5815249555322971,-0.3525237657492729
A,Wine quality (Low),t-SNE,KMeans,dbcv,Random,56,-0.424499187280005,-0.3525237657492729
A,Wine quality (Low),t-SNE,KMeans,dbcv,Random,57,-0.5290592980499582,-0.3525237657492729
A,Wine quality (Low),t-SNE,KMeans,dbcv,Random,58,-0.44063807560463397,-0.3525237657492729
A,Wine quality (Low),t-SNE,KMeans,dbcv,Random,59,-0.5724931949153356,-0.3525237657492729
A,Wine quality (Low),t-SNE,KMeans,dbcv,Random,60,-0.4058994236018515,-0.3525237657492729
A,Wine quality (Low),t-SNE,KMeans,dbcv,Random,61,-0.4243591358626801,-0.3525237657492729
A,Wine quality (Low),t-SNE,KMeans,dbcv,Random,62,-0.4364027223057158,-0.3525237657492729
A,Wine quality (Low),t-SNE,KMeans,dbcv,Random,63,-0.39417358807726643,-0.3525237657492729
A,Wine quality (Low),t-SNE,KMeans,dbcv,Random,64,-0.5798837583385175,-0.3525237657492729
A,Wine quality (Low),t-SNE,KMeans,dbcv,Random,65,-0.4075324350922786,-0.3525237657492729
A,Wine quality (Low),t-SNE,KMeans,dbcv,Random,66,-0.45438685774910453,-0.3525237657492729
A,Wine quality (Low),t-SNE,KMeans,dbcv,Random,67,-0.3603900171430108,-0.3525237657492729
A,Wine quality (Low),t-SNE,KMeans,dbcv,Random,68,-0.5583149625383473,-0.3525237657492729
A,Wine quality (Low),t-SNE,KMeans,dbcv,Random,69,-0.5253641881139985,-0.3525237657492729
A,Wine quality (Low),t-SNE,KMeans,dbcv,Random,70,-0.4617136856826064,-0.3525237657492729
A,Wine quality (Low),t-SNE,KMeans,dbcv,Random,71,-0.5480944303908286,-0.3525237657492729
A,Wine quality (Low),t-SNE,KMeans,dbcv,Random,72,-0.44503564171889803,-0.3525237657492729
A,Wine quality (Low),t-SNE,KMeans,dbcv,Random,73,-0.476120522756347,-0.3525237657492729
A,Wine quality (Low),t-SNE,KMeans,dbcv,Random,74,-0.48904108614100794,-0.3525237657492729
A,Wine quality (Low),t-SNE,KMeans,dbcv,Random,75,-0.5549603171810759,-0.3525237657492729
A,Wine quality (Low),t-SNE,KMeans,dbcv,Random,76,-0.3624455400941001,-0.3525237657492729
A,Wine quality (Low),t-SNE,KMeans,dbcv,Random,77,-0.46524032242375557,-0.3525237657492729
A,Wine quality (Low),t-SNE,KMeans,dbcv,Random,78,-0.5076113973288683,-0.3525237657492729
A,Wine quality (Low),t-SNE,KMeans,dbcv,Random,79,-0.5751710043948566,-0.3525237657492729
A,Wine quality (Low),t-SNE,KMeans,dbcv,Random,80,-0.395705816105356,-0.3525237657492729
A,Wine quality (Low),t-SNE,KMeans,dbcv,Random,81,-0.36285155172961464,-0.3525237657492729
A,Wine quality (Low),t-SNE,KMeans,dbcv,Random,82,-0.43544657447114193,-0.3525237657492729
A,Wine quality (Low),t-SNE,KMeans,dbcv,Random,83,-0.5213192553728551,-0.3525237657492729
A,Wine quality (Low),t-SNE,KMeans,dbcv,Random,84,-0.46715707760820513,-0.3525237657492729
A,Wine quality (Low),t-SNE,KMeans,dbcv,Random,85,-0.4313437430564867,-0.3525237657492729
A,Wine quality (Low),t-SNE,KMeans,dbcv,Random,86,-0.4577680294713328,-0.3525237657492729
A,Wine quality (Low),t-SNE,KMeans,dbcv,Random,87,-0.44349695661313704,-0.3525237657492729
A,Wine quality (Low),t-SNE,KMeans,dbcv,Random,88,-0.39936241733067185,-0.3525237657492729
A,Wine quality (Low),t-SNE,KMeans,dbcv,Random,89,-0.5302298360890846,-0.3525237657492729
A,Wine quality (Low),t-SNE,KMeans,dbcv,Random,90,-0.37842067468891866,-0.3525237657492729
A,Wine quality (Low),t-SNE,KMeans,dbcv,Random,91,-0.4611893446681049,-0.3525237657492729
A,Wine quality (Low),t-SNE,KMeans,dbcv,Random,92,-0.43789655061220595,-0.3525237657492729
A,Wine quality (Low),t-SNE,KMeans,dbcv,Random,93,-0.5496703907393405,-0.3525237657492729
A,Wine quality (Low),t-SNE,KMeans,dbcv,Random,94,-0.3773275310682489,-0.3525237657492729
A,Wine quality (Low),t-SNE,KMeans,dbcv,Random,95,-0.4472888955603165,-0.3525237657492729
A,Wine quality (Low),t-SNE,KMeans,dbcv,Random,96,-0.43381346988388847,-0.3525237657492729
A,Wine quality (Low),t-SNE,KMeans,dbcv,Random,97,-0.4521031845542985,-0.3525237657492729
A,Wine quality (Low),t-SNE,KMeans,dbcv,Random,98,-0.4464470012813462,-0.3525237657492729
A,Wine quality (Low),t-SNE,KMeans,dbcv,Random,99,-0.5855391974286829,-0.3525237657492729
A,Wine quality (Low),PCA,HDBSCAN,dbcv,TPE,0,-1.0,-1.0
A,Wine quality (Low),PCA,HDBSCAN,dbcv,TPE,1,-0.017297413082795327,-0.017297413082795327
A,Wine quality (Low),PCA,HDBSCAN,dbcv,TPE,2,-0.22592631919941783,-0.017297413082795327
A,Wine quality (Low),PCA,HDBSCAN,dbcv,TPE,3,0.23408717801666593,0.23408717801666593
A,Wine quality (Low),PCA,HDBSCAN,dbcv,TPE,4,-0.041316340398914166,0.23408717801666593
A,Wine quality (Low),PCA,HDBSCAN,dbcv,TPE,5,-0.2456063296584067,0.23408717801666593
A,Wine quality (Low),PCA,HDBSCAN,dbcv,TPE,6,0.18130089635757626,0.23408717801666593
A,Wine quality (Low),PCA,HDBSCAN,dbcv,TPE,7,-0.21138340259890517,0.23408717801666593
A,Wine quality (Low),PCA,HDBSCAN,dbcv,TPE,8,-1.0,0.23408717801666593
A,Wine quality (Low),PCA,HDBSCAN,dbcv,TPE,9,-0.03310543357672563,0.23408717801666593
A,Wine quality (Low),PCA,HDBSCAN,dbcv,TPE,10,-1.0,0.23408717801666593
A,Wine quality (Low),PCA,HDBSCAN,dbcv,TPE,11,-1.0,0.23408717801666593
A,Wine quality (Low),PCA,HDBSCAN,dbcv,TPE,12,-1.0,0.23408717801666593
A,Wine quality (Low),PCA,HDBSCAN,dbcv,TPE,13,-1.0,0.23408717801666593
A,Wine quality (Low),PCA,HDBSCAN,dbcv,TPE,14,0.18194025259272845,0.23408717801666593
A,Wine quality (Low),PCA,HDBSCAN,dbcv,TPE,15,0.21274122016507968,0.23408717801666593
A,Wine quality (Low),PCA,HDBSCAN,dbcv,TPE,16,0.21125668849456877,0.23408717801666593
A,Wine quality (Low),PCA,HDBSCAN,dbcv,TPE,17,-1.0,0.23408717801666593
A,Wine quality (Low),PCA,HDBSCAN,dbcv,TPE,18,0.06340116916907088,0.23408717801666593
A,Wine quality (Low),PCA,HDBSCAN,dbcv,TPE,19,0.19624212272861713,0.23408717801666593
A,Wine quality (Low),PCA,HDBSCAN,dbcv,TPE,20,-1.0,0.23408717801666593
A,Wine quality (Low),PCA,HDBSCAN,dbcv,TPE,21,0.21125668849456877,0.23408717801666593
A,Wine quality (Low),PCA,HDBSCAN,dbcv,TPE,22,-1.0,0.23408717801666593
A,Wine quality (Low),PCA,HDBSCAN,dbcv,TPE,23,0.19096092453076038,0.23408717801666593
A,Wine quality (Low),PCA,HDBSCAN,dbcv,TPE,24,0.06340116916907088,0.23408717801666593
A,Wine quality (Low),PCA,HDBSCAN,dbcv,TPE,25,0.21274122016507968,0.23408717801666593
A,Wine quality (Low),PCA,HDBSCAN,dbcv,TPE,26,0.21274122016507968,0.23408717801666593
A,Wine quality (Low),PCA,HDBSCAN,dbcv,TPE,27,0.20202287370073757,0.23408717801666593
A,Wine quality (Low),PCA,HDBSCAN,dbcv,TPE,28,0.15481157112779803,0.23408717801666593
A,Wine quality (Low),PCA,HDBSCAN,dbcv,TPE,29,0.1764678298559564,0.23408717801666593
A,Wine quality (Low),PCA,HDBSCAN,dbcv,TPE,30,0.21767904620766862,0.23408717801666593
A,Wine quality (Low),PCA,HDBSCAN,dbcv,TPE,31,0.21767904620766862,0.23408717801666593
A,Wine quality (Low),PCA,HDBSCAN,dbcv,TPE,32,0.21767904620766862,0.23408717801666593
A,Wine quality (Low),PCA,HDBSCAN,dbcv,TPE,33,-1.0,0.23408717801666593
A,Wine quality (Low),PCA,HDBSCAN,dbcv,TPE,34,0.21405767690636296,0.23408717801666593
A,Wine quality (Low),PCA,HDBSCAN,dbcv,TPE,35,0.20502345232018399,0.23408717801666593
A,Wine quality (Low),PCA,HDBSCAN,dbcv,TPE,36,0.06340116916907088,0.23408717801666593
A,Wine quality (Low),PCA,HDBSCAN,dbcv,TPE,37,-1.0,0.23408717801666593
A,Wine quality (Low),PCA,HDBSCAN,dbcv,TPE,38,0.2003355486072303,0.23408717801666593
A,Wine quality (Low),PCA,HDBSCAN,dbcv,TPE,39,-1.0,0.23408717801666593
A,Wine quality (Low),PCA,HDBSCAN,dbcv,TPE,40,-0.34152679678571873,0.23408717801666593
A,Wine quality (Low),PCA,HDBSCAN,dbcv,TPE,41,0.21405767690636296,0.23408717801666593
A,Wine quality (Low),PCA,HDBSCAN,dbcv,TPE,42,0.21405767690636296,0.23408717801666593
A,Wine quality (Low),PCA,HDBSCAN,dbcv,TPE,43,-1.0,0.23408717801666593
A,Wine quality (Low),PCA,HDBSCAN,dbcv,TPE,44,0.0054566233816618105,0.23408717801666593
A,Wine quality (Low),PCA,HDBSCAN,dbcv,TPE,45,0.2003355486072303,0.23408717801666593
A,Wine quality (Low),PCA,HDBSCAN,dbcv,TPE,46,-0.15762918311218238,0.23408717801666593
A,Wine quality (Low),PCA,HDBSCAN,dbcv,TPE,47,0.03248125302955478,0.23408717801666593
A,Wine quality (Low),PCA,HDBSCAN,dbcv,TPE,48,0.2031547050747137,0.23408717801666593
A,Wine quality (Low),PCA,HDBSCAN,dbcv,TPE,49,0.1522623305422713,0.23408717801666593
A,Wine quality (Low),PCA,HDBSCAN,dbcv,TPE,50,0.19300552590533956,0.23408717801666593
A,Wine quality (Low),PCA,HDBSCAN,dbcv,TPE,51,0.21405767690636296,0.23408717801666593
A,Wine quality (Low),PCA,HDBSCAN,dbcv,TPE,52,0.1678736738538987,0.23408717801666593
A,Wine quality (Low),PCA,HDBSCAN,dbcv,TPE,53,-0.04148357171249323,0.23408717801666593
A,Wine quality (Low),PCA,HDBSCAN,dbcv,TPE,54,-1.0,0.23408717801666593
A,Wine quality (Low),PCA,HDBSCAN,dbcv,TPE,55,0.19300552590533956,0.23408717801666593
A,Wine quality (Low),PCA,HDBSCAN,dbcv,TPE,56,-1.0,0.23408717801666593
A,Wine quality (Low),PCA,HDBSCAN,dbcv,TPE,57,-1.0,0.23408717801666593
A,Wine quality (Low),PCA,HDBSCAN,dbcv,TPE,58,0.2003355486072303,0.23408717801666593
A,Wine quality (Low),PCA,HDBSCAN,dbcv,TPE,59,0.21125668849456877,0.23408717801666593
A,Wine quality (Low),PCA,HDBSCAN,dbcv,TPE,60,0.1644518271556624,0.23408717801666593
A,Wine quality (Low),PCA,HDBSCAN,dbcv,TPE,61,0.21405767690636296,0.23408717801666593
A,Wine quality (Low),PCA,HDBSCAN,dbcv,TPE,62,0.21405767690636296,0.23408717801666593
A,Wine quality (Low),PCA,HDBSCAN,dbcv,TPE,63,0.23408717801666593,0.23408717801666593
A,Wine quality (Low),PCA,HDBSCAN,dbcv,TPE,64,0.19096092453076038,0.23408717801666593
A,Wine quality (Low),PCA,HDBSCAN,dbcv,TPE,65,0.21274122016507968,0.23408717801666593
A,Wine quality (Low),PCA,HDBSCAN,dbcv,TPE,66,0.16992404108450418,0.23408717801666593
A,Wine quality (Low),PCA,HDBSCAN,dbcv,TPE,67,-1.0,0.23408717801666593
A,Wine quality (Low),PCA,HDBSCAN,dbcv,TPE,68,0.19712885650264317,0.23408717801666593
A,Wine quality (Low),PCA,HDBSCAN,dbcv,TPE,69,0.2003355486072303,0.23408717801666593
A,Wine quality (Low),PCA,HDBSCAN,dbcv,TPE,70,0.1644518271556624,0.23408717801666593
A,Wine quality (Low),PCA,HDBSCAN,dbcv,TPE,71,0.1822446150554869,0.23408717801666593
A,Wine quality (Low),PCA,HDBSCAN,dbcv,TPE,72,0.21405767690636296,0.23408717801666593
A,Wine quality (Low),PCA,HDBSCAN,dbcv,TPE,73,-1.0,0.23408717801666593
A,Wine quality (Low),PCA,HDBSCAN,dbcv,TPE,74,0.1644518271556624,0.23408717801666593
A,Wine quality (Low),PCA,HDBSCAN,dbcv,TPE,75,0.19300552590533956,0.23408717801666593
A,Wine quality (Low),PCA,HDBSCAN,dbcv,TPE,76,0.19667431209898303,0.23408717801666593
A,Wine quality (Low),PCA,HDBSCAN,dbcv,TPE,77,-1.0,0.23408717801666593
A,Wine quality (Low),PCA,HDBSCAN,dbcv,TPE,78,-0.10733839830988282,0.23408717801666593
A,Wine quality (Low),PCA,HDBSCAN,dbcv,TPE,79,0.1678736738538987,0.23408717801666593
A,Wine quality (Low),PCA,HDBSCAN,dbcv,TPE,80,0.1822446150554869,0.23408717801666593
A,Wine quality (Low),PCA,HDBSCAN,dbcv,TPE,81,0.21767904620766862,0.23408717801666593
A,Wine quality (Low),PCA,HDBSCAN,dbcv,TPE,82,0.21767904620766862,0.23408717801666593
A,Wine quality (Low),PCA,HDBSCAN,dbcv,TPE,83,-1.0,0.23408717801666593
A,Wine quality (Low),PCA,HDBSCAN,dbcv,TPE,84,0.21274122016507968,0.23408717801666593
A,Wine quality (Low),PCA,HDBSCAN,dbcv,TPE,85,0.21767904620766862,0.23408717801666593
A,Wine quality (Low),PCA,HDBSCAN,dbcv,TPE,86,0.13004023644029583,0.23408717801666593
A,Wine quality (Low),PCA,HDBSCAN,dbcv,TPE,87,0.21767904620766862,0.23408717801666593
A,Wine quality (Low),PCA,HDBSCAN,dbcv,TPE,88,0.2031547050747137,0.23408717801666593
A,Wine quality (Low),PCA,HDBSCAN,dbcv,TPE,89,-1.0,0.23408717801666593
A,Wine quality (Low),PCA,HDBSCAN,dbcv,TPE,90,0.19712885650264317,0.23408717801666593
A,Wine quality (Low),PCA,HDBSCAN,dbcv,TPE,91,0.21767904620766862,0.23408717801666593
A,Wine quality (Low),PCA,HDBSCAN,dbcv,TPE,92,0.21767904620766862,0.23408717801666593
A,Wine quality (Low),PCA,HDBSCAN,dbcv,TPE,93,0.1885482573418461,0.23408717801666593
A,Wine quality (Low),PCA,HDBSCAN,dbcv,TPE,94,0.18344313711154595,0.23408717801666593
A,Wine quality (Low),PCA,HDBSCAN,dbcv,TPE,95,-1.0,0.23408717801666593
A,Wine quality (Low),PCA,HDBSCAN,dbcv,TPE,96,-1.0,0.23408717801666593
A,Wine quality (Low),PCA,HDBSCAN,dbcv,TPE,97,-1.0,0.23408717801666593
A,Wine quality (Low),PCA,HDBSCAN,dbcv,TPE,98,-1.0,0.23408717801666593
A,Wine quality (Low),PCA,HDBSCAN,dbcv,TPE,99,0.0526932915906916,0.23408717801666593
A,Wine quality (Low),PCA,HDBSCAN,dbcv,Random,0,-1.0,-1.0
A,Wine quality (Low),PCA,HDBSCAN,dbcv,Random,1,-0.017297413082795327,-0.017297413082795327
A,Wine quality (Low),PCA,HDBSCAN,dbcv,Random,2,-0.22592631919941783,-0.017297413082795327
A,Wine quality (Low),PCA,HDBSCAN,dbcv,Random,3,0.23408717801666593,0.23408717801666593
A,Wine quality (Low),PCA,HDBSCAN,dbcv,Random,4,-0.041316340398914166,0.23408717801666593
A,Wine quality (Low),PCA,HDBSCAN,dbcv,Random,5,-0.2456063296584067,0.23408717801666593
A,Wine quality (Low),PCA,HDBSCAN,dbcv,Random,6,0.18130089635757626,0.23408717801666593
A,Wine quality (Low),PCA,HDBSCAN,dbcv,Random,7,-0.21138340259890517,0.23408717801666593
A,Wine quality (Low),PCA,HDBSCAN,dbcv,Random,8,-1.0,0.23408717801666593
A,Wine quality (Low),PCA,HDBSCAN,dbcv,Random,9,-0.03310543357672563,0.23408717801666593
A,Wine quality (Low),PCA,HDBSCAN,dbcv,Random,10,-0.12020302934725503,0.23408717801666593
A,Wine quality (Low),PCA,HDBSCAN,dbcv,Random,11,-1.0,0.23408717801666593
A,Wine quality (Low),PCA,HDBSCAN,dbcv,Random,12,0.2171772376629209,0.23408717801666593
A,Wine quality (Low),PCA,HDBSCAN,dbcv,Random,13,0.22786698490116494,0.23408717801666593
A,Wine quality (Low),PCA,HDBSCAN,dbcv,Random,14,-0.25887479815770364,0.23408717801666593
A,Wine quality (Low),PCA,HDBSCAN,dbcv,Random,15,0.13037852865153762,0.23408717801666593
A,Wine quality (Low),PCA,HDBSCAN,dbcv,Random,16,0.20492542043312584,0.23408717801666593
A,Wine quality (Low),PCA,HDBSCAN,dbcv,Random,17,-1.0,0.23408717801666593
A,Wine quality (Low),PCA,HDBSCAN,dbcv,Random,18,-0.037553828068261054,0.23408717801666593
A,Wine quality (Low),PCA,HDBSCAN,dbcv,Random,19,-0.18856800419039862,0.23408717801666593
A,Wine quality (Low),PCA,HDBSCAN,dbcv,Random,20,0.20882959150982547,0.23408717801666593
A,Wine quality (Low),PCA,HDBSCAN,dbcv,Random,21,0.07312334063721494,0.23408717801666593
A,Wine quality (Low),PCA,HDBSCAN,dbcv,Random,22,-1.0,0.23408717801666593
A,Wine quality (Low),PCA,HDBSCAN,dbcv,Random,23,-0.005053813034596194,0.23408717801666593
A,Wine quality (Low),PCA,HDBSCAN,dbcv,Random,24,-0.34152679678571873,0.23408717801666593
A,Wine quality (Low),PCA,HDBSCAN,dbcv,Random,25,-0.09206158657693599,0.23408717801666593
A,Wine quality (Low),PCA,HDBSCAN,dbcv,Random,26,0.13689803968726813,0.23408717801666593
A,Wine quality (Low),PCA,HDBSCAN,dbcv,Random,27,-0.12020302934725503,0.23408717801666593
A,Wine quality (Low),PCA,HDBSCAN,dbcv,Random,28,0.21194382546504437,0.23408717801666593
A,Wine quality (Low),PCA,HDBSCAN,dbcv,Random,29,-1.0,0.23408717801666593
A,Wine quality (Low),PCA,HDBSCAN,dbcv,Random,30,-1.0,0.23408717801666593
A,Wine quality (Low),PCA,HDBSCAN,dbcv,Random,31,-1.0,0.23408717801666593
A,Wine quality (Low),PCA,HDBSCAN,dbcv,Random,32,-0.12724663361677593,0.23408717801666593
A,Wine quality (Low),PCA,HDBSCAN,dbcv,Random,33,-0.12891939142448888,0.23408717801666593
A,Wine quality (Low),PCA,HDBSCAN,dbcv,Random,34,-1.0,0.23408717801666593
A,Wine quality (Low),PCA,HDBSCAN,dbcv,Random,35,-0.00955959042428237,0.23408717801666593
A,Wine quality (Low),PCA,HDBSCAN,dbcv,Random,36,-0.23192193538912909,0.23408717801666593
A,Wine quality (Low),PCA,HDBSCAN,dbcv,Random,37,-1.0,0.23408717801666593
A,Wine quality (Low),PCA,HDBSCAN,dbcv,Random,38,-1.0,0.23408717801666593
A,Wine quality (Low),PCA,HDBSCAN,dbcv,Random,39,-1.0,0.23408717801666593
A,Wine quality (Low),PCA,HDBSCAN,dbcv,Random,40,-1.0,0.23408717801666593
A,Wine quality (Low),PCA,HDBSCAN,dbcv,Random,41,-0.13977322416227067,0.23408717801666593
A,Wine quality (Low),PCA,HDBSCAN,dbcv,Random,42,-0.09291993754568703,0.23408717801666593
A,Wine quality (Low),PCA,HDBSCAN,dbcv,Random,43,-0.011700684393979468,0.23408717801666593
A,Wine quality (Low),PCA,HDBSCAN,dbcv,Random,44,-0.1639066131825137,0.23408717801666593
A,Wine quality (Low),PCA,HDBSCAN,dbcv,Random,45,-1.0,0.23408717801666593
A,Wine quality (Low),PCA,HDBSCAN,dbcv,Random,46,-1.0,0.23408717801666593
A,Wine quality (Low),PCA,HDBSCAN,dbcv,Random,47,-0.23192193538912909,0.23408717801666593
A,Wine quality (Low),PCA,HDBSCAN,dbcv,Random,48,-0.012827387364286527,0.23408717801666593
A,Wine quality (Low),PCA,HDBSCAN,dbcv,Random,49,0.03248125302955478,0.23408717801666593
A,Wine quality (Low),PCA,HDBSCAN,dbcv,Random,50,-0.003998376499629622,0.23408717801666593
A,Wine quality (Low),PCA,HDBSCAN,dbcv,Random,51,-1.0,0.23408717801666593
A,Wine quality (Low),PCA,HDBSCAN,dbcv,Random,52,-1.0,0.23408717801666593
A,Wine quality (Low),PCA,HDBSCAN,dbcv,Random,53,0.1724501499101123,0.23408717801666593
A,Wine quality (Low),PCA,HDBSCAN,dbcv,Random,54,-0.06422549129228923,0.23408717801666593
A,Wine quality (Low),PCA,HDBSCAN,dbcv,Random,55,-0.041316340398914166,0.23408717801666593
A,Wine quality (Low),PCA,HDBSCAN,dbcv,Random,56,-0.22145195825407432,0.23408717801666593
A,Wine quality (Low),PCA,HDBSCAN,dbcv,Random,57,-0.24525117357163034,0.23408717801666593
A,Wine quality (Low),PCA,HDBSCAN,dbcv,Random,58,0.16010543058629445,0.23408717801666593
A,Wine quality (Low),PCA,HDBSCAN,dbcv,Random,59,-1.0,0.23408717801666593
A,Wine quality (Low),PCA,HDBSCAN,dbcv,Random,60,0.16964442063388988,0.23408717801666593
A,Wine quality (Low),PCA,HDBSCAN,dbcv,Random,61,-0.02172939985185527,0.23408717801666593
A,Wine quality (Low),PCA,HDBSCAN,dbcv,Random,62,-1.0,0.23408717801666593
A,Wine quality (Low),PCA,HDBSCAN,dbcv,Random,63,-0.014733338582748801,0.23408717801666593
A,Wine quality (Low),PCA,HDBSCAN,dbcv,Random,64,0.006209501019358157,0.23408717801666593
A,Wine quality (Low),PCA,HDBSCAN,dbcv,Random,65,-1.0,0.23408717801666593
A,Wine quality (Low),PCA,HDBSCAN,dbcv,Random,66,-1.0,0.23408717801666593
A,Wine quality (Low),PCA,HDBSCAN,dbcv,Random,67,-0.34152679678571873,0.23408717801666593
A,Wine quality (Low),PCA,HDBSCAN,dbcv,Random,68,0.058202641683463376,0.23408717801666593
A,Wine quality (Low),PCA,HDBSCAN,dbcv,Random,69,-1.0,0.23408717801666593
A,Wine quality (Low),PCA,HDBSCAN,dbcv,Random,70,-1.0,0.23408717801666593
A,Wine quality (Low),PCA,HDBSCAN,dbcv,Random,71,-1.0,0.23408717801666593
A,Wine quality (Low),PCA,HDBSCAN,dbcv,Random,72,-1.0,0.23408717801666593
A,Wine quality (Low),PCA,HDBSCAN,dbcv,Random,73,-1.0,0.23408717801666593
A,Wine quality (Low),PCA,HDBSCAN,dbcv,Random,74,-0.25887479815770364,0.23408717801666593
A,Wine quality (Low),PCA,HDBSCAN,dbcv,Random,75,-1.0,0.23408717801666593
A,Wine quality (Low),PCA,HDBSCAN,dbcv,Random,76,-1.0,0.23408717801666593
A,Wine quality (Low),PCA,HDBSCAN,dbcv,Random,77,-1.0,0.23408717801666593
A,Wine quality (Low),PCA,HDBSCAN,dbcv,Random,78,-1.0,0.23408717801666593
A,Wine quality (Low),PCA,HDBSCAN,dbcv,Random,79,-0.2715835563760942,0.23408717801666593
A,Wine quality (Low),PCA,HDBSCAN,dbcv,Random,80,-1.0,0.23408717801666593
A,Wine quality (Low),PCA,HDBSCAN,dbcv,Random,81,0.14815280570326647,0.23408717801666593
A,Wine quality (Low),PCA,HDBSCAN,dbcv,Random,82,-1.0,0.23408717801666593
A,Wine quality (Low),PCA,HDBSCAN,dbcv,Random,83,0.024951145176094175,0.23408717801666593
A,Wine quality (Low),PCA,HDBSCAN,dbcv,Random,84,-0.041316340398914166,0.23408717801666593
A,Wine quality (Low),PCA,HDBSCAN,dbcv,Random,85,-1.0,0.23408717801666593
A,Wine quality (Low),PCA,HDBSCAN,dbcv,Random,86,0.20202287370073757,0.23408717801666593
A,Wine quality (Low),PCA,HDBSCAN,dbcv,Random,87,0.09525209727442577,0.23408717801666593
A,Wine quality (Low),PCA,HDBSCAN,dbcv,Random,88,-1.0,0.23408717801666593
A,Wine quality (Low),PCA,HDBSCAN,dbcv,Random,89,-0.005263115920282786,0.23408717801666593
A,Wine quality (Low),PCA,HDBSCAN,dbcv,Random,90,-1.0,0.23408717801666593
A,Wine quality (Low),PCA,HDBSCAN,dbcv,Random,91,-1.0,0.23408717801666593
A,Wine quality (Low),PCA,HDBSCAN,dbcv,Random,92,-1.0,0.23408717801666593
A,Wine quality (Low),PCA,HDBSCAN,dbcv,Random,93,-1.0,0.23408717801666593
A,Wine quality (Low),PCA,HDBSCAN,dbcv,Random,94,0.2353926000233964,0.2353926000233964
A,Wine quality (Low),PCA,HDBSCAN,dbcv,Random,95,-0.22752750348346606,0.2353926000233964
A,Wine quality (Low),PCA,HDBSCAN,dbcv,Random,96,-0.21230437960631826,0.2353926000233964
A,Wine quality (Low),PCA,HDBSCAN,dbcv,Random,97,-0.2508400112942457,0.2353926000233964
A,Wine quality (Low),PCA,HDBSCAN,dbcv,Random,98,-1.0,0.2353926000233964
A,Wine quality (Low),PCA,HDBSCAN,dbcv,Random,99,-0.366473380318615,0.2353926000233964
A,Wine quality (Low),PCA,DBSCAN,dbcv,TPE,0,-1.0,-1.0
A,Wine quality (Low),PCA,DBSCAN,dbcv,TPE,1,-1.0,-1.0
A,Wine quality (Low),PCA,DBSCAN,dbcv,TPE,2,-1.0,-1.0
A,Wine quality (Low),PCA,DBSCAN,dbcv,TPE,3,-1.0,-1.0
A,Wine quality (Low),PCA,DBSCAN,dbcv,TPE,4,-1.0,-1.0
A,Wine quality (Low),PCA,DBSCAN,dbcv,TPE,5,-1.0,-1.0
A,Wine quality (Low),PCA,DBSCAN,dbcv,TPE,6,0.09475771808316083,0.09475771808316083
A,Wine quality (Low),PCA,DBSCAN,dbcv,TPE,7,-1.0,0.09475771808316083
A,Wine quality (Low),PCA,DBSCAN,dbcv,TPE,8,-1.0,0.09475771808316083
A,Wine quality (Low),PCA,DBSCAN,dbcv,TPE,9,0.0943040001271839,0.09475771808316083
A,Wine quality (Low),PCA,DBSCAN,dbcv,TPE,10,-1.0,0.09475771808316083
A,Wine quality (Low),PCA,DBSCAN,dbcv,TPE,11,-0.03930357825035043,0.09475771808316083
A,Wine quality (Low),PCA,DBSCAN,dbcv,TPE,12,-1.0,0.09475771808316083
A,Wine quality (Low),PCA,DBSCAN,dbcv,TPE,13,-1.0,0.09475771808316083
A,Wine quality (Low),PCA,DBSCAN,dbcv,TPE,14,-1.0,0.09475771808316083
A,Wine quality (Low),PCA,DBSCAN,dbcv,TPE,15,-1.0,0.09475771808316083
A,Wine quality (Low),PCA,DBSCAN,dbcv,TPE,16,-1.0,0.09475771808316083
A,Wine quality (Low),PCA,DBSCAN,dbcv,TPE,17,-1.0,0.09475771808316083
A,Wine quality (Low),PCA,DBSCAN,dbcv,TPE,18,-1.0,0.09475771808316083
A,Wine quality (Low),PCA,DBSCAN,dbcv,TPE,19,-1.0,0.09475771808316083
A,Wine quality (Low),PCA,DBSCAN,dbcv,TPE,20,-0.1684575051037344,0.09475771808316083
A,Wine quality (Low),PCA,DBSCAN,dbcv,TPE,21,0.09411997275019961,0.09475771808316083
A,Wine quality (Low),PCA,DBSCAN,dbcv,TPE,22,0.10099705475267927,0.10099705475267927
A,Wine quality (Low),PCA,DBSCAN,dbcv,TPE,23,0.10099705475267927,0.10099705475267927
A,Wine quality (Low),PCA,DBSCAN,dbcv,TPE,24,0.10099705475267927,0.10099705475267927
A,Wine quality (Low),PCA,DBSCAN,dbcv,TPE,25,-1.0,0.10099705475267927
A,Wine quality (Low),PCA,DBSCAN,dbcv,TPE,26,-1.0,0.10099705475267927
A,Wine quality (Low),PCA,DBSCAN,dbcv,TPE,27,-1.0,0.10099705475267927
A,Wine quality (Low),PCA,DBSCAN,dbcv,TPE,28,0.10099705475267927,0.10099705475267927
A,Wine quality (Low),PCA,DBSCAN,dbcv,TPE,29,-1.0,0.10099705475267927
A,Wine quality (Low),PCA,DBSCAN,dbcv,TPE,30,-1.0,0.10099705475267927
A,Wine quality (Low),PCA,DBSCAN,dbcv,TPE,31,-1.0,0.10099705475267927
A,Wine quality (Low),PCA,DBSCAN,dbcv,TPE,32,-1.0,0.10099705475267927
A,Wine quality (Low),PCA,DBSCAN,dbcv,TPE,33,-1.0,0.10099705475267927
A,Wine quality (Low),PCA,DBSCAN,dbcv,TPE,34,-1.0,0.10099705475267927
A,Wine quality (Low),PCA,DBSCAN,dbcv,TPE,35,-1.0,0.10099705475267927
A,Wine quality (Low),PCA,DBSCAN,dbcv,TPE,36,-1.0,0.10099705475267927
A,Wine quality (Low),PCA,DBSCAN,dbcv,TPE,37,-1.0,0.10099705475267927
A,Wine quality (Low),PCA,DBSCAN,dbcv,TPE,38,0.10099705475267927,0.10099705475267927
A,Wine quality (Low),PCA,DBSCAN,dbcv,TPE,39,0.10099705475267927,0.10099705475267927
A,Wine quality (Low),PCA,DBSCAN,dbcv,TPE,40,-1.0,0.10099705475267927
A,Wine quality (Low),PCA,DBSCAN,dbcv,TPE,41,0.10099705475267927,0.10099705475267927
A,Wine quality (Low),PCA,DBSCAN,dbcv,TPE,42,0.05909939428383274,0.10099705475267927
A,Wine quality (Low),PCA,DBSCAN,dbcv,TPE,43,-1.0,0.10099705475267927
A,Wine quality (Low),PCA,DBSCAN,dbcv,TPE,44,-1.0,0.10099705475267927
A,Wine quality (Low),PCA,DBSCAN,dbcv,TPE,45,-1.0,0.10099705475267927
A,Wine quality (Low),PCA,DBSCAN,dbcv,TPE,46,0.09952985615308113,0.10099705475267927
A,Wine quality (Low),PCA,DBSCAN,dbcv,TPE,47,-0.021715628448812634,0.10099705475267927
A,Wine quality (Low),PCA,DBSCAN,dbcv,TPE,48,-1.0,0.10099705475267927
A,Wine quality (Low),PCA,DBSCAN,dbcv,TPE,49,-1.0,0.10099705475267927
A,Wine quality (Low),PCA,DBSCAN,dbcv,TPE,50,-1.0,0.10099705475267927
A,Wine quality (Low),PCA,DBSCAN,dbcv,TPE,51,0.10099705475267927,0.10099705475267927
A,Wine quality (Low),PCA,DBSCAN,dbcv,TPE,52,0.10099705475267927,0.10099705475267927
A,Wine quality (Low),PCA,DBSCAN,dbcv,TPE,53,0.055521996515919395,0.10099705475267927
A,Wine quality (Low),PCA,DBSCAN,dbcv,TPE,54,-1.0,0.10099705475267927
A,Wine quality (Low),PCA,DBSCAN,dbcv,TPE,55,0.058429017566687565,0.10099705475267927
A,Wine quality (Low),PCA,DBSCAN,dbcv,TPE,56,-1.0,0.10099705475267927
A,Wine quality (Low),PCA,DBSCAN,dbcv,TPE,57,-1.0,0.10099705475267927
A,Wine quality (Low),PCA,DBSCAN,dbcv,TPE,58,0.05939044048735512,0.10099705475267927
A,Wine quality (Low),PCA,DBSCAN,dbcv,TPE,59,-1.0,0.10099705475267927
A,Wine quality (Low),PCA,DBSCAN,dbcv,TPE,60,0.05886998804713061,0.10099705475267927
A,Wine quality (Low),PCA,DBSCAN,dbcv,TPE,61,0.10099705475267927,0.10099705475267927
A,Wine quality (Low),PCA,DBSCAN,dbcv,TPE,62,0.10059768158384383,0.10099705475267927
A,Wine quality (Low),PCA,DBSCAN,dbcv,TPE,63,0.10059768158384383,0.10099705475267927
A,Wine quality (Low),PCA,DBSCAN,dbcv,TPE,64,0.05546058289289095,0.10099705475267927
A,Wine quality (Low),PCA,DBSCAN,dbcv,TPE,65,-1.0,0.10099705475267927
A,Wine quality (Low),PCA,DBSCAN,dbcv,TPE,66,-1.0,0.10099705475267927
A,Wine quality (Low),PCA,DBSCAN,dbcv,TPE,67,-1.0,0.10099705475267927
A,Wine quality (Low),PCA,DBSCAN,dbcv,TPE,68,-0.038251425895412104,0.10099705475267927
A,Wine quality (Low),PCA,DBSCAN,dbcv,TPE,69,-1.0,0.10099705475267927
A,Wine quality (Low),PCA,DBSCAN,dbcv,TPE,70,-1.0,0.10099705475267927
A,Wine quality (Low),PCA,DBSCAN,dbcv,TPE,71,0.10099705475267927,0.10099705475267927
A,Wine quality (Low),PCA,DBSCAN,dbcv,TPE,72,0.10056285327248983,0.10099705475267927
A,Wine quality (Low),PCA,DBSCAN,dbcv,TPE,73,0.055752899786497986,0.10099705475267927
A,Wine quality (Low),PCA,DBSCAN,dbcv,TPE,74,-0.038251425895412104,0.10099705475267927
A,Wine quality (Low),PCA,DBSCAN,dbcv,TPE,75,0.10099705475267927,0.10099705475267927
A,Wine quality (Low),PCA,DBSCAN,dbcv,TPE,76,-1.0,0.10099705475267927
A,Wine quality (Low),PCA,DBSCAN,dbcv,TPE,77,0.10039131891984462,0.10099705475267927
A,Wine quality (Low),PCA,DBSCAN,dbcv,TPE,78,-1.0,0.10099705475267927
A,Wine quality (Low),PCA,DBSCAN,dbcv,TPE,79,-1.0,0.10099705475267927
A,Wine quality (Low),PCA,DBSCAN,dbcv,TPE,80,-0.11955281162204323,0.10099705475267927
A,Wine quality (Low),PCA,DBSCAN,dbcv,TPE,81,0.10099705475267927,0.10099705475267927
A,Wine quality (Low),PCA,DBSCAN,dbcv,TPE,82,0.10099705475267927,0.10099705475267927
A,Wine quality (Low),PCA,DBSCAN,dbcv,TPE,83,-1.0,0.10099705475267927
A,Wine quality (Low),PCA,DBSCAN,dbcv,TPE,84,-1.0,0.10099705475267927
A,Wine quality (Low),PCA,DBSCAN,dbcv,TPE,85,-0.038514423956131486,0.10099705475267927
A,Wine quality (Low),PCA,DBSCAN,dbcv,TPE,86,0.05927534714385037,0.10099705475267927
A,Wine quality (Low),PCA,DBSCAN,dbcv,TPE,87,0.05909939428383274,0.10099705475267927
A,Wine quality (Low),PCA,DBSCAN,dbcv,TPE,88,-1.0,0.10099705475267927
A,Wine quality (Low),PCA,DBSCAN,dbcv,TPE,89,-1.0,0.10099705475267927
A,Wine quality (Low),PCA,DBSCAN,dbcv,TPE,90,-1.0,0.10099705475267927
A,Wine quality (Low),PCA,DBSCAN,dbcv,TPE,91,-1.0,0.10099705475267927
A,Wine quality (Low),PCA,DBSCAN,dbcv,TPE,92,0.10099705475267927,0.10099705475267927
A,Wine quality (Low),PCA,DBSCAN,dbcv,TPE,93,-1.0,0.10099705475267927
A,Wine quality (Low),PCA,DBSCAN,dbcv,TPE,94,0.10099705475267927,0.10099705475267927
A,Wine quality (Low),PCA,DBSCAN,dbcv,TPE,95,-0.039564603084002115,0.10099705475267927
A,Wine quality (Low),PCA,DBSCAN,dbcv,TPE,96,-1.0,0.10099705475267927
A,Wine quality (Low),PCA,DBSCAN,dbcv,TPE,97,-1.0,0.10099705475267927
A,Wine quality (Low),PCA,DBSCAN,dbcv,TPE,98,-1.0,0.10099705475267927
A,Wine quality (Low),PCA,DBSCAN,dbcv,TPE,99,0.006457034040965322,0.10099705475267927
A,Wine quality (Low),PCA,DBSCAN,dbcv,Random,0,-1.0,-1.0
A,Wine quality (Low),PCA,DBSCAN,dbcv,Random,1,-1.0,-1.0
A,Wine quality (Low),PCA,DBSCAN,dbcv,Random,2,-1.0,-1.0
A,Wine quality (Low),PCA,DBSCAN,dbcv,Random,3,-1.0,-1.0
A,Wine quality (Low),PCA,DBSCAN,dbcv,Random,4,-1.0,-1.0
A,Wine quality (Low),PCA,DBSCAN,dbcv,Random,5,-1.0,-1.0
A,Wine quality (Low),PCA,DBSCAN,dbcv,Random,6,0.09475771808316083,0.09475771808316083
A,Wine quality (Low),PCA,DBSCAN,dbcv,Random,7,-1.0,0.09475771808316083
A,Wine quality (Low),PCA,DBSCAN,dbcv,Random,8,-1.0,0.09475771808316083
A,Wine quality (Low),PCA,DBSCAN,dbcv,Random,9,0.0943040001271839,0.09475771808316083
A,Wine quality (Low),PCA,DBSCAN,dbcv,Random,10,-1.0,0.09475771808316083
A,Wine quality (Low),PCA,DBSCAN,dbcv,Random,11,-1.0,0.09475771808316083
A,Wine quality (Low),PCA,DBSCAN,dbcv,Random,12,-1.0,0.09475771808316083
A,Wine quality (Low),PCA,DBSCAN,dbcv,Random,13,-1.0,0.09475771808316083
A,Wine quality (Low),PCA,DBSCAN,dbcv,Random,14,-1.0,0.09475771808316083
A,Wine quality (Low),PCA,DBSCAN,dbcv,Random,15,0.09939329437182032,0.09939329437182032
A,Wine quality (Low),PCA,DBSCAN,dbcv,Random,16,-1.0,0.09939329437182032
A,Wine quality (Low),PCA,DBSCAN,dbcv,Random,17,-1.0,0.09939329437182032
A,Wine quality (Low),PCA,DBSCAN,dbcv,Random,18,-1.0,0.09939329437182032
A,Wine quality (Low),PCA,DBSCAN,dbcv,Random,19,-1.0,0.09939329437182032
A,Wine quality (Low),PCA,DBSCAN,dbcv,Random,20,-0.037094518021744585,0.09939329437182032
A,Wine quality (Low),PCA,DBSCAN,dbcv,Random,21,-0.39446214416872516,0.09939329437182032
A,Wine quality (Low),PCA,DBSCAN,dbcv,Random,22,-1.0,0.09939329437182032
A,Wine quality (Low),PCA,DBSCAN,dbcv,Random,23,-1.0,0.09939329437182032
A,Wine quality (Low),PCA,DBSCAN,dbcv,Random,24,-1.0,0.09939329437182032
A,Wine quality (Low),PCA,DBSCAN,dbcv,Random,25,-1.0,0.09939329437182032
A,Wine quality (Low),PCA,DBSCAN,dbcv,Random,26,-1.0,0.09939329437182032
A,Wine quality (Low),PCA,DBSCAN,dbcv,Random,27,-0.22858901692788003,0.09939329437182032
A,Wine quality (Low),PCA,DBSCAN,dbcv,Random,28,-0.40709139718853515,0.09939329437182032
A,Wine quality (Low),PCA,DBSCAN,dbcv,Random,29,-1.0,0.09939329437182032
A,Wine quality (Low),PCA,DBSCAN,dbcv,Random,30,-1.0,0.09939329437182032
A,Wine quality (Low),PCA,DBSCAN,dbcv,Random,31,-1.0,0.09939329437182032
A,Wine quality (Low),PCA,DBSCAN,dbcv,Random,32,0.10377577472362128,0.10377577472362128
A,Wine quality (Low),PCA,DBSCAN,dbcv,Random,33,-1.0,0.10377577472362128
A,Wine quality (Low),PCA,DBSCAN,dbcv,Random,34,-1.0,0.10377577472362128
A,Wine quality (Low),PCA,DBSCAN,dbcv,Random,35,-1.0,0.10377577472362128
A,Wine quality (Low),PCA,DBSCAN,dbcv,Random,36,-1.0,0.10377577472362128
A,Wine quality (Low),PCA,DBSCAN,dbcv,Random,37,-1.0,0.10377577472362128
A,Wine quality (Low),PCA,DBSCAN,dbcv,Random,38,-1.0,0.10377577472362128
A,Wine quality (Low),PCA,DBSCAN,dbcv,Random,39,-1.0,0.10377577472362128
A,Wine quality (Low),PCA,DBSCAN,dbcv,Random,40,-1.0,0.10377577472362128
A,Wine quality (Low),PCA,DBSCAN,dbcv,Random,41,-1.0,0.10377577472362128
A,Wine quality (Low),PCA,DBSCAN,dbcv,Random,42,-1.0,0.10377577472362128
A,Wine quality (Low),PCA,DBSCAN,dbcv,Random,43,-1.0,0.10377577472362128
A,Wine quality (Low),PCA,DBSCAN,dbcv,Random,44,-1.0,0.10377577472362128
A,Wine quality (Low),PCA,DBSCAN,dbcv,Random,45,-1.0,0.10377577472362128
A,Wine quality (Low),PCA,DBSCAN,dbcv,Random,46,-1.0,0.10377577472362128
A,Wine quality (Low),PCA,DBSCAN,dbcv,Random,47,-1.0,0.10377577472362128
A,Wine quality (Low),PCA,DBSCAN,dbcv,Random,48,-1.0,0.10377577472362128
A,Wine quality (Low),PCA,DBSCAN,dbcv,Random,49,-1.0,0.10377577472362128
A,Wine quality (Low),PCA,DBSCAN,dbcv,Random,50,-1.0,0.10377577472362128
A,Wine quality (Low),PCA,DBSCAN,dbcv,Random,51,-1.0,0.10377577472362128
A,Wine quality (Low),PCA,DBSCAN,dbcv,Random,52,-1.0,0.10377577472362128
A,Wine quality (Low),PCA,DBSCAN,dbcv,Random,53,0.09070124118773334,0.10377577472362128
A,Wine quality (Low),PCA,DBSCAN,dbcv,Random,54,0.10092739414400338,0.10377577472362128
A,Wine quality (Low),PCA,DBSCAN,dbcv,Random,55,0.024461907753756944,0.10377577472362128
A,Wine quality (Low),PCA,DBSCAN,dbcv,Random,56,-1.0,0.10377577472362128
A,Wine quality (Low),PCA,DBSCAN,dbcv,Random,57,-1.0,0.10377577472362128
A,Wine quality (Low),PCA,DBSCAN,dbcv,Random,58,-1.0,0.10377577472362128
A,Wine quality (Low),PCA,DBSCAN,dbcv,Random,59,-1.0,0.10377577472362128
A,Wine quality (Low),PCA,DBSCAN,dbcv,Random,60,-1.0,0.10377577472362128
A,Wine quality (Low),PCA,DBSCAN,dbcv,Random,61,-1.0,0.10377577472362128
A,Wine quality (Low),PCA,DBSCAN,dbcv,Random,62,-1.0,0.10377577472362128
A,Wine quality (Low),PCA,DBSCAN,dbcv,Random,63,-1.0,0.10377577472362128
A,Wine quality (Low),PCA,DBSCAN,dbcv,Random,64,-1.0,0.10377577472362128
A,Wine quality (Low),PCA,DBSCAN,dbcv,Random,65,-1.0,0.10377577472362128
A,Wine quality (Low),PCA,DBSCAN,dbcv,Random,66,-1.0,0.10377577472362128
A,Wine quality (Low),PCA,DBSCAN,dbcv,Random,67,-1.0,0.10377577472362128
A,Wine quality (Low),PCA,DBSCAN,dbcv,Random,68,-1.0,0.10377577472362128
A,Wine quality (Low),PCA,DBSCAN,dbcv,Random,69,-1.0,0.10377577472362128
A,Wine quality (Low),PCA,DBSCAN,dbcv,Random,70,-1.0,0.10377577472362128
A,Wine quality (Low),PCA,DBSCAN,dbcv,Random,71,-1.0,0.10377577472362128
A,Wine quality (Low),PCA,DBSCAN,dbcv,Random,72,-1.0,0.10377577472362128
A,Wine quality (Low),PCA,DBSCAN,dbcv,Random,73,-1.0,0.10377577472362128
A,Wine quality (Low),PCA,DBSCAN,dbcv,Random,74,-1.0,0.10377577472362128
A,Wine quality (Low),PCA,DBSCAN,dbcv,Random,75,-1.0,0.10377577472362128
A,Wine quality (Low),PCA,DBSCAN,dbcv,Random,76,-1.0,0.10377577472362128
A,Wine quality (Low),PCA,DBSCAN,dbcv,Random,77,-1.0,0.10377577472362128
A,Wine quality (Low),PCA,DBSCAN,dbcv,Random,78,-1.0,0.10377577472362128
A,Wine quality (Low),PCA,DBSCAN,dbcv,Random,79,-1.0,0.10377577472362128
A,Wine quality (Low),PCA,DBSCAN,dbcv,Random,80,-1.0,0.10377577472362128
A,Wine quality (Low),PCA,DBSCAN,dbcv,Random,81,-1.0,0.10377577472362128
A,Wine quality (Low),PCA,DBSCAN,dbcv,Random,82,-1.0,0.10377577472362128
A,Wine quality (Low),PCA,DBSCAN,dbcv,Random,83,-1.0,0.10377577472362128
A,Wine quality (Low),PCA,DBSCAN,dbcv,Random,84,0.018614132456023058,0.10377577472362128
A,Wine quality (Low),PCA,DBSCAN,dbcv,Random,85,-1.0,0.10377577472362128
A,Wine quality (Low),PCA,DBSCAN,dbcv,Random,86,-1.0,0.10377577472362128
A,Wine quality (Low),PCA,DBSCAN,dbcv,Random,87,-1.0,0.10377577472362128
A,Wine quality (Low),PCA,DBSCAN,dbcv,Random,88,-1.0,0.10377577472362128
A,Wine quality (Low),PCA,DBSCAN,dbcv,Random,89,-0.018414792576832924,0.10377577472362128
A,Wine quality (Low),PCA,DBSCAN,dbcv,Random,90,-1.0,0.10377577472362128
A,Wine quality (Low),PCA,DBSCAN,dbcv,Random,91,-1.0,0.10377577472362128
A,Wine quality (Low),PCA,DBSCAN,dbcv,Random,92,-1.0,0.10377577472362128
A,Wine quality (Low),PCA,DBSCAN,dbcv,Random,93,-1.0,0.10377577472362128
A,Wine quality (Low),PCA,DBSCAN,dbcv,Random,94,-1.0,0.10377577472362128
A,Wine quality (Low),PCA,DBSCAN,dbcv,Random,95,-1.0,0.10377577472362128
A,Wine quality (Low),PCA,DBSCAN,dbcv,Random,96,-1.0,0.10377577472362128
A,Wine quality (Low),PCA,DBSCAN,dbcv,Random,97,-1.0,0.10377577472362128
A,Wine quality (Low),PCA,DBSCAN,dbcv,Random,98,-1.0,0.10377577472362128
A,Wine quality (Low),PCA,DBSCAN,dbcv,Random,99,-1.0,0.10377577472362128
A,Wine quality (Low),PCA,KMeans,dbcv,TPE,0,-0.35288681228269897,-0.35288681228269897
A,Wine quality (Low),PCA,KMeans,dbcv,TPE,1,-0.46199798340087883,-0.35288681228269897
A,Wine quality (Low),PCA,KMeans,dbcv,TPE,2,-0.4648471252254924,-0.35288681228269897
A,Wine quality (Low),PCA,KMeans,dbcv,TPE,3,-0.462378906469676,-0.35288681228269897
A,Wine quality (Low),PCA,KMeans,dbcv,TPE,4,-0.3637722454986901,-0.35288681228269897
A,Wine quality (Low),PCA,KMeans,dbcv,TPE,5,-0.43032042302755064,-0.35288681228269897
A,Wine quality (Low),PCA,KMeans,dbcv,TPE,6,-0.4456392719362555,-0.35288681228269897
A,Wine quality (Low),PCA,KMeans,dbcv,TPE,7,-0.4648471252254924,-0.35288681228269897
A,Wine quality (Low),PCA,KMeans,dbcv,TPE,8,-0.40882933545864614,-0.35288681228269897
A,Wine quality (Low),PCA,KMeans,dbcv,TPE,9,-0.502969784030639,-0.35288681228269897
A,Wine quality (Low),PCA,KMeans,dbcv,TPE,10,-0.47757992203009025,-0.35288681228269897
A,Wine quality (Low),PCA,KMeans,dbcv,TPE,11,-0.3681139116903973,-0.35288681228269897
A,Wine quality (Low),PCA,KMeans,dbcv,TPE,12,-0.36386497628194553,-0.35288681228269897
A,Wine quality (Low),PCA,KMeans,dbcv,TPE,13,-0.4774424400314125,-0.35288681228269897
A,Wine quality (Low),PCA,KMeans,dbcv,TPE,14,-0.3731635620943762,-0.35288681228269897
A,Wine quality (Low),PCA,KMeans,dbcv,TPE,15,-0.35288681228269897,-0.35288681228269897
A,Wine quality (Low),PCA,KMeans,dbcv,TPE,16,-0.41793142829594515,-0.35288681228269897
A,Wine quality (Low),PCA,KMeans,dbcv,TPE,17,-0.35288681228269897,-0.35288681228269897
A,Wine quality (Low),PCA,KMeans,dbcv,TPE,18,-0.36338276694594224,-0.35288681228269897
A,Wine quality (Low),PCA,KMeans,dbcv,TPE,19,-0.4266380172755776,-0.35288681228269897
A,Wine quality (Low),PCA,KMeans,dbcv,TPE,20,-0.48924768433585547,-0.35288681228269897
A,Wine quality (Low),PCA,KMeans,dbcv,TPE,21,-0.35288681228269897,-0.35288681228269897
A,Wine quality (Low),PCA,KMeans,dbcv,TPE,22,-0.4266380172755776,-0.35288681228269897
A,Wine quality (Low),PCA,KMeans,dbcv,TPE,23,-0.4774424400314125,-0.35288681228269897
A,Wine quality (Low),PCA,KMeans,dbcv,TPE,24,-0.4025626995817343,-0.35288681228269897
A,Wine quality (Low),PCA,KMeans,dbcv,TPE,25,-0.4404123712647168,-0.35288681228269897
A,Wine quality (Low),PCA,KMeans,dbcv,TPE,26,-0.3986946180940796,-0.35288681228269897
A,Wine quality (Low),PCA,KMeans,dbcv,TPE,27,-0.41793142829594515,-0.35288681228269897
A,Wine quality (Low),PCA,KMeans,dbcv,TPE,28,-0.4774424400314125,-0.35288681228269897
A,Wine quality (Low),PCA,KMeans,dbcv,TPE,29,-0.45393306503302927,-0.35288681228269897
A,Wine quality (Low),PCA,KMeans,dbcv,TPE,30,-0.4169806968643756,-0.35288681228269897
A,Wine quality (Low),PCA,KMeans,dbcv,TPE,31,-0.35288681228269897,-0.35288681228269897
A,Wine quality (Low),PCA,KMeans,dbcv,TPE,32,-0.4266380172755776,-0.35288681228269897
A,Wine quality (Low),PCA,KMeans,dbcv,TPE,33,-0.3391111738820441,-0.3391111738820441
A,Wine quality (Low),PCA,KMeans,dbcv,TPE,34,-0.38193306056129306,-0.3391111738820441
A,Wine quality (Low),PCA,KMeans,dbcv,TPE,35,-0.42487065747086283,-0.3391111738820441
A,Wine quality (Low),PCA,KMeans,dbcv,TPE,36,-0.4342004389934092,-0.3391111738820441
A,Wine quality (Low),PCA,KMeans,dbcv,TPE,37,-0.38193306056129306,-0.3391111738820441
A,Wine quality (Low),PCA,KMeans,dbcv,TPE,38,-0.4382654860404154,-0.3391111738820441
A,Wine quality (Low),PCA,KMeans,dbcv,TPE,39,-0.35288681228269897,-0.3391111738820441
A,Wine quality (Low),PCA,KMeans,dbcv,TPE,40,-0.3654757061114598,-0.3391111738820441
A,Wine quality (Low),PCA,KMeans,dbcv,TPE,41,-0.35288681228269897,-0.3391111738820441
A,Wine quality (Low),PCA,KMeans,dbcv,TPE,42,-0.41793142829594515,-0.3391111738820441
A,Wine quality (Low),PCA,KMeans,dbcv,TPE,43,-0.36338276694594224,-0.3391111738820441
A,Wine quality (Low),PCA,KMeans,dbcv,TPE,44,-0.3776445192063121,-0.3391111738820441
A,Wine quality (Low),PCA,KMeans,dbcv,TPE,45,-0.4342004389934092,-0.3391111738820441
A,Wine quality (Low),PCA,KMeans,dbcv,TPE,46,-0.3776445192063121,-0.3391111738820441
A,Wine quality (Low),PCA,KMeans,dbcv,TPE,47,-0.36338276694594224,-0.3391111738820441
A,Wine quality (Low),PCA,KMeans,dbcv,TPE,48,-0.41793142829594515,-0.3391111738820441
A,Wine quality (Low),PCA,KMeans,dbcv,TPE,49,-0.38855590401259527,-0.3391111738820441
A,Wine quality (Low),PCA,KMeans,dbcv,TPE,50,-0.42875956800331927,-0.3391111738820441
A,Wine quality (Low),PCA,KMeans,dbcv,TPE,51,-0.35288681228269897,-0.3391111738820441
A,Wine quality (Low),PCA,KMeans,dbcv,TPE,52,-0.35288681228269897,-0.3391111738820441
A,Wine quality (Low),PCA,KMeans,dbcv,TPE,53,-0.38193306056129306,-0.3391111738820441
A,Wine quality (Low),PCA,KMeans,dbcv,TPE,54,-0.41793142829594515,-0.3391111738820441
A,Wine quality (Low),PCA,KMeans,dbcv,TPE,55,-0.3776445192063121,-0.3391111738820441
A,Wine quality (Low),PCA,KMeans,dbcv,TPE,56,-0.36338276694594224,-0.3391111738820441
A,Wine quality (Low),PCA,KMeans,dbcv,TPE,57,-0.538288767156906,-0.3391111738820441
A,Wine quality (Low),PCA,KMeans,dbcv,TPE,58,-0.4404123712647168,-0.3391111738820441
A,Wine quality (Low),PCA,KMeans,dbcv,TPE,59,-0.35288681228269897,-0.3391111738820441
A,Wine quality (Low),PCA,KMeans,dbcv,TPE,60,-0.33165337384696675,-0.33165337384696675
A,Wine quality (Low),PCA,KMeans,dbcv,TPE,61,-0.41017148773587175,-0.33165337384696675
A,Wine quality (Low),PCA,KMeans,dbcv,TPE,62,-0.32697878551434345,-0.32697878551434345
A,Wine quality (Low),PCA,KMeans,dbcv,TPE,63,-0.38321660513694084,-0.32697878551434345
A,Wine quality (Low),PCA,KMeans,dbcv,TPE,64,-0.4169806968643756,-0.32697878551434345
A,Wine quality (Low),PCA,KMeans,dbcv,TPE,65,-0.36386497628194553,-0.32697878551434345
A,Wine quality (Low),PCA,KMeans,dbcv,TPE,66,-0.3878476284497286,-0.32697878551434345
A,Wine quality (Low),PCA,KMeans,dbcv,TPE,67,-0.3825116724461926,-0.32697878551434345
A,Wine quality (Low),PCA,KMeans,dbcv,TPE,68,-0.3654757061114598,-0.32697878551434345
A,Wine quality (Low),PCA,KMeans,dbcv,TPE,69,-0.32697878551434345,-0.32697878551434345
A,Wine quality (Low),PCA,KMeans,dbcv,TPE,70,-0.48641601972595777,-0.32697878551434345
A,Wine quality (Low),PCA,KMeans,dbcv,TPE,71,-0.32697878551434345,-0.32697878551434345
A,Wine quality (Low),PCA,KMeans,dbcv,TPE,72,-0.32697878551434345,-0.32697878551434345
A,Wine quality (Low),PCA,KMeans,dbcv,TPE,73,-0.32697878551434345,-0.32697878551434345
A,Wine quality (Low),PCA,KMeans,dbcv,TPE,74,-0.38321660513694084,-0.32697878551434345
A,Wine quality (Low),PCA,KMeans,dbcv,TPE,75,-0.37372750139623995,-0.32697878551434345
A,Wine quality (Low),PCA,KMeans,dbcv,TPE,76,-0.38321660513694084,-0.32697878551434345
A,Wine quality (Low),PCA,KMeans,dbcv,TPE,77,-0.37372750139623995,-0.32697878551434345
A,Wine quality (Low),PCA,KMeans,dbcv,TPE,78,-0.32697878551434345,-0.32697878551434345
A,Wine quality (Low),PCA,KMeans,dbcv,TPE,79,-0.32697878551434345,-0.32697878551434345
A,Wine quality (Low),PCA,KMeans,dbcv,TPE,80,-0.38321660513694084,-0.32697878551434345
A,Wine quality (Low),PCA,KMeans,dbcv,TPE,81,-0.32697878551434345,-0.32697878551434345
A,Wine quality (Low),PCA,KMeans,dbcv,TPE,82,-0.32697878551434345,-0.32697878551434345
A,Wine quality (Low),PCA,KMeans,dbcv,TPE,83,-0.32697878551434345,-0.32697878551434345
A,Wine quality (Low),PCA,KMeans,dbcv,TPE,84,-0.4025626995817343,-0.32697878551434345
A,Wine quality (Low),PCA,KMeans,dbcv,TPE,85,-0.37372750139623995,-0.32697878551434345
A,Wine quality (Low),PCA,KMeans,dbcv,TPE,86,-0.38321660513694084,-0.32697878551434345
A,Wine quality (Low),PCA,KMeans,dbcv,TPE,87,-0.4025626995817343,-0.32697878551434345
A,Wine quality (Low),PCA,KMeans,dbcv,TPE,88,-0.37372750139623995,-0.32697878551434345
A,Wine quality (Low),PCA,KMeans,dbcv,TPE,89,-0.38321660513694084,-0.32697878551434345
A,Wine quality (Low),PCA,KMeans,dbcv,TPE,90,-0.32697878551434345,-0.32697878551434345
A,Wine quality (Low),PCA,KMeans,dbcv,TPE,91,-0.32697878551434345,-0.32697878551434345
A,Wine quality (Low),PCA,KMeans,dbcv,TPE,92,-0.4025626995817343,-0.32697878551434345
A,Wine quality (Low),PCA,KMeans,dbcv,TPE,93,-0.40170127127614097,-0.32697878551434345
A,Wine quality (Low),PCA,KMeans,dbcv,TPE,94,-0.32697878551434345,-0.32697878551434345
A,Wine quality (Low),PCA,KMeans,dbcv,TPE,95,-0.3654757061114598,-0.32697878551434345
A,Wine quality (Low),PCA,KMeans,dbcv,TPE,96,-0.37372750139623995,-0.32697878551434345
A,Wine quality (Low),PCA,KMeans,dbcv,TPE,97,-0.32697878551434345,-0.32697878551434345
A,Wine quality (Low),PCA,KMeans,dbcv,TPE,98,-0.38321660513694084,-0.32697878551434345
A,Wine quality (Low),PCA,KMeans,dbcv,TPE,99,-0.4025626995817343,-0.32697878551434345
A,Wine quality (Low),PCA,KMeans,dbcv,Random,0,-0.35288681228269897,-0.35288681228269897
A,Wine quality (Low),PCA,KMeans,dbcv,Random,1,-0.46199798340087883,-0.35288681228269897
A,Wine quality (Low),PCA,KMeans,dbcv,Random,2,-0.4648471252254924,-0.35288681228269897
A,Wine quality (Low),PCA,KMeans,dbcv,Random,3,-0.462378906469676,-0.35288681228269897
A,Wine quality (Low),PCA,KMeans,dbcv,Random,4,-0.3637722454986901,-0.35288681228269897
A,Wine quality (Low),PCA,KMeans,dbcv,Random,5,-0.43032042302755064,-0.35288681228269897
A,Wine quality (Low),PCA,KMeans,dbcv,Random,6,-0.4456392719362555,-0.35288681228269897
A,Wine quality (Low),PCA,KMeans,dbcv,Random,7,-0.4648471252254924,-0.35288681228269897
A,Wine quality (Low),PCA,KMeans,dbcv,Random,8,-0.40882933545864614,-0.35288681228269897
A,Wine quality (Low),PCA,KMeans,dbcv,Random,9,-0.502969784030639,-0.35288681228269897
A,Wine quality (Low),PCA,KMeans,dbcv,Random,10,-0.48641601972595777,-0.35288681228269897
A,Wine quality (Low),PCA,KMeans,dbcv,Random,11,-0.5450358904211233,-0.35288681228269897
A,Wine quality (Low),PCA,KMeans,dbcv,Random,12,-0.3986946180940796,-0.35288681228269897
A,Wine quality (Low),PCA,KMeans,dbcv,Random,13,-0.4475953418144575,-0.35288681228269897
A,Wine quality (Low),PCA,KMeans,dbcv,Random,14,-0.48924768433585547,-0.35288681228269897
A,Wine quality (Low),PCA,KMeans,dbcv,Random,15,-0.4304359628667006,-0.35288681228269897
A,Wine quality (Low),PCA,KMeans,dbcv,Random,16,-0.43032042302755064,-0.35288681228269897
A,Wine quality (Low),PCA,KMeans,dbcv,Random,17,-0.41606988220185015,-0.35288681228269897
A,Wine quality (Low),PCA,KMeans,dbcv,Random,18,-0.5341769760476975,-0.35288681228269897
A,Wine quality (Low),PCA,KMeans,dbcv,Random,19,-0.4148844343245075,-0.35288681228269897
A,Wine quality (Low),PCA,KMeans,dbcv,Random,20,-0.44994757432929267,-0.35288681228269897
A,Wine quality (Low),PCA,KMeans,dbcv,Random,21,-0.462378906469676,-0.35288681228269897
A,Wine quality (Low),PCA,KMeans,dbcv,Random,22,-0.47670750203327217,-0.35288681228269897
A,Wine quality (Low),PCA,KMeans,dbcv,Random,23,-0.40882933545864614,-0.35288681228269897
A,Wine quality (Low),PCA,KMeans,dbcv,Random,24,-0.46484805005161367,-0.35288681228269897
A,Wine quality (Low),PCA,KMeans,dbcv,Random,25,-0.38855590401259527,-0.35288681228269897
A,Wine quality (Low),PCA,KMeans,dbcv,Random,26,-0.3638706145989918,-0.35288681228269897
A,Wine quality (Low),PCA,KMeans,dbcv,Random,27,-0.3654757061114598,-0.35288681228269897
A,Wine quality (Low),PCA,KMeans,dbcv,Random,28,-0.4832382513027327,-0.35288681228269897
A,Wine quality (Low),PCA,KMeans,dbcv,Random,29,-0.5405119983027347,-0.35288681228269897
A,Wine quality (Low),PCA,KMeans,dbcv,Random,30,-0.5253200046615928,-0.35288681228269897
A,Wine quality (Low),PCA,KMeans,dbcv,Random,31,-0.43090467077218403,-0.35288681228269897
A,Wine quality (Low),PCA,KMeans,dbcv,Random,32,-0.4982536984102098,-0.35288681228269897
A,Wine quality (Low),PCA,KMeans,dbcv,Random,33,-0.41650896910694396,-0.35288681228269897
A,Wine quality (Low),PCA,KMeans,dbcv,Random,34,-0.43032042302755064,-0.35288681228269897
A,Wine quality (Low),PCA,KMeans,dbcv,Random,35,-0.5571972625529048,-0.35288681228269897
A,Wine quality (Low),PCA,KMeans,dbcv,Random,36,-0.4533594072855172,-0.35288681228269897
A,Wine quality (Low),PCA,KMeans,dbcv,Random,37,-0.38035065121476624,-0.35288681228269897
A,Wine quality (Low),PCA,KMeans,dbcv,Random,38,-0.5578664635576072,-0.35288681228269897
A,Wine quality (Low),PCA,KMeans,dbcv,Random,39,-0.5341769760476975,-0.35288681228269897
A,Wine quality (Low),PCA,KMeans,dbcv,Random,40,-0.4421236367123232,-0.35288681228269897
A,Wine quality (Low),PCA,KMeans,dbcv,Random,41,-0.6709514272461785,-0.35288681228269897
A,Wine quality (Low),PCA,KMeans,dbcv,Random,42,-0.4729127494736801,-0.35288681228269897
A,Wine quality (Low),PCA,KMeans,dbcv,Random,43,-0.46199798340087883,-0.35288681228269897
A,Wine quality (Low),PCA,KMeans,dbcv,Random,44,-0.5160156906348742,-0.35288681228269897
A,Wine quality (Low),PCA,KMeans,dbcv,Random,45,-0.41311428277100387,-0.35288681228269897
A,Wine quality (Low),PCA,KMeans,dbcv,Random,46,-0.4342069848353404,-0.35288681228269897
A,Wine quality (Low),PCA,KMeans,dbcv,Random,47,-0.47847333417133814,-0.35288681228269897
A,Wine quality (Low),PCA,KMeans,dbcv,Random,48,-0.4933482902064393,-0.35288681228269897
A,Wine quality (Low),PCA,KMeans,dbcv,Random,49,-0.5616691663076966,-0.35288681228269897
A,Wine quality (Low),PCA,KMeans,dbcv,Random,50,-0.4931714030999054,-0.35288681228269897
A,Wine quality (Low),PCA,KMeans,dbcv,Random,51,-0.40882933545864614,-0.35288681228269897
A,Wine quality (Low),PCA,KMeans,dbcv,Random,52,-0.41679630026395126,-0.35288681228269897
A,Wine quality (Low),PCA,KMeans,dbcv,Random,53,-0.3986946180940796,-0.35288681228269897
A,Wine quality (Low),PCA,KMeans,dbcv,Random,54,-0.5341769760476975,-0.35288681228269897
A,Wine quality (Low),PCA,KMeans,dbcv,Random,55,-0.4435098330208221,-0.35288681228269897
A,Wine quality (Low),PCA,KMeans,dbcv,Random,56,-0.41606988220185015,-0.35288681228269897
A,Wine quality (Low),PCA,KMeans,dbcv,Random,57,-0.38321660513694084,-0.35288681228269897
A,Wine quality (Low),PCA,KMeans,dbcv,Random,58,-0.4456392719362555,-0.35288681228269897
A,Wine quality (Low),PCA,KMeans,dbcv,Random,59,-0.4667006808160669,-0.35288681228269897
A,Wine quality (Low),PCA,KMeans,dbcv,Random,60,-0.3882752860492284,-0.35288681228269897
A,Wine quality (Low),PCA,KMeans,dbcv,Random,61,-0.5341769760476975,-0.35288681228269897
A,Wine quality (Low),PCA,KMeans,dbcv,Random,62,-0.5450358904211233,-0.35288681228269897
A,Wine quality (Low),PCA,KMeans,dbcv,Random,63,-0.3882752860492284,-0.35288681228269897
A,Wine quality (Low),PCA,KMeans,dbcv,Random,64,-0.4625923220267228,-0.35288681228269897
A,Wine quality (Low),PCA,KMeans,dbcv,Random,65,-0.5067538055218537,-0.35288681228269897
A,Wine quality (Low),PCA,KMeans,dbcv,Random,66,-0.5070784989103675,-0.35288681228269897
A,Wine quality (Low),PCA,KMeans,dbcv,Random,67,-0.49825430124660547,-0.35288681228269897
A,Wine quality (Low),PCA,KMeans,dbcv,Random,68,-0.3731635620943762,-0.35288681228269897
A,Wine quality (Low),PCA,KMeans,dbcv,Random,69,-0.35288681228269897,-0.35288681228269897
A,Wine quality (Low),PCA,KMeans,dbcv,Random,70,-0.41679630026395126,-0.35288681228269897
A,Wine quality (Low),PCA,KMeans,dbcv,Random,71,-0.502969784030639,-0.35288681228269897
A,Wine quality (Low),PCA,KMeans,dbcv,Random,72,-0.6709514272461785,-0.35288681228269897
A,Wine quality (Low),PCA,KMeans,dbcv,Random,73,-0.45393306503302927,-0.35288681228269897
A,Wine quality (Low),PCA,KMeans,dbcv,Random,74,-0.5320382686538703,-0.35288681228269897
A,Wine quality (Low),PCA,KMeans,dbcv,Random,75,-0.41679630026395126,-0.35288681228269897
A,Wine quality (Low),PCA,KMeans,dbcv,Random,76,-0.44994757432929267,-0.35288681228269897
A,Wine quality (Low),PCA,KMeans,dbcv,Random,77,-0.41679630026395126,-0.35288681228269897
A,Wine quality (Low),PCA,KMeans,dbcv,Random,78,-0.36386497628194553,-0.35288681228269897
A,Wine quality (Low),PCA,KMeans,dbcv,Random,79,-0.43648286079053594,-0.35288681228269897
A,Wine quality (Low),PCA,KMeans,dbcv,Random,80,-0.4323652972086009,-0.35288681228269897
A,Wine quality (Low),PCA,KMeans,dbcv,Random,81,-0.45393306503302927,-0.35288681228269897
A,Wine quality (Low),PCA,KMeans,dbcv,Random,82,-0.4533594072855172,-0.35288681228269897
A,Wine quality (Low),PCA,KMeans,dbcv,Random,83,-0.49217320582693863,-0.35288681228269897
A,Wine quality (Low),PCA,KMeans,dbcv,Random,84,-0.4931714030999054,-0.35288681228269897
A,Wine quality (Low),PCA,KMeans,dbcv,Random,85,-0.48924768433585547,-0.35288681228269897
A,Wine quality (Low),PCA,KMeans,dbcv,Random,86,-0.4641932697233398,-0.35288681228269897
A,Wine quality (Low),PCA,KMeans,dbcv,Random,87,-0.4304359628667006,-0.35288681228269897
A,Wine quality (Low),PCA,KMeans,dbcv,Random,88,-0.46505793249634886,-0.35288681228269897
A,Wine quality (Low),PCA,KMeans,dbcv,Random,89,-0.5116229901975745,-0.35288681228269897
A,Wine quality (Low),PCA,KMeans,dbcv,Random,90,-0.5341769760476975,-0.35288681228269897
A,Wine quality (Low),PCA,KMeans,dbcv,Random,91,-0.3638706145989918,-0.35288681228269897
A,Wine quality (Low),PCA,KMeans,dbcv,Random,92,-0.47670750203327217,-0.35288681228269897
A,Wine quality (Low),PCA,KMeans,dbcv,Random,93,-0.4667006808160669,-0.35288681228269897
A,Wine quality (Low),PCA,KMeans,dbcv,Random,94,-0.4641932697233398,-0.35288681228269897
A,Wine quality (Low),PCA,KMeans,dbcv,Random,95,-0.462378906469676,-0.35288681228269897
A,Wine quality (Low),PCA,KMeans,dbcv,Random,96,-0.3535650307927944,-0.35288681228269897
A,Wine quality (Low),PCA,KMeans,dbcv,Random,97,-0.4729127494736801,-0.35288681228269897
A,Wine quality (Low),PCA,KMeans,dbcv,Random,98,-0.40170127127614097,-0.35288681228269897
A,Wine quality (Low),PCA,KMeans,dbcv,Random,99,-0.4251155566812623,-0.35288681228269897
A,Wine quality (Low),MDS,HDBSCAN,dbcv,TPE,0,-1.0,-1.0
A,Wine quality (Low),MDS,HDBSCAN,dbcv,TPE,1,-0.06453986648086658,-0.06453986648086658
A,Wine quality (Low),MDS,HDBSCAN,dbcv,TPE,2,-1.0,-0.06453986648086658
A,Wine quality (Low),MDS,HDBSCAN,dbcv,TPE,3,0.2121786635045475,0.2121786635045475
A,Wine quality (Low),MDS,HDBSCAN,dbcv,TPE,4,-0.02734045455270491,0.2121786635045475
A,Wine quality (Low),MDS,HDBSCAN,dbcv,TPE,5,-1.0,0.2121786635045475
A,Wine quality (Low),MDS,HDBSCAN,dbcv,TPE,6,0.09114751852356,0.2121786635045475
A,Wine quality (Low),MDS,HDBSCAN,dbcv,TPE,7,-0.03530741930361309,0.2121786635045475
A,Wine quality (Low),MDS,HDBSCAN,dbcv,TPE,8,0.03282639282494246,0.2121786635045475
A,Wine quality (Low),MDS,HDBSCAN,dbcv,TPE,9,0.07811947004893982,0.2121786635045475
A,Wine quality (Low),MDS,HDBSCAN,dbcv,TPE,10,0.14670855976310251,0.2121786635045475
A,Wine quality (Low),MDS,HDBSCAN,dbcv,TPE,11,0.1742673396235604,0.2121786635045475
A,Wine quality (Low),MDS,HDBSCAN,dbcv,TPE,12,0.18464650917537362,0.2121786635045475
A,Wine quality (Low),MDS,HDBSCAN,dbcv,TPE,13,-1.0,0.2121786635045475
A,Wine quality (Low),MDS,HDBSCAN,dbcv,TPE,14,0.16082127347333786,0.2121786635045475
A,Wine quality (Low),MDS,HDBSCAN,dbcv,TPE,15,-1.0,0.2121786635045475
A,Wine quality (Low),MDS,HDBSCAN,dbcv,TPE,16,0.12796781461811205,0.2121786635045475
A,Wine quality (Low),MDS,HDBSCAN,dbcv,TPE,17,0.10110529899387005,0.2121786635045475
A,Wine quality (Low),MDS,HDBSCAN,dbcv,TPE,18,0.18430878287152003,0.2121786635045475
A,Wine quality (Low),MDS,HDBSCAN,dbcv,TPE,19,-1.0,0.2121786635045475
A,Wine quality (Low),MDS,HDBSCAN,dbcv,TPE,20,0.04680956688217032,0.2121786635045475
A,Wine quality (Low),MDS,HDBSCAN,dbcv,TPE,21,0.20558409657320292,0.2121786635045475
A,Wine quality (Low),MDS,HDBSCAN,dbcv,TPE,22,0.03900084598946219,0.2121786635045475
A,Wine quality (Low),MDS,HDBSCAN,dbcv,TPE,23,0.17993651006576944,0.2121786635045475
A,Wine quality (Low),MDS,HDBSCAN,dbcv,TPE,24,0.22375960729935068,0.22375960729935068
A,Wine quality (Low),MDS,HDBSCAN,dbcv,TPE,25,-1.0,0.22375960729935068
A,Wine quality (Low),MDS,HDBSCAN,dbcv,TPE,26,0.17123871667428425,0.22375960729935068
A,Wine quality (Low),MDS,HDBSCAN,dbcv,TPE,27,0.1526571688977403,0.22375960729935068
A,Wine quality (Low),MDS,HDBSCAN,dbcv,TPE,28,0.10275790099334224,0.22375960729935068
A,Wine quality (Low),MDS,HDBSCAN,dbcv,TPE,29,-1.0,0.22375960729935068
A,Wine quality (Low),MDS,HDBSCAN,dbcv,TPE,30,0.08377329788582102,0.22375960729935068
A,Wine quality (Low),MDS,HDBSCAN,dbcv,TPE,31,0.20599214775645985,0.22375960729935068
A,Wine quality (Low),MDS,HDBSCAN,dbcv,TPE,32,0.18627708198532542,0.22375960729935068
A,Wine quality (Low),MDS,HDBSCAN,dbcv,TPE,33,0.23448654546024159,0.23448654546024159
A,Wine quality (Low),MDS,HDBSCAN,dbcv,TPE,34,-1.0,0.23448654546024159
A,Wine quality (Low),MDS,HDBSCAN,dbcv,TPE,35,0.18080882604522688,0.23448654546024159
A,Wine quality (Low),MDS,HDBSCAN,dbcv,TPE,36,0.1880752357603732,0.23448654546024159
A,Wine quality (Low),MDS,HDBSCAN,dbcv,TPE,37,0.18845495436639906,0.23448654546024159
A,Wine quality (Low),MDS,HDBSCAN,dbcv,TPE,38,0.18905045602479834,0.23448654546024159
A,Wine quality (Low),MDS,HDBSCAN,dbcv,TPE,39,0.191862227062312,0.23448654546024159
A,Wine quality (Low),MDS,HDBSCAN,dbcv,TPE,40,0.11323501927293349,0.23448654546024159
A,Wine quality (Low),MDS,HDBSCAN,dbcv,TPE,41,0.025061962198030058,0.23448654546024159
A,Wine quality (Low),MDS,HDBSCAN,dbcv,TPE,42,0.13242504947038472,0.23448654546024159
A,Wine quality (Low),MDS,HDBSCAN,dbcv,TPE,43,-1.0,0.23448654546024159
A,Wine quality (Low),MDS,HDBSCAN,dbcv,TPE,44,0.07679338042112632,0.23448654546024159
A,Wine quality (Low),MDS,HDBSCAN,dbcv,TPE,45,0.1695061348252805,0.23448654546024159
A,Wine quality (Low),MDS,HDBSCAN,dbcv,TPE,46,0.21988564688980328,0.23448654546024159
A,Wine quality (Low),MDS,HDBSCAN,dbcv,TPE,47,0.13886914911722964,0.23448654546024159
A,Wine quality (Low),MDS,HDBSCAN,dbcv,TPE,48,0.18670528559666763,0.23448654546024159
A,Wine quality (Low),MDS,HDBSCAN,dbcv,TPE,49,-1.0,0.23448654546024159
A,Wine quality (Low),MDS,HDBSCAN,dbcv,TPE,50,0.1907236072862641,0.23448654546024159
A,Wine quality (Low),MDS,HDBSCAN,dbcv,TPE,51,0.18298163077620938,0.23448654546024159
A,Wine quality (Low),MDS,HDBSCAN,dbcv,TPE,52,-0.011020003055080673,0.23448654546024159
A,Wine quality (Low),MDS,HDBSCAN,dbcv,TPE,53,0.10092988688507577,0.23448654546024159
A,Wine quality (Low),MDS,HDBSCAN,dbcv,TPE,54,0.20775917196967286,0.23448654546024159
A,Wine quality (Low),MDS,HDBSCAN,dbcv,TPE,55,0.21692178043277177,0.23448654546024159
A,Wine quality (Low),MDS,HDBSCAN,dbcv,TPE,56,0.18338553474601899,0.23448654546024159
A,Wine quality (Low),MDS,HDBSCAN,dbcv,TPE,57,0.08861389889895815,0.23448654546024159
A,Wine quality (Low),MDS,HDBSCAN,dbcv,TPE,58,0.1895843201682097,0.23448654546024159
A,Wine quality (Low),MDS,HDBSCAN,dbcv,TPE,59,-1.0,0.23448654546024159
A,Wine quality (Low),MDS,HDBSCAN,dbcv,TPE,60,0.20134893574099252,0.23448654546024159
A,Wine quality (Low),MDS,HDBSCAN,dbcv,TPE,61,0.19603382349022536,0.23448654546024159
A,Wine quality (Low),MDS,HDBSCAN,dbcv,TPE,62,0.20115153919106796,0.23448654546024159
A,Wine quality (Low),MDS,HDBSCAN,dbcv,TPE,63,0.08021041963286515,0.23448654546024159
A,Wine quality (Low),MDS,HDBSCAN,dbcv,TPE,64,0.22008117775062142,0.23448654546024159
A,Wine quality (Low),MDS,HDBSCAN,dbcv,TPE,65,0.18799729572649723,0.23448654546024159
A,Wine quality (Low),MDS,HDBSCAN,dbcv,TPE,66,-0.014295678109246968,0.23448654546024159
A,Wine quality (Low),MDS,HDBSCAN,dbcv,TPE,67,0.21641546687486782,0.23448654546024159
A,Wine quality (Low),MDS,HDBSCAN,dbcv,TPE,68,0.20935361802354863,0.23448654546024159
A,Wine quality (Low),MDS,HDBSCAN,dbcv,TPE,69,0.1828091321882369,0.23448654546024159
A,Wine quality (Low),MDS,HDBSCAN,dbcv,TPE,70,0.18200511610730005,0.23448654546024159
A,Wine quality (Low),MDS,HDBSCAN,dbcv,TPE,71,0.21585322829281534,0.23448654546024159
A,Wine quality (Low),MDS,HDBSCAN,dbcv,TPE,72,0.20379194005631204,0.23448654546024159
A,Wine quality (Low),MDS,HDBSCAN,dbcv,TPE,73,-1.0,0.23448654546024159
A,Wine quality (Low),MDS,HDBSCAN,dbcv,TPE,74,-1.0,0.23448654546024159
A,Wine quality (Low),MDS,HDBSCAN,dbcv,TPE,75,0.19252506971432604,0.23448654546024159
A,Wine quality (Low),MDS,HDBSCAN,dbcv,TPE,76,0.1807022645854939,0.23448654546024159
A,Wine quality (Low),MDS,HDBSCAN,dbcv,TPE,77,0.18095479014913404,0.23448654546024159
A,Wine quality (Low),MDS,HDBSCAN,dbcv,TPE,78,0.06390593719480273,0.23448654546024159
A,Wine quality (Low),MDS,HDBSCAN,dbcv,TPE,79,0.23337783269231183,0.23448654546024159
A,Wine quality (Low),MDS,HDBSCAN,dbcv,TPE,80,0.21527289752352816,0.23448654546024159
A,Wine quality (Low),MDS,HDBSCAN,dbcv,TPE,81,0.2128156179086957,0.23448654546024159
A,Wine quality (Low),MDS,HDBSCAN,dbcv,TPE,82,0.13368584118484325,0.23448654546024159
A,Wine quality (Low),MDS,HDBSCAN,dbcv,TPE,83,0.1537406287829967,0.23448654546024159
A,Wine quality (Low),MDS,HDBSCAN,dbcv,TPE,84,0.21769788682915014,0.23448654546024159
A,Wine quality (Low),MDS,HDBSCAN,dbcv,TPE,85,-1.0,0.23448654546024159
A,Wine quality (Low),MDS,HDBSCAN,dbcv,TPE,86,0.12787075551313426,0.23448654546024159
A,Wine quality (Low),MDS,HDBSCAN,dbcv,TPE,87,0.10947527372532209,0.23448654546024159
A,Wine quality (Low),MDS,HDBSCAN,dbcv,TPE,88,-1.0,0.23448654546024159
A,Wine quality (Low),MDS,HDBSCAN,dbcv,TPE,89,0.1334579715851023,0.23448654546024159
A,Wine quality (Low),MDS,HDBSCAN,dbcv,TPE,90,0.17844737237915725,0.23448654546024159
A,Wine quality (Low),MDS,HDBSCAN,dbcv,TPE,91,0.1875803743237748,0.23448654546024159
A,Wine quality (Low),MDS,HDBSCAN,dbcv,TPE,92,0.17272136074895664,0.23448654546024159
A,Wine quality (Low),MDS,HDBSCAN,dbcv,TPE,93,0.17733071707359127,0.23448654546024159
A,Wine quality (Low),MDS,HDBSCAN,dbcv,TPE,94,0.16265357079341383,0.23448654546024159
A,Wine quality (Low),MDS,HDBSCAN,dbcv,TPE,95,0.1712207303601824,0.23448654546024159
A,Wine quality (Low),MDS,HDBSCAN,dbcv,TPE,96,0.19466064699867516,0.23448654546024159
A,Wine quality (Low),MDS,HDBSCAN,dbcv,TPE,97,0.19807880068914777,0.23448654546024159
A,Wine quality (Low),MDS,HDBSCAN,dbcv,TPE,98,0.1871068658915161,0.23448654546024159
A,Wine quality (Low),MDS,HDBSCAN,dbcv,TPE,99,-0.06771670277890887,0.23448654546024159
A,Wine quality (Low),MDS,HDBSCAN,dbcv,Random,0,-1.0,-1.0
A,Wine quality (Low),MDS,HDBSCAN,dbcv,Random,1,0.002519800608007018,0.002519800608007018
A,Wine quality (Low),MDS,HDBSCAN,dbcv,Random,2,-1.0,0.002519800608007018
A,Wine quality (Low),MDS,HDBSCAN,dbcv,Random,3,0.1979553913828488,0.1979553913828488
A,Wine quality (Low),MDS,HDBSCAN,dbcv,Random,4,-0.005230046877540802,0.1979553913828488
A,Wine quality (Low),MDS,HDBSCAN,dbcv,Random,5,-1.0,0.1979553913828488
A,Wine quality (Low),MDS,HDBSCAN,dbcv,Random,6,0.19964668770754518,0.19964668770754518
A,Wine quality (Low),MDS,HDBSCAN,dbcv,Random,7,-1.0,0.19964668770754518
A,Wine quality (Low),MDS,HDBSCAN,dbcv,Random,8,-0.06202280933276275,0.19964668770754518
A,Wine quality (Low),MDS,HDBSCAN,dbcv,Random,9,-0.14663152184351086,0.19964668770754518
A,Wine quality (Low),MDS,HDBSCAN,dbcv,Random,10,-0.005902790695734563,0.19964668770754518
A,Wine quality (Low),MDS,HDBSCAN,dbcv,Random,11,-1.0,0.19964668770754518
A,Wine quality (Low),MDS,HDBSCAN,dbcv,Random,12,0.21095774896003544,0.21095774896003544
A,Wine quality (Low),MDS,HDBSCAN,dbcv,Random,13,0.16648651535750958,0.21095774896003544
A,Wine quality (Low),MDS,HDBSCAN,dbcv,Random,14,-0.00519250725845763,0.21095774896003544
A,Wine quality (Low),MDS,HDBSCAN,dbcv,Random,15,0.19538693713660216,0.21095774896003544
A,Wine quality (Low),MDS,HDBSCAN,dbcv,Random,16,0.18210429915047927,0.21095774896003544
A,Wine quality (Low),MDS,HDBSCAN,dbcv,Random,17,-1.0,0.21095774896003544
A,Wine quality (Low),MDS,HDBSCAN,dbcv,Random,18,-0.060015614291842365,0.21095774896003544
A,Wine quality (Low),MDS,HDBSCAN,dbcv,Random,19,0.1300535472029642,0.21095774896003544
A,Wine quality (Low),MDS,HDBSCAN,dbcv,Random,20,0.1740973692290505,0.21095774896003544
A,Wine quality (Low),MDS,HDBSCAN,dbcv,Random,21,0.11139294596262068,0.21095774896003544
A,Wine quality (Low),MDS,HDBSCAN,dbcv,Random,22,-1.0,0.21095774896003544
A,Wine quality (Low),MDS,HDBSCAN,dbcv,Random,23,-0.004602407435763363,0.21095774896003544
A,Wine quality (Low),MDS,HDBSCAN,dbcv,Random,24,-1.0,0.21095774896003544
A,Wine quality (Low),MDS,HDBSCAN,dbcv,Random,25,-3.053930363415905e-06,0.21095774896003544
A,Wine quality (Low),MDS,HDBSCAN,dbcv,Random,26,0.19652415548965227,0.21095774896003544
A,Wine quality (Low),MDS,HDBSCAN,dbcv,Random,27,-0.10675928281471816,0.21095774896003544
A,Wine quality (Low),MDS,HDBSCAN,dbcv,Random,28,0.20364109329545618,0.21095774896003544
A,Wine quality (Low),MDS,HDBSCAN,dbcv,Random,29,-1.0,0.21095774896003544
A,Wine quality (Low),MDS,HDBSCAN,dbcv,Random,30,-1.0,0.21095774896003544
A,Wine quality (Low),MDS,HDBSCAN,dbcv,Random,31,-1.0,0.21095774896003544
A,Wine quality (Low),MDS,HDBSCAN,dbcv,Random,32,-0.0701924024077646,0.21095774896003544
A,Wine quality (Low),MDS,HDBSCAN,dbcv,Random,33,0.0034730786051789136,0.21095774896003544
A,Wine quality (Low),MDS,HDBSCAN,dbcv,Random,34,-1.0,0.21095774896003544
A,Wine quality (Low),MDS,HDBSCAN,dbcv,Random,35,-1.0,0.21095774896003544
A,Wine quality (Low),MDS,HDBSCAN,dbcv,Random,36,0.02358194301341979,0.21095774896003544
A,Wine quality (Low),MDS,HDBSCAN,dbcv,Random,37,-1.0,0.21095774896003544
A,Wine quality (Low),MDS,HDBSCAN,dbcv,Random,38,-1.0,0.21095774896003544
A,Wine quality (Low),MDS,HDBSCAN,dbcv,Random,39,-1.0,0.21095774896003544
A,Wine quality (Low),MDS,HDBSCAN,dbcv,Random,40,-1.0,0.21095774896003544
A,Wine quality (Low),MDS,HDBSCAN,dbcv,Random,41,-0.0027446139339875153,0.21095774896003544
A,Wine quality (Low),MDS,HDBSCAN,dbcv,Random,42,-0.09188972491562472,0.21095774896003544
A,Wine quality (Low),MDS,HDBSCAN,dbcv,Random,43,0.050149074575103404,0.21095774896003544
A,Wine quality (Low),MDS,HDBSCAN,dbcv,Random,44,-1.0,0.21095774896003544
A,Wine quality (Low),MDS,HDBSCAN,dbcv,Random,45,-1.0,0.21095774896003544
A,Wine quality (Low),MDS,HDBSCAN,dbcv,Random,46,-1.0,0.21095774896003544
A,Wine quality (Low),MDS,HDBSCAN,dbcv,Random,47,0.20571022873860512,0.21095774896003544
A,Wine quality (Low),MDS,HDBSCAN,dbcv,Random,48,0.2080178784323172,0.21095774896003544
A,Wine quality (Low),MDS,HDBSCAN,dbcv,Random,49,0.08689014647464219,0.21095774896003544
A,Wine quality (Low),MDS,HDBSCAN,dbcv,Random,50,0.00070009242266828,0.21095774896003544
A,Wine quality (Low),MDS,HDBSCAN,dbcv,Random,51,-1.0,0.21095774896003544
A,Wine quality (Low),MDS,HDBSCAN,dbcv,Random,52,-0.05526503658625276,0.21095774896003544
A,Wine quality (Low),MDS,HDBSCAN,dbcv,Random,53,0.0595108583141754,0.21095774896003544
A,Wine quality (Low),MDS,HDBSCAN,dbcv,Random,54,-0.0646104350428408,0.21095774896003544
A,Wine quality (Low),MDS,HDBSCAN,dbcv,Random,55,-0.026490806675251808,0.21095774896003544
A,Wine quality (Low),MDS,HDBSCAN,dbcv,Random,56,-1.0,0.21095774896003544
A,Wine quality (Low),MDS,HDBSCAN,dbcv,Random,57,-0.013681414646332593,0.21095774896003544
A,Wine quality (Low),MDS,HDBSCAN,dbcv,Random,58,0.1254813658496545,0.21095774896003544
A,Wine quality (Low),MDS,HDBSCAN,dbcv,Random,59,0.017956871914676174,0.21095774896003544
A,Wine quality (Low),MDS,HDBSCAN,dbcv,Random,60,0.15437300281254654,0.21095774896003544
A,Wine quality (Low),MDS,HDBSCAN,dbcv,Random,61,0.055372999445911876,0.21095774896003544
A,Wine quality (Low),MDS,HDBSCAN,dbcv,Random,62,-1.0,0.21095774896003544
A,Wine quality (Low),MDS,HDBSCAN,dbcv,Random,63,0.19505364920775148,0.21095774896003544
A,Wine quality (Low),MDS,HDBSCAN,dbcv,Random,64,0.01665543695373479,0.21095774896003544
A,Wine quality (Low),MDS,HDBSCAN,dbcv,Random,65,-1.0,0.21095774896003544
A,Wine quality (Low),MDS,HDBSCAN,dbcv,Random,66,-1.0,0.21095774896003544
A,Wine quality (Low),MDS,HDBSCAN,dbcv,Random,67,0.1159517753962114,0.21095774896003544
A,Wine quality (Low),MDS,HDBSCAN,dbcv,Random,68,0.058378680687703494,0.21095774896003544
A,Wine quality (Low),MDS,HDBSCAN,dbcv,Random,69,-0.017886280302949562,0.21095774896003544
A,Wine quality (Low),MDS,HDBSCAN,dbcv,Random,70,-1.0,0.21095774896003544
A,Wine quality (Low),MDS,HDBSCAN,dbcv,Random,71,-1.0,0.21095774896003544
A,Wine quality (Low),MDS,HDBSCAN,dbcv,Random,72,-1.0,0.21095774896003544
A,Wine quality (Low),MDS,HDBSCAN,dbcv,Random,73,-1.0,0.21095774896003544
A,Wine quality (Low),MDS,HDBSCAN,dbcv,Random,74,-0.06575740741527564,0.21095774896003544
A,Wine quality (Low),MDS,HDBSCAN,dbcv,Random,75,-1.0,0.21095774896003544
A,Wine quality (Low),MDS,HDBSCAN,dbcv,Random,76,-1.0,0.21095774896003544
A,Wine quality (Low),MDS,HDBSCAN,dbcv,Random,77,-1.0,0.21095774896003544
A,Wine quality (Low),MDS,HDBSCAN,dbcv,Random,78,-1.0,0.21095774896003544
A,Wine quality (Low),MDS,HDBSCAN,dbcv,Random,79,-0.13438634145630124,0.21095774896003544
A,Wine quality (Low),MDS,HDBSCAN,dbcv,Random,80,-1.0,0.21095774896003544
A,Wine quality (Low),MDS,HDBSCAN,dbcv,Random,81,0.16671036966323577,0.21095774896003544
A,Wine quality (Low),MDS,HDBSCAN,dbcv,Random,82,-1.0,0.21095774896003544
A,Wine quality (Low),MDS,HDBSCAN,dbcv,Random,83,0.09318310253515119,0.21095774896003544
A,Wine quality (Low),MDS,HDBSCAN,dbcv,Random,84,0.010809256573730941,0.21095774896003544
A,Wine quality (Low),MDS,HDBSCAN,dbcv,Random,85,-1.0,0.21095774896003544
A,Wine quality (Low),MDS,HDBSCAN,dbcv,Random,86,0.13134062966063273,0.21095774896003544
A,Wine quality (Low),MDS,HDBSCAN,dbcv,Random,87,0.022130349558388697,0.21095774896003544
A,Wine quality (Low),MDS,HDBSCAN,dbcv,Random,88,-1.0,0.21095774896003544
A,Wine quality (Low),MDS,HDBSCAN,dbcv,Random,89,0.03774982701116728,0.21095774896003544
A,Wine quality (Low),MDS,HDBSCAN,dbcv,Random,90,-1.0,0.21095774896003544
A,Wine quality (Low),MDS,HDBSCAN,dbcv,Random,91,-1.0,0.21095774896003544
A,Wine quality (Low),MDS,HDBSCAN,dbcv,Random,92,-1.0,0.21095774896003544
A,Wine quality (Low),MDS,HDBSCAN,dbcv,Random,93,-1.0,0.21095774896003544
A,Wine quality (Low),MDS,HDBSCAN,dbcv,Random,94,0.18550318858306505,0.21095774896003544
A,Wine quality (Low),MDS,HDBSCAN,dbcv,Random,95,-1.0,0.21095774896003544
A,Wine quality (Low),MDS,HDBSCAN,dbcv,Random,96,-0.32017832001409974,0.21095774896003544
A,Wine quality (Low),MDS,HDBSCAN,dbcv,Random,97,-1.0,0.21095774896003544
A,Wine quality (Low),MDS,HDBSCAN,dbcv,Random,98,-1.0,0.21095774896003544
A,Wine quality (Low),MDS,HDBSCAN,dbcv,Random,99,-0.09735020919703406,0.21095774896003544
A,Wine quality (Low),MDS,DBSCAN,dbcv,TPE,0,-1.0,-1.0
A,Wine quality (Low),MDS,DBSCAN,dbcv,TPE,1,-1.0,-1.0
A,Wine quality (Low),MDS,DBSCAN,dbcv,TPE,2,-1.0,-1.0
A,Wine quality (Low),MDS,DBSCAN,dbcv,TPE,3,-1.0,-1.0
A,Wine quality (Low),MDS,DBSCAN,dbcv,TPE,4,-1.0,-1.0
A,Wine quality (Low),MDS,DBSCAN,dbcv,TPE,5,-1.0,-1.0
A,Wine quality (Low),MDS,DBSCAN,dbcv,TPE,6,0.06473549711634559,0.06473549711634559
A,Wine quality (Low),MDS,DBSCAN,dbcv,TPE,7,-1.0,0.06473549711634559
A,Wine quality (Low),MDS,DBSCAN,dbcv,TPE,8,-1.0,0.06473549711634559
A,Wine quality (Low),MDS,DBSCAN,dbcv,TPE,9,-1.0,0.06473549711634559
A,Wine quality (Low),MDS,DBSCAN,dbcv,TPE,10,-1.0,0.06473549711634559
A,Wine quality (Low),MDS,DBSCAN,dbcv,TPE,11,-1.0,0.06473549711634559
A,Wine quality (Low),MDS,DBSCAN,dbcv,TPE,12,-1.0,0.06473549711634559
A,Wine quality (Low),MDS,DBSCAN,dbcv,TPE,13,-1.0,0.06473549711634559
A,Wine quality (Low),MDS,DBSCAN,dbcv,TPE,14,-1.0,0.06473549711634559
A,Wine quality (Low),MDS,DBSCAN,dbcv,TPE,15,-1.0,0.06473549711634559
A,Wine quality (Low),MDS,DBSCAN,dbcv,TPE,16,-1.0,0.06473549711634559
A,Wine quality (Low),MDS,DBSCAN,dbcv,TPE,17,-1.0,0.06473549711634559
A,Wine quality (Low),MDS,DBSCAN,dbcv,TPE,18,-1.0,0.06473549711634559
A,Wine quality (Low),MDS,DBSCAN,dbcv,TPE,19,-1.0,0.06473549711634559
A,Wine quality (Low),MDS,DBSCAN,dbcv,TPE,20,-1.0,0.06473549711634559
A,Wine quality (Low),MDS,DBSCAN,dbcv,TPE,21,-1.0,0.06473549711634559
A,Wine quality (Low),MDS,DBSCAN,dbcv,TPE,22,0.0068528984013630665,0.06473549711634559
A,Wine quality (Low),MDS,DBSCAN,dbcv,TPE,23,0.08863072969507876,0.08863072969507876
A,Wine quality (Low),MDS,DBSCAN,dbcv,TPE,24,0.10583083144333885,0.10583083144333885
A,Wine quality (Low),MDS,DBSCAN,dbcv,TPE,25,-0.027150467355549865,0.10583083144333885
A,Wine quality (Low),MDS,DBSCAN,dbcv,TPE,26,-1.0,0.10583083144333885
A,Wine quality (Low),MDS,DBSCAN,dbcv,TPE,27,-1.0,0.10583083144333885
A,Wine quality (Low),MDS,DBSCAN,dbcv,TPE,28,-1.0,0.10583083144333885
A,Wine quality (Low),MDS,DBSCAN,dbcv,TPE,29,-0.0673811023812364,0.10583083144333885
A,Wine quality (Low),MDS,DBSCAN,dbcv,TPE,30,0.09952985618395496,0.10583083144333885
A,Wine quality (Low),MDS,DBSCAN,dbcv,TPE,31,0.006809797505329036,0.10583083144333885
A,Wine quality (Low),MDS,DBSCAN,dbcv,TPE,32,0.09952966830471438,0.10583083144333885
A,Wine quality (Low),MDS,DBSCAN,dbcv,TPE,33,0.09952853585258943,0.10583083144333885
A,Wine quality (Low),MDS,DBSCAN,dbcv,TPE,34,-1.0,0.10583083144333885
A,Wine quality (Low),MDS,DBSCAN,dbcv,TPE,35,-0.038514522700726646,0.10583083144333885
A,Wine quality (Low),MDS,DBSCAN,dbcv,TPE,36,-1.0,0.10583083144333885
A,Wine quality (Low),MDS,DBSCAN,dbcv,TPE,37,-1.0,0.10583083144333885
A,Wine quality (Low),MDS,DBSCAN,dbcv,TPE,38,-1.0,0.10583083144333885
A,Wine quality (Low),MDS,DBSCAN,dbcv,TPE,39,-1.0,0.10583083144333885
A,Wine quality (Low),MDS,DBSCAN,dbcv,TPE,40,0.09945363228915285,0.10583083144333885
A,Wine quality (Low),MDS,DBSCAN,dbcv,TPE,41,0.1005002460068988,0.10583083144333885
A,Wine quality (Low),MDS,DBSCAN,dbcv,TPE,42,-0.039827656356862036,0.10583083144333885
A,Wine quality (Low),MDS,DBSCAN,dbcv,TPE,43,-1.0,0.10583083144333885
A,Wine quality (Low),MDS,DBSCAN,dbcv,TPE,44,0.10099705475267927,0.10583083144333885
A,Wine quality (Low),MDS,DBSCAN,dbcv,TPE,45,-1.0,0.10583083144333885
A,Wine quality (Low),MDS,DBSCAN,dbcv,TPE,46,0.10096240199783588,0.10583083144333885
A,Wine quality (Low),MDS,DBSCAN,dbcv,TPE,47,-1.0,0.10583083144333885
A,Wine quality (Low),MDS,DBSCAN,dbcv,TPE,48,-1.0,0.10583083144333885
A,Wine quality (Low),MDS,DBSCAN,dbcv,TPE,49,-1.0,0.10583083144333885
A,Wine quality (Low),MDS,DBSCAN,dbcv,TPE,50,-1.0,0.10583083144333885
A,Wine quality (Low),MDS,DBSCAN,dbcv,TPE,51,-1.0,0.10583083144333885
A,Wine quality (Low),MDS,DBSCAN,dbcv,TPE,52,-1.0,0.10583083144333885
A,Wine quality (Low),MDS,DBSCAN,dbcv,TPE,53,0.05825174520126094,0.10583083144333885
A,Wine quality (Low),MDS,DBSCAN,dbcv,TPE,54,0.10053518675442566,0.10583083144333885
A,Wine quality (Low),MDS,DBSCAN,dbcv,TPE,55,-1.0,0.10583083144333885
A,Wine quality (Low),MDS,DBSCAN,dbcv,TPE,56,-1.0,0.10583083144333885
A,Wine quality (Low),MDS,DBSCAN,dbcv,TPE,57,-1.0,0.10583083144333885
A,Wine quality (Low),MDS,DBSCAN,dbcv,TPE,58,-1.0,0.10583083144333885
A,Wine quality (Low),MDS,DBSCAN,dbcv,TPE,59,-1.0,0.10583083144333885
A,Wine quality (Low),MDS,DBSCAN,dbcv,TPE,60,0.19080970340660433,0.19080970340660433
A,Wine quality (Low),MDS,DBSCAN,dbcv,TPE,61,0.19244706540795817,0.19244706540795817
A,Wine quality (Low),MDS,DBSCAN,dbcv,TPE,62,-1.0,0.19244706540795817
A,Wine quality (Low),MDS,DBSCAN,dbcv,TPE,63,-0.22294687710419012,0.19244706540795817
A,Wine quality (Low),MDS,DBSCAN,dbcv,TPE,64,-0.11912540143399772,0.19244706540795817
A,Wine quality (Low),MDS,DBSCAN,dbcv,TPE,65,-0.034994234509602574,0.19244706540795817
A,Wine quality (Low),MDS,DBSCAN,dbcv,TPE,66,-1.0,0.19244706540795817
A,Wine quality (Low),MDS,DBSCAN,dbcv,TPE,67,-1.0,0.19244706540795817
A,Wine quality (Low),MDS,DBSCAN,dbcv,TPE,68,0.055129573150195704,0.19244706540795817
A,Wine quality (Low),MDS,DBSCAN,dbcv,TPE,69,-1.0,0.19244706540795817
A,Wine quality (Low),MDS,DBSCAN,dbcv,TPE,70,0.10096241526798964,0.19244706540795817
A,Wine quality (Low),MDS,DBSCAN,dbcv,TPE,71,0.10059768158384383,0.19244706540795817
A,Wine quality (Low),MDS,DBSCAN,dbcv,TPE,72,-1.0,0.19244706540795817
A,Wine quality (Low),MDS,DBSCAN,dbcv,TPE,73,-1.0,0.19244706540795817
A,Wine quality (Low),MDS,DBSCAN,dbcv,TPE,74,-1.0,0.19244706540795817
A,Wine quality (Low),MDS,DBSCAN,dbcv,TPE,75,-0.2710977660421565,0.19244706540795817
A,Wine quality (Low),MDS,DBSCAN,dbcv,TPE,76,-1.0,0.19244706540795817
A,Wine quality (Low),MDS,DBSCAN,dbcv,TPE,77,0.21906182519527798,0.21906182519527798
A,Wine quality (Low),MDS,DBSCAN,dbcv,TPE,78,0.0029478115668069207,0.21906182519527798
A,Wine quality (Low),MDS,DBSCAN,dbcv,TPE,79,0.18660676745378374,0.21906182519527798
A,Wine quality (Low),MDS,DBSCAN,dbcv,TPE,80,0.17152217566090414,0.21906182519527798
A,Wine quality (Low),MDS,DBSCAN,dbcv,TPE,81,-0.03773647442898423,0.21906182519527798
A,Wine quality (Low),MDS,DBSCAN,dbcv,TPE,82,0.20650007939628923,0.21906182519527798
A,Wine quality (Low),MDS,DBSCAN,dbcv,TPE,83,0.20649973743042604,0.21906182519527798
A,Wine quality (Low),MDS,DBSCAN,dbcv,TPE,84,0.20620388672983017,0.21906182519527798
A,Wine quality (Low),MDS,DBSCAN,dbcv,TPE,85,0.20624756991180954,0.21906182519527798
A,Wine quality (Low),MDS,DBSCAN,dbcv,TPE,86,0.20709091747418,0.21906182519527798
A,Wine quality (Low),MDS,DBSCAN,dbcv,TPE,87,0.2073860510283074,0.21906182519527798
A,Wine quality (Low),MDS,DBSCAN,dbcv,TPE,88,0.09929967950511238,0.21906182519527798
A,Wine quality (Low),MDS,DBSCAN,dbcv,TPE,89,0.0994913192590718,0.21906182519527798
A,Wine quality (Low),MDS,DBSCAN,dbcv,TPE,90,0.09951977242846717,0.21906182519527798
A,Wine quality (Low),MDS,DBSCAN,dbcv,TPE,91,0.17831157466128464,0.21906182519527798
A,Wine quality (Low),MDS,DBSCAN,dbcv,TPE,92,-0.1404469956460322,0.21906182519527798
A,Wine quality (Low),MDS,DBSCAN,dbcv,TPE,93,0.19184402059569797,0.21906182519527798
A,Wine quality (Low),MDS,DBSCAN,dbcv,TPE,94,0.10271113035756207,0.21906182519527798
A,Wine quality (Low),MDS,DBSCAN,dbcv,TPE,95,0.19988493773603835,0.21906182519527798
A,Wine quality (Low),MDS,DBSCAN,dbcv,TPE,96,0.018710546002284535,0.21906182519527798
A,Wine quality (Low),MDS,DBSCAN,dbcv,TPE,97,0.2044219872947348,0.21906182519527798
A,Wine quality (Low),MDS,DBSCAN,dbcv,TPE,98,0.08693388669983697,0.21906182519527798
A,Wine quality (Low),MDS,DBSCAN,dbcv,TPE,99,-0.1351169840368369,0.21906182519527798
A,Wine quality (Low),MDS,DBSCAN,dbcv,Random,0,-1.0,-1.0
A,Wine quality (Low),MDS,DBSCAN,dbcv,Random,1,-1.0,-1.0
A,Wine quality (Low),MDS,DBSCAN,dbcv,Random,2,-1.0,-1.0
A,Wine quality (Low),MDS,DBSCAN,dbcv,Random,3,-1.0,-1.0
A,Wine quality (Low),MDS,DBSCAN,dbcv,Random,4,-1.0,-1.0
A,Wine quality (Low),MDS,DBSCAN,dbcv,Random,5,-1.0,-1.0
A,Wine quality (Low),MDS,DBSCAN,dbcv,Random,6,0.2069263027955977,0.2069263027955977
A,Wine quality (Low),MDS,DBSCAN,dbcv,Random,7,-1.0,0.2069263027955977
A,Wine quality (Low),MDS,DBSCAN,dbcv,Random,8,-1.0,0.2069263027955977
A,Wine quality (Low),MDS,DBSCAN,dbcv,Random,9,-1.0,0.2069263027955977
A,Wine quality (Low),MDS,DBSCAN,dbcv,Random,10,-1.0,0.2069263027955977
A,Wine quality (Low),MDS,DBSCAN,dbcv,Random,11,-1.0,0.2069263027955977
A,Wine quality (Low),MDS,DBSCAN,dbcv,Random,12,-1.0,0.2069263027955977
A,Wine quality (Low),MDS,DBSCAN,dbcv,Random,13,-1.0,0.2069263027955977
A,Wine quality (Low),MDS,DBSCAN,dbcv,Random,14,-1.0,0.2069263027955977
A,Wine quality (Low),MDS,DBSCAN,dbcv,Random,15,0.09199833159012608,0.2069263027955977
A,Wine quality (Low),MDS,DBSCAN,dbcv,Random,16,-1.0,0.2069263027955977
A,Wine quality (Low),MDS,DBSCAN,dbcv,Random,17,-1.0,0.2069263027955977
A,Wine quality (Low),MDS,DBSCAN,dbcv,Random,18,-1.0,0.2069263027955977
A,Wine quality (Low),MDS,DBSCAN,dbcv,Random,19,-1.0,0.2069263027955977
A,Wine quality (Low),MDS,DBSCAN,dbcv,Random,20,-1.0,0.2069263027955977
A,Wine quality (Low),MDS,DBSCAN,dbcv,Random,21,0.21471666683061286,0.21471666683061286
A,Wine quality (Low),MDS,DBSCAN,dbcv,Random,22,-1.0,0.21471666683061286
A,Wine quality (Low),MDS,DBSCAN,dbcv,Random,23,-1.0,0.21471666683061286
A,Wine quality (Low),MDS,DBSCAN,dbcv,Random,24,-1.0,0.21471666683061286
A,Wine quality (Low),MDS,DBSCAN,dbcv,Random,25,-1.0,0.21471666683061286
A,Wine quality (Low),MDS,DBSCAN,dbcv,Random,26,-1.0,0.21471666683061286
A,Wine quality (Low),MDS,DBSCAN,dbcv,Random,27,-0.20764411054695645,0.21471666683061286
A,Wine quality (Low),MDS,DBSCAN,dbcv,Random,28,-0.4121184572239317,0.21471666683061286
A,Wine quality (Low),MDS,DBSCAN,dbcv,Random,29,-1.0,0.21471666683061286
A,Wine quality (Low),MDS,DBSCAN,dbcv,Random,30,-1.0,0.21471666683061286
A,Wine quality (Low),MDS,DBSCAN,dbcv,Random,31,-1.0,0.21471666683061286
A,Wine quality (Low),MDS,DBSCAN,dbcv,Random,32,0.10284910902443965,0.21471666683061286
A,Wine quality (Low),MDS,DBSCAN,dbcv,Random,33,-1.0,0.21471666683061286
A,Wine quality (Low),MDS,DBSCAN,dbcv,Random,34,-1.0,0.21471666683061286
A,Wine quality (Low),MDS,DBSCAN,dbcv,Random,35,-1.0,0.21471666683061286
A,Wine quality (Low),MDS,DBSCAN,dbcv,Random,36,-1.0,0.21471666683061286
A,Wine quality (Low),MDS,DBSCAN,dbcv,Random,37,-1.0,0.21471666683061286
A,Wine quality (Low),MDS,DBSCAN,dbcv,Random,38,-1.0,0.21471666683061286
A,Wine quality (Low),MDS,DBSCAN,dbcv,Random,39,-1.0,0.21471666683061286
A,Wine quality (Low),MDS,DBSCAN,dbcv,Random,40,-1.0,0.21471666683061286
A,Wine quality (Low),MDS,DBSCAN,dbcv,Random,41,-1.0,0.21471666683061286
A,Wine quality (Low),MDS,DBSCAN,dbcv,Random,42,-1.0,0.21471666683061286
A,Wine quality (Low),MDS,DBSCAN,dbcv,Random,43,-1.0,0.21471666683061286
A,Wine quality (Low),MDS,DBSCAN,dbcv,Random,44,-1.0,0.21471666683061286
A,Wine quality (Low),MDS,DBSCAN,dbcv,Random,45,-1.0,0.21471666683061286
A,Wine quality (Low),MDS,DBSCAN,dbcv,Random,46,-1.0,0.21471666683061286
A,Wine quality (Low),MDS,DBSCAN,dbcv,Random,47,-1.0,0.21471666683061286
A,Wine quality (Low),MDS,DBSCAN,dbcv,Random,48,-1.0,0.21471666683061286
A,Wine quality (Low),MDS,DBSCAN,dbcv,Random,49,-1.0,0.21471666683061286
A,Wine quality (Low),MDS,DBSCAN,dbcv,Random,50,-1.0,0.21471666683061286
A,Wine quality (Low),MDS,DBSCAN,dbcv,Random,51,-1.0,0.21471666683061286
A,Wine quality (Low),MDS,DBSCAN,dbcv,Random,52,-1.0,0.21471666683061286
A,Wine quality (Low),MDS,DBSCAN,dbcv,Random,53,0.08717052384173114,0.21471666683061286
A,Wine quality (Low),MDS,DBSCAN,dbcv,Random,54,0.05848724815343944,0.21471666683061286
A,Wine quality (Low),MDS,DBSCAN,dbcv,Random,55,0.030252019628486337,0.21471666683061286
A,Wine quality (Low),MDS,DBSCAN,dbcv,Random,56,-1.0,0.21471666683061286
A,Wine quality (Low),MDS,DBSCAN,dbcv,Random,57,-1.0,0.21471666683061286
A,Wine quality (Low),MDS,DBSCAN,dbcv,Random,58,-1.0,0.21471666683061286
A,Wine quality (Low),MDS,DBSCAN,dbcv,Random,59,-1.0,0.21471666683061286
A,Wine quality (Low),MDS,DBSCAN,dbcv,Random,60,-1.0,0.21471666683061286
A,Wine quality (Low),MDS,DBSCAN,dbcv,Random,61,-1.0,0.21471666683061286
A,Wine quality (Low),MDS,DBSCAN,dbcv,Random,62,-1.0,0.21471666683061286
A,Wine quality (Low),MDS,DBSCAN,dbcv,Random,63,-1.0,0.21471666683061286
A,Wine quality (Low),MDS,DBSCAN,dbcv,Random,64,-1.0,0.21471666683061286
A,Wine quality (Low),MDS,DBSCAN,dbcv,Random,65,-1.0,0.21471666683061286
A,Wine quality (Low),MDS,DBSCAN,dbcv,Random,66,-1.0,0.21471666683061286
A,Wine quality (Low),MDS,DBSCAN,dbcv,Random,67,0.23914824703074486,0.23914824703074486
A,Wine quality (Low),MDS,DBSCAN,dbcv,Random,68,-1.0,0.23914824703074486
A,Wine quality (Low),MDS,DBSCAN,dbcv,Random,69,-1.0,0.23914824703074486
A,Wine quality (Low),MDS,DBSCAN,dbcv,Random,70,-1.0,0.23914824703074486
A,Wine quality (Low),MDS,DBSCAN,dbcv,Random,71,-1.0,0.23914824703074486
A,Wine quality (Low),MDS,DBSCAN,dbcv,Random,72,-1.0,0.23914824703074486
A,Wine quality (Low),MDS,DBSCAN,dbcv,Random,73,-1.0,0.23914824703074486
A,Wine quality (Low),MDS,DBSCAN,dbcv,Random,74,-1.0,0.23914824703074486
A,Wine quality (Low),MDS,DBSCAN,dbcv,Random,75,-1.0,0.23914824703074486
A,Wine quality (Low),MDS,DBSCAN,dbcv,Random,76,-1.0,0.23914824703074486
A,Wine quality (Low),MDS,DBSCAN,dbcv,Random,77,-1.0,0.23914824703074486
A,Wine quality (Low),MDS,DBSCAN,dbcv,Random,78,-1.0,0.23914824703074486
A,Wine quality (Low),MDS,DBSCAN,dbcv,Random,79,-1.0,0.23914824703074486
A,Wine quality (Low),MDS,DBSCAN,dbcv,Random,80,-1.0,0.23914824703074486
A,Wine quality (Low),MDS,DBSCAN,dbcv,Random,81,-1.0,0.23914824703074486
A,Wine quality (Low),MDS,DBSCAN,dbcv,Random,82,-1.0,0.23914824703074486
A,Wine quality (Low),MDS,DBSCAN,dbcv,Random,83,-1.0,0.23914824703074486
A,Wine quality (Low),MDS,DBSCAN,dbcv,Random,84,0.02356158864456749,0.23914824703074486
A,Wine quality (Low),MDS,DBSCAN,dbcv,Random,85,-1.0,0.23914824703074486
A,Wine quality (Low),MDS,DBSCAN,dbcv,Random,86,-1.0,0.23914824703074486
A,Wine quality (Low),MDS,DBSCAN,dbcv,Random,87,-1.0,0.23914824703074486
A,Wine quality (Low),MDS,DBSCAN,dbcv,Random,88,-1.0,0.23914824703074486
A,Wine quality (Low),MDS,DBSCAN,dbcv,Random,89,-0.027016981505414355,0.23914824703074486
A,Wine quality (Low),MDS,DBSCAN,dbcv,Random,90,-1.0,0.23914824703074486
A,Wine quality (Low),MDS,DBSCAN,dbcv,Random,91,-1.0,0.23914824703074486
A,Wine quality (Low),MDS,DBSCAN,dbcv,Random,92,-1.0,0.23914824703074486
A,Wine quality (Low),MDS,DBSCAN,dbcv,Random,93,-1.0,0.23914824703074486
A,Wine quality (Low),MDS,DBSCAN,dbcv,Random,94,-1.0,0.23914824703074486
A,Wine quality (Low),MDS,DBSCAN,dbcv,Random,95,-1.0,0.23914824703074486
A,Wine quality (Low),MDS,DBSCAN,dbcv,Random,96,-1.0,0.23914824703074486
A,Wine quality (Low),MDS,DBSCAN,dbcv,Random,97,-1.0,0.23914824703074486
A,Wine quality (Low),MDS,DBSCAN,dbcv,Random,98,-1.0,0.23914824703074486
A,Wine quality (Low),MDS,DBSCAN,dbcv,Random,99,-1.0,0.23914824703074486
A,Wine quality (Low),MDS,KMeans,dbcv,TPE,0,-0.39764631377754917,-0.39764631377754917
A,Wine quality (Low),MDS,KMeans,dbcv,TPE,1,-0.3905558311636341,-0.3905558311636341
A,Wine quality (Low),MDS,KMeans,dbcv,TPE,2,-0.4850256862988391,-0.3905558311636341
A,Wine quality (Low),MDS,KMeans,dbcv,TPE,3,-0.4218059048982296,-0.3905558311636341
A,Wine quality (Low),MDS,KMeans,dbcv,TPE,4,-0.44191232757421844,-0.3905558311636341
A,Wine quality (Low),MDS,KMeans,dbcv,TPE,5,-0.4531178938283368,-0.3905558311636341
A,Wine quality (Low),MDS,KMeans,dbcv,TPE,6,-0.4455976242534614,-0.3905558311636341
A,Wine quality (Low),MDS,KMeans,dbcv,TPE,7,-0.48780921341537126,-0.3905558311636341
A,Wine quality (Low),MDS,KMeans,dbcv,TPE,8,-0.46986819401035357,-0.3905558311636341
A,Wine quality (Low),MDS,KMeans,dbcv,TPE,9,-0.5009049245631416,-0.3905558311636341
A,Wine quality (Low),MDS,KMeans,dbcv,TPE,10,-0.40903337697608805,-0.3905558311636341
A,Wine quality (Low),MDS,KMeans,dbcv,TPE,11,-0.41477965607235145,-0.3905558311636341
A,Wine quality (Low),MDS,KMeans,dbcv,TPE,12,-0.3891563542199258,-0.3891563542199258
A,Wine quality (Low),MDS,KMeans,dbcv,TPE,13,-0.45548038448848815,-0.3891563542199258
A,Wine quality (Low),MDS,KMeans,dbcv,TPE,14,-0.35966183124798523,-0.35966183124798523
A,Wine quality (Low),MDS,KMeans,dbcv,TPE,15,-0.4014618376194051,-0.35966183124798523
A,Wine quality (Low),MDS,KMeans,dbcv,TPE,16,-0.4873093191408052,-0.35966183124798523
A,Wine quality (Low),MDS,KMeans,dbcv,TPE,17,-0.4404201130542743,-0.35966183124798523
A,Wine quality (Low),MDS,KMeans,dbcv,TPE,18,-0.473243437147819,-0.35966183124798523
A,Wine quality (Low),MDS,KMeans,dbcv,TPE,19,-0.36435076321632737,-0.35966183124798523
A,Wine quality (Low),MDS,KMeans,dbcv,TPE,20,-0.48924768433585547,-0.35966183124798523
A,Wine quality (Low),MDS,KMeans,dbcv,TPE,21,-0.370716142198125,-0.35966183124798523
A,Wine quality (Low),MDS,KMeans,dbcv,TPE,22,-0.3813104195445313,-0.35966183124798523
A,Wine quality (Low),MDS,KMeans,dbcv,TPE,23,-0.3682694688480368,-0.35966183124798523
A,Wine quality (Low),MDS,KMeans,dbcv,TPE,24,-0.4105313282210141,-0.35966183124798523
A,Wine quality (Low),MDS,KMeans,dbcv,TPE,25,-0.4088525765481471,-0.35966183124798523
A,Wine quality (Low),MDS,KMeans,dbcv,TPE,26,-0.40161084005705705,-0.35966183124798523
A,Wine quality (Low),MDS,KMeans,dbcv,TPE,27,-0.43552711633613883,-0.35966183124798523
A,Wine quality (Low),MDS,KMeans,dbcv,TPE,28,-0.3648125668102692,-0.35966183124798523
A,Wine quality (Low),MDS,KMeans,dbcv,TPE,29,-0.377057626171881,-0.35966183124798523
A,Wine quality (Low),MDS,KMeans,dbcv,TPE,30,-0.4080304563679472,-0.35966183124798523
A,Wine quality (Low),MDS,KMeans,dbcv,TPE,31,-0.42297354869474074,-0.35966183124798523
A,Wine quality (Low),MDS,KMeans,dbcv,TPE,32,-0.37835321637969715,-0.35966183124798523
A,Wine quality (Low),MDS,KMeans,dbcv,TPE,33,-0.40236545888108616,-0.35966183124798523
A,Wine quality (Low),MDS,KMeans,dbcv,TPE,34,-0.3624706535178883,-0.35966183124798523
A,Wine quality (Low),MDS,KMeans,dbcv,TPE,35,-0.4202104820743883,-0.35966183124798523
A,Wine quality (Low),MDS,KMeans,dbcv,TPE,36,-0.36534578305053966,-0.35966183124798523
A,Wine quality (Low),MDS,KMeans,dbcv,TPE,37,-0.4114350100783922,-0.35966183124798523
A,Wine quality (Low),MDS,KMeans,dbcv,TPE,38,-0.4058064576758782,-0.35966183124798523
A,Wine quality (Low),MDS,KMeans,dbcv,TPE,39,-0.39129250592253434,-0.35966183124798523
A,Wine quality (Low),MDS,KMeans,dbcv,TPE,40,-0.3970665164569878,-0.35966183124798523
A,Wine quality (Low),MDS,KMeans,dbcv,TPE,41,-0.3990082483159386,-0.35966183124798523
A,Wine quality (Low),MDS,KMeans,dbcv,TPE,42,-0.4332518836129497,-0.35966183124798523
A,Wine quality (Low),MDS,KMeans,dbcv,TPE,43,-0.42301725100183574,-0.35966183124798523
A,Wine quality (Low),MDS,KMeans,dbcv,TPE,44,-0.4015973659872041,-0.35966183124798523
A,Wine quality (Low),MDS,KMeans,dbcv,TPE,45,-0.4076142438330233,-0.35966183124798523
A,Wine quality (Low),MDS,KMeans,dbcv,TPE,46,-0.4833290795327749,-0.35966183124798523
A,Wine quality (Low),MDS,KMeans,dbcv,TPE,47,-0.45227841492989923,-0.35966183124798523
A,Wine quality (Low),MDS,KMeans,dbcv,TPE,48,-0.34708512687297893,-0.34708512687297893
A,Wine quality (Low),MDS,KMeans,dbcv,TPE,49,-0.35084186042321136,-0.34708512687297893
A,Wine quality (Low),MDS,KMeans,dbcv,TPE,50,-0.3973287124058467,-0.34708512687297893
A,Wine quality (Low),MDS,KMeans,dbcv,TPE,51,-0.37092762719420486,-0.34708512687297893
A,Wine quality (Low),MDS,KMeans,dbcv,TPE,52,-0.4062965101336937,-0.34708512687297893
A,Wine quality (Low),MDS,KMeans,dbcv,TPE,53,-0.32712492689785894,-0.32712492689785894
A,Wine quality (Low),MDS,KMeans,dbcv,TPE,54,-0.30689248856605794,-0.30689248856605794
A,Wine quality (Low),MDS,KMeans,dbcv,TPE,55,-0.3566418131545153,-0.30689248856605794
A,Wine quality (Low),MDS,KMeans,dbcv,TPE,56,-0.42351465190997956,-0.30689248856605794
A,Wine quality (Low),MDS,KMeans,dbcv,TPE,57,-0.40708407912363515,-0.30689248856605794
A,Wine quality (Low),MDS,KMeans,dbcv,TPE,58,-0.3489021933220143,-0.30689248856605794
A,Wine quality (Low),MDS,KMeans,dbcv,TPE,59,-0.3933557111318784,-0.30689248856605794
A,Wine quality (Low),MDS,KMeans,dbcv,TPE,60,-0.37227051897625785,-0.30689248856605794
A,Wine quality (Low),MDS,KMeans,dbcv,TPE,61,-0.3730367064346254,-0.30689248856605794
A,Wine quality (Low),MDS,KMeans,dbcv,TPE,62,-0.4317830596618887,-0.30689248856605794
A,Wine quality (Low),MDS,KMeans,dbcv,TPE,63,-0.3557158835914934,-0.30689248856605794
A,Wine quality (Low),MDS,KMeans,dbcv,TPE,64,-0.373584178424463,-0.30689248856605794
A,Wine quality (Low),MDS,KMeans,dbcv,TPE,65,-0.3735534922058699,-0.30689248856605794
A,Wine quality (Low),MDS,KMeans,dbcv,TPE,66,-0.3445607894076331,-0.30689248856605794
A,Wine quality (Low),MDS,KMeans,dbcv,TPE,67,-0.39823318149109255,-0.30689248856605794
A,Wine quality (Low),MDS,KMeans,dbcv,TPE,68,-0.400468063344744,-0.30689248856605794
A,Wine quality (Low),MDS,KMeans,dbcv,TPE,69,-0.37811911802626874,-0.30689248856605794
A,Wine quality (Low),MDS,KMeans,dbcv,TPE,70,-0.381097996126965,-0.30689248856605794
A,Wine quality (Low),MDS,KMeans,dbcv,TPE,71,-0.34077083610471354,-0.30689248856605794
A,Wine quality (Low),MDS,KMeans,dbcv,TPE,72,-0.4355494645191647,-0.30689248856605794
A,Wine quality (Low),MDS,KMeans,dbcv,TPE,73,-0.4105828072036918,-0.30689248856605794
A,Wine quality (Low),MDS,KMeans,dbcv,TPE,74,-0.3761831553888412,-0.30689248856605794
A,Wine quality (Low),MDS,KMeans,dbcv,TPE,75,-0.41777525387550335,-0.30689248856605794
A,Wine quality (Low),MDS,KMeans,dbcv,TPE,76,-0.39680059393268763,-0.30689248856605794
A,Wine quality (Low),MDS,KMeans,dbcv,TPE,77,-0.48924768433585547,-0.30689248856605794
A,Wine quality (Low),MDS,KMeans,dbcv,TPE,78,-0.42637467179133137,-0.30689248856605794
A,Wine quality (Low),MDS,KMeans,dbcv,TPE,79,-0.3596131416208954,-0.30689248856605794
A,Wine quality (Low),MDS,KMeans,dbcv,TPE,80,-0.35435818228752397,-0.30689248856605794
A,Wine quality (Low),MDS,KMeans,dbcv,TPE,81,-0.38954352928314706,-0.30689248856605794
A,Wine quality (Low),MDS,KMeans,dbcv,TPE,82,-0.39096342859270344,-0.30689248856605794
A,Wine quality (Low),MDS,KMeans,dbcv,TPE,83,-0.3401288718137666,-0.30689248856605794
A,Wine quality (Low),MDS,KMeans,dbcv,TPE,84,-0.4081249492086388,-0.30689248856605794
A,Wine quality (Low),MDS,KMeans,dbcv,TPE,85,-0.3935966154410649,-0.30689248856605794
A,Wine quality (Low),MDS,KMeans,dbcv,TPE,86,-0.37389974841079404,-0.30689248856605794
A,Wine quality (Low),MDS,KMeans,dbcv,TPE,87,-0.35511583497801225,-0.30689248856605794
A,Wine quality (Low),MDS,KMeans,dbcv,TPE,88,-0.3729752800295364,-0.30689248856605794
A,Wine quality (Low),MDS,KMeans,dbcv,TPE,89,-0.36128795235858635,-0.30689248856605794
A,Wine quality (Low),MDS,KMeans,dbcv,TPE,90,-0.32509695444420067,-0.30689248856605794
A,Wine quality (Low),MDS,KMeans,dbcv,TPE,91,-0.4764218410327249,-0.30689248856605794
A,Wine quality (Low),MDS,KMeans,dbcv,TPE,92,-0.3426633230347803,-0.30689248856605794
A,Wine quality (Low),MDS,KMeans,dbcv,TPE,93,-0.4424899791153866,-0.30689248856605794
A,Wine quality (Low),MDS,KMeans,dbcv,TPE,94,-0.38861803110087395,-0.30689248856605794
A,Wine quality (Low),MDS,KMeans,dbcv,TPE,95,-0.4379368478434952,-0.30689248856605794
A,Wine quality (Low),MDS,KMeans,dbcv,TPE,96,-0.36552561216618945,-0.30689248856605794
A,Wine quality (Low),MDS,KMeans,dbcv,TPE,97,-0.5341013506218553,-0.30689248856605794
A,Wine quality (Low),MDS,KMeans,dbcv,TPE,98,-0.3531929976190509,-0.30689248856605794
A,Wine quality (Low),MDS,KMeans,dbcv,TPE,99,-0.4279611488654087,-0.30689248856605794
A,Wine quality (Low),MDS,KMeans,dbcv,Random,0,-0.4285977851383477,-0.4285977851383477
A,Wine quality (Low),MDS,KMeans,dbcv,Random,1,-0.416147297185561,-0.416147297185561
A,Wine quality (Low),MDS,KMeans,dbcv,Random,2,-0.43905983889273564,-0.416147297185561
A,Wine quality (Low),MDS,KMeans,dbcv,Random,3,-0.4369207841672402,-0.416147297185561
A,Wine quality (Low),MDS,KMeans,dbcv,Random,4,-0.45763581041154516,-0.416147297185561
A,Wine quality (Low),MDS,KMeans,dbcv,Random,5,-0.43867185907713185,-0.416147297185561
A,Wine quality (Low),MDS,KMeans,dbcv,Random,6,-0.47763041625886515,-0.416147297185561
A,Wine quality (Low),MDS,KMeans,dbcv,Random,7,-0.4850256862988391,-0.416147297185561
A,Wine quality (Low),MDS,KMeans,dbcv,Random,8,-0.47767796328556344,-0.416147297185561
A,Wine quality (Low),MDS,KMeans,dbcv,Random,9,-0.5264187828172071,-0.416147297185561
A,Wine quality (Low),MDS,KMeans,dbcv,Random,10,-0.5637924901379274,-0.416147297185561
A,Wine quality (Low),MDS,KMeans,dbcv,Random,11,-0.45382423183099,-0.416147297185561
A,Wine quality (Low),MDS,KMeans,dbcv,Random,12,-0.4776335669313099,-0.416147297185561
A,Wine quality (Low),MDS,KMeans,dbcv,Random,13,-0.44576977820262254,-0.416147297185561
A,Wine quality (Low),MDS,KMeans,dbcv,Random,14,-0.48961870483066394,-0.416147297185561
A,Wine quality (Low),MDS,KMeans,dbcv,Random,15,-0.4864243234706874,-0.416147297185561
A,Wine quality (Low),MDS,KMeans,dbcv,Random,16,-0.44983105856572836,-0.416147297185561
A,Wine quality (Low),MDS,KMeans,dbcv,Random,17,-0.4179094385463829,-0.416147297185561
A,Wine quality (Low),MDS,KMeans,dbcv,Random,18,-0.5645715728832972,-0.416147297185561
A,Wine quality (Low),MDS,KMeans,dbcv,Random,19,-0.4128877152475375,-0.4128877152475375
A,Wine quality (Low),MDS,KMeans,dbcv,Random,20,-0.5210770855032083,-0.4128877152475375
A,Wine quality (Low),MDS,KMeans,dbcv,Random,21,-0.4311805070281723,-0.4128877152475375
A,Wine quality (Low),MDS,KMeans,dbcv,Random,22,-0.36655100013529535,-0.36655100013529535
A,Wine quality (Low),MDS,KMeans,dbcv,Random,23,-0.4446540887792456,-0.36655100013529535
A,Wine quality (Low),MDS,KMeans,dbcv,Random,24,-0.468113501501058,-0.36655100013529535
A,Wine quality (Low),MDS,KMeans,dbcv,Random,25,-0.4549168813172567,-0.36655100013529535
A,Wine quality (Low),MDS,KMeans,dbcv,Random,26,-0.3415494707311243,-0.3415494707311243
A,Wine quality (Low),MDS,KMeans,dbcv,Random,27,-0.37354775335426227,-0.3415494707311243
A,Wine quality (Low),MDS,KMeans,dbcv,Random,28,-0.5319940187637802,-0.3415494707311243
A,Wine quality (Low),MDS,KMeans,dbcv,Random,29,-0.5721242517039246,-0.3415494707311243
A,Wine quality (Low),MDS,KMeans,dbcv,Random,30,-0.4222412087946685,-0.3415494707311243
A,Wine quality (Low),MDS,KMeans,dbcv,Random,31,-0.5625804203582843,-0.3415494707311243
A,Wine quality (Low),MDS,KMeans,dbcv,Random,32,-0.38682628440772526,-0.3415494707311243
A,Wine quality (Low),MDS,KMeans,dbcv,Random,33,-0.37948471388243926,-0.3415494707311243
A,Wine quality (Low),MDS,KMeans,dbcv,Random,34,-0.4337349265889548,-0.3415494707311243
A,Wine quality (Low),MDS,KMeans,dbcv,Random,35,-0.44091983562135123,-0.3415494707311243
A,Wine quality (Low),MDS,KMeans,dbcv,Random,36,-0.4868780809719473,-0.3415494707311243
A,Wine quality (Low),MDS,KMeans,dbcv,Random,37,-0.37428920755632783,-0.3415494707311243
A,Wine quality (Low),MDS,KMeans,dbcv,Random,38,-0.5578664635576072,-0.3415494707311243
A,Wine quality (Low),MDS,KMeans,dbcv,Random,39,-0.5640527822300331,-0.3415494707311243
A,Wine quality (Low),MDS,KMeans,dbcv,Random,40,-0.385453422143601,-0.3415494707311243
A,Wine quality (Low),MDS,KMeans,dbcv,Random,41,-0.48998849673129485,-0.3415494707311243
A,Wine quality (Low),MDS,KMeans,dbcv,Random,42,-0.4684732623461012,-0.3415494707311243
A,Wine quality (Low),MDS,KMeans,dbcv,Random,43,-0.4035049619995704,-0.3415494707311243
A,Wine quality (Low),MDS,KMeans,dbcv,Random,44,-0.48368852104202326,-0.3415494707311243
A,Wine quality (Low),MDS,KMeans,dbcv,Random,45,-0.4231519396254238,-0.3415494707311243
A,Wine quality (Low),MDS,KMeans,dbcv,Random,46,-0.38701598059141573,-0.3415494707311243
A,Wine quality (Low),MDS,KMeans,dbcv,Random,47,-0.45388367415986036,-0.3415494707311243
A,Wine quality (Low),MDS,KMeans,dbcv,Random,48,-0.4535975239040824,-0.3415494707311243
A,Wine quality (Low),MDS,KMeans,dbcv,Random,49,-0.5705225010273859,-0.3415494707311243
A,Wine quality (Low),MDS,KMeans,dbcv,Random,50,-0.41654891127504506,-0.3415494707311243
A,Wine quality (Low),MDS,KMeans,dbcv,Random,51,-0.4548446822247802,-0.3415494707311243
A,Wine quality (Low),MDS,KMeans,dbcv,Random,52,-0.5419874233704081,-0.3415494707311243
A,Wine quality (Low),MDS,KMeans,dbcv,Random,53,-0.46912672512169923,-0.3415494707311243
A,Wine quality (Low),MDS,KMeans,dbcv,Random,54,-0.5392567965092419,-0.3415494707311243
A,Wine quality (Low),MDS,KMeans,dbcv,Random,55,-0.5655977088897209,-0.3415494707311243
A,Wine quality (Low),MDS,KMeans,dbcv,Random,56,-0.36098660499691376,-0.3415494707311243
A,Wine quality (Low),MDS,KMeans,dbcv,Random,57,-0.3788614049044831,-0.3415494707311243
A,Wine quality (Low),MDS,KMeans,dbcv,Random,58,-0.5609158006960862,-0.3415494707311243
A,Wine quality (Low),MDS,KMeans,dbcv,Random,59,-0.466365696158016,-0.3415494707311243
A,Wine quality (Low),MDS,KMeans,dbcv,Random,60,-0.3950377412311396,-0.3415494707311243
A,Wine quality (Low),MDS,KMeans,dbcv,Random,61,-0.5392567965092419,-0.3415494707311243
A,Wine quality (Low),MDS,KMeans,dbcv,Random,62,-0.4924152449904846,-0.3415494707311243
A,Wine quality (Low),MDS,KMeans,dbcv,Random,63,-0.36839981276855766,-0.3415494707311243
A,Wine quality (Low),MDS,KMeans,dbcv,Random,64,-0.4977591231603114,-0.3415494707311243
A,Wine quality (Low),MDS,KMeans,dbcv,Random,65,-0.4660047317012084,-0.3415494707311243
A,Wine quality (Low),MDS,KMeans,dbcv,Random,66,-0.5683907286357905,-0.3415494707311243
A,Wine quality (Low),MDS,KMeans,dbcv,Random,67,-0.5399265763043384,-0.3415494707311243
A,Wine quality (Low),MDS,KMeans,dbcv,Random,68,-0.4308244828572574,-0.3415494707311243
A,Wine quality (Low),MDS,KMeans,dbcv,Random,69,-0.382202001000127,-0.3415494707311243
A,Wine quality (Low),MDS,KMeans,dbcv,Random,70,-0.5448069512191132,-0.3415494707311243
A,Wine quality (Low),MDS,KMeans,dbcv,Random,71,-0.4806683555359225,-0.3415494707311243
A,Wine quality (Low),MDS,KMeans,dbcv,Random,72,-0.49035833367830595,-0.3415494707311243
A,Wine quality (Low),MDS,KMeans,dbcv,Random,73,-0.42410077732907686,-0.3415494707311243
A,Wine quality (Low),MDS,KMeans,dbcv,Random,74,-0.5051172654685683,-0.3415494707311243
A,Wine quality (Low),MDS,KMeans,dbcv,Random,75,-0.430571913482893,-0.3415494707311243
A,Wine quality (Low),MDS,KMeans,dbcv,Random,76,-0.5580977587399945,-0.3415494707311243
A,Wine quality (Low),MDS,KMeans,dbcv,Random,77,-0.403469618801374,-0.3415494707311243
A,Wine quality (Low),MDS,KMeans,dbcv,Random,78,-0.4666938863223228,-0.3415494707311243
A,Wine quality (Low),MDS,KMeans,dbcv,Random,79,-0.4797916239226238,-0.3415494707311243
A,Wine quality (Low),MDS,KMeans,dbcv,Random,80,-0.46420675562493346,-0.3415494707311243
A,Wine quality (Low),MDS,KMeans,dbcv,Random,81,-0.44609085161651113,-0.3415494707311243
A,Wine quality (Low),MDS,KMeans,dbcv,Random,82,-0.5084710921506698,-0.3415494707311243
A,Wine quality (Low),MDS,KMeans,dbcv,Random,83,-0.5656183603214511,-0.3415494707311243
A,Wine quality (Low),MDS,KMeans,dbcv,Random,84,-0.44167447763154083,-0.3415494707311243
A,Wine quality (Low),MDS,KMeans,dbcv,Random,85,-0.48924768433585547,-0.3415494707311243
A,Wine quality (Low),MDS,KMeans,dbcv,Random,86,-0.5363007581331435,-0.3415494707311243
A,Wine quality (Low),MDS,KMeans,dbcv,Random,87,-0.4462618462289215,-0.3415494707311243
A,Wine quality (Low),MDS,KMeans,dbcv,Random,88,-0.46417368841344064,-0.3415494707311243
A,Wine quality (Low),MDS,KMeans,dbcv,Random,89,-0.5116229901975745,-0.3415494707311243
A,Wine quality (Low),MDS,KMeans,dbcv,Random,90,-0.5594473114512649,-0.3415494707311243
A,Wine quality (Low),MDS,KMeans,dbcv,Random,91,-0.3579458033326045,-0.3415494707311243
A,Wine quality (Low),MDS,KMeans,dbcv,Random,92,-0.4313770638726413,-0.3415494707311243
A,Wine quality (Low),MDS,KMeans,dbcv,Random,93,-0.43378287306207913,-0.3415494707311243
A,Wine quality (Low),MDS,KMeans,dbcv,Random,94,-0.45029988010687677,-0.3415494707311243
A,Wine quality (Low),MDS,KMeans,dbcv,Random,95,-0.4659085169126296,-0.3415494707311243
A,Wine quality (Low),MDS,KMeans,dbcv,Random,96,-0.34041812901092644,-0.34041812901092644
A,Wine quality (Low),MDS,KMeans,dbcv,Random,97,-0.47036882214837034,-0.34041812901092644
A,Wine quality (Low),MDS,KMeans,dbcv,Random,98,-0.3444562670521115,-0.34041812901092644
A,Wine quality (Low),MDS,KMeans,dbcv,Random,99,-0.38480005819255353,-0.34041812901092644
A,Digits (Low),UMAP,HDBSCAN,dbcv,TPE,0,-0.5241651520125227,-0.5241651520125227
A,Digits (Low),UMAP,HDBSCAN,dbcv,TPE,1,-0.5004346733343703,-0.5004346733343703
A,Digits (Low),UMAP,HDBSCAN,dbcv,TPE,2,-0.28354761998470734,-0.28354761998470734
A,Digits (Low),UMAP,HDBSCAN,dbcv,TPE,3,-0.5709551897105102,-0.28354761998470734
A,Digits (Low),UMAP,HDBSCAN,dbcv,TPE,4,-0.5241651520125227,-0.28354761998470734
A,Digits (Low),UMAP,HDBSCAN,dbcv,TPE,5,-0.36623734406882597,-0.28354761998470734
A,Digits (Low),UMAP,HDBSCAN,dbcv,TPE,6,-0.5341892057622162,-0.28354761998470734
A,Digits (Low),UMAP,HDBSCAN,dbcv,TPE,7,-0.5241651520125227,-0.28354761998470734
A,Digits (Low),UMAP,HDBSCAN,dbcv,TPE,8,-0.4533203177204283,-0.28354761998470734
A,Digits (Low),UMAP,HDBSCAN,dbcv,TPE,9,-0.5241651520125227,-0.28354761998470734
A,Digits (Low),UMAP,HDBSCAN,dbcv,TPE,10,-0.5909724625794678,-0.28354761998470734
A,Digits (Low),UMAP,HDBSCAN,dbcv,TPE,11,-0.5241651520125227,-0.28354761998470734
A,Digits (Low),UMAP,HDBSCAN,dbcv,TPE,12,-0.5241651520125227,-0.28354761998470734
A,Digits (Low),UMAP,HDBSCAN,dbcv,TPE,13,-0.5936683320684836,-0.28354761998470734
A,Digits (Low),UMAP,HDBSCAN,dbcv,TPE,14,-0.5241651520125227,-0.28354761998470734
A,Digits (Low),UMAP,HDBSCAN,dbcv,TPE,15,-0.44582312439344707,-0.28354761998470734
A,Digits (Low),UMAP,HDBSCAN,dbcv,TPE,16,-0.5241651520125227,-0.28354761998470734
A,Digits (Low),UMAP,HDBSCAN,dbcv,TPE,17,-0.5241651520125227,-0.28354761998470734
A,Digits (Low),UMAP,HDBSCAN,dbcv,TPE,18,-0.5241651520125227,-0.28354761998470734
A,Digits (Low),UMAP,HDBSCAN,dbcv,TPE,19,-0.5241651520125227,-0.28354761998470734
A,Digits (Low),UMAP,HDBSCAN,dbcv,TPE,20,-0.5241651520125227,-0.28354761998470734
A,Digits (Low),UMAP,HDBSCAN,dbcv,TPE,21,-0.44582312439344707,-0.28354761998470734
A,Digits (Low),UMAP,HDBSCAN,dbcv,TPE,22,-0.5156453242001333,-0.28354761998470734
A,Digits (Low),UMAP,HDBSCAN,dbcv,TPE,23,-0.5241651520125227,-0.28354761998470734
A,Digits (Low),UMAP,HDBSCAN,dbcv,TPE,24,-0.49430405665985166,-0.28354761998470734
A,Digits (Low),UMAP,HDBSCAN,dbcv,TPE,25,-0.5241651520125227,-0.28354761998470734
A,Digits (Low),UMAP,HDBSCAN,dbcv,TPE,26,-0.5241651520125227,-0.28354761998470734
A,Digits (Low),UMAP,HDBSCAN,dbcv,TPE,27,-0.3771180272945257,-0.28354761998470734
A,Digits (Low),UMAP,HDBSCAN,dbcv,TPE,28,-0.44661399364182797,-0.28354761998470734
A,Digits (Low),UMAP,HDBSCAN,dbcv,TPE,29,-0.42906062890725083,-0.28354761998470734
A,Digits (Low),UMAP,HDBSCAN,dbcv,TPE,30,-0.4096363963162609,-0.28354761998470734
A,Digits (Low),UMAP,HDBSCAN,dbcv,TPE,31,-0.4113616678449415,-0.28354761998470734
A,Digits (Low),UMAP,HDBSCAN,dbcv,TPE,32,-0.47440879856966467,-0.28354761998470734
A,Digits (Low),UMAP,HDBSCAN,dbcv,TPE,33,-0.24712367447370415,-0.24712367447370415
A,Digits (Low),UMAP,HDBSCAN,dbcv,TPE,34,-0.2634898315068801,-0.24712367447370415
A,Digits (Low),UMAP,HDBSCAN,dbcv,TPE,35,-0.30693186960467506,-0.24712367447370415
A,Digits (Low),UMAP,HDBSCAN,dbcv,TPE,36,-0.1990299555900213,-0.1990299555900213
A,Digits (Low),UMAP,HDBSCAN,dbcv,TPE,37,-0.39165549985443215,-0.1990299555900213
A,Digits (Low),UMAP,HDBSCAN,dbcv,TPE,38,-0.2670622970149387,-0.1990299555900213
A,Digits (Low),UMAP,HDBSCAN,dbcv,TPE,39,-0.17268155525139464,-0.17268155525139464
A,Digits (Low),UMAP,HDBSCAN,dbcv,TPE,40,-0.16247530441343938,-0.16247530441343938
A,Digits (Low),UMAP,HDBSCAN,dbcv,TPE,41,-0.1667085526650505,-0.16247530441343938
A,Digits (Low),UMAP,HDBSCAN,dbcv,TPE,42,-0.2024928831752199,-0.16247530441343938
A,Digits (Low),UMAP,HDBSCAN,dbcv,TPE,43,-0.1350988861515478,-0.1350988861515478
A,Digits (Low),UMAP,HDBSCAN,dbcv,TPE,44,-0.5692747811652351,-0.1350988861515478
A,Digits (Low),UMAP,HDBSCAN,dbcv,TPE,45,-0.4748789175854113,-0.1350988861515478
A,Digits (Low),UMAP,HDBSCAN,dbcv,TPE,46,-0.3742601766762076,-0.1350988861515478
A,Digits (Low),UMAP,HDBSCAN,dbcv,TPE,47,-0.5241651520125227,-0.1350988861515478
A,Digits (Low),UMAP,HDBSCAN,dbcv,TPE,48,-0.5260681159576672,-0.1350988861515478
A,Digits (Low),UMAP,HDBSCAN,dbcv,TPE,49,-0.15537680446742355,-0.1350988861515478
A,Digits (Low),UMAP,HDBSCAN,dbcv,TPE,50,-0.1796904480658239,-0.1350988861515478
A,Digits (Low),UMAP,HDBSCAN,dbcv,TPE,51,-0.49584313396915913,-0.1350988861515478
A,Digits (Low),UMAP,HDBSCAN,dbcv,TPE,52,-0.4824077134127642,-0.1350988861515478
A,Digits (Low),UMAP,HDBSCAN,dbcv,TPE,53,-0.5046525986962531,-0.1350988861515478
A,Digits (Low),UMAP,HDBSCAN,dbcv,TPE,54,-0.5225156943945688,-0.1350988861515478
A,Digits (Low),UMAP,HDBSCAN,dbcv,TPE,55,-0.5241651520125227,-0.1350988861515478
A,Digits (Low),UMAP,HDBSCAN,dbcv,TPE,56,-0.25656279424602746,-0.1350988861515478
A,Digits (Low),UMAP,HDBSCAN,dbcv,TPE,57,-0.4708926269883956,-0.1350988861515478
A,Digits (Low),UMAP,HDBSCAN,dbcv,TPE,58,-0.18331349391020393,-0.1350988861515478
A,Digits (Low),UMAP,HDBSCAN,dbcv,TPE,59,-0.2537319446003758,-0.1350988861515478
A,Digits (Low),UMAP,HDBSCAN,dbcv,TPE,60,-0.22625958186501655,-0.1350988861515478
A,Digits (Low),UMAP,HDBSCAN,dbcv,TPE,61,-0.2686041538157337,-0.1350988861515478
A,Digits (Low),UMAP,HDBSCAN,dbcv,TPE,62,-0.17529946596108703,-0.1350988861515478
A,Digits (Low),UMAP,HDBSCAN,dbcv,TPE,63,-0.18257536803519703,-0.1350988861515478
A,Digits (Low),UMAP,HDBSCAN,dbcv,TPE,64,-0.15646955485222122,-0.1350988861515478
A,Digits (Low),UMAP,HDBSCAN,dbcv,TPE,65,-0.15888767687747746,-0.1350988861515478
A,Digits (Low),UMAP,HDBSCAN,dbcv,TPE,66,-0.5241651520125227,-0.1350988861515478
A,Digits (Low),UMAP,HDBSCAN,dbcv,TPE,67,-0.12672102063553592,-0.12672102063553592
A,Digits (Low),UMAP,HDBSCAN,dbcv,TPE,68,-0.48063773560303635,-0.12672102063553592
A,Digits (Low),UMAP,HDBSCAN,dbcv,TPE,69,-0.5241651520125227,-0.12672102063553592
A,Digits (Low),UMAP,HDBSCAN,dbcv,TPE,70,-0.1583964176379389,-0.12672102063553592
A,Digits (Low),UMAP,HDBSCAN,dbcv,TPE,71,-0.2273279240356809,-0.12672102063553592
A,Digits (Low),UMAP,HDBSCAN,dbcv,TPE,72,-0.28821454311998057,-0.12672102063553592
A,Digits (Low),UMAP,HDBSCAN,dbcv,TPE,73,-0.5225156943945688,-0.12672102063553592
A,Digits (Low),UMAP,HDBSCAN,dbcv,TPE,74,-0.5241651520125227,-0.12672102063553592
A,Digits (Low),UMAP,HDBSCAN,dbcv,TPE,75,-0.2597472520190192,-0.12672102063553592
A,Digits (Low),UMAP,HDBSCAN,dbcv,TPE,76,-0.4661281883027603,-0.12672102063553592
A,Digits (Low),UMAP,HDBSCAN,dbcv,TPE,77,-0.16256239917566007,-0.12672102063553592
A,Digits (Low),UMAP,HDBSCAN,dbcv,TPE,78,-0.2101477722156821,-0.12672102063553592
A,Digits (Low),UMAP,HDBSCAN,dbcv,TPE,79,-0.5241651520125227,-0.12672102063553592
A,Digits (Low),UMAP,HDBSCAN,dbcv,TPE,80,-0.40855414139802376,-0.12672102063553592
A,Digits (Low),UMAP,HDBSCAN,dbcv,TPE,81,-0.29590423937356125,-0.12672102063553592
A,Digits (Low),UMAP,HDBSCAN,dbcv,TPE,82,-0.17435280131392683,-0.12672102063553592
A,Digits (Low),UMAP,HDBSCAN,dbcv,TPE,83,-0.18208054189096437,-0.12672102063553592
A,Digits (Low),UMAP,HDBSCAN,dbcv,TPE,84,-0.43925303746005306,-0.12672102063553592
A,Digits (Low),UMAP,HDBSCAN,dbcv,TPE,85,-0.1416916313633358,-0.12672102063553592
A,Digits (Low),UMAP,HDBSCAN,dbcv,TPE,86,-0.20695732688382446,-0.12672102063553592
A,Digits (Low),UMAP,HDBSCAN,dbcv,TPE,87,-0.5241651520125227,-0.12672102063553592
A,Digits (Low),UMAP,HDBSCAN,dbcv,TPE,88,-0.1448831226430431,-0.12672102063553592
A,Digits (Low),UMAP,HDBSCAN,dbcv,TPE,89,-0.18569049480762465,-0.12672102063553592
A,Digits (Low),UMAP,HDBSCAN,dbcv,TPE,90,-0.5118124655403454,-0.12672102063553592
A,Digits (Low),UMAP,HDBSCAN,dbcv,TPE,91,-0.21289167290606517,-0.12672102063553592
A,Digits (Low),UMAP,HDBSCAN,dbcv,TPE,92,-0.15418357778568315,-0.12672102063553592
A,Digits (Low),UMAP,HDBSCAN,dbcv,TPE,93,-0.14768676516132598,-0.12672102063553592
A,Digits (Low),UMAP,HDBSCAN,dbcv,TPE,94,-0.5241651520125227,-0.12672102063553592
A,Digits (Low),UMAP,HDBSCAN,dbcv,TPE,95,-0.3334830265335866,-0.12672102063553592
A,Digits (Low),UMAP,HDBSCAN,dbcv,TPE,96,-0.5241651520125227,-0.12672102063553592
A,Digits (Low),UMAP,HDBSCAN,dbcv,TPE,97,-0.1584117901432892,-0.12672102063553592
A,Digits (Low),UMAP,HDBSCAN,dbcv,TPE,98,-0.5241651520125227,-0.12672102063553592
A,Digits (Low),UMAP,HDBSCAN,dbcv,TPE,99,-0.5241651520125227,-0.12672102063553592
A,Digits (Low),UMAP,HDBSCAN,dbcv,Random,0,-0.5241651520125227,-0.5241651520125227
A,Digits (Low),UMAP,HDBSCAN,dbcv,Random,1,-0.5185811820518849,-0.5185811820518849
A,Digits (Low),UMAP,HDBSCAN,dbcv,Random,2,-0.5812344337657709,-0.5185811820518849
A,Digits (Low),UMAP,HDBSCAN,dbcv,Random,3,-0.39806373293506625,-0.39806373293506625
A,Digits (Low),UMAP,HDBSCAN,dbcv,Random,4,-0.5241651520125227,-0.39806373293506625
A,Digits (Low),UMAP,HDBSCAN,dbcv,Random,5,-0.5241651520125227,-0.39806373293506625
A,Digits (Low),UMAP,HDBSCAN,dbcv,Random,6,-0.5173807629227312,-0.39806373293506625
A,Digits (Low),UMAP,HDBSCAN,dbcv,Random,7,-0.5241651520125227,-0.39806373293506625
A,Digits (Low),UMAP,HDBSCAN,dbcv,Random,8,-0.5260681159576672,-0.39806373293506625
A,Digits (Low),UMAP,HDBSCAN,dbcv,Random,9,-0.5241651520125227,-0.39806373293506625
A,Digits (Low),UMAP,HDBSCAN,dbcv,Random,10,-0.5936683320684836,-0.39806373293506625
A,Digits (Low),UMAP,HDBSCAN,dbcv,Random,11,-0.13734995944932646,-0.13734995944932646
A,Digits (Low),UMAP,HDBSCAN,dbcv,Random,12,-0.5241651520125227,-0.13734995944932646
A,Digits (Low),UMAP,HDBSCAN,dbcv,Random,13,-0.5241651520125227,-0.13734995944932646
A,Digits (Low),UMAP,HDBSCAN,dbcv,Random,14,-0.5241651520125227,-0.13734995944932646
A,Digits (Low),UMAP,HDBSCAN,dbcv,Random,15,-0.5709551897105102,-0.13734995944932646
A,Digits (Low),UMAP,HDBSCAN,dbcv,Random,16,-0.5241651520125227,-0.13734995944932646
A,Digits (Low),UMAP,HDBSCAN,dbcv,Random,17,-0.5241651520125227,-0.13734995944932646
A,Digits (Low),UMAP,HDBSCAN,dbcv,Random,18,-0.5241651520125227,-0.13734995944932646
A,Digits (Low),UMAP,HDBSCAN,dbcv,Random,19,-0.5241651520125227,-0.13734995944932646
A,Digits (Low),UMAP,HDBSCAN,dbcv,Random,20,-0.4526520814533132,-0.13734995944932646
A,Digits (Low),UMAP,HDBSCAN,dbcv,Random,21,-0.41842263560926846,-0.13734995944932646
A,Digits (Low),UMAP,HDBSCAN,dbcv,Random,22,-0.5241651520125227,-0.13734995944932646
A,Digits (Low),UMAP,HDBSCAN,dbcv,Random,23,-0.4720330894567004,-0.13734995944932646
A,Digits (Low),UMAP,HDBSCAN,dbcv,Random,24,-0.5241651520125227,-0.13734995944932646
A,Digits (Low),UMAP,HDBSCAN,dbcv,Random,25,-0.5241651520125227,-0.13734995944932646
A,Digits (Low),UMAP,HDBSCAN,dbcv,Random,26,-0.5709551897105102,-0.13734995944932646
A,Digits (Low),UMAP,HDBSCAN,dbcv,Random,27,-0.5241651520125227,-0.13734995944932646
A,Digits (Low),UMAP,HDBSCAN,dbcv,Random,28,-0.5241651520125227,-0.13734995944932646
A,Digits (Low),UMAP,HDBSCAN,dbcv,Random,29,-0.47015095627492126,-0.13734995944932646
A,Digits (Low),UMAP,HDBSCAN,dbcv,Random,30,-0.5936683320684836,-0.13734995944932646
A,Digits (Low),UMAP,HDBSCAN,dbcv,Random,31,-0.5241651520125227,-0.13734995944932646
A,Digits (Low),UMAP,HDBSCAN,dbcv,Random,32,-0.5241651520125227,-0.13734995944932646
A,Digits (Low),UMAP,HDBSCAN,dbcv,Random,33,-0.5241651520125227,-0.13734995944932646
A,Digits (Low),UMAP,HDBSCAN,dbcv,Random,34,-0.2123805853841743,-0.13734995944932646
A,Digits (Low),UMAP,HDBSCAN,dbcv,Random,35,-0.5319647552302047,-0.13734995944932646
A,Digits (Low),UMAP,HDBSCAN,dbcv,Random,36,-0.40712819967357056,-0.13734995944932646
A,Digits (Low),UMAP,HDBSCAN,dbcv,Random,37,-0.5241651520125227,-0.13734995944932646
A,Digits (Low),UMAP,HDBSCAN,dbcv,Random,38,-0.5936683320684836,-0.13734995944932646
A,Digits (Low),UMAP,HDBSCAN,dbcv,Random,39,-0.5241651520125227,-0.13734995944932646
A,Digits (Low),UMAP,HDBSCAN,dbcv,Random,40,-0.5273750219897261,-0.13734995944932646
A,Digits (Low),UMAP,HDBSCAN,dbcv,Random,41,-0.09329927094073145,-0.09329927094073145
A,Digits (Low),UMAP,HDBSCAN,dbcv,Random,42,-0.5241651520125227,-0.09329927094073145
A,Digits (Low),UMAP,HDBSCAN,dbcv,Random,43,-0.5241651520125227,-0.09329927094073145
A,Digits (Low),UMAP,HDBSCAN,dbcv,Random,44,-0.5241651520125227,-0.09329927094073145
A,Digits (Low),UMAP,HDBSCAN,dbcv,Random,45,-0.5695790749459086,-0.09329927094073145
A,Digits (Low),UMAP,HDBSCAN,dbcv,Random,46,-0.5241651520125227,-0.09329927094073145
A,Digits (Low),UMAP,HDBSCAN,dbcv,Random,47,-0.5241651520125227,-0.09329927094073145
A,Digits (Low),UMAP,HDBSCAN,dbcv,Random,48,-0.5241651520125227,-0.09329927094073145
A,Digits (Low),UMAP,HDBSCAN,dbcv,Random,49,-0.5773415881984014,-0.09329927094073145
A,Digits (Low),UMAP,HDBSCAN,dbcv,Random,50,-0.5241651520125227,-0.09329927094073145
A,Digits (Low),UMAP,HDBSCAN,dbcv,Random,51,-0.5709551897105102,-0.09329927094073145
A,Digits (Low),UMAP,HDBSCAN,dbcv,Random,52,-0.5936683320684836,-0.09329927094073145
A,Digits (Low),UMAP,HDBSCAN,dbcv,Random,53,-0.5241651520125227,-0.09329927094073145
A,Digits (Low),UMAP,HDBSCAN,dbcv,Random,54,-0.525320474786232,-0.09329927094073145
A,Digits (Low),UMAP,HDBSCAN,dbcv,Random,55,-0.5241651520125227,-0.09329927094073145
A,Digits (Low),UMAP,HDBSCAN,dbcv,Random,56,-0.5241651520125227,-0.09329927094073145
A,Digits (Low),UMAP,HDBSCAN,dbcv,Random,57,-0.462690352634025,-0.09329927094073145
A,Digits (Low),UMAP,HDBSCAN,dbcv,Random,58,-0.24033116334716645,-0.09329927094073145
A,Digits (Low),UMAP,HDBSCAN,dbcv,Random,59,-0.5241651520125227,-0.09329927094073145
A,Digits (Low),UMAP,HDBSCAN,dbcv,Random,60,-0.5393516956018576,-0.09329927094073145
A,Digits (Low),UMAP,HDBSCAN,dbcv,Random,61,-0.5241651520125227,-0.09329927094073145
A,Digits (Low),UMAP,HDBSCAN,dbcv,Random,62,-0.5319647552302047,-0.09329927094073145
A,Digits (Low),UMAP,HDBSCAN,dbcv,Random,63,-0.5241651520125227,-0.09329927094073145
A,Digits (Low),UMAP,HDBSCAN,dbcv,Random,64,-0.5241651520125227,-0.09329927094073145
A,Digits (Low),UMAP,HDBSCAN,dbcv,Random,65,-0.5241651520125227,-0.09329927094073145
A,Digits (Low),UMAP,HDBSCAN,dbcv,Random,66,-0.5241651520125227,-0.09329927094073145
A,Digits (Low),UMAP,HDBSCAN,dbcv,Random,67,-0.39414372960977856,-0.09329927094073145
A,Digits (Low),UMAP,HDBSCAN,dbcv,Random,68,-0.5241651520125227,-0.09329927094073145
A,Digits (Low),UMAP,HDBSCAN,dbcv,Random,69,-0.5241651520125227,-0.09329927094073145
A,Digits (Low),UMAP,HDBSCAN,dbcv,Random,70,-0.5709551897105102,-0.09329927094073145
A,Digits (Low),UMAP,HDBSCAN,dbcv,Random,71,-0.5319647552302047,-0.09329927094073145
A,Digits (Low),UMAP,HDBSCAN,dbcv,Random,72,-0.5241651520125227,-0.09329927094073145
A,Digits (Low),UMAP,HDBSCAN,dbcv,Random,73,-0.5241651520125227,-0.09329927094073145
A,Digits (Low),UMAP,HDBSCAN,dbcv,Random,74,-0.38735138851332424,-0.09329927094073145
A,Digits (Low),UMAP,HDBSCAN,dbcv,Random,75,-0.5241651520125227,-0.09329927094073145
A,Digits (Low),UMAP,HDBSCAN,dbcv,Random,76,-0.5920170179738429,-0.09329927094073145
A,Digits (Low),UMAP,HDBSCAN,dbcv,Random,77,-0.5241651520125227,-0.09329927094073145
A,Digits (Low),UMAP,HDBSCAN,dbcv,Random,78,-0.5241651520125227,-0.09329927094073145
A,Digits (Low),UMAP,HDBSCAN,dbcv,Random,79,-0.5909724625794678,-0.09329927094073145
A,Digits (Low),UMAP,HDBSCAN,dbcv,Random,80,-0.5936683320684836,-0.09329927094073145
A,Digits (Low),UMAP,HDBSCAN,dbcv,Random,81,-0.5319647552302047,-0.09329927094073145
A,Digits (Low),UMAP,HDBSCAN,dbcv,Random,82,-0.5241651520125227,-0.09329927094073145
A,Digits (Low),UMAP,HDBSCAN,dbcv,Random,83,-0.5241651520125227,-0.09329927094073145
A,Digits (Low),UMAP,HDBSCAN,dbcv,Random,84,-0.5241651520125227,-0.09329927094073145
A,Digits (Low),UMAP,HDBSCAN,dbcv,Random,85,-0.5241651520125227,-0.09329927094073145
A,Digits (Low),UMAP,HDBSCAN,dbcv,Random,86,-0.13711067021698736,-0.09329927094073145
A,Digits (Low),UMAP,HDBSCAN,dbcv,Random,87,-0.3821978626366354,-0.09329927094073145
A,Digits (Low),UMAP,HDBSCAN,dbcv,Random,88,-0.5920170179738429,-0.09329927094073145
A,Digits (Low),UMAP,HDBSCAN,dbcv,Random,89,-0.5241651520125227,-0.09329927094073145
A,Digits (Low),UMAP,HDBSCAN,dbcv,Random,90,-0.5319647552302047,-0.09329927094073145
A,Digits (Low),UMAP,HDBSCAN,dbcv,Random,91,-0.09427633553619856,-0.09329927094073145
A,Digits (Low),UMAP,HDBSCAN,dbcv,Random,92,-0.5241651520125227,-0.09329927094073145
A,Digits (Low),UMAP,HDBSCAN,dbcv,Random,93,-0.5241651520125227,-0.09329927094073145
A,Digits (Low),UMAP,HDBSCAN,dbcv,Random,94,-0.5811532224423256,-0.09329927094073145
A,Digits (Low),UMAP,HDBSCAN,dbcv,Random,95,-0.5319647552302047,-0.09329927094073145
A,Digits (Low),UMAP,HDBSCAN,dbcv,Random,96,-0.5241651520125227,-0.09329927094073145
A,Digits (Low),UMAP,HDBSCAN,dbcv,Random,97,-0.5319647552302047,-0.09329927094073145
A,Digits (Low),UMAP,HDBSCAN,dbcv,Random,98,-0.5241651520125227,-0.09329927094073145
A,Digits (Low),UMAP,HDBSCAN,dbcv,Random,99,-0.5319647552302047,-0.09329927094073145
A,Digits (Low),UMAP,DBSCAN,dbcv,TPE,0,-1.0,-1.0
A,Digits (Low),UMAP,DBSCAN,dbcv,TPE,1,-0.5223029890384591,-0.5223029890384591
A,Digits (Low),UMAP,DBSCAN,dbcv,TPE,2,-0.5268329305570484,-0.5223029890384591
A,Digits (Low),UMAP,DBSCAN,dbcv,TPE,3,-0.5223029890384591,-0.5223029890384591
A,Digits (Low),UMAP,DBSCAN,dbcv,TPE,4,-0.5239531012939838,-0.5223029890384591
A,Digits (Low),UMAP,DBSCAN,dbcv,TPE,5,-0.5936683320684836,-0.5223029890384591
A,Digits (Low),UMAP,DBSCAN,dbcv,TPE,6,-1.0,-0.5223029890384591
A,Digits (Low),UMAP,DBSCAN,dbcv,TPE,7,-1.0,-0.5223029890384591
A,Digits (Low),UMAP,DBSCAN,dbcv,TPE,8,-0.6490665135480906,-0.5223029890384591
A,Digits (Low),UMAP,DBSCAN,dbcv,TPE,9,-0.5936683320684836,-0.5223029890384591
A,Digits (Low),UMAP,DBSCAN,dbcv,TPE,10,-1.0,-0.5223029890384591
A,Digits (Low),UMAP,DBSCAN,dbcv,TPE,11,-0.5223029890384591,-0.5223029890384591
A,Digits (Low),UMAP,DBSCAN,dbcv,TPE,12,-0.5223029890384591,-0.5223029890384591
A,Digits (Low),UMAP,DBSCAN,dbcv,TPE,13,-0.5239531012939838,-0.5223029890384591
A,Digits (Low),UMAP,DBSCAN,dbcv,TPE,14,-0.4962623824414033,-0.4962623824414033
A,Digits (Low),UMAP,DBSCAN,dbcv,TPE,15,-0.33665899833032853,-0.33665899833032853
A,Digits (Low),UMAP,DBSCAN,dbcv,TPE,16,-0.03082161920892093,-0.03082161920892093
A,Digits (Low),UMAP,DBSCAN,dbcv,TPE,17,-1.0,-0.03082161920892093
A,Digits (Low),UMAP,DBSCAN,dbcv,TPE,18,-0.13038133699665463,-0.03082161920892093
A,Digits (Low),UMAP,DBSCAN,dbcv,TPE,19,-1.0,-0.03082161920892093
A,Digits (Low),UMAP,DBSCAN,dbcv,TPE,20,-0.5936683320684836,-0.03082161920892093
A,Digits (Low),UMAP,DBSCAN,dbcv,TPE,21,-0.12358650296125591,-0.03082161920892093
A,Digits (Low),UMAP,DBSCAN,dbcv,TPE,22,-0.046905374133538257,-0.03082161920892093
A,Digits (Low),UMAP,DBSCAN,dbcv,TPE,23,-1.0,-0.03082161920892093
A,Digits (Low),UMAP,DBSCAN,dbcv,TPE,24,-0.5239531012939838,-0.03082161920892093
A,Digits (Low),UMAP,DBSCAN,dbcv,TPE,25,-1.0,-0.03082161920892093
A,Digits (Low),UMAP,DBSCAN,dbcv,TPE,26,-0.5214734795083927,-0.03082161920892093
A,Digits (Low),UMAP,DBSCAN,dbcv,TPE,27,-1.0,-0.03082161920892093
A,Digits (Low),UMAP,DBSCAN,dbcv,TPE,28,-0.5223029890384591,-0.03082161920892093
A,Digits (Low),UMAP,DBSCAN,dbcv,TPE,29,-0.12124715017583892,-0.03082161920892093
A,Digits (Low),UMAP,DBSCAN,dbcv,TPE,30,-1.0,-0.03082161920892093
A,Digits (Low),UMAP,DBSCAN,dbcv,TPE,31,-0.11371678765765275,-0.03082161920892093
A,Digits (Low),UMAP,DBSCAN,dbcv,TPE,32,0.06460034008085515,0.06460034008085515
A,Digits (Low),UMAP,DBSCAN,dbcv,TPE,33,-0.5239531012939838,0.06460034008085515
A,Digits (Low),UMAP,DBSCAN,dbcv,TPE,34,-1.0,0.06460034008085515
A,Digits (Low),UMAP,DBSCAN,dbcv,TPE,35,-0.5239531012939838,0.06460034008085515
A,Digits (Low),UMAP,DBSCAN,dbcv,TPE,36,-0.5936683320684836,0.06460034008085515
A,Digits (Low),UMAP,DBSCAN,dbcv,TPE,37,-1.0,0.06460034008085515
A,Digits (Low),UMAP,DBSCAN,dbcv,TPE,38,-1.0,0.06460034008085515
A,Digits (Low),UMAP,DBSCAN,dbcv,TPE,39,-0.22024631919049703,0.06460034008085515
A,Digits (Low),UMAP,DBSCAN,dbcv,TPE,40,-0.5239531012939838,0.06460034008085515
A,Digits (Low),UMAP,DBSCAN,dbcv,TPE,41,0.0020834015022923196,0.06460034008085515
A,Digits (Low),UMAP,DBSCAN,dbcv,TPE,42,-0.5936683320684836,0.06460034008085515
A,Digits (Low),UMAP,DBSCAN,dbcv,TPE,43,-1.0,0.06460034008085515
A,Digits (Low),UMAP,DBSCAN,dbcv,TPE,44,-0.5239531012939838,0.06460034008085515
A,Digits (Low),UMAP,DBSCAN,dbcv,TPE,45,-1.0,0.06460034008085515
A,Digits (Low),UMAP,DBSCAN,dbcv,TPE,46,-1.0,0.06460034008085515
A,Digits (Low),UMAP,DBSCAN,dbcv,TPE,47,-0.5936683320684836,0.06460034008085515
A,Digits (Low),UMAP,DBSCAN,dbcv,TPE,48,-0.055121112330956755,0.06460034008085515
A,Digits (Low),UMAP,DBSCAN,dbcv,TPE,49,-0.025233175457857568,0.06460034008085515
A,Digits (Low),UMAP,DBSCAN,dbcv,TPE,50,-0.5164274448682091,0.06460034008085515
A,Digits (Low),UMAP,DBSCAN,dbcv,TPE,51,-0.02653996353071826,0.06460034008085515
A,Digits (Low),UMAP,DBSCAN,dbcv,TPE,52,-0.43160805411120223,0.06460034008085515
A,Digits (Low),UMAP,DBSCAN,dbcv,TPE,53,-1.0,0.06460034008085515
A,Digits (Low),UMAP,DBSCAN,dbcv,TPE,54,-0.5936683320684836,0.06460034008085515
A,Digits (Low),UMAP,DBSCAN,dbcv,TPE,55,-1.0,0.06460034008085515
A,Digits (Low),UMAP,DBSCAN,dbcv,TPE,56,-0.24959655785721127,0.06460034008085515
A,Digits (Low),UMAP,DBSCAN,dbcv,TPE,57,-1.0,0.06460034008085515
A,Digits (Low),UMAP,DBSCAN,dbcv,TPE,58,-0.47854219466411735,0.06460034008085515
A,Digits (Low),UMAP,DBSCAN,dbcv,TPE,59,-0.40793543790379877,0.06460034008085515
A,Digits (Low),UMAP,DBSCAN,dbcv,TPE,60,-0.2757504752910752,0.06460034008085515
A,Digits (Low),UMAP,DBSCAN,dbcv,TPE,61,-0.04380543826349393,0.06460034008085515
A,Digits (Low),UMAP,DBSCAN,dbcv,TPE,62,-1.0,0.06460034008085515
A,Digits (Low),UMAP,DBSCAN,dbcv,TPE,63,-0.0311989157836186,0.06460034008085515
A,Digits (Low),UMAP,DBSCAN,dbcv,TPE,64,-1.0,0.06460034008085515
A,Digits (Low),UMAP,DBSCAN,dbcv,TPE,65,-0.2796966738173867,0.06460034008085515
A,Digits (Low),UMAP,DBSCAN,dbcv,TPE,66,-1.0,0.06460034008085515
A,Digits (Low),UMAP,DBSCAN,dbcv,TPE,67,-0.5422289213649996,0.06460034008085515
A,Digits (Low),UMAP,DBSCAN,dbcv,TPE,68,-0.23097831380787887,0.06460034008085515
A,Digits (Low),UMAP,DBSCAN,dbcv,TPE,69,-1.0,0.06460034008085515
A,Digits (Low),UMAP,DBSCAN,dbcv,TPE,70,-0.5239531012939838,0.06460034008085515
A,Digits (Low),UMAP,DBSCAN,dbcv,TPE,71,-0.0282055522312943,0.06460034008085515
A,Digits (Low),UMAP,DBSCAN,dbcv,TPE,72,-0.5156557390629247,0.06460034008085515
A,Digits (Low),UMAP,DBSCAN,dbcv,TPE,73,-0.031452864334294846,0.06460034008085515
A,Digits (Low),UMAP,DBSCAN,dbcv,TPE,74,-1.0,0.06460034008085515
A,Digits (Low),UMAP,DBSCAN,dbcv,TPE,75,-0.5158976965495572,0.06460034008085515
A,Digits (Low),UMAP,DBSCAN,dbcv,TPE,76,-0.10144125408748872,0.06460034008085515
A,Digits (Low),UMAP,DBSCAN,dbcv,TPE,77,-1.0,0.06460034008085515
A,Digits (Low),UMAP,DBSCAN,dbcv,TPE,78,-1.0,0.06460034008085515
A,Digits (Low),UMAP,DBSCAN,dbcv,TPE,79,-0.5239531012939838,0.06460034008085515
A,Digits (Low),UMAP,DBSCAN,dbcv,TPE,80,-0.2848843688797779,0.06460034008085515
A,Digits (Low),UMAP,DBSCAN,dbcv,TPE,81,-0.060018200092811204,0.06460034008085515
A,Digits (Low),UMAP,DBSCAN,dbcv,TPE,82,-0.12373949498146998,0.06460034008085515
A,Digits (Low),UMAP,DBSCAN,dbcv,TPE,83,-0.20527579706884164,0.06460034008085515
A,Digits (Low),UMAP,DBSCAN,dbcv,TPE,84,0.015941340279403107,0.06460034008085515
A,Digits (Low),UMAP,DBSCAN,dbcv,TPE,85,-1.0,0.06460034008085515
A,Digits (Low),UMAP,DBSCAN,dbcv,TPE,86,-1.0,0.06460034008085515
A,Digits (Low),UMAP,DBSCAN,dbcv,TPE,87,-0.3714462683658623,0.06460034008085515
A,Digits (Low),UMAP,DBSCAN,dbcv,TPE,88,-0.22904183191534683,0.06460034008085515
A,Digits (Low),UMAP,DBSCAN,dbcv,TPE,89,-0.5239531012939838,0.06460034008085515
A,Digits (Low),UMAP,DBSCAN,dbcv,TPE,90,-0.5239531012939838,0.06460034008085515
A,Digits (Low),UMAP,DBSCAN,dbcv,TPE,91,-1.0,0.06460034008085515
A,Digits (Low),UMAP,DBSCAN,dbcv,TPE,92,-1.0,0.06460034008085515
A,Digits (Low),UMAP,DBSCAN,dbcv,TPE,93,-0.23332709044558037,0.06460034008085515
A,Digits (Low),UMAP,DBSCAN,dbcv,TPE,94,-1.0,0.06460034008085515
A,Digits (Low),UMAP,DBSCAN,dbcv,TPE,95,-1.0,0.06460034008085515
A,Digits (Low),UMAP,DBSCAN,dbcv,TPE,96,-0.3235189853873042,0.06460034008085515
A,Digits (Low),UMAP,DBSCAN,dbcv,TPE,97,-1.0,0.06460034008085515
A,Digits (Low),UMAP,DBSCAN,dbcv,TPE,98,-0.4695717740025465,0.06460034008085515
A,Digits (Low),UMAP,DBSCAN,dbcv,TPE,99,0.03134218027117767,0.06460034008085515
A,Digits (Low),UMAP,DBSCAN,dbcv,Random,0,-1.0,-1.0
A,Digits (Low),UMAP,DBSCAN,dbcv,Random,1,-0.5223029890384591,-0.5223029890384591
A,Digits (Low),UMAP,DBSCAN,dbcv,Random,2,-0.5386409313161983,-0.5223029890384591
A,Digits (Low),UMAP,DBSCAN,dbcv,Random,3,-0.5223029890384591,-0.5223029890384591
A,Digits (Low),UMAP,DBSCAN,dbcv,Random,4,-0.5239531012939838,-0.5223029890384591
A,Digits (Low),UMAP,DBSCAN,dbcv,Random,5,-0.5936683320684836,-0.5223029890384591
A,Digits (Low),UMAP,DBSCAN,dbcv,Random,6,-0.5936683320684836,-0.5223029890384591
A,Digits (Low),UMAP,DBSCAN,dbcv,Random,7,-1.0,-0.5223029890384591
A,Digits (Low),UMAP,DBSCAN,dbcv,Random,8,-0.5936683320684836,-0.5223029890384591
A,Digits (Low),UMAP,DBSCAN,dbcv,Random,9,-0.5936683320684836,-0.5223029890384591
A,Digits (Low),UMAP,DBSCAN,dbcv,Random,10,-1.0,-0.5223029890384591
A,Digits (Low),UMAP,DBSCAN,dbcv,Random,11,-0.030731231843147317,-0.030731231843147317
A,Digits (Low),UMAP,DBSCAN,dbcv,Random,12,-0.5239531012939838,-0.030731231843147317
A,Digits (Low),UMAP,DBSCAN,dbcv,Random,13,-0.07360569262840456,-0.030731231843147317
A,Digits (Low),UMAP,DBSCAN,dbcv,Random,14,-1.0,-0.030731231843147317
A,Digits (Low),UMAP,DBSCAN,dbcv,Random,15,-0.5936683320684836,-0.030731231843147317
A,Digits (Low),UMAP,DBSCAN,dbcv,Random,16,-1.0,-0.030731231843147317
A,Digits (Low),UMAP,DBSCAN,dbcv,Random,17,-0.5920170179738429,-0.030731231843147317
A,Digits (Low),UMAP,DBSCAN,dbcv,Random,18,-0.5223029890384591,-0.030731231843147317
A,Digits (Low),UMAP,DBSCAN,dbcv,Random,19,-1.0,-0.030731231843147317
A,Digits (Low),UMAP,DBSCAN,dbcv,Random,20,-0.5814881458529673,-0.030731231843147317
A,Digits (Low),UMAP,DBSCAN,dbcv,Random,21,-0.5239531012939838,-0.030731231843147317
A,Digits (Low),UMAP,DBSCAN,dbcv,Random,22,-0.5239531012939838,-0.030731231843147317
A,Digits (Low),UMAP,DBSCAN,dbcv,Random,23,-1.0,-0.030731231843147317
A,Digits (Low),UMAP,DBSCAN,dbcv,Random,24,-0.1942761615787953,-0.030731231843147317
A,Digits (Low),UMAP,DBSCAN,dbcv,Random,25,-1.0,-0.030731231843147317
A,Digits (Low),UMAP,DBSCAN,dbcv,Random,26,-0.5239531012939838,-0.030731231843147317
A,Digits (Low),UMAP,DBSCAN,dbcv,Random,27,-0.5239531012939838,-0.030731231843147317
A,Digits (Low),UMAP,DBSCAN,dbcv,Random,28,-0.5239531012939838,-0.030731231843147317
A,Digits (Low),UMAP,DBSCAN,dbcv,Random,29,-1.0,-0.030731231843147317
A,Digits (Low),UMAP,DBSCAN,dbcv,Random,30,-0.5936683320684836,-0.030731231843147317
A,Digits (Low),UMAP,DBSCAN,dbcv,Random,31,-0.5421493536903661,-0.030731231843147317
A,Digits (Low),UMAP,DBSCAN,dbcv,Random,32,-0.5936683320684836,-0.030731231843147317
A,Digits (Low),UMAP,DBSCAN,dbcv,Random,33,-1.0,-0.030731231843147317
A,Digits (Low),UMAP,DBSCAN,dbcv,Random,34,-0.5239531012939838,-0.030731231843147317
A,Digits (Low),UMAP,DBSCAN,dbcv,Random,35,-0.5936683320684836,-0.030731231843147317
A,Digits (Low),UMAP,DBSCAN,dbcv,Random,36,-0.5239531012939838,-0.030731231843147317
A,Digits (Low),UMAP,DBSCAN,dbcv,Random,37,-0.5936683320684836,-0.030731231843147317
A,Digits (Low),UMAP,DBSCAN,dbcv,Random,38,-1.0,-0.030731231843147317
A,Digits (Low),UMAP,DBSCAN,dbcv,Random,39,-0.5936683320684836,-0.030731231843147317
A,Digits (Low),UMAP,DBSCAN,dbcv,Random,40,-0.5936683320684836,-0.030731231843147317
A,Digits (Low),UMAP,DBSCAN,dbcv,Random,41,-1.0,-0.030731231843147317
A,Digits (Low),UMAP,DBSCAN,dbcv,Random,42,-0.5239531012939838,-0.030731231843147317
A,Digits (Low),UMAP,DBSCAN,dbcv,Random,43,-0.5223029890384591,-0.030731231843147317
A,Digits (Low),UMAP,DBSCAN,dbcv,Random,44,-0.5936683320684836,-0.030731231843147317
A,Digits (Low),UMAP,DBSCAN,dbcv,Random,45,-1.0,-0.030731231843147317
A,Digits (Low),UMAP,DBSCAN,dbcv,Random,46,-0.5936683320684836,-0.030731231843147317
A,Digits (Low),UMAP,DBSCAN,dbcv,Random,47,-0.5936683320684836,-0.030731231843147317
A,Digits (Low),UMAP,DBSCAN,dbcv,Random,48,-1.0,-0.030731231843147317
A,Digits (Low),UMAP,DBSCAN,dbcv,Random,49,-1.0,-0.030731231843147317
A,Digits (Low),UMAP,DBSCAN,dbcv,Random,50,-0.5239531012939838,-0.030731231843147317
A,Digits (Low),UMAP,DBSCAN,dbcv,Random,51,-1.0,-0.030731231843147317
A,Digits (Low),UMAP,DBSCAN,dbcv,Random,52,-1.0,-0.030731231843147317
A,Digits (Low),UMAP,DBSCAN,dbcv,Random,53,-0.5936683320684836,-0.030731231843147317
A,Digits (Low),UMAP,DBSCAN,dbcv,Random,54,-1.0,-0.030731231843147317
A,Digits (Low),UMAP,DBSCAN,dbcv,Random,55,-1.0,-0.030731231843147317
A,Digits (Low),UMAP,DBSCAN,dbcv,Random,56,-0.14118436057770034,-0.030731231843147317
A,Digits (Low),UMAP,DBSCAN,dbcv,Random,57,-0.4630563067962748,-0.030731231843147317
A,Digits (Low),UMAP,DBSCAN,dbcv,Random,58,-0.45854221688500857,-0.030731231843147317
A,Digits (Low),UMAP,DBSCAN,dbcv,Random,59,-1.0,-0.030731231843147317
A,Digits (Low),UMAP,DBSCAN,dbcv,Random,60,-0.5045802362884059,-0.030731231843147317
A,Digits (Low),UMAP,DBSCAN,dbcv,Random,61,-1.0,-0.030731231843147317
A,Digits (Low),UMAP,DBSCAN,dbcv,Random,62,-0.5936683320684836,-0.030731231843147317
A,Digits (Low),UMAP,DBSCAN,dbcv,Random,63,-0.5239531012939838,-0.030731231843147317
A,Digits (Low),UMAP,DBSCAN,dbcv,Random,64,-0.5239531012939838,-0.030731231843147317
A,Digits (Low),UMAP,DBSCAN,dbcv,Random,65,-0.5936683320684836,-0.030731231843147317
A,Digits (Low),UMAP,DBSCAN,dbcv,Random,66,-0.5112604771980912,-0.030731231843147317
A,Digits (Low),UMAP,DBSCAN,dbcv,Random,67,-0.5578092087223347,-0.030731231843147317
A,Digits (Low),UMAP,DBSCAN,dbcv,Random,68,-0.5936683320684836,-0.030731231843147317
A,Digits (Low),UMAP,DBSCAN,dbcv,Random,69,-0.5920155093942219,-0.030731231843147317
A,Digits (Low),UMAP,DBSCAN,dbcv,Random,70,-0.5239531012939838,-0.030731231843147317
A,Digits (Low),UMAP,DBSCAN,dbcv,Random,71,-0.5936683320684836,-0.030731231843147317
A,Digits (Low),UMAP,DBSCAN,dbcv,Random,72,-0.5239531012939838,-0.030731231843147317
A,Digits (Low),UMAP,DBSCAN,dbcv,Random,73,-0.5239531012939838,-0.030731231843147317
A,Digits (Low),UMAP,DBSCAN,dbcv,Random,74,-0.5057705400351615,-0.030731231843147317
A,Digits (Low),UMAP,DBSCAN,dbcv,Random,75,-1.0,-0.030731231843147317
A,Digits (Low),UMAP,DBSCAN,dbcv,Random,76,-1.0,-0.030731231843147317
A,Digits (Low),UMAP,DBSCAN,dbcv,Random,77,-1.0,-0.030731231843147317
A,Digits (Low),UMAP,DBSCAN,dbcv,Random,78,-1.0,-0.030731231843147317
A,Digits (Low),UMAP,DBSCAN,dbcv,Random,79,-1.0,-0.030731231843147317
A,Digits (Low),UMAP,DBSCAN,dbcv,Random,80,-1.0,-0.030731231843147317
A,Digits (Low),UMAP,DBSCAN,dbcv,Random,81,-1.0,-0.030731231843147317
A,Digits (Low),UMAP,DBSCAN,dbcv,Random,82,-0.5936683320684836,-0.030731231843147317
A,Digits (Low),UMAP,DBSCAN,dbcv,Random,83,-0.5936683320684836,-0.030731231843147317
A,Digits (Low),UMAP,DBSCAN,dbcv,Random,84,-1.0,-0.030731231843147317
A,Digits (Low),UMAP,DBSCAN,dbcv,Random,85,-0.5239531012939838,-0.030731231843147317
A,Digits (Low),UMAP,DBSCAN,dbcv,Random,86,-0.27516756838285034,-0.030731231843147317
A,Digits (Low),UMAP,DBSCAN,dbcv,Random,87,-0.5936683320684836,-0.030731231843147317
A,Digits (Low),UMAP,DBSCAN,dbcv,Random,88,-0.5814881458529673,-0.030731231843147317
A,Digits (Low),UMAP,DBSCAN,dbcv,Random,89,-1.0,-0.030731231843147317
A,Digits (Low),UMAP,DBSCAN,dbcv,Random,90,-1.0,-0.030731231843147317
A,Digits (Low),UMAP,DBSCAN,dbcv,Random,91,-0.28429471357423997,-0.030731231843147317
A,Digits (Low),UMAP,DBSCAN,dbcv,Random,92,-0.5206521567514111,-0.030731231843147317
A,Digits (Low),UMAP,DBSCAN,dbcv,Random,93,-0.5353759186931301,-0.030731231843147317
A,Digits (Low),UMAP,DBSCAN,dbcv,Random,94,-1.0,-0.030731231843147317
A,Digits (Low),UMAP,DBSCAN,dbcv,Random,95,-1.0,-0.030731231843147317
A,Digits (Low),UMAP,DBSCAN,dbcv,Random,96,-1.0,-0.030731231843147317
A,Digits (Low),UMAP,DBSCAN,dbcv,Random,97,-1.0,-0.030731231843147317
A,Digits (Low),UMAP,DBSCAN,dbcv,Random,98,-0.5239531012939838,-0.030731231843147317
A,Digits (Low),UMAP,DBSCAN,dbcv,Random,99,-0.5936683320684836,-0.030731231843147317
A,Digits (Low),UMAP,KMeans,dbcv,TPE,0,-0.31748413446948937,-0.31748413446948937
A,Digits (Low),UMAP,KMeans,dbcv,TPE,1,-0.2638965743075008,-0.2638965743075008
A,Digits (Low),UMAP,KMeans,dbcv,TPE,2,-0.36758872823441613,-0.2638965743075008
A,Digits (Low),UMAP,KMeans,dbcv,TPE,3,-0.5604819585128563,-0.2638965743075008
A,Digits (Low),UMAP,KMeans,dbcv,TPE,4,-0.4666025593706178,-0.2638965743075008
A,Digits (Low),UMAP,KMeans,dbcv,TPE,5,-0.427463738642123,-0.2638965743075008
A,Digits (Low),UMAP,KMeans,dbcv,TPE,6,-0.33864920425623224,-0.2638965743075008
A,Digits (Low),UMAP,KMeans,dbcv,TPE,7,-0.5497271039639617,-0.2638965743075008
A,Digits (Low),UMAP,KMeans,dbcv,TPE,8,-0.2918390262112549,-0.2638965743075008
A,Digits (Low),UMAP,KMeans,dbcv,TPE,9,-0.39258373302030286,-0.2638965743075008
A,Digits (Low),UMAP,KMeans,dbcv,TPE,10,-0.6487210448780867,-0.2638965743075008
A,Digits (Low),UMAP,KMeans,dbcv,TPE,11,-0.16404675239001873,-0.16404675239001873
A,Digits (Low),UMAP,KMeans,dbcv,TPE,12,-0.3050956455904463,-0.16404675239001873
A,Digits (Low),UMAP,KMeans,dbcv,TPE,13,-0.2829691564338817,-0.16404675239001873
A,Digits (Low),UMAP,KMeans,dbcv,TPE,14,-0.31630825348743624,-0.16404675239001873
A,Digits (Low),UMAP,KMeans,dbcv,TPE,15,-0.3604016946219869,-0.16404675239001873
A,Digits (Low),UMAP,KMeans,dbcv,TPE,16,-0.31915132099619764,-0.16404675239001873
A,Digits (Low),UMAP,KMeans,dbcv,TPE,17,-0.2222839328039498,-0.16404675239001873
A,Digits (Low),UMAP,KMeans,dbcv,TPE,18,-0.2574040595909288,-0.16404675239001873
A,Digits (Low),UMAP,KMeans,dbcv,TPE,19,-0.34368938784963204,-0.16404675239001873
A,Digits (Low),UMAP,KMeans,dbcv,TPE,20,-0.28292112777799755,-0.16404675239001873
A,Digits (Low),UMAP,KMeans,dbcv,TPE,21,-0.2797842214536484,-0.16404675239001873
A,Digits (Low),UMAP,KMeans,dbcv,TPE,22,-0.2715996827071629,-0.16404675239001873
A,Digits (Low),UMAP,KMeans,dbcv,TPE,23,-0.2877949129053011,-0.16404675239001873
A,Digits (Low),UMAP,KMeans,dbcv,TPE,24,-0.309147640931388,-0.16404675239001873
A,Digits (Low),UMAP,KMeans,dbcv,TPE,25,-0.21388748683625186,-0.16404675239001873
A,Digits (Low),UMAP,KMeans,dbcv,TPE,26,-0.27693104573478616,-0.16404675239001873
A,Digits (Low),UMAP,KMeans,dbcv,TPE,27,-0.28084273630659273,-0.16404675239001873
A,Digits (Low),UMAP,KMeans,dbcv,TPE,28,-0.24788561523007632,-0.16404675239001873
A,Digits (Low),UMAP,KMeans,dbcv,TPE,29,-0.254516294597301,-0.16404675239001873
A,Digits (Low),UMAP,KMeans,dbcv,TPE,30,-0.3220334062913808,-0.16404675239001873
A,Digits (Low),UMAP,KMeans,dbcv,TPE,31,-0.2608280148815075,-0.16404675239001873
A,Digits (Low),UMAP,KMeans,dbcv,TPE,32,-0.33756737908167617,-0.16404675239001873
A,Digits (Low),UMAP,KMeans,dbcv,TPE,33,-0.3127435524799934,-0.16404675239001873
A,Digits (Low),UMAP,KMeans,dbcv,TPE,34,-0.21771698502465678,-0.16404675239001873
A,Digits (Low),UMAP,KMeans,dbcv,TPE,35,-0.29579247788905333,-0.16404675239001873
A,Digits (Low),UMAP,KMeans,dbcv,TPE,36,-0.2980530964037363,-0.16404675239001873
A,Digits (Low),UMAP,KMeans,dbcv,TPE,37,-0.2519367782333331,-0.16404675239001873
A,Digits (Low),UMAP,KMeans,dbcv,TPE,38,-0.267138950124167,-0.16404675239001873
A,Digits (Low),UMAP,KMeans,dbcv,TPE,39,-0.3475691650373775,-0.16404675239001873
A,Digits (Low),UMAP,KMeans,dbcv,TPE,40,-0.25821460656215806,-0.16404675239001873
A,Digits (Low),UMAP,KMeans,dbcv,TPE,41,-0.3297224719460979,-0.16404675239001873
A,Digits (Low),UMAP,KMeans,dbcv,TPE,42,-0.3336930176312234,-0.16404675239001873
A,Digits (Low),UMAP,KMeans,dbcv,TPE,43,-0.24886539424066054,-0.16404675239001873
A,Digits (Low),UMAP,KMeans,dbcv,TPE,44,-0.3348853860061054,-0.16404675239001873
A,Digits (Low),UMAP,KMeans,dbcv,TPE,45,-0.2854707314950824,-0.16404675239001873
A,Digits (Low),UMAP,KMeans,dbcv,TPE,46,-0.23152160740704417,-0.16404675239001873
A,Digits (Low),UMAP,KMeans,dbcv,TPE,47,-0.2825931560179516,-0.16404675239001873
A,Digits (Low),UMAP,KMeans,dbcv,TPE,48,-0.24308903347300517,-0.16404675239001873
A,Digits (Low),UMAP,KMeans,dbcv,TPE,49,-0.25505015765614736,-0.16404675239001873
A,Digits (Low),UMAP,KMeans,dbcv,TPE,50,-0.5256395609926104,-0.16404675239001873
A,Digits (Low),UMAP,KMeans,dbcv,TPE,51,-0.2675285124068744,-0.16404675239001873
A,Digits (Low),UMAP,KMeans,dbcv,TPE,52,-0.2544554589579483,-0.16404675239001873
A,Digits (Low),UMAP,KMeans,dbcv,TPE,53,-0.2531736974773841,-0.16404675239001873
A,Digits (Low),UMAP,KMeans,dbcv,TPE,54,-0.27220274099994246,-0.16404675239001873
A,Digits (Low),UMAP,KMeans,dbcv,TPE,55,-0.22812221168724844,-0.16404675239001873
A,Digits (Low),UMAP,KMeans,dbcv,TPE,56,-0.22056111979226403,-0.16404675239001873
A,Digits (Low),UMAP,KMeans,dbcv,TPE,57,-0.6775676770666257,-0.16404675239001873
A,Digits (Low),UMAP,KMeans,dbcv,TPE,58,-0.2400229677355285,-0.16404675239001873
A,Digits (Low),UMAP,KMeans,dbcv,TPE,59,-0.29892016768293406,-0.16404675239001873
A,Digits (Low),UMAP,KMeans,dbcv,TPE,60,-0.4392446625511202,-0.16404675239001873
A,Digits (Low),UMAP,KMeans,dbcv,TPE,61,-0.31833890120290786,-0.16404675239001873
A,Digits (Low),UMAP,KMeans,dbcv,TPE,62,-0.30549728440140955,-0.16404675239001873
A,Digits (Low),UMAP,KMeans,dbcv,TPE,63,-0.3317609735776916,-0.16404675239001873
A,Digits (Low),UMAP,KMeans,dbcv,TPE,64,-0.25630584850111154,-0.16404675239001873
A,Digits (Low),UMAP,KMeans,dbcv,TPE,65,-0.35110731714943305,-0.16404675239001873
A,Digits (Low),UMAP,KMeans,dbcv,TPE,66,-0.3290067183983639,-0.16404675239001873
A,Digits (Low),UMAP,KMeans,dbcv,TPE,67,-0.2433813952089619,-0.16404675239001873
A,Digits (Low),UMAP,KMeans,dbcv,TPE,68,-0.23425608448683666,-0.16404675239001873
A,Digits (Low),UMAP,KMeans,dbcv,TPE,69,-0.27090752421820646,-0.16404675239001873
A,Digits (Low),UMAP,KMeans,dbcv,TPE,70,-0.37356626384559344,-0.16404675239001873
A,Digits (Low),UMAP,KMeans,dbcv,TPE,71,-0.6358793374101835,-0.16404675239001873
A,Digits (Low),UMAP,KMeans,dbcv,TPE,72,-0.28499678477127177,-0.16404675239001873
A,Digits (Low),UMAP,KMeans,dbcv,TPE,73,-0.2803396185986339,-0.16404675239001873
A,Digits (Low),UMAP,KMeans,dbcv,TPE,74,-0.217150391255189,-0.16404675239001873
A,Digits (Low),UMAP,KMeans,dbcv,TPE,75,-0.24706345603732247,-0.16404675239001873
A,Digits (Low),UMAP,KMeans,dbcv,TPE,76,-0.3392675468202051,-0.16404675239001873
A,Digits (Low),UMAP,KMeans,dbcv,TPE,77,-0.23797860571037555,-0.16404675239001873
A,Digits (Low),UMAP,KMeans,dbcv,TPE,78,-0.24980888341447716,-0.16404675239001873
A,Digits (Low),UMAP,KMeans,dbcv,TPE,79,-0.25026601483414634,-0.16404675239001873
A,Digits (Low),UMAP,KMeans,dbcv,TPE,80,-0.23915256112853575,-0.16404675239001873
A,Digits (Low),UMAP,KMeans,dbcv,TPE,81,-0.32164320022639736,-0.16404675239001873
A,Digits (Low),UMAP,KMeans,dbcv,TPE,82,-0.2610264970257573,-0.16404675239001873
A,Digits (Low),UMAP,KMeans,dbcv,TPE,83,-0.2500136583796907,-0.16404675239001873
A,Digits (Low),UMAP,KMeans,dbcv,TPE,84,-0.17151650642538585,-0.16404675239001873
A,Digits (Low),UMAP,KMeans,dbcv,TPE,85,-0.29176751088590513,-0.16404675239001873
A,Digits (Low),UMAP,KMeans,dbcv,TPE,86,-0.2409043685290013,-0.16404675239001873
A,Digits (Low),UMAP,KMeans,dbcv,TPE,87,-0.22056650020421872,-0.16404675239001873
A,Digits (Low),UMAP,KMeans,dbcv,TPE,88,-0.27550322630013213,-0.16404675239001873
A,Digits (Low),UMAP,KMeans,dbcv,TPE,89,-0.3394238869689971,-0.16404675239001873
A,Digits (Low),UMAP,KMeans,dbcv,TPE,90,-0.2537731845297379,-0.16404675239001873
A,Digits (Low),UMAP,KMeans,dbcv,TPE,91,-0.16871954064451042,-0.16404675239001873
A,Digits (Low),UMAP,KMeans,dbcv,TPE,92,-0.30740049158356764,-0.16404675239001873
A,Digits (Low),UMAP,KMeans,dbcv,TPE,93,-0.2529466452277303,-0.16404675239001873
A,Digits (Low),UMAP,KMeans,dbcv,TPE,94,-0.22161875321220917,-0.16404675239001873
A,Digits (Low),UMAP,KMeans,dbcv,TPE,95,-0.23655815286944792,-0.16404675239001873
A,Digits (Low),UMAP,KMeans,dbcv,TPE,96,-0.2511694156896526,-0.16404675239001873
A,Digits (Low),UMAP,KMeans,dbcv,TPE,97,-0.3212555491267566,-0.16404675239001873
A,Digits (Low),UMAP,KMeans,dbcv,TPE,98,-0.22749283016237015,-0.16404675239001873
A,Digits (Low),UMAP,KMeans,dbcv,TPE,99,-0.22910110192203725,-0.16404675239001873
A,Digits (Low),UMAP,KMeans,dbcv,Random,0,-0.2925137596081748,-0.2925137596081748
A,Digits (Low),UMAP,KMeans,dbcv,Random,1,-0.2570615242064167,-0.2570615242064167
A,Digits (Low),UMAP,KMeans,dbcv,Random,2,-0.2999257146967427,-0.2570615242064167
A,Digits (Low),UMAP,KMeans,dbcv,Random,3,-0.6133629511438168,-0.2570615242064167
A,Digits (Low),UMAP,KMeans,dbcv,Random,4,-0.443769520730373,-0.2570615242064167
A,Digits (Low),UMAP,KMeans,dbcv,Random,5,-0.39880590526083814,-0.2570615242064167
A,Digits (Low),UMAP,KMeans,dbcv,Random,6,-0.42571577642881464,-0.2570615242064167
A,Digits (Low),UMAP,KMeans,dbcv,Random,7,-0.6059343514695474,-0.2570615242064167
A,Digits (Low),UMAP,KMeans,dbcv,Random,8,-0.21206724680551517,-0.21206724680551517
A,Digits (Low),UMAP,KMeans,dbcv,Random,9,-0.41499738415193893,-0.21206724680551517
A,Digits (Low),UMAP,KMeans,dbcv,Random,10,-0.28359084047785615,-0.21206724680551517
A,Digits (Low),UMAP,KMeans,dbcv,Random,11,-0.35703574840076,-0.21206724680551517
A,Digits (Low),UMAP,KMeans,dbcv,Random,12,-0.3461830425357796,-0.21206724680551517
A,Digits (Low),UMAP,KMeans,dbcv,Random,13,-0.2474693169701017,-0.21206724680551517
A,Digits (Low),UMAP,KMeans,dbcv,Random,14,-0.45242384076318637,-0.21206724680551517
A,Digits (Low),UMAP,KMeans,dbcv,Random,15,-0.4634856950568541,-0.21206724680551517
A,Digits (Low),UMAP,KMeans,dbcv,Random,16,-0.3288446478832326,-0.21206724680551517
A,Digits (Low),UMAP,KMeans,dbcv,Random,17,-0.5851254464405435,-0.21206724680551517
A,Digits (Low),UMAP,KMeans,dbcv,Random,18,-0.2521568519676323,-0.21206724680551517
A,Digits (Low),UMAP,KMeans,dbcv,Random,19,-0.5858008553652939,-0.21206724680551517
A,Digits (Low),UMAP,KMeans,dbcv,Random,20,-0.6128362486801455,-0.21206724680551517
A,Digits (Low),UMAP,KMeans,dbcv,Random,21,-0.2952525174172335,-0.21206724680551517
A,Digits (Low),UMAP,KMeans,dbcv,Random,22,-0.27504885897264525,-0.21206724680551517
A,Digits (Low),UMAP,KMeans,dbcv,Random,23,-0.39969303249137766,-0.21206724680551517
A,Digits (Low),UMAP,KMeans,dbcv,Random,24,-0.5756843564011158,-0.21206724680551517
A,Digits (Low),UMAP,KMeans,dbcv,Random,25,-0.3928829385569044,-0.21206724680551517
A,Digits (Low),UMAP,KMeans,dbcv,Random,26,-0.30294041690295465,-0.21206724680551517
A,Digits (Low),UMAP,KMeans,dbcv,Random,27,-0.5253539769360572,-0.21206724680551517
A,Digits (Low),UMAP,KMeans,dbcv,Random,28,-0.2351789701807173,-0.21206724680551517
A,Digits (Low),UMAP,KMeans,dbcv,Random,29,-0.4262858487185404,-0.21206724680551517
A,Digits (Low),UMAP,KMeans,dbcv,Random,30,-0.7123352173159915,-0.21206724680551517
A,Digits (Low),UMAP,KMeans,dbcv,Random,31,-0.2714525677315738,-0.21206724680551517
A,Digits (Low),UMAP,KMeans,dbcv,Random,32,-0.49513051534750135,-0.21206724680551517
A,Digits (Low),UMAP,KMeans,dbcv,Random,33,-0.5270037357558613,-0.21206724680551517
A,Digits (Low),UMAP,KMeans,dbcv,Random,34,-0.2423906847014381,-0.21206724680551517
A,Digits (Low),UMAP,KMeans,dbcv,Random,35,-0.48326619864042497,-0.21206724680551517
A,Digits (Low),UMAP,KMeans,dbcv,Random,36,-0.3684571202224057,-0.21206724680551517
A,Digits (Low),UMAP,KMeans,dbcv,Random,37,-0.4720912571175661,-0.21206724680551517
A,Digits (Low),UMAP,KMeans,dbcv,Random,38,-0.4579527396002786,-0.21206724680551517
A,Digits (Low),UMAP,KMeans,dbcv,Random,39,-0.26443118628329704,-0.21206724680551517
A,Digits (Low),UMAP,KMeans,dbcv,Random,40,-0.3630711909038609,-0.21206724680551517
A,Digits (Low),UMAP,KMeans,dbcv,Random,41,-0.5544202702316396,-0.21206724680551517
A,Digits (Low),UMAP,KMeans,dbcv,Random,42,-0.6419130127166898,-0.21206724680551517
A,Digits (Low),UMAP,KMeans,dbcv,Random,43,-0.5962762088808551,-0.21206724680551517
A,Digits (Low),UMAP,KMeans,dbcv,Random,44,-0.5899316435125868,-0.21206724680551517
A,Digits (Low),UMAP,KMeans,dbcv,Random,45,-0.29006276686516214,-0.21206724680551517
A,Digits (Low),UMAP,KMeans,dbcv,Random,46,-0.34795636146206993,-0.21206724680551517
A,Digits (Low),UMAP,KMeans,dbcv,Random,47,-0.22589478931042806,-0.21206724680551517
A,Digits (Low),UMAP,KMeans,dbcv,Random,48,-0.4982185129390983,-0.21206724680551517
A,Digits (Low),UMAP,KMeans,dbcv,Random,49,-0.31429171465082667,-0.21206724680551517
A,Digits (Low),UMAP,KMeans,dbcv,Random,50,-0.28688505582796575,-0.21206724680551517
A,Digits (Low),UMAP,KMeans,dbcv,Random,51,-0.3073240755066974,-0.21206724680551517
A,Digits (Low),UMAP,KMeans,dbcv,Random,52,-0.29076893394687336,-0.21206724680551517
A,Digits (Low),UMAP,KMeans,dbcv,Random,53,-0.46579136839729895,-0.21206724680551517
A,Digits (Low),UMAP,KMeans,dbcv,Random,54,-0.26194361979962416,-0.21206724680551517
A,Digits (Low),UMAP,KMeans,dbcv,Random,55,-0.43252192215822555,-0.21206724680551517
A,Digits (Low),UMAP,KMeans,dbcv,Random,56,-0.4499577689722902,-0.21206724680551517
A,Digits (Low),UMAP,KMeans,dbcv,Random,57,-0.33000031638856636,-0.21206724680551517
A,Digits (Low),UMAP,KMeans,dbcv,Random,58,-0.27882658100342234,-0.21206724680551517
A,Digits (Low),UMAP,KMeans,dbcv,Random,59,-0.5281679162573204,-0.21206724680551517
A,Digits (Low),UMAP,KMeans,dbcv,Random,60,-0.4216771805809284,-0.21206724680551517
A,Digits (Low),UMAP,KMeans,dbcv,Random,61,-0.20034507587049455,-0.20034507587049455
A,Digits (Low),UMAP,KMeans,dbcv,Random,62,-0.37524435987886445,-0.20034507587049455
A,Digits (Low),UMAP,KMeans,dbcv,Random,63,-0.35492467019453505,-0.20034507587049455
A,Digits (Low),UMAP,KMeans,dbcv,Random,64,-0.6595311451361905,-0.20034507587049455
A,Digits (Low),UMAP,KMeans,dbcv,Random,65,-0.3320189082496241,-0.20034507587049455
A,Digits (Low),UMAP,KMeans,dbcv,Random,66,-0.3503426572622663,-0.20034507587049455
A,Digits (Low),UMAP,KMeans,dbcv,Random,67,-0.23384747389872812,-0.20034507587049455
A,Digits (Low),UMAP,KMeans,dbcv,Random,68,-0.3692341014551158,-0.20034507587049455
A,Digits (Low),UMAP,KMeans,dbcv,Random,69,-0.32763574617624497,-0.20034507587049455
A,Digits (Low),UMAP,KMeans,dbcv,Random,70,-0.6224085247652124,-0.20034507587049455
A,Digits (Low),UMAP,KMeans,dbcv,Random,71,-0.3928908092204596,-0.20034507587049455
A,Digits (Low),UMAP,KMeans,dbcv,Random,72,-0.6418624031370453,-0.20034507587049455
A,Digits (Low),UMAP,KMeans,dbcv,Random,73,-0.3382565002087258,-0.20034507587049455
A,Digits (Low),UMAP,KMeans,dbcv,Random,74,-0.5474098836382251,-0.20034507587049455
A,Digits (Low),UMAP,KMeans,dbcv,Random,75,-0.3674207451743544,-0.20034507587049455
A,Digits (Low),UMAP,KMeans,dbcv,Random,76,-0.4997754010029236,-0.20034507587049455
A,Digits (Low),UMAP,KMeans,dbcv,Random,77,-0.6390158090937386,-0.20034507587049455
A,Digits (Low),UMAP,KMeans,dbcv,Random,78,-0.28194947950566834,-0.20034507587049455
A,Digits (Low),UMAP,KMeans,dbcv,Random,79,-0.4718815164831559,-0.20034507587049455
A,Digits (Low),UMAP,KMeans,dbcv,Random,80,-0.5748599872354648,-0.20034507587049455
A,Digits (Low),UMAP,KMeans,dbcv,Random,81,-0.3061443067423429,-0.20034507587049455
A,Digits (Low),UMAP,KMeans,dbcv,Random,82,-0.3587564076615371,-0.20034507587049455
A,Digits (Low),UMAP,KMeans,dbcv,Random,83,-0.6449360678332212,-0.20034507587049455
A,Digits (Low),UMAP,KMeans,dbcv,Random,84,-0.6591553815315101,-0.20034507587049455
A,Digits (Low),UMAP,KMeans,dbcv,Random,85,-0.39275174435239485,-0.20034507587049455
A,Digits (Low),UMAP,KMeans,dbcv,Random,86,-0.7200273964826934,-0.20034507587049455
A,Digits (Low),UMAP,KMeans,dbcv,Random,87,-0.295211551518385,-0.20034507587049455
A,Digits (Low),UMAP,KMeans,dbcv,Random,88,-0.3797388410134263,-0.20034507587049455
A,Digits (Low),UMAP,KMeans,dbcv,Random,89,-0.3569686292549347,-0.20034507587049455
A,Digits (Low),UMAP,KMeans,dbcv,Random,90,-0.3741432622526682,-0.20034507587049455
A,Digits (Low),UMAP,KMeans,dbcv,Random,91,-0.26270859857052997,-0.20034507587049455
A,Digits (Low),UMAP,KMeans,dbcv,Random,92,-0.6530691379404112,-0.20034507587049455
A,Digits (Low),UMAP,KMeans,dbcv,Random,93,-0.4545843064605731,-0.20034507587049455
A,Digits (Low),UMAP,KMeans,dbcv,Random,94,-0.4633494356811224,-0.20034507587049455
A,Digits (Low),UMAP,KMeans,dbcv,Random,95,-0.1969547963648211,-0.1969547963648211
A,Digits (Low),UMAP,KMeans,dbcv,Random,96,-0.5180568183950528,-0.1969547963648211
A,Digits (Low),UMAP,KMeans,dbcv,Random,97,-0.3814461082375236,-0.1969547963648211
A,Digits (Low),UMAP,KMeans,dbcv,Random,98,-0.21554702861590264,-0.1969547963648211
A,Digits (Low),UMAP,KMeans,dbcv,Random,99,-0.2567462507813682,-0.1969547963648211
A,Digits (Low),t-SNE,HDBSCAN,dbcv,TPE,0,-0.5225156943945688,-0.5225156943945688
A,Digits (Low),t-SNE,HDBSCAN,dbcv,TPE,1,-0.04652403273834684,-0.04652403273834684
A,Digits (Low),t-SNE,HDBSCAN,dbcv,TPE,2,0.07194553038626665,0.07194553038626665
A,Digits (Low),t-SNE,HDBSCAN,dbcv,TPE,3,-0.17039160197594536,0.07194553038626665
A,Digits (Low),t-SNE,HDBSCAN,dbcv,TPE,4,-0.19392317925948097,0.07194553038626665
A,Digits (Low),t-SNE,HDBSCAN,dbcv,TPE,5,-0.6290594897594666,0.07194553038626665
A,Digits (Low),t-SNE,HDBSCAN,dbcv,TPE,6,-0.5171281038904434,0.07194553038626665
A,Digits (Low),t-SNE,HDBSCAN,dbcv,TPE,7,-0.2743629292632489,0.07194553038626665
A,Digits (Low),t-SNE,HDBSCAN,dbcv,TPE,8,-0.5418855209568249,0.07194553038626665
A,Digits (Low),t-SNE,HDBSCAN,dbcv,TPE,9,-0.29905309548384146,0.07194553038626665
A,Digits (Low),t-SNE,HDBSCAN,dbcv,TPE,10,-0.493559940095853,0.07194553038626665
A,Digits (Low),t-SNE,HDBSCAN,dbcv,TPE,11,-0.39054331209988014,0.07194553038626665
A,Digits (Low),t-SNE,HDBSCAN,dbcv,TPE,12,0.023266948873900045,0.07194553038626665
A,Digits (Low),t-SNE,HDBSCAN,dbcv,TPE,13,-0.5936683320684836,0.07194553038626665
A,Digits (Low),t-SNE,HDBSCAN,dbcv,TPE,14,-0.019226265626424318,0.07194553038626665
A,Digits (Low),t-SNE,HDBSCAN,dbcv,TPE,15,0.013417203823653428,0.07194553038626665
A,Digits (Low),t-SNE,HDBSCAN,dbcv,TPE,16,-0.5082581992742972,0.07194553038626665
A,Digits (Low),t-SNE,HDBSCAN,dbcv,TPE,17,-0.08464841002916715,0.07194553038626665
A,Digits (Low),t-SNE,HDBSCAN,dbcv,TPE,18,0.011146338320404566,0.07194553038626665
A,Digits (Low),t-SNE,HDBSCAN,dbcv,TPE,19,-0.033392730631863286,0.07194553038626665
A,Digits (Low),t-SNE,HDBSCAN,dbcv,TPE,20,-0.07741071319697551,0.07194553038626665
A,Digits (Low),t-SNE,HDBSCAN,dbcv,TPE,21,-0.04906836267400584,0.07194553038626665
A,Digits (Low),t-SNE,HDBSCAN,dbcv,TPE,22,0.014978267605872788,0.07194553038626665
A,Digits (Low),t-SNE,HDBSCAN,dbcv,TPE,23,-0.2905985305993635,0.07194553038626665
A,Digits (Low),t-SNE,HDBSCAN,dbcv,TPE,24,-0.5688013495281055,0.07194553038626665
A,Digits (Low),t-SNE,HDBSCAN,dbcv,TPE,25,-0.2571498575108608,0.07194553038626665
A,Digits (Low),t-SNE,HDBSCAN,dbcv,TPE,26,-0.007233418903892296,0.07194553038626665
A,Digits (Low),t-SNE,HDBSCAN,dbcv,TPE,27,0.06171220070733222,0.07194553038626665
A,Digits (Low),t-SNE,HDBSCAN,dbcv,TPE,28,-0.02762337378229797,0.07194553038626665
A,Digits (Low),t-SNE,HDBSCAN,dbcv,TPE,29,-0.567333136419659,0.07194553038626665
A,Digits (Low),t-SNE,HDBSCAN,dbcv,TPE,30,-0.5920155093942219,0.07194553038626665
A,Digits (Low),t-SNE,HDBSCAN,dbcv,TPE,31,-0.05601510184855823,0.07194553038626665
A,Digits (Low),t-SNE,HDBSCAN,dbcv,TPE,32,-0.2557881058022139,0.07194553038626665
A,Digits (Low),t-SNE,HDBSCAN,dbcv,TPE,33,-0.013493140328858975,0.07194553038626665
A,Digits (Low),t-SNE,HDBSCAN,dbcv,TPE,34,-0.43970293870061894,0.07194553038626665
A,Digits (Low),t-SNE,HDBSCAN,dbcv,TPE,35,-0.5936683320684836,0.07194553038626665
A,Digits (Low),t-SNE,HDBSCAN,dbcv,TPE,36,-0.19589383341905475,0.07194553038626665
A,Digits (Low),t-SNE,HDBSCAN,dbcv,TPE,37,-0.5936683320684836,0.07194553038626665
A,Digits (Low),t-SNE,HDBSCAN,dbcv,TPE,38,-0.19026289109752892,0.07194553038626665
A,Digits (Low),t-SNE,HDBSCAN,dbcv,TPE,39,-0.04541923770850795,0.07194553038626665
A,Digits (Low),t-SNE,HDBSCAN,dbcv,TPE,40,-0.5368509301441052,0.07194553038626665
A,Digits (Low),t-SNE,HDBSCAN,dbcv,TPE,41,-0.3420223935132929,0.07194553038626665
A,Digits (Low),t-SNE,HDBSCAN,dbcv,TPE,42,0.01415182511131164,0.07194553038626665
A,Digits (Low),t-SNE,HDBSCAN,dbcv,TPE,43,0.003362480279473952,0.07194553038626665
A,Digits (Low),t-SNE,HDBSCAN,dbcv,TPE,44,-0.5045802362884059,0.07194553038626665
A,Digits (Low),t-SNE,HDBSCAN,dbcv,TPE,45,-0.46801323090643665,0.07194553038626665
A,Digits (Low),t-SNE,HDBSCAN,dbcv,TPE,46,-0.03436277879870592,0.07194553038626665
A,Digits (Low),t-SNE,HDBSCAN,dbcv,TPE,47,-0.3202343103501087,0.07194553038626665
A,Digits (Low),t-SNE,HDBSCAN,dbcv,TPE,48,-0.5852761141532902,0.07194553038626665
A,Digits (Low),t-SNE,HDBSCAN,dbcv,TPE,49,-0.5917955747220596,0.07194553038626665
A,Digits (Low),t-SNE,HDBSCAN,dbcv,TPE,50,-0.36073097621619643,0.07194553038626665
A,Digits (Low),t-SNE,HDBSCAN,dbcv,TPE,51,0.018700252307363507,0.07194553038626665
A,Digits (Low),t-SNE,HDBSCAN,dbcv,TPE,52,0.03862470553755955,0.07194553038626665
A,Digits (Low),t-SNE,HDBSCAN,dbcv,TPE,53,-0.292224935564335,0.07194553038626665
A,Digits (Low),t-SNE,HDBSCAN,dbcv,TPE,54,0.04318278763635952,0.07194553038626665
A,Digits (Low),t-SNE,HDBSCAN,dbcv,TPE,55,0.024160112218007953,0.07194553038626665
A,Digits (Low),t-SNE,HDBSCAN,dbcv,TPE,56,-0.12492930015072262,0.07194553038626665
A,Digits (Low),t-SNE,HDBSCAN,dbcv,TPE,57,0.03510217231201148,0.07194553038626665
A,Digits (Low),t-SNE,HDBSCAN,dbcv,TPE,58,-0.10311107374591114,0.07194553038626665
A,Digits (Low),t-SNE,HDBSCAN,dbcv,TPE,59,-0.09652868074456589,0.07194553038626665
A,Digits (Low),t-SNE,HDBSCAN,dbcv,TPE,60,-0.23511802669066295,0.07194553038626665
A,Digits (Low),t-SNE,HDBSCAN,dbcv,TPE,61,-0.09830774084993987,0.07194553038626665
A,Digits (Low),t-SNE,HDBSCAN,dbcv,TPE,62,-0.582885593439164,0.07194553038626665
A,Digits (Low),t-SNE,HDBSCAN,dbcv,TPE,63,-0.22642443077127447,0.07194553038626665
A,Digits (Low),t-SNE,HDBSCAN,dbcv,TPE,64,-0.03160610924919841,0.07194553038626665
A,Digits (Low),t-SNE,HDBSCAN,dbcv,TPE,65,-0.005770905349200894,0.07194553038626665
A,Digits (Low),t-SNE,HDBSCAN,dbcv,TPE,66,-0.033366481843990055,0.07194553038626665
A,Digits (Low),t-SNE,HDBSCAN,dbcv,TPE,67,-0.09092851349515825,0.07194553038626665
A,Digits (Low),t-SNE,HDBSCAN,dbcv,TPE,68,-0.040501948450347935,0.07194553038626665
A,Digits (Low),t-SNE,HDBSCAN,dbcv,TPE,69,-0.5700002093483788,0.07194553038626665
A,Digits (Low),t-SNE,HDBSCAN,dbcv,TPE,70,-0.01717034503121914,0.07194553038626665
A,Digits (Low),t-SNE,HDBSCAN,dbcv,TPE,71,0.0037725332237378457,0.07194553038626665
A,Digits (Low),t-SNE,HDBSCAN,dbcv,TPE,72,0.017583225710178684,0.07194553038626665
A,Digits (Low),t-SNE,HDBSCAN,dbcv,TPE,73,-0.44928067171627933,0.07194553038626665
A,Digits (Low),t-SNE,HDBSCAN,dbcv,TPE,74,-0.5209599888553295,0.07194553038626665
A,Digits (Low),t-SNE,HDBSCAN,dbcv,TPE,75,-0.05816147381023633,0.07194553038626665
A,Digits (Low),t-SNE,HDBSCAN,dbcv,TPE,76,-0.011220561345321428,0.07194553038626665
A,Digits (Low),t-SNE,HDBSCAN,dbcv,TPE,77,-0.025199738335292286,0.07194553038626665
A,Digits (Low),t-SNE,HDBSCAN,dbcv,TPE,78,-0.13885280031579272,0.07194553038626665
A,Digits (Low),t-SNE,HDBSCAN,dbcv,TPE,79,-0.402121080419636,0.07194553038626665
A,Digits (Low),t-SNE,HDBSCAN,dbcv,TPE,80,-0.07174714296349276,0.07194553038626665
A,Digits (Low),t-SNE,HDBSCAN,dbcv,TPE,81,-0.48966451713377956,0.07194553038626665
A,Digits (Low),t-SNE,HDBSCAN,dbcv,TPE,82,-0.4955021078649918,0.07194553038626665
A,Digits (Low),t-SNE,HDBSCAN,dbcv,TPE,83,-0.012431999745675137,0.07194553038626665
A,Digits (Low),t-SNE,HDBSCAN,dbcv,TPE,84,-0.4511639721917584,0.07194553038626665
A,Digits (Low),t-SNE,HDBSCAN,dbcv,TPE,85,-0.12112235088617912,0.07194553038626665
A,Digits (Low),t-SNE,HDBSCAN,dbcv,TPE,86,-0.5653165093581316,0.07194553038626665
A,Digits (Low),t-SNE,HDBSCAN,dbcv,TPE,87,-0.2549783560269432,0.07194553038626665
A,Digits (Low),t-SNE,HDBSCAN,dbcv,TPE,88,-0.04189866017255555,0.07194553038626665
A,Digits (Low),t-SNE,HDBSCAN,dbcv,TPE,89,-0.5936683320684836,0.07194553038626665
A,Digits (Low),t-SNE,HDBSCAN,dbcv,TPE,90,-0.09602019023281287,0.07194553038626665
A,Digits (Low),t-SNE,HDBSCAN,dbcv,TPE,91,-0.02725210787502382,0.07194553038626665
A,Digits (Low),t-SNE,HDBSCAN,dbcv,TPE,92,-0.09359530405462439,0.07194553038626665
A,Digits (Low),t-SNE,HDBSCAN,dbcv,TPE,93,-0.27857895067864485,0.07194553038626665
A,Digits (Low),t-SNE,HDBSCAN,dbcv,TPE,94,-0.03344040048779687,0.07194553038626665
A,Digits (Low),t-SNE,HDBSCAN,dbcv,TPE,95,-0.3827268236448905,0.07194553038626665
A,Digits (Low),t-SNE,HDBSCAN,dbcv,TPE,96,-0.46990552981907274,0.07194553038626665
A,Digits (Low),t-SNE,HDBSCAN,dbcv,TPE,97,-0.09387387573378556,0.07194553038626665
A,Digits (Low),t-SNE,HDBSCAN,dbcv,TPE,98,-0.1620612032027731,0.07194553038626665
A,Digits (Low),t-SNE,HDBSCAN,dbcv,TPE,99,-0.02379831093834438,0.07194553038626665
A,Digits (Low),t-SNE,HDBSCAN,dbcv,Random,0,-0.5225156943945688,-0.5225156943945688
A,Digits (Low),t-SNE,HDBSCAN,dbcv,Random,1,-0.04652403273834684,-0.04652403273834684
A,Digits (Low),t-SNE,HDBSCAN,dbcv,Random,2,0.07194553038626665,0.07194553038626665
A,Digits (Low),t-SNE,HDBSCAN,dbcv,Random,3,-0.17039160197594536,0.07194553038626665
A,Digits (Low),t-SNE,HDBSCAN,dbcv,Random,4,-0.19392317925948097,0.07194553038626665
A,Digits (Low),t-SNE,HDBSCAN,dbcv,Random,5,-0.6290594897594666,0.07194553038626665
A,Digits (Low),t-SNE,HDBSCAN,dbcv,Random,6,-0.5171281038904434,0.07194553038626665
A,Digits (Low),t-SNE,HDBSCAN,dbcv,Random,7,-0.2743629292632489,0.07194553038626665
A,Digits (Low),t-SNE,HDBSCAN,dbcv,Random,8,-0.5418855209568249,0.07194553038626665
A,Digits (Low),t-SNE,HDBSCAN,dbcv,Random,9,-0.29905309548384146,0.07194553038626665
A,Digits (Low),t-SNE,HDBSCAN,dbcv,Random,10,-0.3875269486009715,0.07194553038626665
A,Digits (Low),t-SNE,HDBSCAN,dbcv,Random,11,-0.32923227391993887,0.07194553038626665
A,Digits (Low),t-SNE,HDBSCAN,dbcv,Random,12,-0.5040648531294751,0.07194553038626665
A,Digits (Low),t-SNE,HDBSCAN,dbcv,Random,13,-0.16239346722024034,0.07194553038626665
A,Digits (Low),t-SNE,HDBSCAN,dbcv,Random,14,-0.14950370581480665,0.07194553038626665
A,Digits (Low),t-SNE,HDBSCAN,dbcv,Random,15,-0.3419073567767146,0.07194553038626665
A,Digits (Low),t-SNE,HDBSCAN,dbcv,Random,16,-0.5584779401840119,0.07194553038626665
A,Digits (Low),t-SNE,HDBSCAN,dbcv,Random,17,-0.5705440690589145,0.07194553038626665
A,Digits (Low),t-SNE,HDBSCAN,dbcv,Random,18,-0.5800022046986824,0.07194553038626665
A,Digits (Low),t-SNE,HDBSCAN,dbcv,Random,19,-0.13564980711961525,0.07194553038626665
A,Digits (Low),t-SNE,HDBSCAN,dbcv,Random,20,-0.24726551563110885,0.07194553038626665
A,Digits (Low),t-SNE,HDBSCAN,dbcv,Random,21,-0.5936683320684836,0.07194553038626665
A,Digits (Low),t-SNE,HDBSCAN,dbcv,Random,22,-0.5936683320684836,0.07194553038626665
A,Digits (Low),t-SNE,HDBSCAN,dbcv,Random,23,-0.45659981909401626,0.07194553038626665
A,Digits (Low),t-SNE,HDBSCAN,dbcv,Random,24,-0.15919899751071126,0.07194553038626665
A,Digits (Low),t-SNE,HDBSCAN,dbcv,Random,25,-0.4360892499310822,0.07194553038626665
A,Digits (Low),t-SNE,HDBSCAN,dbcv,Random,26,-0.3803701633608365,0.07194553038626665
A,Digits (Low),t-SNE,HDBSCAN,dbcv,Random,27,-0.3961642684939668,0.07194553038626665
A,Digits (Low),t-SNE,HDBSCAN,dbcv,Random,28,-0.49222817393752366,0.07194553038626665
A,Digits (Low),t-SNE,HDBSCAN,dbcv,Random,29,-0.5700654932440966,0.07194553038626665
A,Digits (Low),t-SNE,HDBSCAN,dbcv,Random,30,-0.2274937928176763,0.07194553038626665
A,Digits (Low),t-SNE,HDBSCAN,dbcv,Random,31,-0.49196255632530195,0.07194553038626665
A,Digits (Low),t-SNE,HDBSCAN,dbcv,Random,32,-0.2361631061512652,0.07194553038626665
A,Digits (Low),t-SNE,HDBSCAN,dbcv,Random,33,-0.42481713928908105,0.07194553038626665
A,Digits (Low),t-SNE,HDBSCAN,dbcv,Random,34,-0.5863211437371403,0.07194553038626665
A,Digits (Low),t-SNE,HDBSCAN,dbcv,Random,35,-0.0262633276533878,0.07194553038626665
A,Digits (Low),t-SNE,HDBSCAN,dbcv,Random,36,-0.5225156943945688,0.07194553038626665
A,Digits (Low),t-SNE,HDBSCAN,dbcv,Random,37,-0.5206521567514111,0.07194553038626665
A,Digits (Low),t-SNE,HDBSCAN,dbcv,Random,38,-0.5917955747220596,0.07194553038626665
A,Digits (Low),t-SNE,HDBSCAN,dbcv,Random,39,-0.024533898485507383,0.07194553038626665
A,Digits (Low),t-SNE,HDBSCAN,dbcv,Random,40,-0.4980304935728984,0.07194553038626665
A,Digits (Low),t-SNE,HDBSCAN,dbcv,Random,41,-0.2046996153040184,0.07194553038626665
A,Digits (Low),t-SNE,HDBSCAN,dbcv,Random,42,-0.3202148363331015,0.07194553038626665
A,Digits (Low),t-SNE,HDBSCAN,dbcv,Random,43,-0.251665814122985,0.07194553038626665
A,Digits (Low),t-SNE,HDBSCAN,dbcv,Random,44,-0.5917955747220596,0.07194553038626665
A,Digits (Low),t-SNE,HDBSCAN,dbcv,Random,45,-0.5794872993896164,0.07194553038626665
A,Digits (Low),t-SNE,HDBSCAN,dbcv,Random,46,-0.5414895272751142,0.07194553038626665
A,Digits (Low),t-SNE,HDBSCAN,dbcv,Random,47,-0.5936683320684836,0.07194553038626665
A,Digits (Low),t-SNE,HDBSCAN,dbcv,Random,48,-0.21086784645309906,0.07194553038626665
A,Digits (Low),t-SNE,HDBSCAN,dbcv,Random,49,-0.30637093565542073,0.07194553038626665
A,Digits (Low),t-SNE,HDBSCAN,dbcv,Random,50,-0.07242620462699277,0.07194553038626665
A,Digits (Low),t-SNE,HDBSCAN,dbcv,Random,51,-0.46091476948019544,0.07194553038626665
A,Digits (Low),t-SNE,HDBSCAN,dbcv,Random,52,-0.5233120162692834,0.07194553038626665
A,Digits (Low),t-SNE,HDBSCAN,dbcv,Random,53,-0.56339210325415,0.07194553038626665
A,Digits (Low),t-SNE,HDBSCAN,dbcv,Random,54,-0.5225156943945688,0.07194553038626665
A,Digits (Low),t-SNE,HDBSCAN,dbcv,Random,55,-0.5053117233739318,0.07194553038626665
A,Digits (Low),t-SNE,HDBSCAN,dbcv,Random,56,-0.5917955747220596,0.07194553038626665
A,Digits (Low),t-SNE,HDBSCAN,dbcv,Random,57,-0.16767985425383658,0.07194553038626665
A,Digits (Low),t-SNE,HDBSCAN,dbcv,Random,58,-0.034138333956048345,0.07194553038626665
A,Digits (Low),t-SNE,HDBSCAN,dbcv,Random,59,-0.3576645945253952,0.07194553038626665
A,Digits (Low),t-SNE,HDBSCAN,dbcv,Random,60,-0.5191504483933722,0.07194553038626665
A,Digits (Low),t-SNE,HDBSCAN,dbcv,Random,61,-0.36725917561980803,0.07194553038626665
A,Digits (Low),t-SNE,HDBSCAN,dbcv,Random,62,-0.0630914926154325,0.07194553038626665
A,Digits (Low),t-SNE,HDBSCAN,dbcv,Random,63,-0.17954652505542767,0.07194553038626665
A,Digits (Low),t-SNE,HDBSCAN,dbcv,Random,64,-0.1534505329102844,0.07194553038626665
A,Digits (Low),t-SNE,HDBSCAN,dbcv,Random,65,-0.5722170888407222,0.07194553038626665
A,Digits (Low),t-SNE,HDBSCAN,dbcv,Random,66,0.009633775698711131,0.07194553038626665
A,Digits (Low),t-SNE,HDBSCAN,dbcv,Random,67,-0.5692747811652351,0.07194553038626665
A,Digits (Low),t-SNE,HDBSCAN,dbcv,Random,68,-0.5926257396654447,0.07194553038626665
A,Digits (Low),t-SNE,HDBSCAN,dbcv,Random,69,-0.3906214693816129,0.07194553038626665
A,Digits (Low),t-SNE,HDBSCAN,dbcv,Random,70,-0.23054681833813542,0.07194553038626665
A,Digits (Low),t-SNE,HDBSCAN,dbcv,Random,71,-0.5936683320684836,0.07194553038626665
A,Digits (Low),t-SNE,HDBSCAN,dbcv,Random,72,-0.0015792664292347462,0.07194553038626665
A,Digits (Low),t-SNE,HDBSCAN,dbcv,Random,73,-0.03701110060054856,0.07194553038626665
A,Digits (Low),t-SNE,HDBSCAN,dbcv,Random,74,-0.27312157837129286,0.07194553038626665
A,Digits (Low),t-SNE,HDBSCAN,dbcv,Random,75,-0.21452159445778954,0.07194553038626665
A,Digits (Low),t-SNE,HDBSCAN,dbcv,Random,76,-0.08212851429152376,0.07194553038626665
A,Digits (Low),t-SNE,HDBSCAN,dbcv,Random,77,-0.22026782243631685,0.07194553038626665
A,Digits (Low),t-SNE,HDBSCAN,dbcv,Random,78,-0.4663710296741227,0.07194553038626665
A,Digits (Low),t-SNE,HDBSCAN,dbcv,Random,79,-0.6252052724986679,0.07194553038626665
A,Digits (Low),t-SNE,HDBSCAN,dbcv,Random,80,-0.5196086446400234,0.07194553038626665
A,Digits (Low),t-SNE,HDBSCAN,dbcv,Random,81,-0.17713926153689352,0.07194553038626665
A,Digits (Low),t-SNE,HDBSCAN,dbcv,Random,82,-0.5355679547563531,0.07194553038626665
A,Digits (Low),t-SNE,HDBSCAN,dbcv,Random,83,-0.14252720244713069,0.07194553038626665
A,Digits (Low),t-SNE,HDBSCAN,dbcv,Random,84,-0.5685741174883102,0.07194553038626665
A,Digits (Low),t-SNE,HDBSCAN,dbcv,Random,85,-0.5241651520125227,0.07194553038626665
A,Digits (Low),t-SNE,HDBSCAN,dbcv,Random,86,-0.23109760462227708,0.07194553038626665
A,Digits (Low),t-SNE,HDBSCAN,dbcv,Random,87,-0.540052210274698,0.07194553038626665
A,Digits (Low),t-SNE,HDBSCAN,dbcv,Random,88,-0.3700581768052666,0.07194553038626665
A,Digits (Low),t-SNE,HDBSCAN,dbcv,Random,89,-0.5917955747220596,0.07194553038626665
A,Digits (Low),t-SNE,HDBSCAN,dbcv,Random,90,-0.5920155093942219,0.07194553038626665
A,Digits (Low),t-SNE,HDBSCAN,dbcv,Random,91,0.006657505238377839,0.07194553038626665
A,Digits (Low),t-SNE,HDBSCAN,dbcv,Random,92,-0.09902185560563521,0.07194553038626665
A,Digits (Low),t-SNE,HDBSCAN,dbcv,Random,93,-0.13489135173232608,0.07194553038626665
A,Digits (Low),t-SNE,HDBSCAN,dbcv,Random,94,-0.5917955747220596,0.07194553038626665
A,Digits (Low),t-SNE,HDBSCAN,dbcv,Random,95,-0.5241651520125227,0.07194553038626665
A,Digits (Low),t-SNE,HDBSCAN,dbcv,Random,96,-0.1805568058347406,0.07194553038626665
A,Digits (Low),t-SNE,HDBSCAN,dbcv,Random,97,-0.6565342486571785,0.07194553038626665
A,Digits (Low),t-SNE,HDBSCAN,dbcv,Random,98,-0.5225156943945688,0.07194553038626665
A,Digits (Low),t-SNE,HDBSCAN,dbcv,Random,99,-0.5812329512912,0.07194553038626665
A,Digits (Low),t-SNE,DBSCAN,dbcv,TPE,0,0.01902614155696822,0.01902614155696822
A,Digits (Low),t-SNE,DBSCAN,dbcv,TPE,1,-1.0,0.01902614155696822
A,Digits (Low),t-SNE,DBSCAN,dbcv,TPE,2,-1.0,0.01902614155696822
A,Digits (Low),t-SNE,DBSCAN,dbcv,TPE,3,-1.0,0.01902614155696822
A,Digits (Low),t-SNE,DBSCAN,dbcv,TPE,4,-1.0,0.01902614155696822
A,Digits (Low),t-SNE,DBSCAN,dbcv,TPE,5,-1.0,0.01902614155696822
A,Digits (Low),t-SNE,DBSCAN,dbcv,TPE,6,-1.0,0.01902614155696822
A,Digits (Low),t-SNE,DBSCAN,dbcv,TPE,7,-0.4433929750938841,0.01902614155696822
A,Digits (Low),t-SNE,DBSCAN,dbcv,TPE,8,-1.0,0.01902614155696822
A,Digits (Low),t-SNE,DBSCAN,dbcv,TPE,9,-0.03574784702495107,0.01902614155696822
A,Digits (Low),t-SNE,DBSCAN,dbcv,TPE,10,-0.5139367548758026,0.01902614155696822
A,Digits (Low),t-SNE,DBSCAN,dbcv,TPE,11,-0.02665495286897497,0.01902614155696822
A,Digits (Low),t-SNE,DBSCAN,dbcv,TPE,12,0.03798370544235941,0.03798370544235941
A,Digits (Low),t-SNE,DBSCAN,dbcv,TPE,13,-0.14434146688645644,0.03798370544235941
A,Digits (Low),t-SNE,DBSCAN,dbcv,TPE,14,-1.0,0.03798370544235941
A,Digits (Low),t-SNE,DBSCAN,dbcv,TPE,15,0.026497429491584366,0.03798370544235941
A,Digits (Low),t-SNE,DBSCAN,dbcv,TPE,16,-0.3820225048702258,0.03798370544235941
A,Digits (Low),t-SNE,DBSCAN,dbcv,TPE,17,-1.0,0.03798370544235941
A,Digits (Low),t-SNE,DBSCAN,dbcv,TPE,18,0.04376974063653016,0.04376974063653016
A,Digits (Low),t-SNE,DBSCAN,dbcv,TPE,19,-1.0,0.04376974063653016
A,Digits (Low),t-SNE,DBSCAN,dbcv,TPE,20,-1.0,0.04376974063653016
A,Digits (Low),t-SNE,DBSCAN,dbcv,TPE,21,-0.009907726060107506,0.04376974063653016
A,Digits (Low),t-SNE,DBSCAN,dbcv,TPE,22,-1.0,0.04376974063653016
A,Digits (Low),t-SNE,DBSCAN,dbcv,TPE,23,-0.020112466040954024,0.04376974063653016
A,Digits (Low),t-SNE,DBSCAN,dbcv,TPE,24,-0.5910097267332154,0.04376974063653016
A,Digits (Low),t-SNE,DBSCAN,dbcv,TPE,25,-0.5070983700726729,0.04376974063653016
A,Digits (Low),t-SNE,DBSCAN,dbcv,TPE,26,-0.02323923619112774,0.04376974063653016
A,Digits (Low),t-SNE,DBSCAN,dbcv,TPE,27,-1.0,0.04376974063653016
A,Digits (Low),t-SNE,DBSCAN,dbcv,TPE,28,-0.2654787390056322,0.04376974063653016
A,Digits (Low),t-SNE,DBSCAN,dbcv,TPE,29,-0.01702029175325555,0.04376974063653016
A,Digits (Low),t-SNE,DBSCAN,dbcv,TPE,30,-0.04500096238937308,0.04376974063653016
A,Digits (Low),t-SNE,DBSCAN,dbcv,TPE,31,-1.0,0.04376974063653016
A,Digits (Low),t-SNE,DBSCAN,dbcv,TPE,32,-1.0,0.04376974063653016
A,Digits (Low),t-SNE,DBSCAN,dbcv,TPE,33,-0.12517249727719826,0.04376974063653016
A,Digits (Low),t-SNE,DBSCAN,dbcv,TPE,34,-1.0,0.04376974063653016
A,Digits (Low),t-SNE,DBSCAN,dbcv,TPE,35,-1.0,0.04376974063653016
A,Digits (Low),t-SNE,DBSCAN,dbcv,TPE,36,-0.23820520305211768,0.04376974063653016
A,Digits (Low),t-SNE,DBSCAN,dbcv,TPE,37,-1.0,0.04376974063653016
A,Digits (Low),t-SNE,DBSCAN,dbcv,TPE,38,-0.2597503841026428,0.04376974063653016
A,Digits (Low),t-SNE,DBSCAN,dbcv,TPE,39,-1.0,0.04376974063653016
A,Digits (Low),t-SNE,DBSCAN,dbcv,TPE,40,-1.0,0.04376974063653016
A,Digits (Low),t-SNE,DBSCAN,dbcv,TPE,41,-0.057830840835137676,0.04376974063653016
A,Digits (Low),t-SNE,DBSCAN,dbcv,TPE,42,-0.044118313259822364,0.04376974063653016
A,Digits (Low),t-SNE,DBSCAN,dbcv,TPE,43,0.014270941658437529,0.04376974063653016
A,Digits (Low),t-SNE,DBSCAN,dbcv,TPE,44,0.015702838978031097,0.04376974063653016
A,Digits (Low),t-SNE,DBSCAN,dbcv,TPE,45,-1.0,0.04376974063653016
A,Digits (Low),t-SNE,DBSCAN,dbcv,TPE,46,0.010162885842615493,0.04376974063653016
A,Digits (Low),t-SNE,DBSCAN,dbcv,TPE,47,-0.4462203747830029,0.04376974063653016
A,Digits (Low),t-SNE,DBSCAN,dbcv,TPE,48,0.06009395490244455,0.06009395490244455
A,Digits (Low),t-SNE,DBSCAN,dbcv,TPE,49,-1.0,0.06009395490244455
A,Digits (Low),t-SNE,DBSCAN,dbcv,TPE,50,-1.0,0.06009395490244455
A,Digits (Low),t-SNE,DBSCAN,dbcv,TPE,51,0.03296853692242265,0.06009395490244455
A,Digits (Low),t-SNE,DBSCAN,dbcv,TPE,52,0.05261077440727669,0.06009395490244455
A,Digits (Low),t-SNE,DBSCAN,dbcv,TPE,53,-1.0,0.06009395490244455
A,Digits (Low),t-SNE,DBSCAN,dbcv,TPE,54,0.042001473646707026,0.06009395490244455
A,Digits (Low),t-SNE,DBSCAN,dbcv,TPE,55,0.02902963774778137,0.06009395490244455
A,Digits (Low),t-SNE,DBSCAN,dbcv,TPE,56,-1.0,0.06009395490244455
A,Digits (Low),t-SNE,DBSCAN,dbcv,TPE,57,0.04600818089644819,0.06009395490244455
A,Digits (Low),t-SNE,DBSCAN,dbcv,TPE,58,-1.0,0.06009395490244455
A,Digits (Low),t-SNE,DBSCAN,dbcv,TPE,59,-1.0,0.06009395490244455
A,Digits (Low),t-SNE,DBSCAN,dbcv,TPE,60,-1.0,0.06009395490244455
A,Digits (Low),t-SNE,DBSCAN,dbcv,TPE,61,-0.11192576874350003,0.06009395490244455
A,Digits (Low),t-SNE,DBSCAN,dbcv,TPE,62,-1.0,0.06009395490244455
A,Digits (Low),t-SNE,DBSCAN,dbcv,TPE,63,-1.0,0.06009395490244455
A,Digits (Low),t-SNE,DBSCAN,dbcv,TPE,64,-1.0,0.06009395490244455
A,Digits (Low),t-SNE,DBSCAN,dbcv,TPE,65,0.04163851059325078,0.06009395490244455
A,Digits (Low),t-SNE,DBSCAN,dbcv,TPE,66,-0.13949198664386375,0.06009395490244455
A,Digits (Low),t-SNE,DBSCAN,dbcv,TPE,67,-0.45407163865931277,0.06009395490244455
A,Digits (Low),t-SNE,DBSCAN,dbcv,TPE,68,-1.0,0.06009395490244455
A,Digits (Low),t-SNE,DBSCAN,dbcv,TPE,69,0.033515244975129976,0.06009395490244455
A,Digits (Low),t-SNE,DBSCAN,dbcv,TPE,70,-0.3429361138080173,0.06009395490244455
A,Digits (Low),t-SNE,DBSCAN,dbcv,TPE,71,0.0872670200774482,0.0872670200774482
A,Digits (Low),t-SNE,DBSCAN,dbcv,TPE,72,-1.0,0.0872670200774482
A,Digits (Low),t-SNE,DBSCAN,dbcv,TPE,73,-0.002724414995007883,0.0872670200774482
A,Digits (Low),t-SNE,DBSCAN,dbcv,TPE,74,-0.20943742373671062,0.0872670200774482
A,Digits (Low),t-SNE,DBSCAN,dbcv,TPE,75,-0.47242959931017836,0.0872670200774482
A,Digits (Low),t-SNE,DBSCAN,dbcv,TPE,76,-0.09560310731745159,0.0872670200774482
A,Digits (Low),t-SNE,DBSCAN,dbcv,TPE,77,0.05425663928086313,0.0872670200774482
A,Digits (Low),t-SNE,DBSCAN,dbcv,TPE,78,-0.10707213719259863,0.0872670200774482
A,Digits (Low),t-SNE,DBSCAN,dbcv,TPE,79,-1.0,0.0872670200774482
A,Digits (Low),t-SNE,DBSCAN,dbcv,TPE,80,-1.0,0.0872670200774482
A,Digits (Low),t-SNE,DBSCAN,dbcv,TPE,81,-1.0,0.0872670200774482
A,Digits (Low),t-SNE,DBSCAN,dbcv,TPE,82,-0.20922450394224984,0.0872670200774482
A,Digits (Low),t-SNE,DBSCAN,dbcv,TPE,83,-1.0,0.0872670200774482
A,Digits (Low),t-SNE,DBSCAN,dbcv,TPE,84,-0.044958822297240096,0.0872670200774482
A,Digits (Low),t-SNE,DBSCAN,dbcv,TPE,85,-1.0,0.0872670200774482
A,Digits (Low),t-SNE,DBSCAN,dbcv,TPE,86,-1.0,0.0872670200774482
A,Digits (Low),t-SNE,DBSCAN,dbcv,TPE,87,0.004257430597107896,0.0872670200774482
A,Digits (Low),t-SNE,DBSCAN,dbcv,TPE,88,-1.0,0.0872670200774482
A,Digits (Low),t-SNE,DBSCAN,dbcv,TPE,89,-1.0,0.0872670200774482
A,Digits (Low),t-SNE,DBSCAN,dbcv,TPE,90,-0.1897450294591072,0.0872670200774482
A,Digits (Low),t-SNE,DBSCAN,dbcv,TPE,91,0.08341029030712331,0.0872670200774482
A,Digits (Low),t-SNE,DBSCAN,dbcv,TPE,92,-1.0,0.0872670200774482
A,Digits (Low),t-SNE,DBSCAN,dbcv,TPE,93,0.05835594458955436,0.0872670200774482
A,Digits (Low),t-SNE,DBSCAN,dbcv,TPE,94,-0.0010971121168039354,0.0872670200774482
A,Digits (Low),t-SNE,DBSCAN,dbcv,TPE,95,-1.0,0.0872670200774482
A,Digits (Low),t-SNE,DBSCAN,dbcv,TPE,96,-0.3351830188510464,0.0872670200774482
A,Digits (Low),t-SNE,DBSCAN,dbcv,TPE,97,-1.0,0.0872670200774482
A,Digits (Low),t-SNE,DBSCAN,dbcv,TPE,98,-1.0,0.0872670200774482
A,Digits (Low),t-SNE,DBSCAN,dbcv,TPE,99,0.0636013652017437,0.0872670200774482
A,Digits (Low),t-SNE,DBSCAN,dbcv,Random,0,0.01902614155696822,0.01902614155696822
A,Digits (Low),t-SNE,DBSCAN,dbcv,Random,1,-1.0,0.01902614155696822
A,Digits (Low),t-SNE,DBSCAN,dbcv,Random,2,-1.0,0.01902614155696822
A,Digits (Low),t-SNE,DBSCAN,dbcv,Random,3,-1.0,0.01902614155696822
A,Digits (Low),t-SNE,DBSCAN,dbcv,Random,4,-1.0,0.01902614155696822
A,Digits (Low),t-SNE,DBSCAN,dbcv,Random,5,-1.0,0.01902614155696822
A,Digits (Low),t-SNE,DBSCAN,dbcv,Random,6,-1.0,0.01902614155696822
A,Digits (Low),t-SNE,DBSCAN,dbcv,Random,7,-0.4433929750938841,0.01902614155696822
A,Digits (Low),t-SNE,DBSCAN,dbcv,Random,8,-1.0,0.01902614155696822
A,Digits (Low),t-SNE,DBSCAN,dbcv,Random,9,-0.03574784702495107,0.01902614155696822
A,Digits (Low),t-SNE,DBSCAN,dbcv,Random,10,-1.0,0.01902614155696822
A,Digits (Low),t-SNE,DBSCAN,dbcv,Random,11,-1.0,0.01902614155696822
A,Digits (Low),t-SNE,DBSCAN,dbcv,Random,12,-0.47018409015036866,0.01902614155696822
A,Digits (Low),t-SNE,DBSCAN,dbcv,Random,13,-0.046306923415153925,0.01902614155696822
A,Digits (Low),t-SNE,DBSCAN,dbcv,Random,14,-1.0,0.01902614155696822
A,Digits (Low),t-SNE,DBSCAN,dbcv,Random,15,-0.19533290280382448,0.01902614155696822
A,Digits (Low),t-SNE,DBSCAN,dbcv,Random,16,-1.0,0.01902614155696822
A,Digits (Low),t-SNE,DBSCAN,dbcv,Random,17,-0.09781190483872049,0.01902614155696822
A,Digits (Low),t-SNE,DBSCAN,dbcv,Random,18,-1.0,0.01902614155696822
A,Digits (Low),t-SNE,DBSCAN,dbcv,Random,19,-0.07070090599231582,0.01902614155696822
A,Digits (Low),t-SNE,DBSCAN,dbcv,Random,20,-0.07782790824443528,0.01902614155696822
A,Digits (Low),t-SNE,DBSCAN,dbcv,Random,21,-1.0,0.01902614155696822
A,Digits (Low),t-SNE,DBSCAN,dbcv,Random,22,-1.0,0.01902614155696822
A,Digits (Low),t-SNE,DBSCAN,dbcv,Random,23,-0.26422680011641,0.01902614155696822
A,Digits (Low),t-SNE,DBSCAN,dbcv,Random,24,-1.0,0.01902614155696822
A,Digits (Low),t-SNE,DBSCAN,dbcv,Random,25,-1.0,0.01902614155696822
A,Digits (Low),t-SNE,DBSCAN,dbcv,Random,26,-1.0,0.01902614155696822
A,Digits (Low),t-SNE,DBSCAN,dbcv,Random,27,-1.0,0.01902614155696822
A,Digits (Low),t-SNE,DBSCAN,dbcv,Random,28,-0.13576867561060435,0.01902614155696822
A,Digits (Low),t-SNE,DBSCAN,dbcv,Random,29,-0.5665117540845757,0.01902614155696822
A,Digits (Low),t-SNE,DBSCAN,dbcv,Random,30,-0.029497358273880267,0.01902614155696822
A,Digits (Low),t-SNE,DBSCAN,dbcv,Random,31,-1.0,0.01902614155696822
A,Digits (Low),t-SNE,DBSCAN,dbcv,Random,32,-1.0,0.01902614155696822
A,Digits (Low),t-SNE,DBSCAN,dbcv,Random,33,-0.1804480869505633,0.01902614155696822
A,Digits (Low),t-SNE,DBSCAN,dbcv,Random,34,-1.0,0.01902614155696822
A,Digits (Low),t-SNE,DBSCAN,dbcv,Random,35,-0.28485048121525114,0.01902614155696822
A,Digits (Low),t-SNE,DBSCAN,dbcv,Random,36,-1.0,0.01902614155696822
A,Digits (Low),t-SNE,DBSCAN,dbcv,Random,37,-0.1224288170982167,0.01902614155696822
A,Digits (Low),t-SNE,DBSCAN,dbcv,Random,38,-0.3184159649504426,0.01902614155696822
A,Digits (Low),t-SNE,DBSCAN,dbcv,Random,39,-1.0,0.01902614155696822
A,Digits (Low),t-SNE,DBSCAN,dbcv,Random,40,0.04278925490837957,0.04278925490837957
A,Digits (Low),t-SNE,DBSCAN,dbcv,Random,41,-1.0,0.04278925490837957
A,Digits (Low),t-SNE,DBSCAN,dbcv,Random,42,-0.16950577592911256,0.04278925490837957
A,Digits (Low),t-SNE,DBSCAN,dbcv,Random,43,-0.2716934476175672,0.04278925490837957
A,Digits (Low),t-SNE,DBSCAN,dbcv,Random,44,-0.5913669765998026,0.04278925490837957
A,Digits (Low),t-SNE,DBSCAN,dbcv,Random,45,-0.027335398117886253,0.04278925490837957
A,Digits (Low),t-SNE,DBSCAN,dbcv,Random,46,-0.0021718514599490557,0.04278925490837957
A,Digits (Low),t-SNE,DBSCAN,dbcv,Random,47,-1.0,0.04278925490837957
A,Digits (Low),t-SNE,DBSCAN,dbcv,Random,48,0.05912511996368328,0.05912511996368328
A,Digits (Low),t-SNE,DBSCAN,dbcv,Random,49,-0.2633933402933033,0.05912511996368328
A,Digits (Low),t-SNE,DBSCAN,dbcv,Random,50,-1.0,0.05912511996368328
A,Digits (Low),t-SNE,DBSCAN,dbcv,Random,51,-1.0,0.05912511996368328
A,Digits (Low),t-SNE,DBSCAN,dbcv,Random,52,-1.0,0.05912511996368328
A,Digits (Low),t-SNE,DBSCAN,dbcv,Random,53,-0.5102496207250559,0.05912511996368328
A,Digits (Low),t-SNE,DBSCAN,dbcv,Random,54,-1.0,0.05912511996368328
A,Digits (Low),t-SNE,DBSCAN,dbcv,Random,55,-1.0,0.05912511996368328
A,Digits (Low),t-SNE,DBSCAN,dbcv,Random,56,-0.3132858325913185,0.05912511996368328
A,Digits (Low),t-SNE,DBSCAN,dbcv,Random,57,-0.5145286304874335,0.05912511996368328
A,Digits (Low),t-SNE,DBSCAN,dbcv,Random,58,-1.0,0.05912511996368328
A,Digits (Low),t-SNE,DBSCAN,dbcv,Random,59,-0.1852899767658817,0.05912511996368328
A,Digits (Low),t-SNE,DBSCAN,dbcv,Random,60,-0.5422945187809701,0.05912511996368328
A,Digits (Low),t-SNE,DBSCAN,dbcv,Random,61,-1.0,0.05912511996368328
A,Digits (Low),t-SNE,DBSCAN,dbcv,Random,62,-1.0,0.05912511996368328
A,Digits (Low),t-SNE,DBSCAN,dbcv,Random,63,-1.0,0.05912511996368328
A,Digits (Low),t-SNE,DBSCAN,dbcv,Random,64,-0.522463178150663,0.05912511996368328
A,Digits (Low),t-SNE,DBSCAN,dbcv,Random,65,-1.0,0.05912511996368328
A,Digits (Low),t-SNE,DBSCAN,dbcv,Random,66,-0.46478710104561755,0.05912511996368328
A,Digits (Low),t-SNE,DBSCAN,dbcv,Random,67,-1.0,0.05912511996368328
A,Digits (Low),t-SNE,DBSCAN,dbcv,Random,68,-0.0994184703555105,0.05912511996368328
A,Digits (Low),t-SNE,DBSCAN,dbcv,Random,69,-0.2250818140969888,0.05912511996368328
A,Digits (Low),t-SNE,DBSCAN,dbcv,Random,70,-0.18223421528835457,0.05912511996368328
A,Digits (Low),t-SNE,DBSCAN,dbcv,Random,71,-1.0,0.05912511996368328
A,Digits (Low),t-SNE,DBSCAN,dbcv,Random,72,-1.0,0.05912511996368328
A,Digits (Low),t-SNE,DBSCAN,dbcv,Random,73,-1.0,0.05912511996368328
A,Digits (Low),t-SNE,DBSCAN,dbcv,Random,74,-0.5176044340022794,0.05912511996368328
A,Digits (Low),t-SNE,DBSCAN,dbcv,Random,75,-1.0,0.05912511996368328
A,Digits (Low),t-SNE,DBSCAN,dbcv,Random,76,-0.2986644986812466,0.05912511996368328
A,Digits (Low),t-SNE,DBSCAN,dbcv,Random,77,-0.4096578472620561,0.05912511996368328
A,Digits (Low),t-SNE,DBSCAN,dbcv,Random,78,-1.0,0.05912511996368328
A,Digits (Low),t-SNE,DBSCAN,dbcv,Random,79,-1.0,0.05912511996368328
A,Digits (Low),t-SNE,DBSCAN,dbcv,Random,80,-0.2617588193502924,0.05912511996368328
A,Digits (Low),t-SNE,DBSCAN,dbcv,Random,81,-0.20075273421568313,0.05912511996368328
A,Digits (Low),t-SNE,DBSCAN,dbcv,Random,82,-1.0,0.05912511996368328
A,Digits (Low),t-SNE,DBSCAN,dbcv,Random,83,-1.0,0.05912511996368328
A,Digits (Low),t-SNE,DBSCAN,dbcv,Random,84,-0.4438008328063023,0.05912511996368328
A,Digits (Low),t-SNE,DBSCAN,dbcv,Random,85,-1.0,0.05912511996368328
A,Digits (Low),t-SNE,DBSCAN,dbcv,Random,86,-0.3724938867875393,0.05912511996368328
A,Digits (Low),t-SNE,DBSCAN,dbcv,Random,87,-1.0,0.05912511996368328
A,Digits (Low),t-SNE,DBSCAN,dbcv,Random,88,-1.0,0.05912511996368328
A,Digits (Low),t-SNE,DBSCAN,dbcv,Random,89,-1.0,0.05912511996368328
A,Digits (Low),t-SNE,DBSCAN,dbcv,Random,90,-1.0,0.05912511996368328
A,Digits (Low),t-SNE,DBSCAN,dbcv,Random,91,-1.0,0.05912511996368328
A,Digits (Low),t-SNE,DBSCAN,dbcv,Random,92,-1.0,0.05912511996368328
A,Digits (Low),t-SNE,DBSCAN,dbcv,Random,93,-1.0,0.05912511996368328
A,Digits (Low),t-SNE,DBSCAN,dbcv,Random,94,-0.5917955747220596,0.05912511996368328
A,Digits (Low),t-SNE,DBSCAN,dbcv,Random,95,-1.0,0.05912511996368328
A,Digits (Low),t-SNE,DBSCAN,dbcv,Random,96,0.08079348981067248,0.08079348981067248
A,Digits (Low),t-SNE,DBSCAN,dbcv,Random,97,-0.5755773053702559,0.08079348981067248
A,Digits (Low),t-SNE,DBSCAN,dbcv,Random,98,-1.0,0.08079348981067248
A,Digits (Low),t-SNE,DBSCAN,dbcv,Random,99,-0.46697565185910445,0.08079348981067248
A,Digits (Low),t-SNE,KMeans,dbcv,TPE,0,-0.3650293045095767,-0.3650293045095767
A,Digits (Low),t-SNE,KMeans,dbcv,TPE,1,-0.6775721512807416,-0.3650293045095767
A,Digits (Low),t-SNE,KMeans,dbcv,TPE,2,-0.3413665721845678,-0.3413665721845678
A,Digits (Low),t-SNE,KMeans,dbcv,TPE,3,-0.31327579449746595,-0.31327579449746595
A,Digits (Low),t-SNE,KMeans,dbcv,TPE,4,-0.5593125044126728,-0.31327579449746595
A,Digits (Low),t-SNE,KMeans,dbcv,TPE,5,-0.3767025160466946,-0.31327579449746595
A,Digits (Low),t-SNE,KMeans,dbcv,TPE,6,-0.34071890407768135,-0.31327579449746595
A,Digits (Low),t-SNE,KMeans,dbcv,TPE,7,-0.39166589400507756,-0.31327579449746595
A,Digits (Low),t-SNE,KMeans,dbcv,TPE,8,-0.6637948457607659,-0.31327579449746595
A,Digits (Low),t-SNE,KMeans,dbcv,TPE,9,-0.5415295811617653,-0.31327579449746595
A,Digits (Low),t-SNE,KMeans,dbcv,TPE,10,-0.33755989348323523,-0.31327579449746595
A,Digits (Low),t-SNE,KMeans,dbcv,TPE,11,-0.31110445361243894,-0.31110445361243894
A,Digits (Low),t-SNE,KMeans,dbcv,TPE,12,-0.36763149160705255,-0.31110445361243894
A,Digits (Low),t-SNE,KMeans,dbcv,TPE,13,-0.31356981476195245,-0.31110445361243894
A,Digits (Low),t-SNE,KMeans,dbcv,TPE,14,-0.3257222010823237,-0.31110445361243894
A,Digits (Low),t-SNE,KMeans,dbcv,TPE,15,-0.3245586632413066,-0.31110445361243894
A,Digits (Low),t-SNE,KMeans,dbcv,TPE,16,-0.27704222951614804,-0.27704222951614804
A,Digits (Low),t-SNE,KMeans,dbcv,TPE,17,-0.311378323829142,-0.27704222951614804
A,Digits (Low),t-SNE,KMeans,dbcv,TPE,18,-0.3392635346672939,-0.27704222951614804
A,Digits (Low),t-SNE,KMeans,dbcv,TPE,19,-0.3527110964687591,-0.27704222951614804
A,Digits (Low),t-SNE,KMeans,dbcv,TPE,20,-0.3672088231129833,-0.27704222951614804
A,Digits (Low),t-SNE,KMeans,dbcv,TPE,21,-0.3395182780002094,-0.27704222951614804
A,Digits (Low),t-SNE,KMeans,dbcv,TPE,22,-0.25183087982979047,-0.25183087982979047
A,Digits (Low),t-SNE,KMeans,dbcv,TPE,23,-0.2783273786185555,-0.25183087982979047
A,Digits (Low),t-SNE,KMeans,dbcv,TPE,24,-0.2780082397743053,-0.25183087982979047
A,Digits (Low),t-SNE,KMeans,dbcv,TPE,25,-0.27350453735132346,-0.25183087982979047
A,Digits (Low),t-SNE,KMeans,dbcv,TPE,26,-0.30670721350856905,-0.25183087982979047
A,Digits (Low),t-SNE,KMeans,dbcv,TPE,27,-0.35738855627260807,-0.25183087982979047
A,Digits (Low),t-SNE,KMeans,dbcv,TPE,28,-0.271094948640452,-0.25183087982979047
A,Digits (Low),t-SNE,KMeans,dbcv,TPE,29,-0.3421671680223693,-0.25183087982979047
A,Digits (Low),t-SNE,KMeans,dbcv,TPE,30,-0.34524082078556695,-0.25183087982979047
A,Digits (Low),t-SNE,KMeans,dbcv,TPE,31,-0.27829152447758565,-0.25183087982979047
A,Digits (Low),t-SNE,KMeans,dbcv,TPE,32,-0.2869938538880067,-0.25183087982979047
A,Digits (Low),t-SNE,KMeans,dbcv,TPE,33,-0.3585804438181703,-0.25183087982979047
A,Digits (Low),t-SNE,KMeans,dbcv,TPE,34,-0.31469605844148385,-0.25183087982979047
A,Digits (Low),t-SNE,KMeans,dbcv,TPE,35,-0.2398418062001363,-0.2398418062001363
A,Digits (Low),t-SNE,KMeans,dbcv,TPE,36,-0.28171509270071904,-0.2398418062001363
A,Digits (Low),t-SNE,KMeans,dbcv,TPE,37,-0.3270249824293924,-0.2398418062001363
A,Digits (Low),t-SNE,KMeans,dbcv,TPE,38,-0.3357732092491283,-0.2398418062001363
A,Digits (Low),t-SNE,KMeans,dbcv,TPE,39,-0.27723674220817035,-0.2398418062001363
A,Digits (Low),t-SNE,KMeans,dbcv,TPE,40,-0.3199522669988066,-0.2398418062001363
A,Digits (Low),t-SNE,KMeans,dbcv,TPE,41,-0.33110104802875145,-0.2398418062001363
A,Digits (Low),t-SNE,KMeans,dbcv,TPE,42,-0.27341852309618236,-0.2398418062001363
A,Digits (Low),t-SNE,KMeans,dbcv,TPE,43,-0.5390137267031484,-0.2398418062001363
A,Digits (Low),t-SNE,KMeans,dbcv,TPE,44,-0.3537353250249252,-0.2398418062001363
A,Digits (Low),t-SNE,KMeans,dbcv,TPE,45,-0.28427397961527034,-0.2398418062001363
A,Digits (Low),t-SNE,KMeans,dbcv,TPE,46,-0.3221608951931025,-0.2398418062001363
A,Digits (Low),t-SNE,KMeans,dbcv,TPE,47,-0.24520594215587682,-0.2398418062001363
A,Digits (Low),t-SNE,KMeans,dbcv,TPE,48,-0.31104555520670385,-0.2398418062001363
A,Digits (Low),t-SNE,KMeans,dbcv,TPE,49,-0.29600895028005264,-0.2398418062001363
A,Digits (Low),t-SNE,KMeans,dbcv,TPE,50,-0.36641256025049035,-0.2398418062001363
A,Digits (Low),t-SNE,KMeans,dbcv,TPE,51,-0.3236029488296896,-0.2398418062001363
A,Digits (Low),t-SNE,KMeans,dbcv,TPE,52,-0.2891850202808971,-0.2398418062001363
A,Digits (Low),t-SNE,KMeans,dbcv,TPE,53,-0.28980719007351446,-0.2398418062001363
A,Digits (Low),t-SNE,KMeans,dbcv,TPE,54,-0.33739837639733494,-0.2398418062001363
A,Digits (Low),t-SNE,KMeans,dbcv,TPE,55,-0.32684628308046854,-0.2398418062001363
A,Digits (Low),t-SNE,KMeans,dbcv,TPE,56,-0.3456203373681151,-0.2398418062001363
A,Digits (Low),t-SNE,KMeans,dbcv,TPE,57,-0.28300372696415554,-0.2398418062001363
A,Digits (Low),t-SNE,KMeans,dbcv,TPE,58,-0.3332853334220931,-0.2398418062001363
A,Digits (Low),t-SNE,KMeans,dbcv,TPE,59,-0.3089274749217289,-0.2398418062001363
A,Digits (Low),t-SNE,KMeans,dbcv,TPE,60,-0.30588782548047816,-0.2398418062001363
A,Digits (Low),t-SNE,KMeans,dbcv,TPE,61,-0.29598141101233794,-0.2398418062001363
A,Digits (Low),t-SNE,KMeans,dbcv,TPE,62,-0.32863315695097906,-0.2398418062001363
A,Digits (Low),t-SNE,KMeans,dbcv,TPE,63,-0.5801534146750316,-0.2398418062001363
A,Digits (Low),t-SNE,KMeans,dbcv,TPE,64,-0.2962098414561951,-0.2398418062001363
A,Digits (Low),t-SNE,KMeans,dbcv,TPE,65,-0.2887811969374908,-0.2398418062001363
A,Digits (Low),t-SNE,KMeans,dbcv,TPE,66,-0.2302810716473859,-0.2302810716473859
A,Digits (Low),t-SNE,KMeans,dbcv,TPE,67,-0.24565149351930332,-0.2302810716473859
A,Digits (Low),t-SNE,KMeans,dbcv,TPE,68,-0.27413037475873053,-0.2302810716473859
A,Digits (Low),t-SNE,KMeans,dbcv,TPE,69,-0.26620322961590553,-0.2302810716473859
A,Digits (Low),t-SNE,KMeans,dbcv,TPE,70,-0.26010503354831804,-0.2302810716473859
A,Digits (Low),t-SNE,KMeans,dbcv,TPE,71,-0.3137245743249245,-0.2302810716473859
A,Digits (Low),t-SNE,KMeans,dbcv,TPE,72,-0.30273694785604754,-0.2302810716473859
A,Digits (Low),t-SNE,KMeans,dbcv,TPE,73,-0.2803456615316258,-0.2302810716473859
A,Digits (Low),t-SNE,KMeans,dbcv,TPE,74,-0.25541102740312005,-0.2302810716473859
A,Digits (Low),t-SNE,KMeans,dbcv,TPE,75,-0.2730981161387644,-0.2302810716473859
A,Digits (Low),t-SNE,KMeans,dbcv,TPE,76,-0.2643825123186965,-0.2302810716473859
A,Digits (Low),t-SNE,KMeans,dbcv,TPE,77,-0.24241088546954537,-0.2302810716473859
A,Digits (Low),t-SNE,KMeans,dbcv,TPE,78,-0.33898691594794916,-0.2302810716473859
A,Digits (Low),t-SNE,KMeans,dbcv,TPE,79,-0.24551479097315435,-0.2302810716473859
A,Digits (Low),t-SNE,KMeans,dbcv,TPE,80,-0.3187201580856312,-0.2302810716473859
A,Digits (Low),t-SNE,KMeans,dbcv,TPE,81,-0.23094853487665182,-0.2302810716473859
A,Digits (Low),t-SNE,KMeans,dbcv,TPE,82,-0.30860625775092243,-0.2302810716473859
A,Digits (Low),t-SNE,KMeans,dbcv,TPE,83,-0.3326882406671025,-0.2302810716473859
A,Digits (Low),t-SNE,KMeans,dbcv,TPE,84,-0.3149546611541671,-0.2302810716473859
A,Digits (Low),t-SNE,KMeans,dbcv,TPE,85,-0.3188245971590207,-0.2302810716473859
A,Digits (Low),t-SNE,KMeans,dbcv,TPE,86,-0.30213810968058524,-0.2302810716473859
A,Digits (Low),t-SNE,KMeans,dbcv,TPE,87,-0.2352063943171366,-0.2302810716473859
A,Digits (Low),t-SNE,KMeans,dbcv,TPE,88,-0.3339884838992105,-0.2302810716473859
A,Digits (Low),t-SNE,KMeans,dbcv,TPE,89,-0.26090256528427513,-0.2302810716473859
A,Digits (Low),t-SNE,KMeans,dbcv,TPE,90,-0.2773145667161775,-0.2302810716473859
A,Digits (Low),t-SNE,KMeans,dbcv,TPE,91,-0.2923363660634341,-0.2302810716473859
A,Digits (Low),t-SNE,KMeans,dbcv,TPE,92,-0.2661421903701021,-0.2302810716473859
A,Digits (Low),t-SNE,KMeans,dbcv,TPE,93,-0.33693240343590924,-0.2302810716473859
A,Digits (Low),t-SNE,KMeans,dbcv,TPE,94,-0.2542916271045297,-0.2302810716473859
A,Digits (Low),t-SNE,KMeans,dbcv,TPE,95,-0.3127383555740424,-0.2302810716473859
A,Digits (Low),t-SNE,KMeans,dbcv,TPE,96,-0.28688076644413246,-0.2302810716473859
A,Digits (Low),t-SNE,KMeans,dbcv,TPE,97,-0.3393268122439056,-0.2302810716473859
A,Digits (Low),t-SNE,KMeans,dbcv,TPE,98,-0.3449787694645301,-0.2302810716473859
A,Digits (Low),t-SNE,KMeans,dbcv,TPE,99,-0.47745425012741805,-0.2302810716473859
A,Digits (Low),t-SNE,KMeans,dbcv,Random,0,-0.3650293045095767,-0.3650293045095767
A,Digits (Low),t-SNE,KMeans,dbcv,Random,1,-0.6775721512807416,-0.3650293045095767
A,Digits (Low),t-SNE,KMeans,dbcv,Random,2,-0.3413665721845678,-0.3413665721845678
A,Digits (Low),t-SNE,KMeans,dbcv,Random,3,-0.31327579449746595,-0.31327579449746595
A,Digits (Low),t-SNE,KMeans,dbcv,Random,4,-0.5593125044126728,-0.31327579449746595
A,Digits (Low),t-SNE,KMeans,dbcv,Random,5,-0.3767025160466946,-0.31327579449746595
A,Digits (Low),t-SNE,KMeans,dbcv,Random,6,-0.34071890407768135,-0.31327579449746595
A,Digits (Low),t-SNE,KMeans,dbcv,Random,7,-0.39166589400507756,-0.31327579449746595
A,Digits (Low),t-SNE,KMeans,dbcv,Random,8,-0.6637948457607659,-0.31327579449746595
A,Digits (Low),t-SNE,KMeans,dbcv,Random,9,-0.5415295811617653,-0.31327579449746595
A,Digits (Low),t-SNE,KMeans,dbcv,Random,10,-0.6823766277830416,-0.31327579449746595
A,Digits (Low),t-SNE,KMeans,dbcv,Random,11,-0.320729062040598,-0.31327579449746595
A,Digits (Low),t-SNE,KMeans,dbcv,Random,12,-0.29745118541636884,-0.29745118541636884
A,Digits (Low),t-SNE,KMeans,dbcv,Random,13,-0.3306518222459627,-0.29745118541636884
A,Digits (Low),t-SNE,KMeans,dbcv,Random,14,-0.5084707206404941,-0.29745118541636884
A,Digits (Low),t-SNE,KMeans,dbcv,Random,15,-0.3714159798128413,-0.29745118541636884
A,Digits (Low),t-SNE,KMeans,dbcv,Random,16,-0.3113365504012213,-0.29745118541636884
A,Digits (Low),t-SNE,KMeans,dbcv,Random,17,-0.33725913248382455,-0.29745118541636884
A,Digits (Low),t-SNE,KMeans,dbcv,Random,18,-0.5869388823350246,-0.29745118541636884
A,Digits (Low),t-SNE,KMeans,dbcv,Random,19,-0.5086656044247463,-0.29745118541636884
A,Digits (Low),t-SNE,KMeans,dbcv,Random,20,-0.3428474917421814,-0.29745118541636884
A,Digits (Low),t-SNE,KMeans,dbcv,Random,21,-0.36496572132927807,-0.29745118541636884
A,Digits (Low),t-SNE,KMeans,dbcv,Random,22,-0.5322443995387971,-0.29745118541636884
A,Digits (Low),t-SNE,KMeans,dbcv,Random,23,-0.5406539587661631,-0.29745118541636884
A,Digits (Low),t-SNE,KMeans,dbcv,Random,24,-0.3579413556819471,-0.29745118541636884
A,Digits (Low),t-SNE,KMeans,dbcv,Random,25,-0.5757214536796744,-0.29745118541636884
A,Digits (Low),t-SNE,KMeans,dbcv,Random,26,-0.2888599957044283,-0.2888599957044283
A,Digits (Low),t-SNE,KMeans,dbcv,Random,27,-0.6445532552098894,-0.2888599957044283
A,Digits (Low),t-SNE,KMeans,dbcv,Random,28,-0.3365325355127808,-0.2888599957044283
A,Digits (Low),t-SNE,KMeans,dbcv,Random,29,-0.4541592171246961,-0.2888599957044283
A,Digits (Low),t-SNE,KMeans,dbcv,Random,30,-0.29506272699850333,-0.2888599957044283
A,Digits (Low),t-SNE,KMeans,dbcv,Random,31,-0.40093991007883467,-0.2888599957044283
A,Digits (Low),t-SNE,KMeans,dbcv,Random,32,-0.6483424407331326,-0.2888599957044283
A,Digits (Low),t-SNE,KMeans,dbcv,Random,33,-0.31110740792223085,-0.2888599957044283
A,Digits (Low),t-SNE,KMeans,dbcv,Random,34,-0.31401426196399373,-0.2888599957044283
A,Digits (Low),t-SNE,KMeans,dbcv,Random,35,-0.293265310890618,-0.2888599957044283
A,Digits (Low),t-SNE,KMeans,dbcv,Random,36,-0.4751816617393515,-0.2888599957044283
A,Digits (Low),t-SNE,KMeans,dbcv,Random,37,-0.23940805837113813,-0.23940805837113813
A,Digits (Low),t-SNE,KMeans,dbcv,Random,38,-0.3029842745306507,-0.23940805837113813
A,Digits (Low),t-SNE,KMeans,dbcv,Random,39,-0.3934919128913915,-0.23940805837113813
A,Digits (Low),t-SNE,KMeans,dbcv,Random,40,-0.4965682748865924,-0.23940805837113813
A,Digits (Low),t-SNE,KMeans,dbcv,Random,41,-0.4159071584630561,-0.23940805837113813
A,Digits (Low),t-SNE,KMeans,dbcv,Random,42,-0.7014164782706656,-0.23940805837113813
A,Digits (Low),t-SNE,KMeans,dbcv,Random,43,-0.5842052205780588,-0.23940805837113813
A,Digits (Low),t-SNE,KMeans,dbcv,Random,44,-0.3193341853699156,-0.23940805837113813
A,Digits (Low),t-SNE,KMeans,dbcv,Random,45,-0.27035209052336034,-0.23940805837113813
A,Digits (Low),t-SNE,KMeans,dbcv,Random,46,-0.261338497655917,-0.23940805837113813
A,Digits (Low),t-SNE,KMeans,dbcv,Random,47,-0.4864009930656619,-0.23940805837113813
A,Digits (Low),t-SNE,KMeans,dbcv,Random,48,-0.41857554739099057,-0.23940805837113813
A,Digits (Low),t-SNE,KMeans,dbcv,Random,49,-0.5087402900047837,-0.23940805837113813
A,Digits (Low),t-SNE,KMeans,dbcv,Random,50,-0.549882143334113,-0.23940805837113813
A,Digits (Low),t-SNE,KMeans,dbcv,Random,51,-0.5444022397787096,-0.23940805837113813
A,Digits (Low),t-SNE,KMeans,dbcv,Random,52,-0.4838323272053994,-0.23940805837113813
A,Digits (Low),t-SNE,KMeans,dbcv,Random,53,-0.3297622498605619,-0.23940805837113813
A,Digits (Low),t-SNE,KMeans,dbcv,Random,54,-0.6264734155780473,-0.23940805837113813
A,Digits (Low),t-SNE,KMeans,dbcv,Random,55,-0.4770651545617054,-0.23940805837113813
A,Digits (Low),t-SNE,KMeans,dbcv,Random,56,-0.33763489366204247,-0.23940805837113813
A,Digits (Low),t-SNE,KMeans,dbcv,Random,57,-0.5122830959016782,-0.23940805837113813
A,Digits (Low),t-SNE,KMeans,dbcv,Random,58,-0.3997113326674674,-0.23940805837113813
A,Digits (Low),t-SNE,KMeans,dbcv,Random,59,-0.5956041898094151,-0.23940805837113813
A,Digits (Low),t-SNE,KMeans,dbcv,Random,60,-0.2991659546983393,-0.23940805837113813
A,Digits (Low),t-SNE,KMeans,dbcv,Random,61,-0.3040023300614364,-0.23940805837113813
A,Digits (Low),t-SNE,KMeans,dbcv,Random,62,-0.35519394066084153,-0.23940805837113813
A,Digits (Low),t-SNE,KMeans,dbcv,Random,63,-0.28740619066486744,-0.23940805837113813
A,Digits (Low),t-SNE,KMeans,dbcv,Random,64,-0.4308675150847179,-0.23940805837113813
A,Digits (Low),t-SNE,KMeans,dbcv,Random,65,-0.3132386385723528,-0.23940805837113813
A,Digits (Low),t-SNE,KMeans,dbcv,Random,66,-0.3432832892928006,-0.23940805837113813
A,Digits (Low),t-SNE,KMeans,dbcv,Random,67,-0.31448497140096066,-0.23940805837113813
A,Digits (Low),t-SNE,KMeans,dbcv,Random,68,-0.6757144247248132,-0.23940805837113813
A,Digits (Low),t-SNE,KMeans,dbcv,Random,69,-0.6697546610049062,-0.23940805837113813
A,Digits (Low),t-SNE,KMeans,dbcv,Random,70,-0.36052290522262115,-0.23940805837113813
A,Digits (Low),t-SNE,KMeans,dbcv,Random,71,-0.49230505041446104,-0.23940805837113813
A,Digits (Low),t-SNE,KMeans,dbcv,Random,72,-0.2960073083205122,-0.23940805837113813
A,Digits (Low),t-SNE,KMeans,dbcv,Random,73,-0.41475101233597633,-0.23940805837113813
A,Digits (Low),t-SNE,KMeans,dbcv,Random,74,-0.45420467659854646,-0.23940805837113813
A,Digits (Low),t-SNE,KMeans,dbcv,Random,75,-0.40016443110462463,-0.23940805837113813
A,Digits (Low),t-SNE,KMeans,dbcv,Random,76,-0.27769412285399386,-0.23940805837113813
A,Digits (Low),t-SNE,KMeans,dbcv,Random,77,-0.36039301830260795,-0.23940805837113813
A,Digits (Low),t-SNE,KMeans,dbcv,Random,78,-0.5346165207681155,-0.23940805837113813
A,Digits (Low),t-SNE,KMeans,dbcv,Random,79,-0.5479365308853895,-0.23940805837113813
A,Digits (Low),t-SNE,KMeans,dbcv,Random,80,-0.31007406031019513,-0.23940805837113813
A,Digits (Low),t-SNE,KMeans,dbcv,Random,81,-0.2982054350616004,-0.23940805837113813
A,Digits (Low),t-SNE,KMeans,dbcv,Random,82,-0.2570055244215383,-0.23940805837113813
A,Digits (Low),t-SNE,KMeans,dbcv,Random,83,-0.43590239994022717,-0.23940805837113813
A,Digits (Low),t-SNE,KMeans,dbcv,Random,84,-0.5672238153205612,-0.23940805837113813
A,Digits (Low),t-SNE,KMeans,dbcv,Random,85,-0.27476500616143346,-0.23940805837113813
A,Digits (Low),t-SNE,KMeans,dbcv,Random,86,-0.3078014556348154,-0.23940805837113813
A,Digits (Low),t-SNE,KMeans,dbcv,Random,87,-0.3662144867688148,-0.23940805837113813
A,Digits (Low),t-SNE,KMeans,dbcv,Random,88,-0.3344349047751989,-0.23940805837113813
A,Digits (Low),t-SNE,KMeans,dbcv,Random,89,-0.5165962665675119,-0.23940805837113813
A,Digits (Low),t-SNE,KMeans,dbcv,Random,90,-0.32025899976245076,-0.23940805837113813
A,Digits (Low),t-SNE,KMeans,dbcv,Random,91,-0.4230651364614573,-0.23940805837113813
A,Digits (Low),t-SNE,KMeans,dbcv,Random,92,-0.33923165341868144,-0.23940805837113813
A,Digits (Low),t-SNE,KMeans,dbcv,Random,93,-0.46621274560268106,-0.23940805837113813
A,Digits (Low),t-SNE,KMeans,dbcv,Random,94,-0.32416299063930887,-0.23940805837113813
A,Digits (Low),t-SNE,KMeans,dbcv,Random,95,-0.34117581493776616,-0.23940805837113813
A,Digits (Low),t-SNE,KMeans,dbcv,Random,96,-0.6798125771471094,-0.23940805837113813
A,Digits (Low),t-SNE,KMeans,dbcv,Random,97,-0.477990772285657,-0.23940805837113813
A,Digits (Low),t-SNE,KMeans,dbcv,Random,98,-0.3611294264449299,-0.23940805837113813
A,Digits (Low),t-SNE,KMeans,dbcv,Random,99,-0.7071872489113242,-0.23940805837113813
A,Digits (Low),PCA,HDBSCAN,dbcv,TPE,0,-1.0,-1.0
A,Digits (Low),PCA,HDBSCAN,dbcv,TPE,1,0.07264775567686593,0.07264775567686593
A,Digits (Low),PCA,HDBSCAN,dbcv,TPE,2,-1.0,0.07264775567686593
A,Digits (Low),PCA,HDBSCAN,dbcv,TPE,3,-1.0,0.07264775567686593
A,Digits (Low),PCA,HDBSCAN,dbcv,TPE,4,-1.0,0.07264775567686593
A,Digits (Low),PCA,HDBSCAN,dbcv,TPE,5,-1.0,0.07264775567686593
A,Digits (Low),PCA,HDBSCAN,dbcv,TPE,6,-1.0,0.07264775567686593
A,Digits (Low),PCA,HDBSCAN,dbcv,TPE,7,-1.0,0.07264775567686593
A,Digits (Low),PCA,HDBSCAN,dbcv,TPE,8,-1.0,0.07264775567686593
A,Digits (Low),PCA,HDBSCAN,dbcv,TPE,9,0.04434119247501751,0.07264775567686593
A,Digits (Low),PCA,HDBSCAN,dbcv,TPE,10,-1.0,0.07264775567686593
A,Digits (Low),PCA,HDBSCAN,dbcv,TPE,11,0.02728950685348844,0.07264775567686593
A,Digits (Low),PCA,HDBSCAN,dbcv,TPE,12,0.0058681077136600104,0.07264775567686593
A,Digits (Low),PCA,HDBSCAN,dbcv,TPE,13,-1.0,0.07264775567686593
A,Digits (Low),PCA,HDBSCAN,dbcv,TPE,14,-1.0,0.07264775567686593
A,Digits (Low),PCA,HDBSCAN,dbcv,TPE,15,0.09050029287339328,0.09050029287339328
A,Digits (Low),PCA,HDBSCAN,dbcv,TPE,16,-1.0,0.09050029287339328
A,Digits (Low),PCA,HDBSCAN,dbcv,TPE,17,-1.0,0.09050029287339328
A,Digits (Low),PCA,HDBSCAN,dbcv,TPE,18,-1.0,0.09050029287339328
A,Digits (Low),PCA,HDBSCAN,dbcv,TPE,19,-1.0,0.09050029287339328
A,Digits (Low),PCA,HDBSCAN,dbcv,TPE,20,0.06381022060778006,0.09050029287339328
A,Digits (Low),PCA,HDBSCAN,dbcv,TPE,21,0.07615138908127872,0.09050029287339328
A,Digits (Low),PCA,HDBSCAN,dbcv,TPE,22,-1.0,0.09050029287339328
A,Digits (Low),PCA,HDBSCAN,dbcv,TPE,23,0.07615138908127872,0.09050029287339328
A,Digits (Low),PCA,HDBSCAN,dbcv,TPE,24,0.07615138908127872,0.09050029287339328
A,Digits (Low),PCA,HDBSCAN,dbcv,TPE,25,0.033238940186252314,0.09050029287339328
A,Digits (Low),PCA,HDBSCAN,dbcv,TPE,26,-1.0,0.09050029287339328
A,Digits (Low),PCA,HDBSCAN,dbcv,TPE,27,0.07615138908127872,0.09050029287339328
A,Digits (Low),PCA,HDBSCAN,dbcv,TPE,28,-1.0,0.09050029287339328
A,Digits (Low),PCA,HDBSCAN,dbcv,TPE,29,-1.0,0.09050029287339328
A,Digits (Low),PCA,HDBSCAN,dbcv,TPE,30,-1.0,0.09050029287339328
A,Digits (Low),PCA,HDBSCAN,dbcv,TPE,31,0.07615138908127872,0.09050029287339328
A,Digits (Low),PCA,HDBSCAN,dbcv,TPE,32,-1.0,0.09050029287339328
A,Digits (Low),PCA,HDBSCAN,dbcv,TPE,33,0.09050029287339328,0.09050029287339328
A,Digits (Low),PCA,HDBSCAN,dbcv,TPE,34,-1.0,0.09050029287339328
A,Digits (Low),PCA,HDBSCAN,dbcv,TPE,35,-1.0,0.09050029287339328
A,Digits (Low),PCA,HDBSCAN,dbcv,TPE,36,0.03943668158737736,0.09050029287339328
A,Digits (Low),PCA,HDBSCAN,dbcv,TPE,37,-1.0,0.09050029287339328
A,Digits (Low),PCA,HDBSCAN,dbcv,TPE,38,-1.0,0.09050029287339328
A,Digits (Low),PCA,HDBSCAN,dbcv,TPE,39,0.06795124612804908,0.09050029287339328
A,Digits (Low),PCA,HDBSCAN,dbcv,TPE,40,-1.0,0.09050029287339328
A,Digits (Low),PCA,HDBSCAN,dbcv,TPE,41,0.07615138908127872,0.09050029287339328
A,Digits (Low),PCA,HDBSCAN,dbcv,TPE,42,0.033238940186252314,0.09050029287339328
A,Digits (Low),PCA,HDBSCAN,dbcv,TPE,43,0.06381022060778006,0.09050029287339328
A,Digits (Low),PCA,HDBSCAN,dbcv,TPE,44,-1.0,0.09050029287339328
A,Digits (Low),PCA,HDBSCAN,dbcv,TPE,45,0.05670745000665894,0.09050029287339328
A,Digits (Low),PCA,HDBSCAN,dbcv,TPE,46,-1.0,0.09050029287339328
A,Digits (Low),PCA,HDBSCAN,dbcv,TPE,47,0.08034644158797072,0.09050029287339328
A,Digits (Low),PCA,HDBSCAN,dbcv,TPE,48,0.09057123322607577,0.09057123322607577
A,Digits (Low),PCA,HDBSCAN,dbcv,TPE,49,0.05247572786782458,0.09057123322607577
A,Digits (Low),PCA,HDBSCAN,dbcv,TPE,50,-1.0,0.09057123322607577
A,Digits (Low),PCA,HDBSCAN,dbcv,TPE,51,0.03943668158737736,0.09057123322607577
A,Digits (Low),PCA,HDBSCAN,dbcv,TPE,52,-0.1293150011611383,0.09057123322607577
A,Digits (Low),PCA,HDBSCAN,dbcv,TPE,53,0.03841341222819762,0.09057123322607577
A,Digits (Low),PCA,HDBSCAN,dbcv,TPE,54,-1.0,0.09057123322607577
A,Digits (Low),PCA,HDBSCAN,dbcv,TPE,55,-1.0,0.09057123322607577
A,Digits (Low),PCA,HDBSCAN,dbcv,TPE,56,-1.0,0.09057123322607577
A,Digits (Low),PCA,HDBSCAN,dbcv,TPE,57,0.03617841875537603,0.09057123322607577
A,Digits (Low),PCA,HDBSCAN,dbcv,TPE,58,0.05785604713371958,0.09057123322607577
A,Digits (Low),PCA,HDBSCAN,dbcv,TPE,59,-1.0,0.09057123322607577
A,Digits (Low),PCA,HDBSCAN,dbcv,TPE,60,-1.0,0.09057123322607577
A,Digits (Low),PCA,HDBSCAN,dbcv,TPE,61,0.031685895704958465,0.09057123322607577
A,Digits (Low),PCA,HDBSCAN,dbcv,TPE,62,-1.0,0.09057123322607577
A,Digits (Low),PCA,HDBSCAN,dbcv,TPE,63,0.09357752235567654,0.09357752235567654
A,Digits (Low),PCA,HDBSCAN,dbcv,TPE,64,0.03943668158737736,0.09357752235567654
A,Digits (Low),PCA,HDBSCAN,dbcv,TPE,65,0.09050029287339328,0.09357752235567654
A,Digits (Low),PCA,HDBSCAN,dbcv,TPE,66,0.09195987374769211,0.09357752235567654
A,Digits (Low),PCA,HDBSCAN,dbcv,TPE,67,0.09425146214246075,0.09425146214246075
A,Digits (Low),PCA,HDBSCAN,dbcv,TPE,68,-1.0,0.09425146214246075
A,Digits (Low),PCA,HDBSCAN,dbcv,TPE,69,-1.0,0.09425146214246075
A,Digits (Low),PCA,HDBSCAN,dbcv,TPE,70,0.07400450056712202,0.09425146214246075
A,Digits (Low),PCA,HDBSCAN,dbcv,TPE,71,0.03270916506413821,0.09425146214246075
A,Digits (Low),PCA,HDBSCAN,dbcv,TPE,72,0.052447707494689084,0.09425146214246075
A,Digits (Low),PCA,HDBSCAN,dbcv,TPE,73,0.09357752235567654,0.09425146214246075
A,Digits (Low),PCA,HDBSCAN,dbcv,TPE,74,0.10961547263055543,0.10961547263055543
A,Digits (Low),PCA,HDBSCAN,dbcv,TPE,75,0.06627167278941806,0.10961547263055543
A,Digits (Low),PCA,HDBSCAN,dbcv,TPE,76,0.05351429381183402,0.10961547263055543
A,Digits (Low),PCA,HDBSCAN,dbcv,TPE,77,0.08612555313605334,0.10961547263055543
A,Digits (Low),PCA,HDBSCAN,dbcv,TPE,78,-1.0,0.10961547263055543
A,Digits (Low),PCA,HDBSCAN,dbcv,TPE,79,-1.0,0.10961547263055543
A,Digits (Low),PCA,HDBSCAN,dbcv,TPE,80,0.08473982642900481,0.10961547263055543
A,Digits (Low),PCA,HDBSCAN,dbcv,TPE,81,0.09050029287339328,0.10961547263055543
A,Digits (Low),PCA,HDBSCAN,dbcv,TPE,82,0.07410628056514888,0.10961547263055543
A,Digits (Low),PCA,HDBSCAN,dbcv,TPE,83,0.01725561062703832,0.10961547263055543
A,Digits (Low),PCA,HDBSCAN,dbcv,TPE,84,0.0058681077136600104,0.10961547263055543
A,Digits (Low),PCA,HDBSCAN,dbcv,TPE,85,0.07802772931842425,0.10961547263055543
A,Digits (Low),PCA,HDBSCAN,dbcv,TPE,86,0.14408041665568785,0.14408041665568785
A,Digits (Low),PCA,HDBSCAN,dbcv,TPE,87,0.08616694890618454,0.14408041665568785
A,Digits (Low),PCA,HDBSCAN,dbcv,TPE,88,0.10701309147776779,0.14408041665568785
A,Digits (Low),PCA,HDBSCAN,dbcv,TPE,89,-1.0,0.14408041665568785
A,Digits (Low),PCA,HDBSCAN,dbcv,TPE,90,0.10235867013129823,0.14408041665568785
A,Digits (Low),PCA,HDBSCAN,dbcv,TPE,91,0.09381806821360612,0.14408041665568785
A,Digits (Low),PCA,HDBSCAN,dbcv,TPE,92,0.1019756012000484,0.14408041665568785
A,Digits (Low),PCA,HDBSCAN,dbcv,TPE,93,0.1218871987054073,0.14408041665568785
A,Digits (Low),PCA,HDBSCAN,dbcv,TPE,94,-1.0,0.14408041665568785
A,Digits (Low),PCA,HDBSCAN,dbcv,TPE,95,0.0851774155296542,0.14408041665568785
A,Digits (Low),PCA,HDBSCAN,dbcv,TPE,96,0.09591361794563609,0.14408041665568785
A,Digits (Low),PCA,HDBSCAN,dbcv,TPE,97,0.10233283026682191,0.14408041665568785
A,Digits (Low),PCA,HDBSCAN,dbcv,TPE,98,0.09336822350453718,0.14408041665568785
A,Digits (Low),PCA,HDBSCAN,dbcv,TPE,99,0.08616694890618454,0.14408041665568785
A,Digits (Low),PCA,HDBSCAN,dbcv,Random,0,-1.0,-1.0
A,Digits (Low),PCA,HDBSCAN,dbcv,Random,1,0.07264775567686593,0.07264775567686593
A,Digits (Low),PCA,HDBSCAN,dbcv,Random,2,-1.0,0.07264775567686593
A,Digits (Low),PCA,HDBSCAN,dbcv,Random,3,-1.0,0.07264775567686593
A,Digits (Low),PCA,HDBSCAN,dbcv,Random,4,-1.0,0.07264775567686593
A,Digits (Low),PCA,HDBSCAN,dbcv,Random,5,-1.0,0.07264775567686593
A,Digits (Low),PCA,HDBSCAN,dbcv,Random,6,-1.0,0.07264775567686593
A,Digits (Low),PCA,HDBSCAN,dbcv,Random,7,-1.0,0.07264775567686593
A,Digits (Low),PCA,HDBSCAN,dbcv,Random,8,-1.0,0.07264775567686593
A,Digits (Low),PCA,HDBSCAN,dbcv,Random,9,0.04434119247501751,0.07264775567686593
A,Digits (Low),PCA,HDBSCAN,dbcv,Random,10,0.09104148442135288,0.09104148442135288
A,Digits (Low),PCA,HDBSCAN,dbcv,Random,11,-1.0,0.09104148442135288
A,Digits (Low),PCA,HDBSCAN,dbcv,Random,12,-1.0,0.09104148442135288
A,Digits (Low),PCA,HDBSCAN,dbcv,Random,13,-1.0,0.09104148442135288
A,Digits (Low),PCA,HDBSCAN,dbcv,Random,14,-1.0,0.09104148442135288
A,Digits (Low),PCA,HDBSCAN,dbcv,Random,15,-1.0,0.09104148442135288
A,Digits (Low),PCA,HDBSCAN,dbcv,Random,16,-1.0,0.09104148442135288
A,Digits (Low),PCA,HDBSCAN,dbcv,Random,17,-1.0,0.09104148442135288
A,Digits (Low),PCA,HDBSCAN,dbcv,Random,18,0.07030544089094387,0.09104148442135288
A,Digits (Low),PCA,HDBSCAN,dbcv,Random,19,-1.0,0.09104148442135288
A,Digits (Low),PCA,HDBSCAN,dbcv,Random,20,-1.0,0.09104148442135288
A,Digits (Low),PCA,HDBSCAN,dbcv,Random,21,-1.0,0.09104148442135288
A,Digits (Low),PCA,HDBSCAN,dbcv,Random,22,-0.015628095688858513,0.09104148442135288
A,Digits (Low),PCA,HDBSCAN,dbcv,Random,23,0.05036649811672999,0.09104148442135288
A,Digits (Low),PCA,HDBSCAN,dbcv,Random,24,-0.21469687630766288,0.09104148442135288
A,Digits (Low),PCA,HDBSCAN,dbcv,Random,25,0.10589260855962815,0.10589260855962815
A,Digits (Low),PCA,HDBSCAN,dbcv,Random,26,-1.0,0.10589260855962815
A,Digits (Low),PCA,HDBSCAN,dbcv,Random,27,0.09509199782476242,0.10589260855962815
A,Digits (Low),PCA,HDBSCAN,dbcv,Random,28,-1.0,0.10589260855962815
A,Digits (Low),PCA,HDBSCAN,dbcv,Random,29,-1.0,0.10589260855962815
A,Digits (Low),PCA,HDBSCAN,dbcv,Random,30,-0.014152876933973858,0.10589260855962815
A,Digits (Low),PCA,HDBSCAN,dbcv,Random,31,-1.0,0.10589260855962815
A,Digits (Low),PCA,HDBSCAN,dbcv,Random,32,0.057074654845090965,0.10589260855962815
A,Digits (Low),PCA,HDBSCAN,dbcv,Random,33,-1.0,0.10589260855962815
A,Digits (Low),PCA,HDBSCAN,dbcv,Random,34,-1.0,0.10589260855962815
A,Digits (Low),PCA,HDBSCAN,dbcv,Random,35,-1.0,0.10589260855962815
A,Digits (Low),PCA,HDBSCAN,dbcv,Random,36,-1.0,0.10589260855962815
A,Digits (Low),PCA,HDBSCAN,dbcv,Random,37,-1.0,0.10589260855962815
A,Digits (Low),PCA,HDBSCAN,dbcv,Random,38,-1.0,0.10589260855962815
A,Digits (Low),PCA,HDBSCAN,dbcv,Random,39,-1.0,0.10589260855962815
A,Digits (Low),PCA,HDBSCAN,dbcv,Random,40,-1.0,0.10589260855962815
A,Digits (Low),PCA,HDBSCAN,dbcv,Random,41,-1.0,0.10589260855962815
A,Digits (Low),PCA,HDBSCAN,dbcv,Random,42,0.08034644158797072,0.10589260855962815
A,Digits (Low),PCA,HDBSCAN,dbcv,Random,43,-1.0,0.10589260855962815
A,Digits (Low),PCA,HDBSCAN,dbcv,Random,44,-1.0,0.10589260855962815
A,Digits (Low),PCA,HDBSCAN,dbcv,Random,45,-1.0,0.10589260855962815
A,Digits (Low),PCA,HDBSCAN,dbcv,Random,46,-1.0,0.10589260855962815
A,Digits (Low),PCA,HDBSCAN,dbcv,Random,47,-1.0,0.10589260855962815
A,Digits (Low),PCA,HDBSCAN,dbcv,Random,48,-1.0,0.10589260855962815
A,Digits (Low),PCA,HDBSCAN,dbcv,Random,49,-1.0,0.10589260855962815
A,Digits (Low),PCA,HDBSCAN,dbcv,Random,50,-1.0,0.10589260855962815
A,Digits (Low),PCA,HDBSCAN,dbcv,Random,51,-1.0,0.10589260855962815
A,Digits (Low),PCA,HDBSCAN,dbcv,Random,52,-1.0,0.10589260855962815
A,Digits (Low),PCA,HDBSCAN,dbcv,Random,53,-1.0,0.10589260855962815
A,Digits (Low),PCA,HDBSCAN,dbcv,Random,54,0.07652473741116342,0.10589260855962815
A,Digits (Low),PCA,HDBSCAN,dbcv,Random,55,-1.0,0.10589260855962815
A,Digits (Low),PCA,HDBSCAN,dbcv,Random,56,-1.0,0.10589260855962815
A,Digits (Low),PCA,HDBSCAN,dbcv,Random,57,-0.4636725023682016,0.10589260855962815
A,Digits (Low),PCA,HDBSCAN,dbcv,Random,58,-1.0,0.10589260855962815
A,Digits (Low),PCA,HDBSCAN,dbcv,Random,59,0.06395039569616631,0.10589260855962815
A,Digits (Low),PCA,HDBSCAN,dbcv,Random,60,-1.0,0.10589260855962815
A,Digits (Low),PCA,HDBSCAN,dbcv,Random,61,-1.0,0.10589260855962815
A,Digits (Low),PCA,HDBSCAN,dbcv,Random,62,-1.0,0.10589260855962815
A,Digits (Low),PCA,HDBSCAN,dbcv,Random,63,-1.0,0.10589260855962815
A,Digits (Low),PCA,HDBSCAN,dbcv,Random,64,-1.0,0.10589260855962815
A,Digits (Low),PCA,HDBSCAN,dbcv,Random,65,-1.0,0.10589260855962815
A,Digits (Low),PCA,HDBSCAN,dbcv,Random,66,-1.0,0.10589260855962815
A,Digits (Low),PCA,HDBSCAN,dbcv,Random,67,-1.0,0.10589260855962815
A,Digits (Low),PCA,HDBSCAN,dbcv,Random,68,0.10668040425608624,0.10668040425608624
A,Digits (Low),PCA,HDBSCAN,dbcv,Random,69,0.10951383634327988,0.10951383634327988
A,Digits (Low),PCA,HDBSCAN,dbcv,Random,70,-1.0,0.10951383634327988
A,Digits (Low),PCA,HDBSCAN,dbcv,Random,71,0.035577353309542495,0.10951383634327988
A,Digits (Low),PCA,HDBSCAN,dbcv,Random,72,-1.0,0.10951383634327988
A,Digits (Low),PCA,HDBSCAN,dbcv,Random,73,-1.0,0.10951383634327988
A,Digits (Low),PCA,HDBSCAN,dbcv,Random,74,-1.0,0.10951383634327988
A,Digits (Low),PCA,HDBSCAN,dbcv,Random,75,-1.0,0.10951383634327988
A,Digits (Low),PCA,HDBSCAN,dbcv,Random,76,-1.0,0.10951383634327988
A,Digits (Low),PCA,HDBSCAN,dbcv,Random,77,-1.0,0.10951383634327988
A,Digits (Low),PCA,HDBSCAN,dbcv,Random,78,-1.0,0.10951383634327988
A,Digits (Low),PCA,HDBSCAN,dbcv,Random,79,-0.4985833031393168,0.10951383634327988
A,Digits (Low),PCA,HDBSCAN,dbcv,Random,80,-1.0,0.10951383634327988
A,Digits (Low),PCA,HDBSCAN,dbcv,Random,81,-1.0,0.10951383634327988
A,Digits (Low),PCA,HDBSCAN,dbcv,Random,82,-1.0,0.10951383634327988
A,Digits (Low),PCA,HDBSCAN,dbcv,Random,83,-1.0,0.10951383634327988
A,Digits (Low),PCA,HDBSCAN,dbcv,Random,84,-1.0,0.10951383634327988
A,Digits (Low),PCA,HDBSCAN,dbcv,Random,85,-1.0,0.10951383634327988
A,Digits (Low),PCA,HDBSCAN,dbcv,Random,86,-1.0,0.10951383634327988
A,Digits (Low),PCA,HDBSCAN,dbcv,Random,87,-1.0,0.10951383634327988
A,Digits (Low),PCA,HDBSCAN,dbcv,Random,88,-1.0,0.10951383634327988
A,Digits (Low),PCA,HDBSCAN,dbcv,Random,89,-1.0,0.10951383634327988
A,Digits (Low),PCA,HDBSCAN,dbcv,Random,90,-1.0,0.10951383634327988
A,Digits (Low),PCA,HDBSCAN,dbcv,Random,91,-1.0,0.10951383634327988
A,Digits (Low),PCA,HDBSCAN,dbcv,Random,92,-1.0,0.10951383634327988
A,Digits (Low),PCA,HDBSCAN,dbcv,Random,93,-1.0,0.10951383634327988
A,Digits (Low),PCA,HDBSCAN,dbcv,Random,94,-1.0,0.10951383634327988
A,Digits (Low),PCA,HDBSCAN,dbcv,Random,95,-1.0,0.10951383634327988
A,Digits (Low),PCA,HDBSCAN,dbcv,Random,96,0.030239704860949342,0.10951383634327988
A,Digits (Low),PCA,HDBSCAN,dbcv,Random,97,-0.0746238898450742,0.10951383634327988
A,Digits (Low),PCA,HDBSCAN,dbcv,Random,98,-1.0,0.10951383634327988
A,Digits (Low),PCA,HDBSCAN,dbcv,Random,99,0.05202208881070251,0.10951383634327988
A,Digits (Low),PCA,DBSCAN,dbcv,TPE,0,-0.004872434203374947,-0.004872434203374947
A,Digits (Low),PCA,DBSCAN,dbcv,TPE,1,-1.0,-0.004872434203374947
A,Digits (Low),PCA,DBSCAN,dbcv,TPE,2,-1.0,-0.004872434203374947
A,Digits (Low),PCA,DBSCAN,dbcv,TPE,3,-1.0,-0.004872434203374947
A,Digits (Low),PCA,DBSCAN,dbcv,TPE,4,-1.0,-0.004872434203374947
A,Digits (Low),PCA,DBSCAN,dbcv,TPE,5,-1.0,-0.004872434203374947
A,Digits (Low),PCA,DBSCAN,dbcv,TPE,6,-1.0,-0.004872434203374947
A,Digits (Low),PCA,DBSCAN,dbcv,TPE,7,-1.0,-0.004872434203374947
A,Digits (Low),PCA,DBSCAN,dbcv,TPE,8,-1.0,-0.004872434203374947
A,Digits (Low),PCA,DBSCAN,dbcv,TPE,9,-1.0,-0.004872434203374947
A,Digits (Low),PCA,DBSCAN,dbcv,TPE,10,-1.0,-0.004872434203374947
A,Digits (Low),PCA,DBSCAN,dbcv,TPE,11,-1.0,-0.004872434203374947
A,Digits (Low),PCA,DBSCAN,dbcv,TPE,12,-1.0,-0.004872434203374947
A,Digits (Low),PCA,DBSCAN,dbcv,TPE,13,-1.0,-0.004872434203374947
A,Digits (Low),PCA,DBSCAN,dbcv,TPE,14,-1.0,-0.004872434203374947
A,Digits (Low),PCA,DBSCAN,dbcv,TPE,15,-1.0,-0.004872434203374947
A,Digits (Low),PCA,DBSCAN,dbcv,TPE,16,-1.0,-0.004872434203374947
A,Digits (Low),PCA,DBSCAN,dbcv,TPE,17,-1.0,-0.004872434203374947
A,Digits (Low),PCA,DBSCAN,dbcv,TPE,18,0.1071251183292461,0.1071251183292461
A,Digits (Low),PCA,DBSCAN,dbcv,TPE,19,-1.0,0.1071251183292461
A,Digits (Low),PCA,DBSCAN,dbcv,TPE,20,-1.0,0.1071251183292461
A,Digits (Low),PCA,DBSCAN,dbcv,TPE,21,-1.0,0.1071251183292461
A,Digits (Low),PCA,DBSCAN,dbcv,TPE,22,0.11723765166218766,0.11723765166218766
A,Digits (Low),PCA,DBSCAN,dbcv,TPE,23,0.09319282015245386,0.11723765166218766
A,Digits (Low),PCA,DBSCAN,dbcv,TPE,24,-1.0,0.11723765166218766
A,Digits (Low),PCA,DBSCAN,dbcv,TPE,25,0.08084828144832598,0.11723765166218766
A,Digits (Low),PCA,DBSCAN,dbcv,TPE,26,-1.0,0.11723765166218766
A,Digits (Low),PCA,DBSCAN,dbcv,TPE,27,-1.0,0.11723765166218766
A,Digits (Low),PCA,DBSCAN,dbcv,TPE,28,-1.0,0.11723765166218766
A,Digits (Low),PCA,DBSCAN,dbcv,TPE,29,-0.018129975664968385,0.11723765166218766
A,Digits (Low),PCA,DBSCAN,dbcv,TPE,30,-0.017646073860391572,0.11723765166218766
A,Digits (Low),PCA,DBSCAN,dbcv,TPE,31,0.04721948924623831,0.11723765166218766
A,Digits (Low),PCA,DBSCAN,dbcv,TPE,32,-1.0,0.11723765166218766
A,Digits (Low),PCA,DBSCAN,dbcv,TPE,33,0.03168422162720366,0.11723765166218766
A,Digits (Low),PCA,DBSCAN,dbcv,TPE,34,-1.0,0.11723765166218766
A,Digits (Low),PCA,DBSCAN,dbcv,TPE,35,-1.0,0.11723765166218766
A,Digits (Low),PCA,DBSCAN,dbcv,TPE,36,0.08332934941758546,0.11723765166218766
A,Digits (Low),PCA,DBSCAN,dbcv,TPE,37,-1.0,0.11723765166218766
A,Digits (Low),PCA,DBSCAN,dbcv,TPE,38,-1.0,0.11723765166218766
A,Digits (Low),PCA,DBSCAN,dbcv,TPE,39,-1.0,0.11723765166218766
A,Digits (Low),PCA,DBSCAN,dbcv,TPE,40,0.09867915261674111,0.11723765166218766
A,Digits (Low),PCA,DBSCAN,dbcv,TPE,41,0.10736965500539605,0.11723765166218766
A,Digits (Low),PCA,DBSCAN,dbcv,TPE,42,0.11847521343514948,0.11847521343514948
A,Digits (Low),PCA,DBSCAN,dbcv,TPE,43,0.11649891118976641,0.11847521343514948
A,Digits (Low),PCA,DBSCAN,dbcv,TPE,44,0.12306326809442963,0.12306326809442963
A,Digits (Low),PCA,DBSCAN,dbcv,TPE,45,-1.0,0.12306326809442963
A,Digits (Low),PCA,DBSCAN,dbcv,TPE,46,0.10931014063430582,0.12306326809442963
A,Digits (Low),PCA,DBSCAN,dbcv,TPE,47,0.0739790903285086,0.12306326809442963
A,Digits (Low),PCA,DBSCAN,dbcv,TPE,48,0.1265933760735389,0.1265933760735389
A,Digits (Low),PCA,DBSCAN,dbcv,TPE,49,-1.0,0.1265933760735389
A,Digits (Low),PCA,DBSCAN,dbcv,TPE,50,-1.0,0.1265933760735389
A,Digits (Low),PCA,DBSCAN,dbcv,TPE,51,0.126543334815257,0.1265933760735389
A,Digits (Low),PCA,DBSCAN,dbcv,TPE,52,0.09398926089067428,0.1265933760735389
A,Digits (Low),PCA,DBSCAN,dbcv,TPE,53,0.12920811049526337,0.12920811049526337
A,Digits (Low),PCA,DBSCAN,dbcv,TPE,54,0.14182371847243738,0.14182371847243738
A,Digits (Low),PCA,DBSCAN,dbcv,TPE,55,-1.0,0.14182371847243738
A,Digits (Low),PCA,DBSCAN,dbcv,TPE,56,-1.0,0.14182371847243738
A,Digits (Low),PCA,DBSCAN,dbcv,TPE,57,0.12571088835536554,0.14182371847243738
A,Digits (Low),PCA,DBSCAN,dbcv,TPE,58,-1.0,0.14182371847243738
A,Digits (Low),PCA,DBSCAN,dbcv,TPE,59,0.12571088835536554,0.14182371847243738
A,Digits (Low),PCA,DBSCAN,dbcv,TPE,60,-1.0,0.14182371847243738
A,Digits (Low),PCA,DBSCAN,dbcv,TPE,61,0.12086803221820938,0.14182371847243738
A,Digits (Low),PCA,DBSCAN,dbcv,TPE,62,0.11159236176980068,0.14182371847243738
A,Digits (Low),PCA,DBSCAN,dbcv,TPE,63,-1.0,0.14182371847243738
A,Digits (Low),PCA,DBSCAN,dbcv,TPE,64,-1.0,0.14182371847243738
A,Digits (Low),PCA,DBSCAN,dbcv,TPE,65,0.1258768646663331,0.14182371847243738
A,Digits (Low),PCA,DBSCAN,dbcv,TPE,66,-1.0,0.14182371847243738
A,Digits (Low),PCA,DBSCAN,dbcv,TPE,67,0.12365272534673391,0.14182371847243738
A,Digits (Low),PCA,DBSCAN,dbcv,TPE,68,-1.0,0.14182371847243738
A,Digits (Low),PCA,DBSCAN,dbcv,TPE,69,-1.0,0.14182371847243738
A,Digits (Low),PCA,DBSCAN,dbcv,TPE,70,0.11408294759605914,0.14182371847243738
A,Digits (Low),PCA,DBSCAN,dbcv,TPE,71,0.10738181138778614,0.14182371847243738
A,Digits (Low),PCA,DBSCAN,dbcv,TPE,72,0.13227201476951342,0.14182371847243738
A,Digits (Low),PCA,DBSCAN,dbcv,TPE,73,0.12132489980534134,0.14182371847243738
A,Digits (Low),PCA,DBSCAN,dbcv,TPE,74,-1.0,0.14182371847243738
A,Digits (Low),PCA,DBSCAN,dbcv,TPE,75,-1.0,0.14182371847243738
A,Digits (Low),PCA,DBSCAN,dbcv,TPE,76,0.08390036872201913,0.14182371847243738
A,Digits (Low),PCA,DBSCAN,dbcv,TPE,77,0.11369997975396355,0.14182371847243738
A,Digits (Low),PCA,DBSCAN,dbcv,TPE,78,-1.0,0.14182371847243738
A,Digits (Low),PCA,DBSCAN,dbcv,TPE,79,-1.0,0.14182371847243738
A,Digits (Low),PCA,DBSCAN,dbcv,TPE,80,-1.0,0.14182371847243738
A,Digits (Low),PCA,DBSCAN,dbcv,TPE,81,0.10334708147944865,0.14182371847243738
A,Digits (Low),PCA,DBSCAN,dbcv,TPE,82,-1.0,0.14182371847243738
A,Digits (Low),PCA,DBSCAN,dbcv,TPE,83,0.11128893604752392,0.14182371847243738
A,Digits (Low),PCA,DBSCAN,dbcv,TPE,84,-1.0,0.14182371847243738
A,Digits (Low),PCA,DBSCAN,dbcv,TPE,85,0.11398062539552117,0.14182371847243738
A,Digits (Low),PCA,DBSCAN,dbcv,TPE,86,0.12712203837985941,0.14182371847243738
A,Digits (Low),PCA,DBSCAN,dbcv,TPE,87,0.12184839824941182,0.14182371847243738
A,Digits (Low),PCA,DBSCAN,dbcv,TPE,88,0.11850896695590292,0.14182371847243738
A,Digits (Low),PCA,DBSCAN,dbcv,TPE,89,-1.0,0.14182371847243738
A,Digits (Low),PCA,DBSCAN,dbcv,TPE,90,0.10300635399085184,0.14182371847243738
A,Digits (Low),PCA,DBSCAN,dbcv,TPE,91,0.12315256048314893,0.14182371847243738
A,Digits (Low),PCA,DBSCAN,dbcv,TPE,92,0.13078807152421584,0.14182371847243738
A,Digits (Low),PCA,DBSCAN,dbcv,TPE,93,0.12007393914990785,0.14182371847243738
A,Digits (Low),PCA,DBSCAN,dbcv,TPE,94,0.0944953081572263,0.14182371847243738
A,Digits (Low),PCA,DBSCAN,dbcv,TPE,95,-1.0,0.14182371847243738
A,Digits (Low),PCA,DBSCAN,dbcv,TPE,96,0.11936751832427715,0.14182371847243738
A,Digits (Low),PCA,DBSCAN,dbcv,TPE,97,0.09118213677421598,0.14182371847243738
A,Digits (Low),PCA,DBSCAN,dbcv,TPE,98,0.10104879051710382,0.14182371847243738
A,Digits (Low),PCA,DBSCAN,dbcv,TPE,99,-1.0,0.14182371847243738
A,Digits (Low),PCA,DBSCAN,dbcv,Random,0,-0.004872434203374947,-0.004872434203374947
A,Digits (Low),PCA,DBSCAN,dbcv,Random,1,-1.0,-0.004872434203374947
A,Digits (Low),PCA,DBSCAN,dbcv,Random,2,-1.0,-0.004872434203374947
A,Digits (Low),PCA,DBSCAN,dbcv,Random,3,-1.0,-0.004872434203374947
A,Digits (Low),PCA,DBSCAN,dbcv,Random,4,-1.0,-0.004872434203374947
A,Digits (Low),PCA,DBSCAN,dbcv,Random,5,-1.0,-0.004872434203374947
A,Digits (Low),PCA,DBSCAN,dbcv,Random,6,-1.0,-0.004872434203374947
A,Digits (Low),PCA,DBSCAN,dbcv,Random,7,-1.0,-0.004872434203374947
A,Digits (Low),PCA,DBSCAN,dbcv,Random,8,-1.0,-0.004872434203374947
A,Digits (Low),PCA,DBSCAN,dbcv,Random,9,-1.0,-0.004872434203374947
A,Digits (Low),PCA,DBSCAN,dbcv,Random,10,-1.0,-0.004872434203374947
A,Digits (Low),PCA,DBSCAN,dbcv,Random,11,-1.0,-0.004872434203374947
A,Digits (Low),PCA,DBSCAN,dbcv,Random,12,-1.0,-0.004872434203374947
A,Digits (Low),PCA,DBSCAN,dbcv,Random,13,-1.0,-0.004872434203374947
A,Digits (Low),PCA,DBSCAN,dbcv,Random,14,-1.0,-0.004872434203374947
A,Digits (Low),PCA,DBSCAN,dbcv,Random,15,-1.0,-0.004872434203374947
A,Digits (Low),PCA,DBSCAN,dbcv,Random,16,-1.0,-0.004872434203374947
A,Digits (Low),PCA,DBSCAN,dbcv,Random,17,-1.0,-0.004872434203374947
A,Digits (Low),PCA,DBSCAN,dbcv,Random,18,0.0887593623910356,0.0887593623910356
A,Digits (Low),PCA,DBSCAN,dbcv,Random,19,-1.0,0.0887593623910356
A,Digits (Low),PCA,DBSCAN,dbcv,Random,20,-1.0,0.0887593623910356
A,Digits (Low),PCA,DBSCAN,dbcv,Random,21,-1.0,0.0887593623910356
A,Digits (Low),PCA,DBSCAN,dbcv,Random,22,-0.04998297349321883,0.0887593623910356
A,Digits (Low),PCA,DBSCAN,dbcv,Random,23,-1.0,0.0887593623910356
A,Digits (Low),PCA,DBSCAN,dbcv,Random,24,-1.0,0.0887593623910356
A,Digits (Low),PCA,DBSCAN,dbcv,Random,25,-1.0,0.0887593623910356
A,Digits (Low),PCA,DBSCAN,dbcv,Random,26,-1.0,0.0887593623910356
A,Digits (Low),PCA,DBSCAN,dbcv,Random,27,-1.0,0.0887593623910356
A,Digits (Low),PCA,DBSCAN,dbcv,Random,28,-1.0,0.0887593623910356
A,Digits (Low),PCA,DBSCAN,dbcv,Random,29,-1.0,0.0887593623910356
A,Digits (Low),PCA,DBSCAN,dbcv,Random,30,-1.0,0.0887593623910356
A,Digits (Low),PCA,DBSCAN,dbcv,Random,31,-1.0,0.0887593623910356
A,Digits (Low),PCA,DBSCAN,dbcv,Random,32,-1.0,0.0887593623910356
A,Digits (Low),PCA,DBSCAN,dbcv,Random,33,-1.0,0.0887593623910356
A,Digits (Low),PCA,DBSCAN,dbcv,Random,34,-1.0,0.0887593623910356
A,Digits (Low),PCA,DBSCAN,dbcv,Random,35,-1.0,0.0887593623910356
A,Digits (Low),PCA,DBSCAN,dbcv,Random,36,-1.0,0.0887593623910356
A,Digits (Low),PCA,DBSCAN,dbcv,Random,37,-1.0,0.0887593623910356
A,Digits (Low),PCA,DBSCAN,dbcv,Random,38,-1.0,0.0887593623910356
A,Digits (Low),PCA,DBSCAN,dbcv,Random,39,-1.0,0.0887593623910356
A,Digits (Low),PCA,DBSCAN,dbcv,Random,40,-1.0,0.0887593623910356
A,Digits (Low),PCA,DBSCAN,dbcv,Random,41,-1.0,0.0887593623910356
A,Digits (Low),PCA,DBSCAN,dbcv,Random,42,0.08418577604153288,0.0887593623910356
A,Digits (Low),PCA,DBSCAN,dbcv,Random,43,-1.0,0.0887593623910356
A,Digits (Low),PCA,DBSCAN,dbcv,Random,44,-1.0,0.0887593623910356
A,Digits (Low),PCA,DBSCAN,dbcv,Random,45,-1.0,0.0887593623910356
A,Digits (Low),PCA,DBSCAN,dbcv,Random,46,0.05310693609091747,0.0887593623910356
A,Digits (Low),PCA,DBSCAN,dbcv,Random,47,-1.0,0.0887593623910356
A,Digits (Low),PCA,DBSCAN,dbcv,Random,48,-1.0,0.0887593623910356
A,Digits (Low),PCA,DBSCAN,dbcv,Random,49,-1.0,0.0887593623910356
A,Digits (Low),PCA,DBSCAN,dbcv,Random,50,-1.0,0.0887593623910356
A,Digits (Low),PCA,DBSCAN,dbcv,Random,51,-0.06940713126970532,0.0887593623910356
A,Digits (Low),PCA,DBSCAN,dbcv,Random,52,-1.0,0.0887593623910356
A,Digits (Low),PCA,DBSCAN,dbcv,Random,53,-1.0,0.0887593623910356
A,Digits (Low),PCA,DBSCAN,dbcv,Random,54,-1.0,0.0887593623910356
A,Digits (Low),PCA,DBSCAN,dbcv,Random,55,-1.0,0.0887593623910356
A,Digits (Low),PCA,DBSCAN,dbcv,Random,56,-1.0,0.0887593623910356
A,Digits (Low),PCA,DBSCAN,dbcv,Random,57,-1.0,0.0887593623910356
A,Digits (Low),PCA,DBSCAN,dbcv,Random,58,-1.0,0.0887593623910356
A,Digits (Low),PCA,DBSCAN,dbcv,Random,59,0.07503242047818871,0.0887593623910356
A,Digits (Low),PCA,DBSCAN,dbcv,Random,60,-1.0,0.0887593623910356
A,Digits (Low),PCA,DBSCAN,dbcv,Random,61,-1.0,0.0887593623910356
A,Digits (Low),PCA,DBSCAN,dbcv,Random,62,-1.0,0.0887593623910356
A,Digits (Low),PCA,DBSCAN,dbcv,Random,63,-1.0,0.0887593623910356
A,Digits (Low),PCA,DBSCAN,dbcv,Random,64,-1.0,0.0887593623910356
A,Digits (Low),PCA,DBSCAN,dbcv,Random,65,-1.0,0.0887593623910356
A,Digits (Low),PCA,DBSCAN,dbcv,Random,66,-1.0,0.0887593623910356
A,Digits (Low),PCA,DBSCAN,dbcv,Random,67,-1.0,0.0887593623910356
A,Digits (Low),PCA,DBSCAN,dbcv,Random,68,-1.0,0.0887593623910356
A,Digits (Low),PCA,DBSCAN,dbcv,Random,69,-1.0,0.0887593623910356
A,Digits (Low),PCA,DBSCAN,dbcv,Random,70,-1.0,0.0887593623910356
A,Digits (Low),PCA,DBSCAN,dbcv,Random,71,0.0016695997792567866,0.0887593623910356
A,Digits (Low),PCA,DBSCAN,dbcv,Random,72,-1.0,0.0887593623910356
A,Digits (Low),PCA,DBSCAN,dbcv,Random,73,-1.0,0.0887593623910356
A,Digits (Low),PCA,DBSCAN,dbcv,Random,74,-1.0,0.0887593623910356
A,Digits (Low),PCA,DBSCAN,dbcv,Random,75,-1.0,0.0887593623910356
A,Digits (Low),PCA,DBSCAN,dbcv,Random,76,-1.0,0.0887593623910356
A,Digits (Low),PCA,DBSCAN,dbcv,Random,77,-1.0,0.0887593623910356
A,Digits (Low),PCA,DBSCAN,dbcv,Random,78,-0.06078601598695316,0.0887593623910356
A,Digits (Low),PCA,DBSCAN,dbcv,Random,79,-1.0,0.0887593623910356
A,Digits (Low),PCA,DBSCAN,dbcv,Random,80,-1.0,0.0887593623910356
A,Digits (Low),PCA,DBSCAN,dbcv,Random,81,-1.0,0.0887593623910356
A,Digits (Low),PCA,DBSCAN,dbcv,Random,82,-1.0,0.0887593623910356
A,Digits (Low),PCA,DBSCAN,dbcv,Random,83,-1.0,0.0887593623910356
A,Digits (Low),PCA,DBSCAN,dbcv,Random,84,-1.0,0.0887593623910356
A,Digits (Low),PCA,DBSCAN,dbcv,Random,85,-1.0,0.0887593623910356
A,Digits (Low),PCA,DBSCAN,dbcv,Random,86,-1.0,0.0887593623910356
A,Digits (Low),PCA,DBSCAN,dbcv,Random,87,-1.0,0.0887593623910356
A,Digits (Low),PCA,DBSCAN,dbcv,Random,88,-1.0,0.0887593623910356
A,Digits (Low),PCA,DBSCAN,dbcv,Random,89,-1.0,0.0887593623910356
A,Digits (Low),PCA,DBSCAN,dbcv,Random,90,-1.0,0.0887593623910356
A,Digits (Low),PCA,DBSCAN,dbcv,Random,91,-1.0,0.0887593623910356
A,Digits (Low),PCA,DBSCAN,dbcv,Random,92,-1.0,0.0887593623910356
A,Digits (Low),PCA,DBSCAN,dbcv,Random,93,-1.0,0.0887593623910356
A,Digits (Low),PCA,DBSCAN,dbcv,Random,94,-1.0,0.0887593623910356
A,Digits (Low),PCA,DBSCAN,dbcv,Random,95,-1.0,0.0887593623910356
A,Digits (Low),PCA,DBSCAN,dbcv,Random,96,0.09822183300660645,0.09822183300660645
A,Digits (Low),PCA,DBSCAN,dbcv,Random,97,-1.0,0.09822183300660645
A,Digits (Low),PCA,DBSCAN,dbcv,Random,98,-1.0,0.09822183300660645
A,Digits (Low),PCA,DBSCAN,dbcv,Random,99,0.04380582101432617,0.09822183300660645
A,Digits (Low),PCA,KMeans,dbcv,TPE,0,-0.30859574715665417,-0.30859574715665417
A,Digits (Low),PCA,KMeans,dbcv,TPE,1,-0.2977488351393036,-0.2977488351393036
A,Digits (Low),PCA,KMeans,dbcv,TPE,2,-0.6105233094325742,-0.2977488351393036
A,Digits (Low),PCA,KMeans,dbcv,TPE,3,-0.3381381669395451,-0.2977488351393036
A,Digits (Low),PCA,KMeans,dbcv,TPE,4,-0.3683354477265708,-0.2977488351393036
A,Digits (Low),PCA,KMeans,dbcv,TPE,5,-0.4091069634921561,-0.2977488351393036
A,Digits (Low),PCA,KMeans,dbcv,TPE,6,-0.6808684365287894,-0.2977488351393036
A,Digits (Low),PCA,KMeans,dbcv,TPE,7,-0.5093961814837783,-0.2977488351393036
A,Digits (Low),PCA,KMeans,dbcv,TPE,8,-0.338994139522989,-0.2977488351393036
A,Digits (Low),PCA,KMeans,dbcv,TPE,9,-0.5332435377904887,-0.2977488351393036
A,Digits (Low),PCA,KMeans,dbcv,TPE,10,-0.3759229738361847,-0.2977488351393036
A,Digits (Low),PCA,KMeans,dbcv,TPE,11,-0.249514362980302,-0.249514362980302
A,Digits (Low),PCA,KMeans,dbcv,TPE,12,-0.249514362980302,-0.249514362980302
A,Digits (Low),PCA,KMeans,dbcv,TPE,13,-0.29530527518343297,-0.249514362980302
A,Digits (Low),PCA,KMeans,dbcv,TPE,14,-0.3705054765418769,-0.249514362980302
A,Digits (Low),PCA,KMeans,dbcv,TPE,15,-0.5396459287873255,-0.249514362980302
A,Digits (Low),PCA,KMeans,dbcv,TPE,16,-0.3064222256638211,-0.249514362980302
A,Digits (Low),PCA,KMeans,dbcv,TPE,17,-0.47680593706590757,-0.249514362980302
A,Digits (Low),PCA,KMeans,dbcv,TPE,18,-0.23186364426002154,-0.23186364426002154
A,Digits (Low),PCA,KMeans,dbcv,TPE,19,-0.23186364426002154,-0.23186364426002154
A,Digits (Low),PCA,KMeans,dbcv,TPE,20,-0.771661579223211,-0.23186364426002154
A,Digits (Low),PCA,KMeans,dbcv,TPE,21,-0.3132662682645355,-0.23186364426002154
A,Digits (Low),PCA,KMeans,dbcv,TPE,22,-0.2788900204631709,-0.23186364426002154
A,Digits (Low),PCA,KMeans,dbcv,TPE,23,-0.23186364426002154,-0.23186364426002154
A,Digits (Low),PCA,KMeans,dbcv,TPE,24,-0.29734659937254126,-0.23186364426002154
A,Digits (Low),PCA,KMeans,dbcv,TPE,25,-0.310481435709585,-0.23186364426002154
A,Digits (Low),PCA,KMeans,dbcv,TPE,26,-0.36642151061724504,-0.23186364426002154
A,Digits (Low),PCA,KMeans,dbcv,TPE,27,-0.23186364426002154,-0.23186364426002154
A,Digits (Low),PCA,KMeans,dbcv,TPE,28,-0.3183043495364645,-0.23186364426002154
A,Digits (Low),PCA,KMeans,dbcv,TPE,29,-0.2820046081575295,-0.23186364426002154
A,Digits (Low),PCA,KMeans,dbcv,TPE,30,-0.22219460567712762,-0.22219460567712762
A,Digits (Low),PCA,KMeans,dbcv,TPE,31,-0.22219460567712762,-0.22219460567712762
A,Digits (Low),PCA,KMeans,dbcv,TPE,32,-0.23769578233316124,-0.22219460567712762
A,Digits (Low),PCA,KMeans,dbcv,TPE,33,-0.2820046081575295,-0.22219460567712762
A,Digits (Low),PCA,KMeans,dbcv,TPE,34,-0.30878166496576265,-0.22219460567712762
A,Digits (Low),PCA,KMeans,dbcv,TPE,35,-0.3286957853856282,-0.22219460567712762
A,Digits (Low),PCA,KMeans,dbcv,TPE,36,-0.2788900204631709,-0.22219460567712762
A,Digits (Low),PCA,KMeans,dbcv,TPE,37,-0.29734659937254126,-0.22219460567712762
A,Digits (Low),PCA,KMeans,dbcv,TPE,38,-0.2820046081575295,-0.22219460567712762
A,Digits (Low),PCA,KMeans,dbcv,TPE,39,-0.23769578233316124,-0.22219460567712762
A,Digits (Low),PCA,KMeans,dbcv,TPE,40,-0.334621010498784,-0.22219460567712762
A,Digits (Low),PCA,KMeans,dbcv,TPE,41,-0.23186364426002154,-0.22219460567712762
A,Digits (Low),PCA,KMeans,dbcv,TPE,42,-0.29734659937254126,-0.22219460567712762
A,Digits (Low),PCA,KMeans,dbcv,TPE,43,-0.3079384994996332,-0.22219460567712762
A,Digits (Low),PCA,KMeans,dbcv,TPE,44,-0.23186364426002154,-0.22219460567712762
A,Digits (Low),PCA,KMeans,dbcv,TPE,45,-0.3183043495364645,-0.22219460567712762
A,Digits (Low),PCA,KMeans,dbcv,TPE,46,-0.38171071416799407,-0.22219460567712762
A,Digits (Low),PCA,KMeans,dbcv,TPE,47,-0.5969341122040693,-0.22219460567712762
A,Digits (Low),PCA,KMeans,dbcv,TPE,48,-0.2559341538901363,-0.22219460567712762
A,Digits (Low),PCA,KMeans,dbcv,TPE,49,-0.36642151061724504,-0.22219460567712762
A,Digits (Low),PCA,KMeans,dbcv,TPE,50,-0.21871665018529945,-0.21871665018529945
A,Digits (Low),PCA,KMeans,dbcv,TPE,51,-0.21871665018529945,-0.21871665018529945
A,Digits (Low),PCA,KMeans,dbcv,TPE,52,-0.28604211665495705,-0.21871665018529945
A,Digits (Low),PCA,KMeans,dbcv,TPE,53,-0.2891699084992956,-0.21871665018529945
A,Digits (Low),PCA,KMeans,dbcv,TPE,54,-0.28409504786675444,-0.21871665018529945
A,Digits (Low),PCA,KMeans,dbcv,TPE,55,-0.3455902196261305,-0.21871665018529945
A,Digits (Low),PCA,KMeans,dbcv,TPE,56,-0.30878166496576265,-0.21871665018529945
A,Digits (Low),PCA,KMeans,dbcv,TPE,57,-0.3094067869273373,-0.21871665018529945
A,Digits (Low),PCA,KMeans,dbcv,TPE,58,-0.2902568532547238,-0.21871665018529945
A,Digits (Low),PCA,KMeans,dbcv,TPE,59,-0.2169530209336919,-0.2169530209336919
A,Digits (Low),PCA,KMeans,dbcv,TPE,60,-0.2713492678717197,-0.2169530209336919
A,Digits (Low),PCA,KMeans,dbcv,TPE,61,-0.28450774964500086,-0.2169530209336919
A,Digits (Low),PCA,KMeans,dbcv,TPE,62,-0.2843046940531056,-0.2169530209336919
A,Digits (Low),PCA,KMeans,dbcv,TPE,63,-0.3095349871444184,-0.2169530209336919
A,Digits (Low),PCA,KMeans,dbcv,TPE,64,-0.2305401341484943,-0.2169530209336919
A,Digits (Low),PCA,KMeans,dbcv,TPE,65,-0.2305401341484943,-0.2169530209336919
A,Digits (Low),PCA,KMeans,dbcv,TPE,66,-0.3286957853856282,-0.2169530209336919
A,Digits (Low),PCA,KMeans,dbcv,TPE,67,-0.3196024571413177,-0.2169530209336919
A,Digits (Low),PCA,KMeans,dbcv,TPE,68,-0.3037509083019327,-0.2169530209336919
A,Digits (Low),PCA,KMeans,dbcv,TPE,69,-0.2788900204631709,-0.2169530209336919
A,Digits (Low),PCA,KMeans,dbcv,TPE,70,-0.23769578233316124,-0.2169530209336919
A,Digits (Low),PCA,KMeans,dbcv,TPE,71,-0.2820046081575295,-0.2169530209336919
A,Digits (Low),PCA,KMeans,dbcv,TPE,72,-0.2305401341484943,-0.2169530209336919
A,Digits (Low),PCA,KMeans,dbcv,TPE,73,-0.3685377500028478,-0.2169530209336919
A,Digits (Low),PCA,KMeans,dbcv,TPE,74,-0.2788900204631709,-0.2169530209336919
A,Digits (Low),PCA,KMeans,dbcv,TPE,75,-0.2820046081575295,-0.2169530209336919
A,Digits (Low),PCA,KMeans,dbcv,TPE,76,-0.31336335872129234,-0.2169530209336919
A,Digits (Low),PCA,KMeans,dbcv,TPE,77,-0.771661579223211,-0.2169530209336919
A,Digits (Low),PCA,KMeans,dbcv,TPE,78,-0.2788900204631709,-0.2169530209336919
A,Digits (Low),PCA,KMeans,dbcv,TPE,79,-0.2305401341484943,-0.2169530209336919
A,Digits (Low),PCA,KMeans,dbcv,TPE,80,-0.2820046081575295,-0.2169530209336919
A,Digits (Low),PCA,KMeans,dbcv,TPE,81,-0.2305401341484943,-0.2169530209336919
A,Digits (Low),PCA,KMeans,dbcv,TPE,82,-0.2305401341484943,-0.2169530209336919
A,Digits (Low),PCA,KMeans,dbcv,TPE,83,-0.2788900204631709,-0.2169530209336919
A,Digits (Low),PCA,KMeans,dbcv,TPE,84,-0.31124214158866287,-0.2169530209336919
A,Digits (Low),PCA,KMeans,dbcv,TPE,85,-0.2598789611579918,-0.2169530209336919
A,Digits (Low),PCA,KMeans,dbcv,TPE,86,-0.2788900204631709,-0.2169530209336919
A,Digits (Low),PCA,KMeans,dbcv,TPE,87,-0.2305401341484943,-0.2169530209336919
A,Digits (Low),PCA,KMeans,dbcv,TPE,88,-0.27936392154671175,-0.2169530209336919
A,Digits (Low),PCA,KMeans,dbcv,TPE,89,-0.2305401341484943,-0.2169530209336919
A,Digits (Low),PCA,KMeans,dbcv,TPE,90,-0.3930967439537113,-0.2169530209336919
A,Digits (Low),PCA,KMeans,dbcv,TPE,91,-0.2305401341484943,-0.2169530209336919
A,Digits (Low),PCA,KMeans,dbcv,TPE,92,-0.2820046081575295,-0.2169530209336919
A,Digits (Low),PCA,KMeans,dbcv,TPE,93,-0.2788900204631709,-0.2169530209336919
A,Digits (Low),PCA,KMeans,dbcv,TPE,94,-0.30878166496576265,-0.2169530209336919
A,Digits (Low),PCA,KMeans,dbcv,TPE,95,-0.2305401341484943,-0.2169530209336919
A,Digits (Low),PCA,KMeans,dbcv,TPE,96,-0.2865974938918781,-0.2169530209336919
A,Digits (Low),PCA,KMeans,dbcv,TPE,97,-0.2305401341484943,-0.2169530209336919
A,Digits (Low),PCA,KMeans,dbcv,TPE,98,-0.2820046081575295,-0.2169530209336919
A,Digits (Low),PCA,KMeans,dbcv,TPE,99,-0.28409504786675444,-0.2169530209336919
A,Digits (Low),PCA,KMeans,dbcv,Random,0,-0.30859574715665417,-0.30859574715665417
A,Digits (Low),PCA,KMeans,dbcv,Random,1,-0.2977488351393036,-0.2977488351393036
A,Digits (Low),PCA,KMeans,dbcv,Random,2,-0.6105233094325742,-0.2977488351393036
A,Digits (Low),PCA,KMeans,dbcv,Random,3,-0.3381381669395451,-0.2977488351393036
A,Digits (Low),PCA,KMeans,dbcv,Random,4,-0.3683354477265708,-0.2977488351393036
A,Digits (Low),PCA,KMeans,dbcv,Random,5,-0.4091069634921561,-0.2977488351393036
A,Digits (Low),PCA,KMeans,dbcv,Random,6,-0.6808684365287894,-0.2977488351393036
A,Digits (Low),PCA,KMeans,dbcv,Random,7,-0.5093961814837783,-0.2977488351393036
A,Digits (Low),PCA,KMeans,dbcv,Random,8,-0.338994139522989,-0.2977488351393036
A,Digits (Low),PCA,KMeans,dbcv,Random,9,-0.5332435377904887,-0.2977488351393036
A,Digits (Low),PCA,KMeans,dbcv,Random,10,-0.720981721850218,-0.2977488351393036
A,Digits (Low),PCA,KMeans,dbcv,Random,11,-0.32787666087414796,-0.2977488351393036
A,Digits (Low),PCA,KMeans,dbcv,Random,12,-0.257119817915863,-0.257119817915863
A,Digits (Low),PCA,KMeans,dbcv,Random,13,-0.38171071416799407,-0.257119817915863
A,Digits (Low),PCA,KMeans,dbcv,Random,14,-0.771661579223211,-0.257119817915863
A,Digits (Low),PCA,KMeans,dbcv,Random,15,-0.6464585734235959,-0.257119817915863
A,Digits (Low),PCA,KMeans,dbcv,Random,16,-0.31328158824016084,-0.257119817915863
A,Digits (Low),PCA,KMeans,dbcv,Random,17,-0.2788900204631709,-0.257119817915863
A,Digits (Low),PCA,KMeans,dbcv,Random,18,-0.5288709823556715,-0.257119817915863
A,Digits (Low),PCA,KMeans,dbcv,Random,19,-0.4043474530667267,-0.257119817915863
A,Digits (Low),PCA,KMeans,dbcv,Random,20,-0.41562686165352236,-0.257119817915863
A,Digits (Low),PCA,KMeans,dbcv,Random,21,-0.3812379333718402,-0.257119817915863
A,Digits (Low),PCA,KMeans,dbcv,Random,22,-0.3697236464523567,-0.257119817915863
A,Digits (Low),PCA,KMeans,dbcv,Random,23,-0.338994139522989,-0.257119817915863
A,Digits (Low),PCA,KMeans,dbcv,Random,24,-0.6722250076660238,-0.257119817915863
A,Digits (Low),PCA,KMeans,dbcv,Random,25,-0.2865974938918781,-0.257119817915863
A,Digits (Low),PCA,KMeans,dbcv,Random,26,-0.2305401341484943,-0.2305401341484943
A,Digits (Low),PCA,KMeans,dbcv,Random,27,-0.3545699232570323,-0.2305401341484943
A,Digits (Low),PCA,KMeans,dbcv,Random,28,-0.5907365913539088,-0.2305401341484943
A,Digits (Low),PCA,KMeans,dbcv,Random,29,-0.5719684028849537,-0.2305401341484943
A,Digits (Low),PCA,KMeans,dbcv,Random,30,-0.5456602220389454,-0.2305401341484943
A,Digits (Low),PCA,KMeans,dbcv,Random,31,-0.5314267658552512,-0.2305401341484943
A,Digits (Low),PCA,KMeans,dbcv,Random,32,-0.33287994153627487,-0.2305401341484943
A,Digits (Low),PCA,KMeans,dbcv,Random,33,-0.3115875104231164,-0.2305401341484943
A,Digits (Low),PCA,KMeans,dbcv,Random,34,-0.31328158824016084,-0.2305401341484943
A,Digits (Low),PCA,KMeans,dbcv,Random,35,-0.676753105331902,-0.2305401341484943
A,Digits (Low),PCA,KMeans,dbcv,Random,36,-0.4538982220445147,-0.2305401341484943
A,Digits (Low),PCA,KMeans,dbcv,Random,37,-0.31429934671494514,-0.2305401341484943
A,Digits (Low),PCA,KMeans,dbcv,Random,38,-0.720981721850218,-0.2305401341484943
A,Digits (Low),PCA,KMeans,dbcv,Random,39,-0.6911280436942351,-0.2305401341484943
A,Digits (Low),PCA,KMeans,dbcv,Random,40,-0.3132662682645355,-0.2305401341484943
A,Digits (Low),PCA,KMeans,dbcv,Random,41,-0.771661579223211,-0.2305401341484943
A,Digits (Low),PCA,KMeans,dbcv,Random,42,-0.506840662764905,-0.2305401341484943
A,Digits (Low),PCA,KMeans,dbcv,Random,43,-0.3670079781497331,-0.2305401341484943
A,Digits (Low),PCA,KMeans,dbcv,Random,44,-0.39519153869252144,-0.2305401341484943
A,Digits (Low),PCA,KMeans,dbcv,Random,45,-0.4883945146144701,-0.2305401341484943
A,Digits (Low),PCA,KMeans,dbcv,Random,46,-0.334621010498784,-0.2305401341484943
A,Digits (Low),PCA,KMeans,dbcv,Random,47,-0.39200611556592546,-0.2305401341484943
A,Digits (Low),PCA,KMeans,dbcv,Random,48,-0.49024659576666574,-0.2305401341484943
A,Digits (Low),PCA,KMeans,dbcv,Random,49,-0.73966264542108,-0.2305401341484943
A,Digits (Low),PCA,KMeans,dbcv,Random,50,-0.3737541452550999,-0.2305401341484943
A,Digits (Low),PCA,KMeans,dbcv,Random,51,-0.338994139522989,-0.2305401341484943
A,Digits (Low),PCA,KMeans,dbcv,Random,52,-0.5928860624850932,-0.2305401341484943
A,Digits (Low),PCA,KMeans,dbcv,Random,53,-0.26913297190235286,-0.2305401341484943
A,Digits (Low),PCA,KMeans,dbcv,Random,54,-0.6906243644064414,-0.2305401341484943
A,Digits (Low),PCA,KMeans,dbcv,Random,55,-0.6356965501496311,-0.2305401341484943
A,Digits (Low),PCA,KMeans,dbcv,Random,56,-0.2788900204631709,-0.2305401341484943
A,Digits (Low),PCA,KMeans,dbcv,Random,57,-0.3114550707594922,-0.2305401341484943
A,Digits (Low),PCA,KMeans,dbcv,Random,58,-0.676753105331902,-0.2305401341484943
A,Digits (Low),PCA,KMeans,dbcv,Random,59,-0.3759229738361847,-0.2305401341484943
A,Digits (Low),PCA,KMeans,dbcv,Random,60,-0.30878166496576265,-0.2305401341484943
A,Digits (Low),PCA,KMeans,dbcv,Random,61,-0.6781517674539936,-0.2305401341484943
A,Digits (Low),PCA,KMeans,dbcv,Random,62,-0.412015144290598,-0.2305401341484943
A,Digits (Low),PCA,KMeans,dbcv,Random,63,-0.21871665018529945,-0.21871665018529945
A,Digits (Low),PCA,KMeans,dbcv,Random,64,-0.5808394770164685,-0.21871665018529945
A,Digits (Low),PCA,KMeans,dbcv,Random,65,-0.43161451115829275,-0.21871665018529945
A,Digits (Low),PCA,KMeans,dbcv,Random,66,-0.4358213732006223,-0.21871665018529945
A,Digits (Low),PCA,KMeans,dbcv,Random,67,-0.4140408643271211,-0.21871665018529945
A,Digits (Low),PCA,KMeans,dbcv,Random,68,-0.2465042007722611,-0.21871665018529945
A,Digits (Low),PCA,KMeans,dbcv,Random,69,-0.2772317706803388,-0.21871665018529945
A,Digits (Low),PCA,KMeans,dbcv,Random,70,-0.5928860624850932,-0.21871665018529945
A,Digits (Low),PCA,KMeans,dbcv,Random,71,-0.4870667891346867,-0.21871665018529945
A,Digits (Low),PCA,KMeans,dbcv,Random,72,-0.771661579223211,-0.21871665018529945
A,Digits (Low),PCA,KMeans,dbcv,Random,73,-0.30690322417916505,-0.21871665018529945
A,Digits (Low),PCA,KMeans,dbcv,Random,74,-0.4940541719798444,-0.21871665018529945
A,Digits (Low),PCA,KMeans,dbcv,Random,75,-0.5928860624850932,-0.21871665018529945
A,Digits (Low),PCA,KMeans,dbcv,Random,76,-0.3658383458700939,-0.21871665018529945
A,Digits (Low),PCA,KMeans,dbcv,Random,77,-0.5928860624850932,-0.21871665018529945
A,Digits (Low),PCA,KMeans,dbcv,Random,78,-0.34540704303574965,-0.21871665018529945
A,Digits (Low),PCA,KMeans,dbcv,Random,79,-0.32426065219419653,-0.21871665018529945
A,Digits (Low),PCA,KMeans,dbcv,Random,80,-0.2627037347690706,-0.21871665018529945
A,Digits (Low),PCA,KMeans,dbcv,Random,81,-0.3103859840170872,-0.21871665018529945
A,Digits (Low),PCA,KMeans,dbcv,Random,82,-0.3923271943434686,-0.21871665018529945
A,Digits (Low),PCA,KMeans,dbcv,Random,83,-0.6039540797310397,-0.21871665018529945
A,Digits (Low),PCA,KMeans,dbcv,Random,84,-0.4327087702621971,-0.21871665018529945
A,Digits (Low),PCA,KMeans,dbcv,Random,85,-0.771661579223211,-0.21871665018529945
A,Digits (Low),PCA,KMeans,dbcv,Random,86,-0.6052723263212543,-0.21871665018529945
A,Digits (Low),PCA,KMeans,dbcv,Random,87,-0.6577976933897002,-0.21871665018529945
A,Digits (Low),PCA,KMeans,dbcv,Random,88,-0.4935477158319234,-0.21871665018529945
A,Digits (Low),PCA,KMeans,dbcv,Random,89,-0.7510863350391815,-0.21871665018529945
A,Digits (Low),PCA,KMeans,dbcv,Random,90,-0.677848094060278,-0.21871665018529945
A,Digits (Low),PCA,KMeans,dbcv,Random,91,-0.2305401341484943,-0.21871665018529945
A,Digits (Low),PCA,KMeans,dbcv,Random,92,-0.3697236464523567,-0.21871665018529945
A,Digits (Low),PCA,KMeans,dbcv,Random,93,-0.37507142764112056,-0.21871665018529945
A,Digits (Low),PCA,KMeans,dbcv,Random,94,-0.6050657426582376,-0.21871665018529945
A,Digits (Low),PCA,KMeans,dbcv,Random,95,-0.37413259031566604,-0.21871665018529945
A,Digits (Low),PCA,KMeans,dbcv,Random,96,-0.29734659937254126,-0.21871665018529945
A,Digits (Low),PCA,KMeans,dbcv,Random,97,-0.41831725663432057,-0.21871665018529945
A,Digits (Low),PCA,KMeans,dbcv,Random,98,-0.3120705383436277,-0.21871665018529945
A,Digits (Low),PCA,KMeans,dbcv,Random,99,-0.3079384994996332,-0.21871665018529945
A,Digits (Low),MDS,HDBSCAN,dbcv,TPE,0,-1.0,-1.0
A,Digits (Low),MDS,HDBSCAN,dbcv,TPE,1,-1.0,-1.0
A,Digits (Low),MDS,HDBSCAN,dbcv,TPE,2,-0.0446501909595554,-0.0446501909595554
A,Digits (Low),MDS,HDBSCAN,dbcv,TPE,3,-1.0,-0.0446501909595554
A,Digits (Low),MDS,HDBSCAN,dbcv,TPE,4,-1.0,-0.0446501909595554
A,Digits (Low),MDS,HDBSCAN,dbcv,TPE,5,-1.0,-0.0446501909595554
A,Digits (Low),MDS,HDBSCAN,dbcv,TPE,6,-1.0,-0.0446501909595554
A,Digits (Low),MDS,HDBSCAN,dbcv,TPE,7,-1.0,-0.0446501909595554
A,Digits (Low),MDS,HDBSCAN,dbcv,TPE,8,-1.0,-0.0446501909595554
A,Digits (Low),MDS,HDBSCAN,dbcv,TPE,9,-1.0,-0.0446501909595554
A,Digits (Low),MDS,HDBSCAN,dbcv,TPE,10,-1.0,-0.0446501909595554
A,Digits (Low),MDS,HDBSCAN,dbcv,TPE,11,-1.0,-0.0446501909595554
A,Digits (Low),MDS,HDBSCAN,dbcv,TPE,12,-1.0,-0.0446501909595554
A,Digits (Low),MDS,HDBSCAN,dbcv,TPE,13,-1.0,-0.0446501909595554
A,Digits (Low),MDS,HDBSCAN,dbcv,TPE,14,-1.0,-0.0446501909595554
A,Digits (Low),MDS,HDBSCAN,dbcv,TPE,15,-1.0,-0.0446501909595554
A,Digits (Low),MDS,HDBSCAN,dbcv,TPE,16,-1.0,-0.0446501909595554
A,Digits (Low),MDS,HDBSCAN,dbcv,TPE,17,-1.0,-0.0446501909595554
A,Digits (Low),MDS,HDBSCAN,dbcv,TPE,18,-1.0,-0.0446501909595554
A,Digits (Low),MDS,HDBSCAN,dbcv,TPE,19,-1.0,-0.0446501909595554
A,Digits (Low),MDS,HDBSCAN,dbcv,TPE,20,-1.0,-0.0446501909595554
A,Digits (Low),MDS,HDBSCAN,dbcv,TPE,21,-1.0,-0.0446501909595554
A,Digits (Low),MDS,HDBSCAN,dbcv,TPE,22,-0.05352541343986819,-0.0446501909595554
A,Digits (Low),MDS,HDBSCAN,dbcv,TPE,23,0.02895582129124887,0.02895582129124887
A,Digits (Low),MDS,HDBSCAN,dbcv,TPE,24,-0.02500573814620089,0.02895582129124887
A,Digits (Low),MDS,HDBSCAN,dbcv,TPE,25,-1.0,0.02895582129124887
A,Digits (Low),MDS,HDBSCAN,dbcv,TPE,26,0.0024498505220147456,0.02895582129124887
A,Digits (Low),MDS,HDBSCAN,dbcv,TPE,27,-0.026058004017877223,0.02895582129124887
A,Digits (Low),MDS,HDBSCAN,dbcv,TPE,28,0.0209813949721704,0.02895582129124887
A,Digits (Low),MDS,HDBSCAN,dbcv,TPE,29,-0.021332624678615655,0.02895582129124887
A,Digits (Low),MDS,HDBSCAN,dbcv,TPE,30,-1.0,0.02895582129124887
A,Digits (Low),MDS,HDBSCAN,dbcv,TPE,31,6.28470438297688e-05,0.02895582129124887
A,Digits (Low),MDS,HDBSCAN,dbcv,TPE,32,0.04701599091108119,0.04701599091108119
A,Digits (Low),MDS,HDBSCAN,dbcv,TPE,33,-0.06736013967744663,0.04701599091108119
A,Digits (Low),MDS,HDBSCAN,dbcv,TPE,34,-1.0,0.04701599091108119
A,Digits (Low),MDS,HDBSCAN,dbcv,TPE,35,0.038756944768939317,0.04701599091108119
A,Digits (Low),MDS,HDBSCAN,dbcv,TPE,36,-1.0,0.04701599091108119
A,Digits (Low),MDS,HDBSCAN,dbcv,TPE,37,0.04326548895117939,0.04701599091108119
A,Digits (Low),MDS,HDBSCAN,dbcv,TPE,38,-1.0,0.04701599091108119
A,Digits (Low),MDS,HDBSCAN,dbcv,TPE,39,0.09544837256058285,0.09544837256058285
A,Digits (Low),MDS,HDBSCAN,dbcv,TPE,40,-1.0,0.09544837256058285
A,Digits (Low),MDS,HDBSCAN,dbcv,TPE,41,0.042941062525745595,0.09544837256058285
A,Digits (Low),MDS,HDBSCAN,dbcv,TPE,42,-1.0,0.09544837256058285
A,Digits (Low),MDS,HDBSCAN,dbcv,TPE,43,-1.0,0.09544837256058285
A,Digits (Low),MDS,HDBSCAN,dbcv,TPE,44,0.09036372972435555,0.09544837256058285
A,Digits (Low),MDS,HDBSCAN,dbcv,TPE,45,0.0568511552217025,0.09544837256058285
A,Digits (Low),MDS,HDBSCAN,dbcv,TPE,46,0.10313481971550524,0.10313481971550524
A,Digits (Low),MDS,HDBSCAN,dbcv,TPE,47,0.08691907704903894,0.10313481971550524
A,Digits (Low),MDS,HDBSCAN,dbcv,TPE,48,0.058192692641732255,0.10313481971550524
A,Digits (Low),MDS,HDBSCAN,dbcv,TPE,49,-1.0,0.10313481971550524
A,Digits (Low),MDS,HDBSCAN,dbcv,TPE,50,0.09089126801928832,0.10313481971550524
A,Digits (Low),MDS,HDBSCAN,dbcv,TPE,51,0.0322669834953652,0.10313481971550524
A,Digits (Low),MDS,HDBSCAN,dbcv,TPE,52,-1.0,0.10313481971550524
A,Digits (Low),MDS,HDBSCAN,dbcv,TPE,53,0.06580541353817482,0.10313481971550524
A,Digits (Low),MDS,HDBSCAN,dbcv,TPE,54,-0.1384979300994398,0.10313481971550524
A,Digits (Low),MDS,HDBSCAN,dbcv,TPE,55,0.10705515845460335,0.10705515845460335
A,Digits (Low),MDS,HDBSCAN,dbcv,TPE,56,0.10772222956434312,0.10772222956434312
A,Digits (Low),MDS,HDBSCAN,dbcv,TPE,57,-1.0,0.10772222956434312
A,Digits (Low),MDS,HDBSCAN,dbcv,TPE,58,0.10772222956434312,0.10772222956434312
A,Digits (Low),MDS,HDBSCAN,dbcv,TPE,59,-1.0,0.10772222956434312
A,Digits (Low),MDS,HDBSCAN,dbcv,TPE,60,0.032299109956101385,0.10772222956434312
A,Digits (Low),MDS,HDBSCAN,dbcv,TPE,61,-1.0,0.10772222956434312
A,Digits (Low),MDS,HDBSCAN,dbcv,TPE,62,-1.0,0.10772222956434312
A,Digits (Low),MDS,HDBSCAN,dbcv,TPE,63,-1.0,0.10772222956434312
A,Digits (Low),MDS,HDBSCAN,dbcv,TPE,64,0.12350870931206331,0.12350870931206331
A,Digits (Low),MDS,HDBSCAN,dbcv,TPE,65,-1.0,0.12350870931206331
A,Digits (Low),MDS,HDBSCAN,dbcv,TPE,66,-1.0,0.12350870931206331
A,Digits (Low),MDS,HDBSCAN,dbcv,TPE,67,0.1066104443814435,0.12350870931206331
A,Digits (Low),MDS,HDBSCAN,dbcv,TPE,68,-1.0,0.12350870931206331
A,Digits (Low),MDS,HDBSCAN,dbcv,TPE,69,-1.0,0.12350870931206331
A,Digits (Low),MDS,HDBSCAN,dbcv,TPE,70,0.10572101623512381,0.12350870931206331
A,Digits (Low),MDS,HDBSCAN,dbcv,TPE,71,-1.0,0.12350870931206331
A,Digits (Low),MDS,HDBSCAN,dbcv,TPE,72,0.10685952373162276,0.12350870931206331
A,Digits (Low),MDS,HDBSCAN,dbcv,TPE,73,0.11585510085252879,0.12350870931206331
A,Digits (Low),MDS,HDBSCAN,dbcv,TPE,74,0.10552538151214323,0.12350870931206331
A,Digits (Low),MDS,HDBSCAN,dbcv,TPE,75,-0.05181418348242037,0.12350870931206331
A,Digits (Low),MDS,HDBSCAN,dbcv,TPE,76,0.08449681210416038,0.12350870931206331
A,Digits (Low),MDS,HDBSCAN,dbcv,TPE,77,-1.0,0.12350870931206331
A,Digits (Low),MDS,HDBSCAN,dbcv,TPE,78,-1.0,0.12350870931206331
A,Digits (Low),MDS,HDBSCAN,dbcv,TPE,79,0.09120850286172566,0.12350870931206331
A,Digits (Low),MDS,HDBSCAN,dbcv,TPE,80,-0.12703501994483332,0.12350870931206331
A,Digits (Low),MDS,HDBSCAN,dbcv,TPE,81,0.03223305539188662,0.12350870931206331
A,Digits (Low),MDS,HDBSCAN,dbcv,TPE,82,0.10708188076820269,0.12350870931206331
A,Digits (Low),MDS,HDBSCAN,dbcv,TPE,83,-1.0,0.12350870931206331
A,Digits (Low),MDS,HDBSCAN,dbcv,TPE,84,0.05683778697329396,0.12350870931206331
A,Digits (Low),MDS,HDBSCAN,dbcv,TPE,85,0.1378287218956987,0.1378287218956987
A,Digits (Low),MDS,HDBSCAN,dbcv,TPE,86,-1.0,0.1378287218956987
A,Digits (Low),MDS,HDBSCAN,dbcv,TPE,87,-1.0,0.1378287218956987
A,Digits (Low),MDS,HDBSCAN,dbcv,TPE,88,-1.0,0.1378287218956987
A,Digits (Low),MDS,HDBSCAN,dbcv,TPE,89,0.08350228736032549,0.1378287218956987
A,Digits (Low),MDS,HDBSCAN,dbcv,TPE,90,-1.0,0.1378287218956987
A,Digits (Low),MDS,HDBSCAN,dbcv,TPE,91,0.12351129743251295,0.1378287218956987
A,Digits (Low),MDS,HDBSCAN,dbcv,TPE,92,0.0975757895148669,0.1378287218956987
A,Digits (Low),MDS,HDBSCAN,dbcv,TPE,93,-1.0,0.1378287218956987
A,Digits (Low),MDS,HDBSCAN,dbcv,TPE,94,-1.0,0.1378287218956987
A,Digits (Low),MDS,HDBSCAN,dbcv,TPE,95,0.09869242026200956,0.1378287218956987
A,Digits (Low),MDS,HDBSCAN,dbcv,TPE,96,-0.047234196723825006,0.1378287218956987
A,Digits (Low),MDS,HDBSCAN,dbcv,TPE,97,-1.0,0.1378287218956987
A,Digits (Low),MDS,HDBSCAN,dbcv,TPE,98,-1.0,0.1378287218956987
A,Digits (Low),MDS,HDBSCAN,dbcv,TPE,99,-1.0,0.1378287218956987
A,Digits (Low),MDS,HDBSCAN,dbcv,Random,0,-1.0,-1.0
A,Digits (Low),MDS,HDBSCAN,dbcv,Random,1,-1.0,-1.0
A,Digits (Low),MDS,HDBSCAN,dbcv,Random,2,-0.04957864168055696,-0.04957864168055696
A,Digits (Low),MDS,HDBSCAN,dbcv,Random,3,-1.0,-0.04957864168055696
A,Digits (Low),MDS,HDBSCAN,dbcv,Random,4,-1.0,-0.04957864168055696
A,Digits (Low),MDS,HDBSCAN,dbcv,Random,5,-1.0,-0.04957864168055696
A,Digits (Low),MDS,HDBSCAN,dbcv,Random,6,-1.0,-0.04957864168055696
A,Digits (Low),MDS,HDBSCAN,dbcv,Random,7,-1.0,-0.04957864168055696
A,Digits (Low),MDS,HDBSCAN,dbcv,Random,8,0.021659821156210846,0.021659821156210846
A,Digits (Low),MDS,HDBSCAN,dbcv,Random,9,-0.01312650294182479,0.021659821156210846
A,Digits (Low),MDS,HDBSCAN,dbcv,Random,10,0.043187375842301715,0.043187375842301715
A,Digits (Low),MDS,HDBSCAN,dbcv,Random,11,-1.0,0.043187375842301715
A,Digits (Low),MDS,HDBSCAN,dbcv,Random,12,-1.0,0.043187375842301715
A,Digits (Low),MDS,HDBSCAN,dbcv,Random,13,-1.0,0.043187375842301715
A,Digits (Low),MDS,HDBSCAN,dbcv,Random,14,-0.07290720409524838,0.043187375842301715
A,Digits (Low),MDS,HDBSCAN,dbcv,Random,15,-1.0,0.043187375842301715
A,Digits (Low),MDS,HDBSCAN,dbcv,Random,16,-1.0,0.043187375842301715
A,Digits (Low),MDS,HDBSCAN,dbcv,Random,17,-1.0,0.043187375842301715
A,Digits (Low),MDS,HDBSCAN,dbcv,Random,18,-0.007428546425903168,0.043187375842301715
A,Digits (Low),MDS,HDBSCAN,dbcv,Random,19,-1.0,0.043187375842301715
A,Digits (Low),MDS,HDBSCAN,dbcv,Random,20,-1.0,0.043187375842301715
A,Digits (Low),MDS,HDBSCAN,dbcv,Random,21,-1.0,0.043187375842301715
A,Digits (Low),MDS,HDBSCAN,dbcv,Random,22,-0.04703955098454466,0.043187375842301715
A,Digits (Low),MDS,HDBSCAN,dbcv,Random,23,0.03845504753288286,0.043187375842301715
A,Digits (Low),MDS,HDBSCAN,dbcv,Random,24,-1.0,0.043187375842301715
A,Digits (Low),MDS,HDBSCAN,dbcv,Random,25,-0.033629084551772194,0.043187375842301715
A,Digits (Low),MDS,HDBSCAN,dbcv,Random,26,-1.0,0.043187375842301715
A,Digits (Low),MDS,HDBSCAN,dbcv,Random,27,0.014344809419634109,0.043187375842301715
A,Digits (Low),MDS,HDBSCAN,dbcv,Random,28,-1.0,0.043187375842301715
A,Digits (Low),MDS,HDBSCAN,dbcv,Random,29,-1.0,0.043187375842301715
A,Digits (Low),MDS,HDBSCAN,dbcv,Random,30,-1.0,0.043187375842301715
A,Digits (Low),MDS,HDBSCAN,dbcv,Random,31,-1.0,0.043187375842301715
A,Digits (Low),MDS,HDBSCAN,dbcv,Random,32,-0.02220580797056571,0.043187375842301715
A,Digits (Low),MDS,HDBSCAN,dbcv,Random,33,-1.0,0.043187375842301715
A,Digits (Low),MDS,HDBSCAN,dbcv,Random,34,-1.0,0.043187375842301715
A,Digits (Low),MDS,HDBSCAN,dbcv,Random,35,-1.0,0.043187375842301715
A,Digits (Low),MDS,HDBSCAN,dbcv,Random,36,-1.0,0.043187375842301715
A,Digits (Low),MDS,HDBSCAN,dbcv,Random,37,-1.0,0.043187375842301715
A,Digits (Low),MDS,HDBSCAN,dbcv,Random,38,-1.0,0.043187375842301715
A,Digits (Low),MDS,HDBSCAN,dbcv,Random,39,-1.0,0.043187375842301715
A,Digits (Low),MDS,HDBSCAN,dbcv,Random,40,0.04355235741512396,0.04355235741512396
A,Digits (Low),MDS,HDBSCAN,dbcv,Random,41,-1.0,0.04355235741512396
A,Digits (Low),MDS,HDBSCAN,dbcv,Random,42,-0.048391827130296036,0.04355235741512396
A,Digits (Low),MDS,HDBSCAN,dbcv,Random,43,-1.0,0.04355235741512396
A,Digits (Low),MDS,HDBSCAN,dbcv,Random,44,-1.0,0.04355235741512396
A,Digits (Low),MDS,HDBSCAN,dbcv,Random,45,-1.0,0.04355235741512396
A,Digits (Low),MDS,HDBSCAN,dbcv,Random,46,-1.0,0.04355235741512396
A,Digits (Low),MDS,HDBSCAN,dbcv,Random,47,-1.0,0.04355235741512396
A,Digits (Low),MDS,HDBSCAN,dbcv,Random,48,-1.0,0.04355235741512396
A,Digits (Low),MDS,HDBSCAN,dbcv,Random,49,-1.0,0.04355235741512396
A,Digits (Low),MDS,HDBSCAN,dbcv,Random,50,-1.0,0.04355235741512396
A,Digits (Low),MDS,HDBSCAN,dbcv,Random,51,-1.0,0.04355235741512396
A,Digits (Low),MDS,HDBSCAN,dbcv,Random,52,-1.0,0.04355235741512396
A,Digits (Low),MDS,HDBSCAN,dbcv,Random,53,-1.0,0.04355235741512396
A,Digits (Low),MDS,HDBSCAN,dbcv,Random,54,0.016602049611782608,0.04355235741512396
A,Digits (Low),MDS,HDBSCAN,dbcv,Random,55,-0.016502869121477533,0.04355235741512396
A,Digits (Low),MDS,HDBSCAN,dbcv,Random,56,-1.0,0.04355235741512396
A,Digits (Low),MDS,HDBSCAN,dbcv,Random,57,-0.09939603352635243,0.04355235741512396
A,Digits (Low),MDS,HDBSCAN,dbcv,Random,58,-1.0,0.04355235741512396
A,Digits (Low),MDS,HDBSCAN,dbcv,Random,59,-1.0,0.04355235741512396
A,Digits (Low),MDS,HDBSCAN,dbcv,Random,60,-1.0,0.04355235741512396
A,Digits (Low),MDS,HDBSCAN,dbcv,Random,61,-1.0,0.04355235741512396
A,Digits (Low),MDS,HDBSCAN,dbcv,Random,62,-1.0,0.04355235741512396
A,Digits (Low),MDS,HDBSCAN,dbcv,Random,63,-1.0,0.04355235741512396
A,Digits (Low),MDS,HDBSCAN,dbcv,Random,64,-1.0,0.04355235741512396
A,Digits (Low),MDS,HDBSCAN,dbcv,Random,65,-1.0,0.04355235741512396
A,Digits (Low),MDS,HDBSCAN,dbcv,Random,66,-1.0,0.04355235741512396
A,Digits (Low),MDS,HDBSCAN,dbcv,Random,67,-1.0,0.04355235741512396
A,Digits (Low),MDS,HDBSCAN,dbcv,Random,68,0.08332098307850405,0.08332098307850405
A,Digits (Low),MDS,HDBSCAN,dbcv,Random,69,-1.0,0.08332098307850405
A,Digits (Low),MDS,HDBSCAN,dbcv,Random,70,-1.0,0.08332098307850405
A,Digits (Low),MDS,HDBSCAN,dbcv,Random,71,0.034664022087718474,0.08332098307850405
A,Digits (Low),MDS,HDBSCAN,dbcv,Random,72,-1.0,0.08332098307850405
A,Digits (Low),MDS,HDBSCAN,dbcv,Random,73,-1.0,0.08332098307850405
A,Digits (Low),MDS,HDBSCAN,dbcv,Random,74,-0.07253311391090436,0.08332098307850405
A,Digits (Low),MDS,HDBSCAN,dbcv,Random,75,-1.0,0.08332098307850405
A,Digits (Low),MDS,HDBSCAN,dbcv,Random,76,-1.0,0.08332098307850405
A,Digits (Low),MDS,HDBSCAN,dbcv,Random,77,-1.0,0.08332098307850405
A,Digits (Low),MDS,HDBSCAN,dbcv,Random,78,-1.0,0.08332098307850405
A,Digits (Low),MDS,HDBSCAN,dbcv,Random,79,-1.0,0.08332098307850405
A,Digits (Low),MDS,HDBSCAN,dbcv,Random,80,-1.0,0.08332098307850405
A,Digits (Low),MDS,HDBSCAN,dbcv,Random,81,-1.0,0.08332098307850405
A,Digits (Low),MDS,HDBSCAN,dbcv,Random,82,-1.0,0.08332098307850405
A,Digits (Low),MDS,HDBSCAN,dbcv,Random,83,-1.0,0.08332098307850405
A,Digits (Low),MDS,HDBSCAN,dbcv,Random,84,-0.07316729332812197,0.08332098307850405
A,Digits (Low),MDS,HDBSCAN,dbcv,Random,85,-1.0,0.08332098307850405
A,Digits (Low),MDS,HDBSCAN,dbcv,Random,86,-1.0,0.08332098307850405
A,Digits (Low),MDS,HDBSCAN,dbcv,Random,87,-1.0,0.08332098307850405
A,Digits (Low),MDS,HDBSCAN,dbcv,Random,88,-1.0,0.08332098307850405
A,Digits (Low),MDS,HDBSCAN,dbcv,Random,89,-1.0,0.08332098307850405
A,Digits (Low),MDS,HDBSCAN,dbcv,Random,90,-1.0,0.08332098307850405
A,Digits (Low),MDS,HDBSCAN,dbcv,Random,91,-1.0,0.08332098307850405
A,Digits (Low),MDS,HDBSCAN,dbcv,Random,92,-1.0,0.08332098307850405
A,Digits (Low),MDS,HDBSCAN,dbcv,Random,93,-1.0,0.08332098307850405
A,Digits (Low),MDS,HDBSCAN,dbcv,Random,94,-1.0,0.08332098307850405
A,Digits (Low),MDS,HDBSCAN,dbcv,Random,95,-1.0,0.08332098307850405
A,Digits (Low),MDS,HDBSCAN,dbcv,Random,96,0.005168757956131979,0.08332098307850405
A,Digits (Low),MDS,HDBSCAN,dbcv,Random,97,-1.0,0.08332098307850405
A,Digits (Low),MDS,HDBSCAN,dbcv,Random,98,-1.0,0.08332098307850405
A,Digits (Low),MDS,HDBSCAN,dbcv,Random,99,-0.08132341349930985,0.08332098307850405
A,Digits (Low),MDS,DBSCAN,dbcv,TPE,0,-1.0,-1.0
A,Digits (Low),MDS,DBSCAN,dbcv,TPE,1,-1.0,-1.0
A,Digits (Low),MDS,DBSCAN,dbcv,TPE,2,-1.0,-1.0
A,Digits (Low),MDS,DBSCAN,dbcv,TPE,3,-1.0,-1.0
A,Digits (Low),MDS,DBSCAN,dbcv,TPE,4,-1.0,-1.0
A,Digits (Low),MDS,DBSCAN,dbcv,TPE,5,-1.0,-1.0
A,Digits (Low),MDS,DBSCAN,dbcv,TPE,6,-1.0,-1.0
A,Digits (Low),MDS,DBSCAN,dbcv,TPE,7,-1.0,-1.0
A,Digits (Low),MDS,DBSCAN,dbcv,TPE,8,-0.022742969174486052,-0.022742969174486052
A,Digits (Low),MDS,DBSCAN,dbcv,TPE,9,-0.022500205006889804,-0.022500205006889804
A,Digits (Low),MDS,DBSCAN,dbcv,TPE,10,-1.0,-0.022500205006889804
A,Digits (Low),MDS,DBSCAN,dbcv,TPE,11,0.0330576944106581,0.0330576944106581
A,Digits (Low),MDS,DBSCAN,dbcv,TPE,12,-1.0,0.0330576944106581
A,Digits (Low),MDS,DBSCAN,dbcv,TPE,13,-0.3142174226315501,0.0330576944106581
A,Digits (Low),MDS,DBSCAN,dbcv,TPE,14,-1.0,0.0330576944106581
A,Digits (Low),MDS,DBSCAN,dbcv,TPE,15,-1.0,0.0330576944106581
A,Digits (Low),MDS,DBSCAN,dbcv,TPE,16,-1.0,0.0330576944106581
A,Digits (Low),MDS,DBSCAN,dbcv,TPE,17,0.008845889062036079,0.0330576944106581
A,Digits (Low),MDS,DBSCAN,dbcv,TPE,18,-0.3259770382588569,0.0330576944106581
A,Digits (Low),MDS,DBSCAN,dbcv,TPE,19,-1.0,0.0330576944106581
A,Digits (Low),MDS,DBSCAN,dbcv,TPE,20,-1.0,0.0330576944106581
A,Digits (Low),MDS,DBSCAN,dbcv,TPE,21,-1.0,0.0330576944106581
A,Digits (Low),MDS,DBSCAN,dbcv,TPE,22,0.10592771536322283,0.10592771536322283
A,Digits (Low),MDS,DBSCAN,dbcv,TPE,23,0.11473974407580018,0.11473974407580018
A,Digits (Low),MDS,DBSCAN,dbcv,TPE,24,-1.0,0.11473974407580018
A,Digits (Low),MDS,DBSCAN,dbcv,TPE,25,-1.0,0.11473974407580018
A,Digits (Low),MDS,DBSCAN,dbcv,TPE,26,-0.10945612775140641,0.11473974407580018
A,Digits (Low),MDS,DBSCAN,dbcv,TPE,27,0.05993801048980352,0.11473974407580018
A,Digits (Low),MDS,DBSCAN,dbcv,TPE,28,0.057302940967277324,0.11473974407580018
A,Digits (Low),MDS,DBSCAN,dbcv,TPE,29,-1.0,0.11473974407580018
A,Digits (Low),MDS,DBSCAN,dbcv,TPE,30,0.06256924325595577,0.11473974407580018
A,Digits (Low),MDS,DBSCAN,dbcv,TPE,31,0.011398109308018683,0.11473974407580018
A,Digits (Low),MDS,DBSCAN,dbcv,TPE,32,-1.0,0.11473974407580018
A,Digits (Low),MDS,DBSCAN,dbcv,TPE,33,-1.0,0.11473974407580018
A,Digits (Low),MDS,DBSCAN,dbcv,TPE,34,-0.20858728033403315,0.11473974407580018
A,Digits (Low),MDS,DBSCAN,dbcv,TPE,35,-1.0,0.11473974407580018
A,Digits (Low),MDS,DBSCAN,dbcv,TPE,36,-1.0,0.11473974407580018
A,Digits (Low),MDS,DBSCAN,dbcv,TPE,37,-1.0,0.11473974407580018
A,Digits (Low),MDS,DBSCAN,dbcv,TPE,38,-1.0,0.11473974407580018
A,Digits (Low),MDS,DBSCAN,dbcv,TPE,39,-1.0,0.11473974407580018
A,Digits (Low),MDS,DBSCAN,dbcv,TPE,40,-1.0,0.11473974407580018
A,Digits (Low),MDS,DBSCAN,dbcv,TPE,41,-1.0,0.11473974407580018
A,Digits (Low),MDS,DBSCAN,dbcv,TPE,42,-1.0,0.11473974407580018
A,Digits (Low),MDS,DBSCAN,dbcv,TPE,43,-0.14171042063263442,0.11473974407580018
A,Digits (Low),MDS,DBSCAN,dbcv,TPE,44,0.005118060735904831,0.11473974407580018
A,Digits (Low),MDS,DBSCAN,dbcv,TPE,45,-0.0577005271748103,0.11473974407580018
A,Digits (Low),MDS,DBSCAN,dbcv,TPE,46,-1.0,0.11473974407580018
A,Digits (Low),MDS,DBSCAN,dbcv,TPE,47,-1.0,0.11473974407580018
A,Digits (Low),MDS,DBSCAN,dbcv,TPE,48,-1.0,0.11473974407580018
A,Digits (Low),MDS,DBSCAN,dbcv,TPE,49,-1.0,0.11473974407580018
A,Digits (Low),MDS,DBSCAN,dbcv,TPE,50,-1.0,0.11473974407580018
A,Digits (Low),MDS,DBSCAN,dbcv,TPE,51,0.020472277830079023,0.11473974407580018
A,Digits (Low),MDS,DBSCAN,dbcv,TPE,52,-0.03824564701247713,0.11473974407580018
A,Digits (Low),MDS,DBSCAN,dbcv,TPE,53,-1.0,0.11473974407580018
A,Digits (Low),MDS,DBSCAN,dbcv,TPE,54,-0.017565128657407742,0.11473974407580018
A,Digits (Low),MDS,DBSCAN,dbcv,TPE,55,-1.0,0.11473974407580018
A,Digits (Low),MDS,DBSCAN,dbcv,TPE,56,-1.0,0.11473974407580018
A,Digits (Low),MDS,DBSCAN,dbcv,TPE,57,-1.0,0.11473974407580018
A,Digits (Low),MDS,DBSCAN,dbcv,TPE,58,-1.0,0.11473974407580018
A,Digits (Low),MDS,DBSCAN,dbcv,TPE,59,-1.0,0.11473974407580018
A,Digits (Low),MDS,DBSCAN,dbcv,TPE,60,-0.15161047136842887,0.11473974407580018
A,Digits (Low),MDS,DBSCAN,dbcv,TPE,61,0.09103489326853217,0.11473974407580018
A,Digits (Low),MDS,DBSCAN,dbcv,TPE,62,-1.0,0.11473974407580018
A,Digits (Low),MDS,DBSCAN,dbcv,TPE,63,0.04170339615268155,0.11473974407580018
A,Digits (Low),MDS,DBSCAN,dbcv,TPE,64,-1.0,0.11473974407580018
A,Digits (Low),MDS,DBSCAN,dbcv,TPE,65,-1.0,0.11473974407580018
A,Digits (Low),MDS,DBSCAN,dbcv,TPE,66,-0.0010068712958062756,0.11473974407580018
A,Digits (Low),MDS,DBSCAN,dbcv,TPE,67,-1.0,0.11473974407580018
A,Digits (Low),MDS,DBSCAN,dbcv,TPE,68,-1.0,0.11473974407580018
A,Digits (Low),MDS,DBSCAN,dbcv,TPE,69,-1.0,0.11473974407580018
A,Digits (Low),MDS,DBSCAN,dbcv,TPE,70,-1.0,0.11473974407580018
A,Digits (Low),MDS,DBSCAN,dbcv,TPE,71,-1.0,0.11473974407580018
A,Digits (Low),MDS,DBSCAN,dbcv,TPE,72,-0.10779462742996633,0.11473974407580018
A,Digits (Low),MDS,DBSCAN,dbcv,TPE,73,-0.0375099244733685,0.11473974407580018
A,Digits (Low),MDS,DBSCAN,dbcv,TPE,74,-0.1402297098913164,0.11473974407580018
A,Digits (Low),MDS,DBSCAN,dbcv,TPE,75,-1.0,0.11473974407580018
A,Digits (Low),MDS,DBSCAN,dbcv,TPE,76,-1.0,0.11473974407580018
A,Digits (Low),MDS,DBSCAN,dbcv,TPE,77,0.07819674385333568,0.11473974407580018
A,Digits (Low),MDS,DBSCAN,dbcv,TPE,78,0.024539284215551096,0.11473974407580018
A,Digits (Low),MDS,DBSCAN,dbcv,TPE,79,-1.0,0.11473974407580018
A,Digits (Low),MDS,DBSCAN,dbcv,TPE,80,-1.0,0.11473974407580018
A,Digits (Low),MDS,DBSCAN,dbcv,TPE,81,0.003952949882567624,0.11473974407580018
A,Digits (Low),MDS,DBSCAN,dbcv,TPE,82,-1.0,0.11473974407580018
A,Digits (Low),MDS,DBSCAN,dbcv,TPE,83,-1.0,0.11473974407580018
A,Digits (Low),MDS,DBSCAN,dbcv,TPE,84,0.05749024232084332,0.11473974407580018
A,Digits (Low),MDS,DBSCAN,dbcv,TPE,85,-0.019042036628245072,0.11473974407580018
A,Digits (Low),MDS,DBSCAN,dbcv,TPE,86,0.10815940561438554,0.11473974407580018
A,Digits (Low),MDS,DBSCAN,dbcv,TPE,87,0.12736393262079945,0.12736393262079945
A,Digits (Low),MDS,DBSCAN,dbcv,TPE,88,0.06687037121961839,0.12736393262079945
A,Digits (Low),MDS,DBSCAN,dbcv,TPE,89,0.049146694468005875,0.12736393262079945
A,Digits (Low),MDS,DBSCAN,dbcv,TPE,90,0.08236281789653489,0.12736393262079945
A,Digits (Low),MDS,DBSCAN,dbcv,TPE,91,0.06500014285980119,0.12736393262079945
A,Digits (Low),MDS,DBSCAN,dbcv,TPE,92,0.10910096020174613,0.12736393262079945
A,Digits (Low),MDS,DBSCAN,dbcv,TPE,93,0.08753333417292027,0.12736393262079945
A,Digits (Low),MDS,DBSCAN,dbcv,TPE,94,0.10576473609022251,0.12736393262079945
A,Digits (Low),MDS,DBSCAN,dbcv,TPE,95,0.10860692899309292,0.12736393262079945
A,Digits (Low),MDS,DBSCAN,dbcv,TPE,96,0.12776016245570154,0.12776016245570154
A,Digits (Low),MDS,DBSCAN,dbcv,TPE,97,0.09977282860399571,0.12776016245570154
A,Digits (Low),MDS,DBSCAN,dbcv,TPE,98,0.0869590919949666,0.12776016245570154
A,Digits (Low),MDS,DBSCAN,dbcv,TPE,99,0.06164010793088388,0.12776016245570154
A,Digits (Low),MDS,DBSCAN,dbcv,Random,0,-1.0,-1.0
A,Digits (Low),MDS,DBSCAN,dbcv,Random,1,-1.0,-1.0
A,Digits (Low),MDS,DBSCAN,dbcv,Random,2,-1.0,-1.0
A,Digits (Low),MDS,DBSCAN,dbcv,Random,3,-1.0,-1.0
A,Digits (Low),MDS,DBSCAN,dbcv,Random,4,-1.0,-1.0
A,Digits (Low),MDS,DBSCAN,dbcv,Random,5,-1.0,-1.0
A,Digits (Low),MDS,DBSCAN,dbcv,Random,6,-1.0,-1.0
A,Digits (Low),MDS,DBSCAN,dbcv,Random,7,-1.0,-1.0
A,Digits (Low),MDS,DBSCAN,dbcv,Random,8,-1.0,-1.0
A,Digits (Low),MDS,DBSCAN,dbcv,Random,9,-0.04575474954044697,-0.04575474954044697
A,Digits (Low),MDS,DBSCAN,dbcv,Random,10,-1.0,-0.04575474954044697
A,Digits (Low),MDS,DBSCAN,dbcv,Random,11,-0.0349939267789384,-0.0349939267789384
A,Digits (Low),MDS,DBSCAN,dbcv,Random,12,-1.0,-0.0349939267789384
A,Digits (Low),MDS,DBSCAN,dbcv,Random,13,-1.0,-0.0349939267789384
A,Digits (Low),MDS,DBSCAN,dbcv,Random,14,-1.0,-0.0349939267789384
A,Digits (Low),MDS,DBSCAN,dbcv,Random,15,-1.0,-0.0349939267789384
A,Digits (Low),MDS,DBSCAN,dbcv,Random,16,-1.0,-0.0349939267789384
A,Digits (Low),MDS,DBSCAN,dbcv,Random,17,-0.039688156561941655,-0.0349939267789384
A,Digits (Low),MDS,DBSCAN,dbcv,Random,18,0.032923677613216025,0.032923677613216025
A,Digits (Low),MDS,DBSCAN,dbcv,Random,19,-1.0,0.032923677613216025
A,Digits (Low),MDS,DBSCAN,dbcv,Random,20,-1.0,0.032923677613216025
A,Digits (Low),MDS,DBSCAN,dbcv,Random,21,-1.0,0.032923677613216025
A,Digits (Low),MDS,DBSCAN,dbcv,Random,22,-1.0,0.032923677613216025
A,Digits (Low),MDS,DBSCAN,dbcv,Random,23,0.08536893180724989,0.08536893180724989
A,Digits (Low),MDS,DBSCAN,dbcv,Random,24,-1.0,0.08536893180724989
A,Digits (Low),MDS,DBSCAN,dbcv,Random,25,-0.08492602873710278,0.08536893180724989
A,Digits (Low),MDS,DBSCAN,dbcv,Random,26,-1.0,0.08536893180724989
A,Digits (Low),MDS,DBSCAN,dbcv,Random,27,-1.0,0.08536893180724989
A,Digits (Low),MDS,DBSCAN,dbcv,Random,28,-1.0,0.08536893180724989
A,Digits (Low),MDS,DBSCAN,dbcv,Random,29,-0.09541896929359625,0.08536893180724989
A,Digits (Low),MDS,DBSCAN,dbcv,Random,30,-1.0,0.08536893180724989
A,Digits (Low),MDS,DBSCAN,dbcv,Random,31,-1.0,0.08536893180724989
A,Digits (Low),MDS,DBSCAN,dbcv,Random,32,-1.0,0.08536893180724989
A,Digits (Low),MDS,DBSCAN,dbcv,Random,33,-1.0,0.08536893180724989
A,Digits (Low),MDS,DBSCAN,dbcv,Random,34,-1.0,0.08536893180724989
A,Digits (Low),MDS,DBSCAN,dbcv,Random,35,-1.0,0.08536893180724989
A,Digits (Low),MDS,DBSCAN,dbcv,Random,36,-1.0,0.08536893180724989
A,Digits (Low),MDS,DBSCAN,dbcv,Random,37,-1.0,0.08536893180724989
A,Digits (Low),MDS,DBSCAN,dbcv,Random,38,-0.034824265198701035,0.08536893180724989
A,Digits (Low),MDS,DBSCAN,dbcv,Random,39,-1.0,0.08536893180724989
A,Digits (Low),MDS,DBSCAN,dbcv,Random,40,-0.033919970850743573,0.08536893180724989
A,Digits (Low),MDS,DBSCAN,dbcv,Random,41,-1.0,0.08536893180724989
A,Digits (Low),MDS,DBSCAN,dbcv,Random,42,-0.0149312464813048,0.08536893180724989
A,Digits (Low),MDS,DBSCAN,dbcv,Random,43,-1.0,0.08536893180724989
A,Digits (Low),MDS,DBSCAN,dbcv,Random,44,-1.0,0.08536893180724989
A,Digits (Low),MDS,DBSCAN,dbcv,Random,45,-1.0,0.08536893180724989
A,Digits (Low),MDS,DBSCAN,dbcv,Random,46,-1.0,0.08536893180724989
A,Digits (Low),MDS,DBSCAN,dbcv,Random,47,0.05972078080493768,0.08536893180724989
A,Digits (Low),MDS,DBSCAN,dbcv,Random,48,-1.0,0.08536893180724989
A,Digits (Low),MDS,DBSCAN,dbcv,Random,49,-1.0,0.08536893180724989
A,Digits (Low),MDS,DBSCAN,dbcv,Random,50,-1.0,0.08536893180724989
A,Digits (Low),MDS,DBSCAN,dbcv,Random,51,-1.0,0.08536893180724989
A,Digits (Low),MDS,DBSCAN,dbcv,Random,52,0.08018410765507383,0.08536893180724989
A,Digits (Low),MDS,DBSCAN,dbcv,Random,53,-1.0,0.08536893180724989
A,Digits (Low),MDS,DBSCAN,dbcv,Random,54,-1.0,0.08536893180724989
A,Digits (Low),MDS,DBSCAN,dbcv,Random,55,-1.0,0.08536893180724989
A,Digits (Low),MDS,DBSCAN,dbcv,Random,56,-1.0,0.08536893180724989
A,Digits (Low),MDS,DBSCAN,dbcv,Random,57,-1.0,0.08536893180724989
A,Digits (Low),MDS,DBSCAN,dbcv,Random,58,-1.0,0.08536893180724989
A,Digits (Low),MDS,DBSCAN,dbcv,Random,59,-1.0,0.08536893180724989
A,Digits (Low),MDS,DBSCAN,dbcv,Random,60,-1.0,0.08536893180724989
A,Digits (Low),MDS,DBSCAN,dbcv,Random,61,-1.0,0.08536893180724989
A,Digits (Low),MDS,DBSCAN,dbcv,Random,62,-1.0,0.08536893180724989
A,Digits (Low),MDS,DBSCAN,dbcv,Random,63,-1.0,0.08536893180724989
A,Digits (Low),MDS,DBSCAN,dbcv,Random,64,-1.0,0.08536893180724989
A,Digits (Low),MDS,DBSCAN,dbcv,Random,65,-1.0,0.08536893180724989
A,Digits (Low),MDS,DBSCAN,dbcv,Random,66,-1.0,0.08536893180724989
A,Digits (Low),MDS,DBSCAN,dbcv,Random,67,-1.0,0.08536893180724989
A,Digits (Low),MDS,DBSCAN,dbcv,Random,68,-1.0,0.08536893180724989
A,Digits (Low),MDS,DBSCAN,dbcv,Random,69,-1.0,0.08536893180724989
A,Digits (Low),MDS,DBSCAN,dbcv,Random,70,-1.0,0.08536893180724989
A,Digits (Low),MDS,DBSCAN,dbcv,Random,71,-1.0,0.08536893180724989
A,Digits (Low),MDS,DBSCAN,dbcv,Random,72,-1.0,0.08536893180724989
A,Digits (Low),MDS,DBSCAN,dbcv,Random,73,-1.0,0.08536893180724989
A,Digits (Low),MDS,DBSCAN,dbcv,Random,74,-1.0,0.08536893180724989
A,Digits (Low),MDS,DBSCAN,dbcv,Random,75,-1.0,0.08536893180724989
A,Digits (Low),MDS,DBSCAN,dbcv,Random,76,-1.0,0.08536893180724989
A,Digits (Low),MDS,DBSCAN,dbcv,Random,77,-1.0,0.08536893180724989
A,Digits (Low),MDS,DBSCAN,dbcv,Random,78,-1.0,0.08536893180724989
A,Digits (Low),MDS,DBSCAN,dbcv,Random,79,-1.0,0.08536893180724989
A,Digits (Low),MDS,DBSCAN,dbcv,Random,80,-1.0,0.08536893180724989
A,Digits (Low),MDS,DBSCAN,dbcv,Random,81,-1.0,0.08536893180724989
A,Digits (Low),MDS,DBSCAN,dbcv,Random,82,-1.0,0.08536893180724989
A,Digits (Low),MDS,DBSCAN,dbcv,Random,83,-1.0,0.08536893180724989
A,Digits (Low),MDS,DBSCAN,dbcv,Random,84,-1.0,0.08536893180724989
A,Digits (Low),MDS,DBSCAN,dbcv,Random,85,-1.0,0.08536893180724989
A,Digits (Low),MDS,DBSCAN,dbcv,Random,86,-1.0,0.08536893180724989
A,Digits (Low),MDS,DBSCAN,dbcv,Random,87,-1.0,0.08536893180724989
A,Digits (Low),MDS,DBSCAN,dbcv,Random,88,-1.0,0.08536893180724989
A,Digits (Low),MDS,DBSCAN,dbcv,Random,89,-1.0,0.08536893180724989
A,Digits (Low),MDS,DBSCAN,dbcv,Random,90,-1.0,0.08536893180724989
A,Digits (Low),MDS,DBSCAN,dbcv,Random,91,-1.0,0.08536893180724989
A,Digits (Low),MDS,DBSCAN,dbcv,Random,92,-1.0,0.08536893180724989
A,Digits (Low),MDS,DBSCAN,dbcv,Random,93,0.03230884517434977,0.08536893180724989
A,Digits (Low),MDS,DBSCAN,dbcv,Random,94,-1.0,0.08536893180724989
A,Digits (Low),MDS,DBSCAN,dbcv,Random,95,-1.0,0.08536893180724989
A,Digits (Low),MDS,DBSCAN,dbcv,Random,96,0.023906398946002733,0.08536893180724989
A,Digits (Low),MDS,DBSCAN,dbcv,Random,97,-1.0,0.08536893180724989
A,Digits (Low),MDS,DBSCAN,dbcv,Random,98,-0.03768295514293988,0.08536893180724989
A,Digits (Low),MDS,DBSCAN,dbcv,Random,99,0.04210175819275877,0.08536893180724989
A,Digits (Low),MDS,KMeans,dbcv,TPE,0,-0.29308437190471165,-0.29308437190471165
A,Digits (Low),MDS,KMeans,dbcv,TPE,1,-0.4029748314513261,-0.29308437190471165
A,Digits (Low),MDS,KMeans,dbcv,TPE,2,-0.5871086992081325,-0.29308437190471165
A,Digits (Low),MDS,KMeans,dbcv,TPE,3,-0.4984838179176491,-0.29308437190471165
A,Digits (Low),MDS,KMeans,dbcv,TPE,4,-0.3962328614064001,-0.29308437190471165
A,Digits (Low),MDS,KMeans,dbcv,TPE,5,-0.4736115180641562,-0.29308437190471165
A,Digits (Low),MDS,KMeans,dbcv,TPE,6,-0.5620210165085217,-0.29308437190471165
A,Digits (Low),MDS,KMeans,dbcv,TPE,7,-0.638500447622864,-0.29308437190471165
A,Digits (Low),MDS,KMeans,dbcv,TPE,8,-0.45995781623807164,-0.29308437190471165
A,Digits (Low),MDS,KMeans,dbcv,TPE,9,-0.5475140161532367,-0.29308437190471165
A,Digits (Low),MDS,KMeans,dbcv,TPE,10,-0.5198156096386952,-0.29308437190471165
A,Digits (Low),MDS,KMeans,dbcv,TPE,11,-0.4488196489094348,-0.29308437190471165
A,Digits (Low),MDS,KMeans,dbcv,TPE,12,-0.35983651161840124,-0.29308437190471165
A,Digits (Low),MDS,KMeans,dbcv,TPE,13,-0.352200121582518,-0.29308437190471165
A,Digits (Low),MDS,KMeans,dbcv,TPE,14,-0.36779459526122943,-0.29308437190471165
A,Digits (Low),MDS,KMeans,dbcv,TPE,15,-0.2910795044665298,-0.2910795044665298
A,Digits (Low),MDS,KMeans,dbcv,TPE,16,-0.327175831861278,-0.2910795044665298
A,Digits (Low),MDS,KMeans,dbcv,TPE,17,-0.3130779125462469,-0.2910795044665298
A,Digits (Low),MDS,KMeans,dbcv,TPE,18,-0.384773218892824,-0.2910795044665298
A,Digits (Low),MDS,KMeans,dbcv,TPE,19,-0.26085312773715874,-0.26085312773715874
A,Digits (Low),MDS,KMeans,dbcv,TPE,20,-0.7858063841270748,-0.26085312773715874
A,Digits (Low),MDS,KMeans,dbcv,TPE,21,-0.35868066592541914,-0.26085312773715874
A,Digits (Low),MDS,KMeans,dbcv,TPE,22,-0.3955957604920986,-0.26085312773715874
A,Digits (Low),MDS,KMeans,dbcv,TPE,23,-0.3399545587804855,-0.26085312773715874
A,Digits (Low),MDS,KMeans,dbcv,TPE,24,-0.2741218048997316,-0.26085312773715874
A,Digits (Low),MDS,KMeans,dbcv,TPE,25,-0.3421330694960072,-0.26085312773715874
A,Digits (Low),MDS,KMeans,dbcv,TPE,26,-0.2726869024978494,-0.26085312773715874
A,Digits (Low),MDS,KMeans,dbcv,TPE,27,-0.3424352411638966,-0.26085312773715874
A,Digits (Low),MDS,KMeans,dbcv,TPE,28,-0.2987436702818982,-0.26085312773715874
A,Digits (Low),MDS,KMeans,dbcv,TPE,29,-0.36612068126311464,-0.26085312773715874
A,Digits (Low),MDS,KMeans,dbcv,TPE,30,-0.4688979965749842,-0.26085312773715874
A,Digits (Low),MDS,KMeans,dbcv,TPE,31,-0.2933248054389205,-0.26085312773715874
A,Digits (Low),MDS,KMeans,dbcv,TPE,32,-0.3779940128566925,-0.26085312773715874
A,Digits (Low),MDS,KMeans,dbcv,TPE,33,-0.19567418040427365,-0.19567418040427365
A,Digits (Low),MDS,KMeans,dbcv,TPE,34,-0.2536270079256167,-0.19567418040427365
A,Digits (Low),MDS,KMeans,dbcv,TPE,35,-0.30189519081079974,-0.19567418040427365
A,Digits (Low),MDS,KMeans,dbcv,TPE,36,-0.36894991892847523,-0.19567418040427365
A,Digits (Low),MDS,KMeans,dbcv,TPE,37,-0.30053996091468693,-0.19567418040427365
A,Digits (Low),MDS,KMeans,dbcv,TPE,38,-0.29884507853067505,-0.19567418040427365
A,Digits (Low),MDS,KMeans,dbcv,TPE,39,-0.25304842746901096,-0.19567418040427365
A,Digits (Low),MDS,KMeans,dbcv,TPE,40,-0.3358683330602411,-0.19567418040427365
A,Digits (Low),MDS,KMeans,dbcv,TPE,41,-0.2616514347293044,-0.19567418040427365
A,Digits (Low),MDS,KMeans,dbcv,TPE,42,-0.3578297077826734,-0.19567418040427365
A,Digits (Low),MDS,KMeans,dbcv,TPE,43,-0.34644496374205763,-0.19567418040427365
A,Digits (Low),MDS,KMeans,dbcv,TPE,44,-0.3869305053759235,-0.19567418040427365
A,Digits (Low),MDS,KMeans,dbcv,TPE,45,-0.36190347196347095,-0.19567418040427365
A,Digits (Low),MDS,KMeans,dbcv,TPE,46,-0.3592140530495504,-0.19567418040427365
A,Digits (Low),MDS,KMeans,dbcv,TPE,47,-0.3216914668970827,-0.19567418040427365
A,Digits (Low),MDS,KMeans,dbcv,TPE,48,-0.28718629513646976,-0.19567418040427365
A,Digits (Low),MDS,KMeans,dbcv,TPE,49,-0.31242693490162426,-0.19567418040427365
A,Digits (Low),MDS,KMeans,dbcv,TPE,50,-0.31413845871793317,-0.19567418040427365
A,Digits (Low),MDS,KMeans,dbcv,TPE,51,-0.29462217272916336,-0.19567418040427365
A,Digits (Low),MDS,KMeans,dbcv,TPE,52,-0.32606793383856864,-0.19567418040427365
A,Digits (Low),MDS,KMeans,dbcv,TPE,53,-0.3260376721652907,-0.19567418040427365
A,Digits (Low),MDS,KMeans,dbcv,TPE,54,-0.24623858409475222,-0.19567418040427365
A,Digits (Low),MDS,KMeans,dbcv,TPE,55,-0.2694351299088977,-0.19567418040427365
A,Digits (Low),MDS,KMeans,dbcv,TPE,56,-0.43981860504702713,-0.19567418040427365
A,Digits (Low),MDS,KMeans,dbcv,TPE,57,-0.2642627938237309,-0.19567418040427365
A,Digits (Low),MDS,KMeans,dbcv,TPE,58,-0.2861582726210343,-0.19567418040427365
A,Digits (Low),MDS,KMeans,dbcv,TPE,59,-0.29340917369220104,-0.19567418040427365
A,Digits (Low),MDS,KMeans,dbcv,TPE,60,-0.3194928370024455,-0.19567418040427365
A,Digits (Low),MDS,KMeans,dbcv,TPE,61,-0.35198357729678853,-0.19567418040427365
A,Digits (Low),MDS,KMeans,dbcv,TPE,62,-0.3669545579289797,-0.19567418040427365
A,Digits (Low),MDS,KMeans,dbcv,TPE,63,-0.34512512796971495,-0.19567418040427365
A,Digits (Low),MDS,KMeans,dbcv,TPE,64,-0.5099490537349076,-0.19567418040427365
A,Digits (Low),MDS,KMeans,dbcv,TPE,65,-0.34664330264022725,-0.19567418040427365
A,Digits (Low),MDS,KMeans,dbcv,TPE,66,-0.3823237162711161,-0.19567418040427365
A,Digits (Low),MDS,KMeans,dbcv,TPE,67,-0.25156103611700414,-0.19567418040427365
A,Digits (Low),MDS,KMeans,dbcv,TPE,68,-0.5100475723922905,-0.19567418040427365
A,Digits (Low),MDS,KMeans,dbcv,TPE,69,-0.294787041041735,-0.19567418040427365
A,Digits (Low),MDS,KMeans,dbcv,TPE,70,-0.34895144460944316,-0.19567418040427365
A,Digits (Low),MDS,KMeans,dbcv,TPE,71,-0.3255226140480938,-0.19567418040427365
A,Digits (Low),MDS,KMeans,dbcv,TPE,72,-0.23519623654961916,-0.19567418040427365
A,Digits (Low),MDS,KMeans,dbcv,TPE,73,-0.790629922289705,-0.19567418040427365
A,Digits (Low),MDS,KMeans,dbcv,TPE,74,-0.29834392697319356,-0.19567418040427365
A,Digits (Low),MDS,KMeans,dbcv,TPE,75,-0.2811570664734815,-0.19567418040427365
A,Digits (Low),MDS,KMeans,dbcv,TPE,76,-0.3602368251768037,-0.19567418040427365
A,Digits (Low),MDS,KMeans,dbcv,TPE,77,-0.3289358557557537,-0.19567418040427365
A,Digits (Low),MDS,KMeans,dbcv,TPE,78,-0.27025450980109844,-0.19567418040427365
A,Digits (Low),MDS,KMeans,dbcv,TPE,79,-0.24358875648658918,-0.19567418040427365
A,Digits (Low),MDS,KMeans,dbcv,TPE,80,-0.25250457565128637,-0.19567418040427365
A,Digits (Low),MDS,KMeans,dbcv,TPE,81,-0.2937312264377651,-0.19567418040427365
A,Digits (Low),MDS,KMeans,dbcv,TPE,82,-0.34703105030743553,-0.19567418040427365
A,Digits (Low),MDS,KMeans,dbcv,TPE,83,-0.281817973297071,-0.19567418040427365
A,Digits (Low),MDS,KMeans,dbcv,TPE,84,-0.2814250622886782,-0.19567418040427365
A,Digits (Low),MDS,KMeans,dbcv,TPE,85,-0.27472205305917907,-0.19567418040427365
A,Digits (Low),MDS,KMeans,dbcv,TPE,86,-0.3000002868946439,-0.19567418040427365
A,Digits (Low),MDS,KMeans,dbcv,TPE,87,-0.28192739083259194,-0.19567418040427365
A,Digits (Low),MDS,KMeans,dbcv,TPE,88,-0.346001729233357,-0.19567418040427365
A,Digits (Low),MDS,KMeans,dbcv,TPE,89,-0.2746024928318567,-0.19567418040427365
A,Digits (Low),MDS,KMeans,dbcv,TPE,90,-0.3676409040003745,-0.19567418040427365
A,Digits (Low),MDS,KMeans,dbcv,TPE,91,-0.3801007449993971,-0.19567418040427365
A,Digits (Low),MDS,KMeans,dbcv,TPE,92,-0.3106750642846145,-0.19567418040427365
A,Digits (Low),MDS,KMeans,dbcv,TPE,93,-0.3886838402280698,-0.19567418040427365
A,Digits (Low),MDS,KMeans,dbcv,TPE,94,-0.3403441886589115,-0.19567418040427365
A,Digits (Low),MDS,KMeans,dbcv,TPE,95,-0.299177158376614,-0.19567418040427365
A,Digits (Low),MDS,KMeans,dbcv,TPE,96,-0.3153262582818599,-0.19567418040427365
A,Digits (Low),MDS,KMeans,dbcv,TPE,97,-0.32638474578721627,-0.19567418040427365
A,Digits (Low),MDS,KMeans,dbcv,TPE,98,-0.32825130061136565,-0.19567418040427365
A,Digits (Low),MDS,KMeans,dbcv,TPE,99,-0.4277080160029479,-0.19567418040427365
A,Digits (Low),MDS,KMeans,dbcv,Random,0,-0.2893621874681445,-0.2893621874681445
A,Digits (Low),MDS,KMeans,dbcv,Random,1,-0.4121815439805103,-0.2893621874681445
A,Digits (Low),MDS,KMeans,dbcv,Random,2,-0.6765820522714037,-0.2893621874681445
A,Digits (Low),MDS,KMeans,dbcv,Random,3,-0.44843650752311104,-0.2893621874681445
A,Digits (Low),MDS,KMeans,dbcv,Random,4,-0.40468495524491155,-0.2893621874681445
A,Digits (Low),MDS,KMeans,dbcv,Random,5,-0.4187139502088943,-0.2893621874681445
A,Digits (Low),MDS,KMeans,dbcv,Random,6,-0.6118416211965906,-0.2893621874681445
A,Digits (Low),MDS,KMeans,dbcv,Random,7,-0.63317505579785,-0.2893621874681445
A,Digits (Low),MDS,KMeans,dbcv,Random,8,-0.4450189532069465,-0.2893621874681445
A,Digits (Low),MDS,KMeans,dbcv,Random,9,-0.473973636574171,-0.2893621874681445
A,Digits (Low),MDS,KMeans,dbcv,Random,10,-0.7379375613727284,-0.2893621874681445
A,Digits (Low),MDS,KMeans,dbcv,Random,11,-0.49246452135782215,-0.2893621874681445
A,Digits (Low),MDS,KMeans,dbcv,Random,12,-0.34919575952285087,-0.2893621874681445
A,Digits (Low),MDS,KMeans,dbcv,Random,13,-0.4388310833967972,-0.2893621874681445
A,Digits (Low),MDS,KMeans,dbcv,Random,14,-0.7412335969695436,-0.2893621874681445
A,Digits (Low),MDS,KMeans,dbcv,Random,15,-0.5712555799415187,-0.2893621874681445
A,Digits (Low),MDS,KMeans,dbcv,Random,16,-0.47721316446193834,-0.2893621874681445
A,Digits (Low),MDS,KMeans,dbcv,Random,17,-0.35864651327394986,-0.2893621874681445
A,Digits (Low),MDS,KMeans,dbcv,Random,18,-0.7533538780280628,-0.2893621874681445
A,Digits (Low),MDS,KMeans,dbcv,Random,19,-0.4647595162134076,-0.2893621874681445
A,Digits (Low),MDS,KMeans,dbcv,Random,20,-0.4782420416854812,-0.2893621874681445
A,Digits (Low),MDS,KMeans,dbcv,Random,21,-0.47576118854278077,-0.2893621874681445
A,Digits (Low),MDS,KMeans,dbcv,Random,22,-0.4016983357318415,-0.2893621874681445
A,Digits (Low),MDS,KMeans,dbcv,Random,23,-0.4787240299372936,-0.2893621874681445
A,Digits (Low),MDS,KMeans,dbcv,Random,24,-0.5972156621173705,-0.2893621874681445
A,Digits (Low),MDS,KMeans,dbcv,Random,25,-0.2767710290257834,-0.2767710290257834
A,Digits (Low),MDS,KMeans,dbcv,Random,26,-0.3419240331328903,-0.2767710290257834
A,Digits (Low),MDS,KMeans,dbcv,Random,27,-0.3963207735652821,-0.2767710290257834
A,Digits (Low),MDS,KMeans,dbcv,Random,28,-0.5711877544295838,-0.2767710290257834
A,Digits (Low),MDS,KMeans,dbcv,Random,29,-0.5258942367785472,-0.2767710290257834
A,Digits (Low),MDS,KMeans,dbcv,Random,30,-0.5425764109549256,-0.2767710290257834
A,Digits (Low),MDS,KMeans,dbcv,Random,31,-0.505485834422939,-0.2767710290257834
A,Digits (Low),MDS,KMeans,dbcv,Random,32,-0.3637610567502314,-0.2767710290257834
A,Digits (Low),MDS,KMeans,dbcv,Random,33,-0.41042522267718584,-0.2767710290257834
A,Digits (Low),MDS,KMeans,dbcv,Random,34,-0.4803083180960801,-0.2767710290257834
A,Digits (Low),MDS,KMeans,dbcv,Random,35,-0.5691474238100447,-0.2767710290257834
A,Digits (Low),MDS,KMeans,dbcv,Random,36,-0.4553953312993074,-0.2767710290257834
A,Digits (Low),MDS,KMeans,dbcv,Random,37,-0.34912078376340877,-0.2767710290257834
A,Digits (Low),MDS,KMeans,dbcv,Random,38,-0.6678294430481317,-0.2767710290257834
A,Digits (Low),MDS,KMeans,dbcv,Random,39,-0.646465594163437,-0.2767710290257834
A,Digits (Low),MDS,KMeans,dbcv,Random,40,-0.40896942572512573,-0.2767710290257834
A,Digits (Low),MDS,KMeans,dbcv,Random,41,-0.7305134256766974,-0.2767710290257834
A,Digits (Low),MDS,KMeans,dbcv,Random,42,-0.4678901566917682,-0.2767710290257834
A,Digits (Low),MDS,KMeans,dbcv,Random,43,-0.32285559877105213,-0.2767710290257834
A,Digits (Low),MDS,KMeans,dbcv,Random,44,-0.42218268003508325,-0.2767710290257834
A,Digits (Low),MDS,KMeans,dbcv,Random,45,-0.34610625101821224,-0.2767710290257834
A,Digits (Low),MDS,KMeans,dbcv,Random,46,-0.3248766332376277,-0.2767710290257834
A,Digits (Low),MDS,KMeans,dbcv,Random,47,-0.337031351173897,-0.2767710290257834
A,Digits (Low),MDS,KMeans,dbcv,Random,48,-0.43983783370074864,-0.2767710290257834
A,Digits (Low),MDS,KMeans,dbcv,Random,49,-0.5822492467202387,-0.2767710290257834
A,Digits (Low),MDS,KMeans,dbcv,Random,50,-0.5391201084029837,-0.2767710290257834
A,Digits (Low),MDS,KMeans,dbcv,Random,51,-0.45372077818546175,-0.2767710290257834
A,Digits (Low),MDS,KMeans,dbcv,Random,52,-0.5594500687737215,-0.2767710290257834
A,Digits (Low),MDS,KMeans,dbcv,Random,53,-0.2807151761952158,-0.2767710290257834
A,Digits (Low),MDS,KMeans,dbcv,Random,54,-0.7131439677823963,-0.2767710290257834
A,Digits (Low),MDS,KMeans,dbcv,Random,55,-0.6777956833174086,-0.2767710290257834
A,Digits (Low),MDS,KMeans,dbcv,Random,56,-0.3424534173785225,-0.2767710290257834
A,Digits (Low),MDS,KMeans,dbcv,Random,57,-0.32918271523253056,-0.2767710290257834
A,Digits (Low),MDS,KMeans,dbcv,Random,58,-0.5749687061785045,-0.2767710290257834
A,Digits (Low),MDS,KMeans,dbcv,Random,59,-0.39045215361229557,-0.2767710290257834
A,Digits (Low),MDS,KMeans,dbcv,Random,60,-0.25499206746528313,-0.25499206746528313
A,Digits (Low),MDS,KMeans,dbcv,Random,61,-0.587471816189858,-0.25499206746528313
A,Digits (Low),MDS,KMeans,dbcv,Random,62,-0.4724273100680889,-0.25499206746528313
A,Digits (Low),MDS,KMeans,dbcv,Random,63,-0.23878744502849253,-0.23878744502849253
A,Digits (Low),MDS,KMeans,dbcv,Random,64,-0.5499882366976826,-0.23878744502849253
A,Digits (Low),MDS,KMeans,dbcv,Random,65,-0.5992556006837308,-0.23878744502849253
A,Digits (Low),MDS,KMeans,dbcv,Random,66,-0.5282636476808047,-0.23878744502849253
A,Digits (Low),MDS,KMeans,dbcv,Random,67,-0.4906615253378408,-0.23878744502849253
A,Digits (Low),MDS,KMeans,dbcv,Random,68,-0.44265114202997236,-0.23878744502849253
A,Digits (Low),MDS,KMeans,dbcv,Random,69,-0.2933277853912979,-0.23878744502849253
A,Digits (Low),MDS,KMeans,dbcv,Random,70,-0.5696358458462145,-0.23878744502849253
A,Digits (Low),MDS,KMeans,dbcv,Random,71,-0.5386579878050056,-0.23878744502849253
A,Digits (Low),MDS,KMeans,dbcv,Random,72,-0.7411062577282488,-0.23878744502849253
A,Digits (Low),MDS,KMeans,dbcv,Random,73,-0.3472153790078045,-0.23878744502849253
A,Digits (Low),MDS,KMeans,dbcv,Random,74,-0.567090665020527,-0.23878744502849253
A,Digits (Low),MDS,KMeans,dbcv,Random,75,-0.5444068687737635,-0.23878744502849253
A,Digits (Low),MDS,KMeans,dbcv,Random,76,-0.4552455561712697,-0.23878744502849253
A,Digits (Low),MDS,KMeans,dbcv,Random,77,-0.5497203543666798,-0.23878744502849253
A,Digits (Low),MDS,KMeans,dbcv,Random,78,-0.33302596589971717,-0.23878744502849253
A,Digits (Low),MDS,KMeans,dbcv,Random,79,-0.3878240769663502,-0.23878744502849253
A,Digits (Low),MDS,KMeans,dbcv,Random,80,-0.45856834935365987,-0.23878744502849253
A,Digits (Low),MDS,KMeans,dbcv,Random,81,-0.48343662860172226,-0.23878744502849253
A,Digits (Low),MDS,KMeans,dbcv,Random,82,-0.4868648279400103,-0.23878744502849253
A,Digits (Low),MDS,KMeans,dbcv,Random,83,-0.5674301522844107,-0.23878744502849253
A,Digits (Low),MDS,KMeans,dbcv,Random,84,-0.5026656740868288,-0.23878744502849253
A,Digits (Low),MDS,KMeans,dbcv,Random,85,-0.7906426400608992,-0.23878744502849253
A,Digits (Low),MDS,KMeans,dbcv,Random,86,-0.5427958962938153,-0.23878744502849253
A,Digits (Low),MDS,KMeans,dbcv,Random,87,-0.5911469314214364,-0.23878744502849253
A,Digits (Low),MDS,KMeans,dbcv,Random,88,-0.5305024001920841,-0.23878744502849253
A,Digits (Low),MDS,KMeans,dbcv,Random,89,-0.6805982220030196,-0.23878744502849253
A,Digits (Low),MDS,KMeans,dbcv,Random,90,-0.6549890465889674,-0.23878744502849253
A,Digits (Low),MDS,KMeans,dbcv,Random,91,-0.25704336602024275,-0.23878744502849253
A,Digits (Low),MDS,KMeans,dbcv,Random,92,-0.4838387311877476,-0.23878744502849253
A,Digits (Low),MDS,KMeans,dbcv,Random,93,-0.39825885957076784,-0.23878744502849253
A,Digits (Low),MDS,KMeans,dbcv,Random,94,-0.5802544646642983,-0.23878744502849253
A,Digits (Low),MDS,KMeans,dbcv,Random,95,-0.42038492567369706,-0.23878744502849253
A,Digits (Low),MDS,KMeans,dbcv,Random,96,-0.30902108873040207,-0.23878744502849253
A,Digits (Low),MDS,KMeans,dbcv,Random,97,-0.43084120738505405,-0.23878744502849253
A,Digits (Low),MDS,KMeans,dbcv,Random,98,-0.3249215158134546,-0.23878744502849253
A,Digits (Low),MDS,KMeans,dbcv,Random,99,-0.33805667774451637,-0.23878744502849253
A,Breast cancer (Low),UMAP,HDBSCAN,dbcv,TPE,0,-0.44461852899359483,-0.44461852899359483
A,Breast cancer (Low),UMAP,HDBSCAN,dbcv,TPE,1,-0.6467247365930541,-0.44461852899359483
A,Breast cancer (Low),UMAP,HDBSCAN,dbcv,TPE,2,-0.2629394982959656,-0.2629394982959656
A,Breast cancer (Low),UMAP,HDBSCAN,dbcv,TPE,3,-0.6809144554949136,-0.2629394982959656
A,Breast cancer (Low),UMAP,HDBSCAN,dbcv,TPE,4,-0.35369604525345466,-0.2629394982959656
A,Breast cancer (Low),UMAP,HDBSCAN,dbcv,TPE,5,-0.5473722972981939,-0.2629394982959656
A,Breast cancer (Low),UMAP,HDBSCAN,dbcv,TPE,6,-0.6544402313247972,-0.2629394982959656
A,Breast cancer (Low),UMAP,HDBSCAN,dbcv,TPE,7,-0.493570974478015,-0.2629394982959656
A,Breast cancer (Low),UMAP,HDBSCAN,dbcv,TPE,8,-0.6361565336197322,-0.2629394982959656
A,Breast cancer (Low),UMAP,HDBSCAN,dbcv,TPE,9,-0.6289724770206343,-0.2629394982959656
A,Breast cancer (Low),UMAP,HDBSCAN,dbcv,TPE,10,-0.3628232281151448,-0.2629394982959656
A,Breast cancer (Low),UMAP,HDBSCAN,dbcv,TPE,11,-0.35188355296307955,-0.2629394982959656
A,Breast cancer (Low),UMAP,HDBSCAN,dbcv,TPE,12,-0.34461566313230074,-0.2629394982959656
A,Breast cancer (Low),UMAP,HDBSCAN,dbcv,TPE,13,-0.20285163005704432,-0.20285163005704432
A,Breast cancer (Low),UMAP,HDBSCAN,dbcv,TPE,14,-0.39043941077793676,-0.20285163005704432
A,Breast cancer (Low),UMAP,HDBSCAN,dbcv,TPE,15,-0.5998235745903869,-0.20285163005704432
A,Breast cancer (Low),UMAP,HDBSCAN,dbcv,TPE,16,-0.3402144726840971,-0.20285163005704432
A,Breast cancer (Low),UMAP,HDBSCAN,dbcv,TPE,17,-0.3362153989205875,-0.20285163005704432
A,Breast cancer (Low),UMAP,HDBSCAN,dbcv,TPE,18,-0.5137371407850788,-0.20285163005704432
A,Breast cancer (Low),UMAP,HDBSCAN,dbcv,TPE,19,-0.5949861522979649,-0.20285163005704432
A,Breast cancer (Low),UMAP,HDBSCAN,dbcv,TPE,20,-0.4907703116996402,-0.20285163005704432
A,Breast cancer (Low),UMAP,HDBSCAN,dbcv,TPE,21,-0.314955795185586,-0.20285163005704432
A,Breast cancer (Low),UMAP,HDBSCAN,dbcv,TPE,22,-0.31657306863580126,-0.20285163005704432
A,Breast cancer (Low),UMAP,HDBSCAN,dbcv,TPE,23,-0.3617417138856257,-0.20285163005704432
A,Breast cancer (Low),UMAP,HDBSCAN,dbcv,TPE,24,-0.44708695613112365,-0.20285163005704432
A,Breast cancer (Low),UMAP,HDBSCAN,dbcv,TPE,25,-0.15913790014002097,-0.15913790014002097
A,Breast cancer (Low),UMAP,HDBSCAN,dbcv,TPE,26,-0.4409955035675721,-0.15913790014002097
A,Breast cancer (Low),UMAP,HDBSCAN,dbcv,TPE,27,-0.5941417123737481,-0.15913790014002097
A,Breast cancer (Low),UMAP,HDBSCAN,dbcv,TPE,28,-0.627327926219848,-0.15913790014002097
A,Breast cancer (Low),UMAP,HDBSCAN,dbcv,TPE,29,-0.46207484622625616,-0.15913790014002097
A,Breast cancer (Low),UMAP,HDBSCAN,dbcv,TPE,30,-0.5140484464588643,-0.15913790014002097
A,Breast cancer (Low),UMAP,HDBSCAN,dbcv,TPE,31,-0.4482610222765066,-0.15913790014002097
A,Breast cancer (Low),UMAP,HDBSCAN,dbcv,TPE,32,-0.20961299895597868,-0.15913790014002097
A,Breast cancer (Low),UMAP,HDBSCAN,dbcv,TPE,33,-0.3612239064698133,-0.15913790014002097
A,Breast cancer (Low),UMAP,HDBSCAN,dbcv,TPE,34,-0.3307770693053788,-0.15913790014002097
A,Breast cancer (Low),UMAP,HDBSCAN,dbcv,TPE,35,-0.3685124862523127,-0.15913790014002097
A,Breast cancer (Low),UMAP,HDBSCAN,dbcv,TPE,36,-0.31197315064578257,-0.15913790014002097
A,Breast cancer (Low),UMAP,HDBSCAN,dbcv,TPE,37,-0.7042904899001452,-0.15913790014002097
A,Breast cancer (Low),UMAP,HDBSCAN,dbcv,TPE,38,-0.47369446831990997,-0.15913790014002097
A,Breast cancer (Low),UMAP,HDBSCAN,dbcv,TPE,39,-0.5860276824086067,-0.15913790014002097
A,Breast cancer (Low),UMAP,HDBSCAN,dbcv,TPE,40,-0.42519486988766214,-0.15913790014002097
A,Breast cancer (Low),UMAP,HDBSCAN,dbcv,TPE,41,-0.30426413385750045,-0.15913790014002097
A,Breast cancer (Low),UMAP,HDBSCAN,dbcv,TPE,42,-0.454332917116418,-0.15913790014002097
A,Breast cancer (Low),UMAP,HDBSCAN,dbcv,TPE,43,-0.48131083238369515,-0.15913790014002097
A,Breast cancer (Low),UMAP,HDBSCAN,dbcv,TPE,44,-0.6568272989548936,-0.15913790014002097
A,Breast cancer (Low),UMAP,HDBSCAN,dbcv,TPE,45,-0.4427205892789684,-0.15913790014002097
A,Breast cancer (Low),UMAP,HDBSCAN,dbcv,TPE,46,-0.22614536592718862,-0.15913790014002097
A,Breast cancer (Low),UMAP,HDBSCAN,dbcv,TPE,47,-0.26804465189402454,-0.15913790014002097
A,Breast cancer (Low),UMAP,HDBSCAN,dbcv,TPE,48,-0.3984855775332146,-0.15913790014002097
A,Breast cancer (Low),UMAP,HDBSCAN,dbcv,TPE,49,-0.46853613558750695,-0.15913790014002097
A,Breast cancer (Low),UMAP,HDBSCAN,dbcv,TPE,50,-0.3877850870819849,-0.15913790014002097
A,Breast cancer (Low),UMAP,HDBSCAN,dbcv,TPE,51,-0.26949530644749164,-0.15913790014002097
A,Breast cancer (Low),UMAP,HDBSCAN,dbcv,TPE,52,-1.0,-0.15913790014002097
A,Breast cancer (Low),UMAP,HDBSCAN,dbcv,TPE,53,-0.16616706016933705,-0.15913790014002097
A,Breast cancer (Low),UMAP,HDBSCAN,dbcv,TPE,54,-0.15981672234019492,-0.15913790014002097
A,Breast cancer (Low),UMAP,HDBSCAN,dbcv,TPE,55,-1.0,-0.15913790014002097
A,Breast cancer (Low),UMAP,HDBSCAN,dbcv,TPE,56,-0.36180216329184733,-0.15913790014002097
A,Breast cancer (Low),UMAP,HDBSCAN,dbcv,TPE,57,-0.25270791583506175,-0.15913790014002097
A,Breast cancer (Low),UMAP,HDBSCAN,dbcv,TPE,58,-0.3193481216694249,-0.15913790014002097
A,Breast cancer (Low),UMAP,HDBSCAN,dbcv,TPE,59,-1.0,-0.15913790014002097
A,Breast cancer (Low),UMAP,HDBSCAN,dbcv,TPE,60,-0.49840932917825836,-0.15913790014002097
A,Breast cancer (Low),UMAP,HDBSCAN,dbcv,TPE,61,-0.2133739690909513,-0.15913790014002097
A,Breast cancer (Low),UMAP,HDBSCAN,dbcv,TPE,62,-0.33524792167025885,-0.15913790014002097
A,Breast cancer (Low),UMAP,HDBSCAN,dbcv,TPE,63,-0.23428566065450035,-0.15913790014002097
A,Breast cancer (Low),UMAP,HDBSCAN,dbcv,TPE,64,-0.17514626208385214,-0.15913790014002097
A,Breast cancer (Low),UMAP,HDBSCAN,dbcv,TPE,65,-0.26633264969417636,-0.15913790014002097
A,Breast cancer (Low),UMAP,HDBSCAN,dbcv,TPE,66,-0.4693919588691404,-0.15913790014002097
A,Breast cancer (Low),UMAP,HDBSCAN,dbcv,TPE,67,-0.3038775388347077,-0.15913790014002097
A,Breast cancer (Low),UMAP,HDBSCAN,dbcv,TPE,68,-0.28263716134531613,-0.15913790014002097
A,Breast cancer (Low),UMAP,HDBSCAN,dbcv,TPE,69,-0.30728222309190006,-0.15913790014002097
A,Breast cancer (Low),UMAP,HDBSCAN,dbcv,TPE,70,-0.6747381791908411,-0.15913790014002097
A,Breast cancer (Low),UMAP,HDBSCAN,dbcv,TPE,71,-0.3366945852396519,-0.15913790014002097
A,Breast cancer (Low),UMAP,HDBSCAN,dbcv,TPE,72,-0.2993327281395563,-0.15913790014002097
A,Breast cancer (Low),UMAP,HDBSCAN,dbcv,TPE,73,-1.0,-0.15913790014002097
A,Breast cancer (Low),UMAP,HDBSCAN,dbcv,TPE,74,-0.2843897627487717,-0.15913790014002097
A,Breast cancer (Low),UMAP,HDBSCAN,dbcv,TPE,75,-1.0,-0.15913790014002097
A,Breast cancer (Low),UMAP,HDBSCAN,dbcv,TPE,76,-0.2918731720222234,-0.15913790014002097
A,Breast cancer (Low),UMAP,HDBSCAN,dbcv,TPE,77,-0.3846982842436427,-0.15913790014002097
A,Breast cancer (Low),UMAP,HDBSCAN,dbcv,TPE,78,-0.29876213425349163,-0.15913790014002097
A,Breast cancer (Low),UMAP,HDBSCAN,dbcv,TPE,79,-0.20730779792309964,-0.15913790014002097
A,Breast cancer (Low),UMAP,HDBSCAN,dbcv,TPE,80,-0.0987969923151255,-0.0987969923151255
A,Breast cancer (Low),UMAP,HDBSCAN,dbcv,TPE,81,-0.1834183969788513,-0.0987969923151255
A,Breast cancer (Low),UMAP,HDBSCAN,dbcv,TPE,82,-0.2408610878102076,-0.0987969923151255
A,Breast cancer (Low),UMAP,HDBSCAN,dbcv,TPE,83,-0.19329430152770216,-0.0987969923151255
A,Breast cancer (Low),UMAP,HDBSCAN,dbcv,TPE,84,-0.2953290213545158,-0.0987969923151255
A,Breast cancer (Low),UMAP,HDBSCAN,dbcv,TPE,85,-0.12794955228180077,-0.0987969923151255
A,Breast cancer (Low),UMAP,HDBSCAN,dbcv,TPE,86,-0.17054410558897398,-0.0987969923151255
A,Breast cancer (Low),UMAP,HDBSCAN,dbcv,TPE,87,-0.08369696196275891,-0.08369696196275891
A,Breast cancer (Low),UMAP,HDBSCAN,dbcv,TPE,88,-0.10321315424239436,-0.08369696196275891
A,Breast cancer (Low),UMAP,HDBSCAN,dbcv,TPE,89,-0.18628393063911436,-0.08369696196275891
A,Breast cancer (Low),UMAP,HDBSCAN,dbcv,TPE,90,-0.17510313796390534,-0.08369696196275891
A,Breast cancer (Low),UMAP,HDBSCAN,dbcv,TPE,91,-0.13681001698228676,-0.08369696196275891
A,Breast cancer (Low),UMAP,HDBSCAN,dbcv,TPE,92,-0.16323430921378615,-0.08369696196275891
A,Breast cancer (Low),UMAP,HDBSCAN,dbcv,TPE,93,-0.2716856391164877,-0.08369696196275891
A,Breast cancer (Low),UMAP,HDBSCAN,dbcv,TPE,94,-0.15799382956804195,-0.08369696196275891
A,Breast cancer (Low),UMAP,HDBSCAN,dbcv,TPE,95,-0.1713708183198492,-0.08369696196275891
A,Breast cancer (Low),UMAP,HDBSCAN,dbcv,TPE,96,-0.1184953527767673,-0.08369696196275891
A,Breast cancer (Low),UMAP,HDBSCAN,dbcv,TPE,97,-1.0,-0.08369696196275891
A,Breast cancer (Low),UMAP,HDBSCAN,dbcv,TPE,98,-0.320648623369706,-0.08369696196275891
A,Breast cancer (Low),UMAP,HDBSCAN,dbcv,TPE,99,-0.19129883595089472,-0.08369696196275891
A,Breast cancer (Low),UMAP,HDBSCAN,dbcv,Random,0,-0.6818597433059224,-0.6818597433059224
A,Breast cancer (Low),UMAP,HDBSCAN,dbcv,Random,1,-0.6995903994007131,-0.6818597433059224
A,Breast cancer (Low),UMAP,HDBSCAN,dbcv,Random,2,-0.32073141073457306,-0.32073141073457306
A,Breast cancer (Low),UMAP,HDBSCAN,dbcv,Random,3,-0.42727097879254045,-0.32073141073457306
A,Breast cancer (Low),UMAP,HDBSCAN,dbcv,Random,4,-0.6430056884182446,-0.32073141073457306
A,Breast cancer (Low),UMAP,HDBSCAN,dbcv,Random,5,-0.7012086046796911,-0.32073141073457306
A,Breast cancer (Low),UMAP,HDBSCAN,dbcv,Random,6,-0.6738179266451774,-0.32073141073457306
A,Breast cancer (Low),UMAP,HDBSCAN,dbcv,Random,7,-0.6105385940086604,-0.32073141073457306
A,Breast cancer (Low),UMAP,HDBSCAN,dbcv,Random,8,-0.6324868830378426,-0.32073141073457306
A,Breast cancer (Low),UMAP,HDBSCAN,dbcv,Random,9,-0.4668938015748474,-0.32073141073457306
A,Breast cancer (Low),UMAP,HDBSCAN,dbcv,Random,10,-0.526096024165792,-0.32073141073457306
A,Breast cancer (Low),UMAP,HDBSCAN,dbcv,Random,11,-0.6347652174296976,-0.32073141073457306
A,Breast cancer (Low),UMAP,HDBSCAN,dbcv,Random,12,-0.4184310527102284,-0.32073141073457306
A,Breast cancer (Low),UMAP,HDBSCAN,dbcv,Random,13,-0.6731113279633866,-0.32073141073457306
A,Breast cancer (Low),UMAP,HDBSCAN,dbcv,Random,14,-0.6151456379388821,-0.32073141073457306
A,Breast cancer (Low),UMAP,HDBSCAN,dbcv,Random,15,-0.5850265086553855,-0.32073141073457306
A,Breast cancer (Low),UMAP,HDBSCAN,dbcv,Random,16,-0.4974884988958709,-0.32073141073457306
A,Breast cancer (Low),UMAP,HDBSCAN,dbcv,Random,17,-0.4776853900003907,-0.32073141073457306
A,Breast cancer (Low),UMAP,HDBSCAN,dbcv,Random,18,-0.36790372730117904,-0.32073141073457306
A,Breast cancer (Low),UMAP,HDBSCAN,dbcv,Random,19,-0.18658239823990844,-0.18658239823990844
A,Breast cancer (Low),UMAP,HDBSCAN,dbcv,Random,20,-0.33446798626909663,-0.18658239823990844
A,Breast cancer (Low),UMAP,HDBSCAN,dbcv,Random,21,-0.39477044397582234,-0.18658239823990844
A,Breast cancer (Low),UMAP,HDBSCAN,dbcv,Random,22,-0.6407017756131518,-0.18658239823990844
A,Breast cancer (Low),UMAP,HDBSCAN,dbcv,Random,23,-0.446186278643645,-0.18658239823990844
A,Breast cancer (Low),UMAP,HDBSCAN,dbcv,Random,24,-1.0,-0.18658239823990844
A,Breast cancer (Low),UMAP,HDBSCAN,dbcv,Random,25,-0.3729156346193106,-0.18658239823990844
A,Breast cancer (Low),UMAP,HDBSCAN,dbcv,Random,26,-0.6804621366028237,-0.18658239823990844
A,Breast cancer (Low),UMAP,HDBSCAN,dbcv,Random,27,-0.3770482063700838,-0.18658239823990844
A,Breast cancer (Low),UMAP,HDBSCAN,dbcv,Random,28,-0.6100749008598568,-0.18658239823990844
A,Breast cancer (Low),UMAP,HDBSCAN,dbcv,Random,29,-0.6166917574398779,-0.18658239823990844
A,Breast cancer (Low),UMAP,HDBSCAN,dbcv,Random,30,-0.49104602228260796,-0.18658239823990844
A,Breast cancer (Low),UMAP,HDBSCAN,dbcv,Random,31,-0.23333634412251344,-0.18658239823990844
A,Breast cancer (Low),UMAP,HDBSCAN,dbcv,Random,32,-0.33284569355535476,-0.18658239823990844
A,Breast cancer (Low),UMAP,HDBSCAN,dbcv,Random,33,-0.3570280400086189,-0.18658239823990844
A,Breast cancer (Low),UMAP,HDBSCAN,dbcv,Random,34,-0.6226783893021262,-0.18658239823990844
A,Breast cancer (Low),UMAP,HDBSCAN,dbcv,Random,35,-0.6445219828534574,-0.18658239823990844
A,Breast cancer (Low),UMAP,HDBSCAN,dbcv,Random,36,-0.6910985855979015,-0.18658239823990844
A,Breast cancer (Low),UMAP,HDBSCAN,dbcv,Random,37,-0.44616309195614706,-0.18658239823990844
A,Breast cancer (Low),UMAP,HDBSCAN,dbcv,Random,38,-0.4539213793175508,-0.18658239823990844
A,Breast cancer (Low),UMAP,HDBSCAN,dbcv,Random,39,-0.3893364383735296,-0.18658239823990844
A,Breast cancer (Low),UMAP,HDBSCAN,dbcv,Random,40,-0.6324228464650059,-0.18658239823990844
A,Breast cancer (Low),UMAP,HDBSCAN,dbcv,Random,41,-0.5608260017582084,-0.18658239823990844
A,Breast cancer (Low),UMAP,HDBSCAN,dbcv,Random,42,-0.3722098741313341,-0.18658239823990844
A,Breast cancer (Low),UMAP,HDBSCAN,dbcv,Random,43,-0.5419265288971484,-0.18658239823990844
A,Breast cancer (Low),UMAP,HDBSCAN,dbcv,Random,44,-0.4392135022080736,-0.18658239823990844
A,Breast cancer (Low),UMAP,HDBSCAN,dbcv,Random,45,-0.4531483423665579,-0.18658239823990844
A,Breast cancer (Low),UMAP,HDBSCAN,dbcv,Random,46,-0.47203319942494776,-0.18658239823990844
A,Breast cancer (Low),UMAP,HDBSCAN,dbcv,Random,47,-0.691494191222672,-0.18658239823990844
A,Breast cancer (Low),UMAP,HDBSCAN,dbcv,Random,48,-0.355857793376379,-0.18658239823990844
A,Breast cancer (Low),UMAP,HDBSCAN,dbcv,Random,49,-0.5574866123535202,-0.18658239823990844
A,Breast cancer (Low),UMAP,HDBSCAN,dbcv,Random,50,-0.6547505932994799,-0.18658239823990844
A,Breast cancer (Low),UMAP,HDBSCAN,dbcv,Random,51,-0.36804795336282514,-0.18658239823990844
A,Breast cancer (Low),UMAP,HDBSCAN,dbcv,Random,52,-0.10308477530332733,-0.10308477530332733
A,Breast cancer (Low),UMAP,HDBSCAN,dbcv,Random,53,-0.39189696720074096,-0.10308477530332733
A,Breast cancer (Low),UMAP,HDBSCAN,dbcv,Random,54,-0.2099417723120415,-0.10308477530332733
A,Breast cancer (Low),UMAP,HDBSCAN,dbcv,Random,55,-0.4960709706553344,-0.10308477530332733
A,Breast cancer (Low),UMAP,HDBSCAN,dbcv,Random,56,-0.6105171516277011,-0.10308477530332733
A,Breast cancer (Low),UMAP,HDBSCAN,dbcv,Random,57,-0.452050102931139,-0.10308477530332733
A,Breast cancer (Low),UMAP,HDBSCAN,dbcv,Random,58,-0.7221344678102501,-0.10308477530332733
A,Breast cancer (Low),UMAP,HDBSCAN,dbcv,Random,59,-0.4817645185283664,-0.10308477530332733
A,Breast cancer (Low),UMAP,HDBSCAN,dbcv,Random,60,-0.3343877978272913,-0.10308477530332733
A,Breast cancer (Low),UMAP,HDBSCAN,dbcv,Random,61,-0.5788071498103995,-0.10308477530332733
A,Breast cancer (Low),UMAP,HDBSCAN,dbcv,Random,62,-0.6780309904064489,-0.10308477530332733
A,Breast cancer (Low),UMAP,HDBSCAN,dbcv,Random,63,-0.4493139183541358,-0.10308477530332733
A,Breast cancer (Low),UMAP,HDBSCAN,dbcv,Random,64,-0.2862045206899911,-0.10308477530332733
A,Breast cancer (Low),UMAP,HDBSCAN,dbcv,Random,65,-0.3585337044636143,-0.10308477530332733
A,Breast cancer (Low),UMAP,HDBSCAN,dbcv,Random,66,-0.2540464932642366,-0.10308477530332733
A,Breast cancer (Low),UMAP,HDBSCAN,dbcv,Random,67,-0.32650823092727316,-0.10308477530332733
A,Breast cancer (Low),UMAP,HDBSCAN,dbcv,Random,68,-0.6406591341975214,-0.10308477530332733
A,Breast cancer (Low),UMAP,HDBSCAN,dbcv,Random,69,-0.5263336623212709,-0.10308477530332733
A,Breast cancer (Low),UMAP,HDBSCAN,dbcv,Random,70,-0.23334698687895772,-0.10308477530332733
A,Breast cancer (Low),UMAP,HDBSCAN,dbcv,Random,71,-0.6470848015763391,-0.10308477530332733
A,Breast cancer (Low),UMAP,HDBSCAN,dbcv,Random,72,-0.44760377175805255,-0.10308477530332733
A,Breast cancer (Low),UMAP,HDBSCAN,dbcv,Random,73,-0.3205334412499569,-0.10308477530332733
A,Breast cancer (Low),UMAP,HDBSCAN,dbcv,Random,74,-0.6808096826542571,-0.10308477530332733
A,Breast cancer (Low),UMAP,HDBSCAN,dbcv,Random,75,-0.6443357216759509,-0.10308477530332733
A,Breast cancer (Low),UMAP,HDBSCAN,dbcv,Random,76,-0.5704455389941451,-0.10308477530332733
A,Breast cancer (Low),UMAP,HDBSCAN,dbcv,Random,77,-0.5202944488231778,-0.10308477530332733
A,Breast cancer (Low),UMAP,HDBSCAN,dbcv,Random,78,-0.5472462603806567,-0.10308477530332733
A,Breast cancer (Low),UMAP,HDBSCAN,dbcv,Random,79,-0.4323433858645258,-0.10308477530332733
A,Breast cancer (Low),UMAP,HDBSCAN,dbcv,Random,80,-0.49690930795957533,-0.10308477530332733
A,Breast cancer (Low),UMAP,HDBSCAN,dbcv,Random,81,-0.5896613705094313,-0.10308477530332733
A,Breast cancer (Low),UMAP,HDBSCAN,dbcv,Random,82,-0.44335965543631717,-0.10308477530332733
A,Breast cancer (Low),UMAP,HDBSCAN,dbcv,Random,83,-0.6416803939201814,-0.10308477530332733
A,Breast cancer (Low),UMAP,HDBSCAN,dbcv,Random,84,-0.4332397124039224,-0.10308477530332733
A,Breast cancer (Low),UMAP,HDBSCAN,dbcv,Random,85,-0.2862148719647259,-0.10308477530332733
A,Breast cancer (Low),UMAP,HDBSCAN,dbcv,Random,86,-0.4092922769376006,-0.10308477530332733
A,Breast cancer (Low),UMAP,HDBSCAN,dbcv,Random,87,-0.695919531951831,-0.10308477530332733
A,Breast cancer (Low),UMAP,HDBSCAN,dbcv,Random,88,-0.2771082606273118,-0.10308477530332733
A,Breast cancer (Low),UMAP,HDBSCAN,dbcv,Random,89,-0.37259663543253035,-0.10308477530332733
A,Breast cancer (Low),UMAP,HDBSCAN,dbcv,Random,90,-0.51449980710871,-0.10308477530332733
A,Breast cancer (Low),UMAP,HDBSCAN,dbcv,Random,91,-0.7113808641951684,-0.10308477530332733
A,Breast cancer (Low),UMAP,HDBSCAN,dbcv,Random,92,-0.42181071277842597,-0.10308477530332733
A,Breast cancer (Low),UMAP,HDBSCAN,dbcv,Random,93,-0.6268026818710775,-0.10308477530332733
A,Breast cancer (Low),UMAP,HDBSCAN,dbcv,Random,94,-0.2872585174982415,-0.10308477530332733
A,Breast cancer (Low),UMAP,HDBSCAN,dbcv,Random,95,-0.6792978678216778,-0.10308477530332733
A,Breast cancer (Low),UMAP,HDBSCAN,dbcv,Random,96,-0.4729403954854318,-0.10308477530332733
A,Breast cancer (Low),UMAP,HDBSCAN,dbcv,Random,97,-0.6929615137210616,-0.10308477530332733
A,Breast cancer (Low),UMAP,HDBSCAN,dbcv,Random,98,-0.5268321684208722,-0.10308477530332733
A,Breast cancer (Low),UMAP,HDBSCAN,dbcv,Random,99,-0.4272244183207461,-0.10308477530332733
A,Breast cancer (Low),UMAP,DBSCAN,dbcv,TPE,0,-1.0,-1.0
A,Breast cancer (Low),UMAP,DBSCAN,dbcv,TPE,1,-1.0,-1.0
A,Breast cancer (Low),UMAP,DBSCAN,dbcv,TPE,2,-1.0,-1.0
A,Breast cancer (Low),UMAP,DBSCAN,dbcv,TPE,3,-1.0,-1.0
A,Breast cancer (Low),UMAP,DBSCAN,dbcv,TPE,4,-1.0,-1.0
A,Breast cancer (Low),UMAP,DBSCAN,dbcv,TPE,5,-1.0,-1.0
A,Breast cancer (Low),UMAP,DBSCAN,dbcv,TPE,6,-1.0,-1.0
A,Breast cancer (Low),UMAP,DBSCAN,dbcv,TPE,7,-1.0,-1.0
A,Breast cancer (Low),UMAP,DBSCAN,dbcv,TPE,8,-1.0,-1.0
A,Breast cancer (Low),UMAP,DBSCAN,dbcv,TPE,9,-1.0,-1.0
A,Breast cancer (Low),UMAP,DBSCAN,dbcv,TPE,10,-1.0,-1.0
A,Breast cancer (Low),UMAP,DBSCAN,dbcv,TPE,11,-1.0,-1.0
A,Breast cancer (Low),UMAP,DBSCAN,dbcv,TPE,12,-1.0,-1.0
A,Breast cancer (Low),UMAP,DBSCAN,dbcv,TPE,13,-1.0,-1.0
A,Breast cancer (Low),UMAP,DBSCAN,dbcv,TPE,14,-1.0,-1.0
A,Breast cancer (Low),UMAP,DBSCAN,dbcv,TPE,15,-1.0,-1.0
A,Breast cancer (Low),UMAP,DBSCAN,dbcv,TPE,16,-1.0,-1.0
A,Breast cancer (Low),UMAP,DBSCAN,dbcv,TPE,17,-1.0,-1.0
A,Breast cancer (Low),UMAP,DBSCAN,dbcv,TPE,18,-1.0,-1.0
A,Breast cancer (Low),UMAP,DBSCAN,dbcv,TPE,19,-1.0,-1.0
A,Breast cancer (Low),UMAP,DBSCAN,dbcv,TPE,20,-1.0,-1.0
A,Breast cancer (Low),UMAP,DBSCAN,dbcv,TPE,21,-0.4427482997059955,-0.4427482997059955
A,Breast cancer (Low),UMAP,DBSCAN,dbcv,TPE,22,-0.1509118958282652,-0.1509118958282652
A,Breast cancer (Low),UMAP,DBSCAN,dbcv,TPE,23,-1.0,-0.1509118958282652
A,Breast cancer (Low),UMAP,DBSCAN,dbcv,TPE,24,-0.8223241031581624,-0.1509118958282652
A,Breast cancer (Low),UMAP,DBSCAN,dbcv,TPE,25,-1.0,-0.1509118958282652
A,Breast cancer (Low),UMAP,DBSCAN,dbcv,TPE,26,-0.5152833648047124,-0.1509118958282652
A,Breast cancer (Low),UMAP,DBSCAN,dbcv,TPE,27,-1.0,-0.1509118958282652
A,Breast cancer (Low),UMAP,DBSCAN,dbcv,TPE,28,-1.0,-0.1509118958282652
A,Breast cancer (Low),UMAP,DBSCAN,dbcv,TPE,29,-0.5626926806674782,-0.1509118958282652
A,Breast cancer (Low),UMAP,DBSCAN,dbcv,TPE,30,-1.0,-0.1509118958282652
A,Breast cancer (Low),UMAP,DBSCAN,dbcv,TPE,31,-0.6579617287750051,-0.1509118958282652
A,Breast cancer (Low),UMAP,DBSCAN,dbcv,TPE,32,-1.0,-0.1509118958282652
A,Breast cancer (Low),UMAP,DBSCAN,dbcv,TPE,33,-1.0,-0.1509118958282652
A,Breast cancer (Low),UMAP,DBSCAN,dbcv,TPE,34,-1.0,-0.1509118958282652
A,Breast cancer (Low),UMAP,DBSCAN,dbcv,TPE,35,-0.3586775414742874,-0.1509118958282652
A,Breast cancer (Low),UMAP,DBSCAN,dbcv,TPE,36,-1.0,-0.1509118958282652
A,Breast cancer (Low),UMAP,DBSCAN,dbcv,TPE,37,-0.30938616800093793,-0.1509118958282652
A,Breast cancer (Low),UMAP,DBSCAN,dbcv,TPE,38,-1.0,-0.1509118958282652
A,Breast cancer (Low),UMAP,DBSCAN,dbcv,TPE,39,-1.0,-0.1509118958282652
A,Breast cancer (Low),UMAP,DBSCAN,dbcv,TPE,40,-1.0,-0.1509118958282652
A,Breast cancer (Low),UMAP,DBSCAN,dbcv,TPE,41,-0.26789338262899826,-0.1509118958282652
A,Breast cancer (Low),UMAP,DBSCAN,dbcv,TPE,42,-0.5085693131370529,-0.1509118958282652
A,Breast cancer (Low),UMAP,DBSCAN,dbcv,TPE,43,-1.0,-0.1509118958282652
A,Breast cancer (Low),UMAP,DBSCAN,dbcv,TPE,44,-1.0,-0.1509118958282652
A,Breast cancer (Low),UMAP,DBSCAN,dbcv,TPE,45,-1.0,-0.1509118958282652
A,Breast cancer (Low),UMAP,DBSCAN,dbcv,TPE,46,-1.0,-0.1509118958282652
A,Breast cancer (Low),UMAP,DBSCAN,dbcv,TPE,47,-1.0,-0.1509118958282652
A,Breast cancer (Low),UMAP,DBSCAN,dbcv,TPE,48,-1.0,-0.1509118958282652
A,Breast cancer (Low),UMAP,DBSCAN,dbcv,TPE,49,-1.0,-0.1509118958282652
A,Breast cancer (Low),UMAP,DBSCAN,dbcv,TPE,50,-1.0,-0.1509118958282652
A,Breast cancer (Low),UMAP,DBSCAN,dbcv,TPE,51,-0.38311028164233774,-0.1509118958282652
A,Breast cancer (Low),UMAP,DBSCAN,dbcv,TPE,52,-1.0,-0.1509118958282652
A,Breast cancer (Low),UMAP,DBSCAN,dbcv,TPE,53,-1.0,-0.1509118958282652
A,Breast cancer (Low),UMAP,DBSCAN,dbcv,TPE,54,-0.3527054138342552,-0.1509118958282652
A,Breast cancer (Low),UMAP,DBSCAN,dbcv,TPE,55,-1.0,-0.1509118958282652
A,Breast cancer (Low),UMAP,DBSCAN,dbcv,TPE,56,-1.0,-0.1509118958282652
A,Breast cancer (Low),UMAP,DBSCAN,dbcv,TPE,57,-1.0,-0.1509118958282652
A,Breast cancer (Low),UMAP,DBSCAN,dbcv,TPE,58,-1.0,-0.1509118958282652
A,Breast cancer (Low),UMAP,DBSCAN,dbcv,TPE,59,-1.0,-0.1509118958282652
A,Breast cancer (Low),UMAP,DBSCAN,dbcv,TPE,60,-0.7020592060798543,-0.1509118958282652
A,Breast cancer (Low),UMAP,DBSCAN,dbcv,TPE,61,-1.0,-0.1509118958282652
A,Breast cancer (Low),UMAP,DBSCAN,dbcv,TPE,62,-1.0,-0.1509118958282652
A,Breast cancer (Low),UMAP,DBSCAN,dbcv,TPE,63,-0.38255045236485724,-0.1509118958282652
A,Breast cancer (Low),UMAP,DBSCAN,dbcv,TPE,64,-1.0,-0.1509118958282652
A,Breast cancer (Low),UMAP,DBSCAN,dbcv,TPE,65,-1.0,-0.1509118958282652
A,Breast cancer (Low),UMAP,DBSCAN,dbcv,TPE,66,-0.5074646947226541,-0.1509118958282652
A,Breast cancer (Low),UMAP,DBSCAN,dbcv,TPE,67,-1.0,-0.1509118958282652
A,Breast cancer (Low),UMAP,DBSCAN,dbcv,TPE,68,-1.0,-0.1509118958282652
A,Breast cancer (Low),UMAP,DBSCAN,dbcv,TPE,69,-0.1308826915614938,-0.1308826915614938
A,Breast cancer (Low),UMAP,DBSCAN,dbcv,TPE,70,-1.0,-0.1308826915614938
A,Breast cancer (Low),UMAP,DBSCAN,dbcv,TPE,71,-1.0,-0.1308826915614938
A,Breast cancer (Low),UMAP,DBSCAN,dbcv,TPE,72,-0.2608067832051447,-0.1308826915614938
A,Breast cancer (Low),UMAP,DBSCAN,dbcv,TPE,73,-1.0,-0.1308826915614938
A,Breast cancer (Low),UMAP,DBSCAN,dbcv,TPE,74,-1.0,-0.1308826915614938
A,Breast cancer (Low),UMAP,DBSCAN,dbcv,TPE,75,-1.0,-0.1308826915614938
A,Breast cancer (Low),UMAP,DBSCAN,dbcv,TPE,76,-1.0,-0.1308826915614938
A,Breast cancer (Low),UMAP,DBSCAN,dbcv,TPE,77,-1.0,-0.1308826915614938
A,Breast cancer (Low),UMAP,DBSCAN,dbcv,TPE,78,-0.7726800031893091,-0.1308826915614938
A,Breast cancer (Low),UMAP,DBSCAN,dbcv,TPE,79,-1.0,-0.1308826915614938
A,Breast cancer (Low),UMAP,DBSCAN,dbcv,TPE,80,-1.0,-0.1308826915614938
A,Breast cancer (Low),UMAP,DBSCAN,dbcv,TPE,81,-0.19677987935453387,-0.1308826915614938
A,Breast cancer (Low),UMAP,DBSCAN,dbcv,TPE,82,-1.0,-0.1308826915614938
A,Breast cancer (Low),UMAP,DBSCAN,dbcv,TPE,83,-0.5564017033641976,-0.1308826915614938
A,Breast cancer (Low),UMAP,DBSCAN,dbcv,TPE,84,-0.6991973683351607,-0.1308826915614938
A,Breast cancer (Low),UMAP,DBSCAN,dbcv,TPE,85,-1.0,-0.1308826915614938
A,Breast cancer (Low),UMAP,DBSCAN,dbcv,TPE,86,-1.0,-0.1308826915614938
A,Breast cancer (Low),UMAP,DBSCAN,dbcv,TPE,87,-1.0,-0.1308826915614938
A,Breast cancer (Low),UMAP,DBSCAN,dbcv,TPE,88,-1.0,-0.1308826915614938
A,Breast cancer (Low),UMAP,DBSCAN,dbcv,TPE,89,-1.0,-0.1308826915614938
A,Breast cancer (Low),UMAP,DBSCAN,dbcv,TPE,90,-1.0,-0.1308826915614938
A,Breast cancer (Low),UMAP,DBSCAN,dbcv,TPE,91,-0.37870385102622056,-0.1308826915614938
A,Breast cancer (Low),UMAP,DBSCAN,dbcv,TPE,92,-0.2933076891492402,-0.1308826915614938
A,Breast cancer (Low),UMAP,DBSCAN,dbcv,TPE,93,-0.31543662589461086,-0.1308826915614938
A,Breast cancer (Low),UMAP,DBSCAN,dbcv,TPE,94,-0.12624843131993985,-0.12624843131993985
A,Breast cancer (Low),UMAP,DBSCAN,dbcv,TPE,95,-1.0,-0.12624843131993985
A,Breast cancer (Low),UMAP,DBSCAN,dbcv,TPE,96,-1.0,-0.12624843131993985
A,Breast cancer (Low),UMAP,DBSCAN,dbcv,TPE,97,-1.0,-0.12624843131993985
A,Breast cancer (Low),UMAP,DBSCAN,dbcv,TPE,98,-0.4493761505404913,-0.12624843131993985
A,Breast cancer (Low),UMAP,DBSCAN,dbcv,TPE,99,-0.5869292812507688,-0.12624843131993985
A,Breast cancer (Low),UMAP,DBSCAN,dbcv,Random,0,-1.0,-1.0
A,Breast cancer (Low),UMAP,DBSCAN,dbcv,Random,1,-1.0,-1.0
A,Breast cancer (Low),UMAP,DBSCAN,dbcv,Random,2,-1.0,-1.0
A,Breast cancer (Low),UMAP,DBSCAN,dbcv,Random,3,-1.0,-1.0
A,Breast cancer (Low),UMAP,DBSCAN,dbcv,Random,4,-1.0,-1.0
A,Breast cancer (Low),UMAP,DBSCAN,dbcv,Random,5,-1.0,-1.0
A,Breast cancer (Low),UMAP,DBSCAN,dbcv,Random,6,-1.0,-1.0
A,Breast cancer (Low),UMAP,DBSCAN,dbcv,Random,7,-1.0,-1.0
A,Breast cancer (Low),UMAP,DBSCAN,dbcv,Random,8,-1.0,-1.0
A,Breast cancer (Low),UMAP,DBSCAN,dbcv,Random,9,-1.0,-1.0
A,Breast cancer (Low),UMAP,DBSCAN,dbcv,Random,10,-1.0,-1.0
A,Breast cancer (Low),UMAP,DBSCAN,dbcv,Random,11,-1.0,-1.0
A,Breast cancer (Low),UMAP,DBSCAN,dbcv,Random,12,-1.0,-1.0
A,Breast cancer (Low),UMAP,DBSCAN,dbcv,Random,13,-1.0,-1.0
A,Breast cancer (Low),UMAP,DBSCAN,dbcv,Random,14,-1.0,-1.0
A,Breast cancer (Low),UMAP,DBSCAN,dbcv,Random,15,-1.0,-1.0
A,Breast cancer (Low),UMAP,DBSCAN,dbcv,Random,16,-1.0,-1.0
A,Breast cancer (Low),UMAP,DBSCAN,dbcv,Random,17,-1.0,-1.0
A,Breast cancer (Low),UMAP,DBSCAN,dbcv,Random,18,-1.0,-1.0
A,Breast cancer (Low),UMAP,DBSCAN,dbcv,Random,19,-1.0,-1.0
A,Breast cancer (Low),UMAP,DBSCAN,dbcv,Random,20,-1.0,-1.0
A,Breast cancer (Low),UMAP,DBSCAN,dbcv,Random,21,-1.0,-1.0
A,Breast cancer (Low),UMAP,DBSCAN,dbcv,Random,22,-1.0,-1.0
A,Breast cancer (Low),UMAP,DBSCAN,dbcv,Random,23,-1.0,-1.0
A,Breast cancer (Low),UMAP,DBSCAN,dbcv,Random,24,-0.24302338657660622,-0.24302338657660622
A,Breast cancer (Low),UMAP,DBSCAN,dbcv,Random,25,-1.0,-0.24302338657660622
A,Breast cancer (Low),UMAP,DBSCAN,dbcv,Random,26,-1.0,-0.24302338657660622
A,Breast cancer (Low),UMAP,DBSCAN,dbcv,Random,27,-1.0,-0.24302338657660622
A,Breast cancer (Low),UMAP,DBSCAN,dbcv,Random,28,-1.0,-0.24302338657660622
A,Breast cancer (Low),UMAP,DBSCAN,dbcv,Random,29,-1.0,-0.24302338657660622
A,Breast cancer (Low),UMAP,DBSCAN,dbcv,Random,30,-1.0,-0.24302338657660622
A,Breast cancer (Low),UMAP,DBSCAN,dbcv,Random,31,-1.0,-0.24302338657660622
A,Breast cancer (Low),UMAP,DBSCAN,dbcv,Random,32,-1.0,-0.24302338657660622
A,Breast cancer (Low),UMAP,DBSCAN,dbcv,Random,33,-1.0,-0.24302338657660622
A,Breast cancer (Low),UMAP,DBSCAN,dbcv,Random,34,-1.0,-0.24302338657660622
A,Breast cancer (Low),UMAP,DBSCAN,dbcv,Random,35,-1.0,-0.24302338657660622
A,Breast cancer (Low),UMAP,DBSCAN,dbcv,Random,36,-1.0,-0.24302338657660622
A,Breast cancer (Low),UMAP,DBSCAN,dbcv,Random,37,-1.0,-0.24302338657660622
A,Breast cancer (Low),UMAP,DBSCAN,dbcv,Random,38,-1.0,-0.24302338657660622
A,Breast cancer (Low),UMAP,DBSCAN,dbcv,Random,39,-1.0,-0.24302338657660622
A,Breast cancer (Low),UMAP,DBSCAN,dbcv,Random,40,-1.0,-0.24302338657660622
A,Breast cancer (Low),UMAP,DBSCAN,dbcv,Random,41,-1.0,-0.24302338657660622
A,Breast cancer (Low),UMAP,DBSCAN,dbcv,Random,42,-1.0,-0.24302338657660622
A,Breast cancer (Low),UMAP,DBSCAN,dbcv,Random,43,-1.0,-0.24302338657660622
A,Breast cancer (Low),UMAP,DBSCAN,dbcv,Random,44,-1.0,-0.24302338657660622
A,Breast cancer (Low),UMAP,DBSCAN,dbcv,Random,45,-1.0,-0.24302338657660622
A,Breast cancer (Low),UMAP,DBSCAN,dbcv,Random,46,-1.0,-0.24302338657660622
A,Breast cancer (Low),UMAP,DBSCAN,dbcv,Random,47,-1.0,-0.24302338657660622
A,Breast cancer (Low),UMAP,DBSCAN,dbcv,Random,48,-1.0,-0.24302338657660622
A,Breast cancer (Low),UMAP,DBSCAN,dbcv,Random,49,-1.0,-0.24302338657660622
A,Breast cancer (Low),UMAP,DBSCAN,dbcv,Random,50,-1.0,-0.24302338657660622
A,Breast cancer (Low),UMAP,DBSCAN,dbcv,Random,51,-1.0,-0.24302338657660622
A,Breast cancer (Low),UMAP,DBSCAN,dbcv,Random,52,-1.0,-0.24302338657660622
A,Breast cancer (Low),UMAP,DBSCAN,dbcv,Random,53,-1.0,-0.24302338657660622
A,Breast cancer (Low),UMAP,DBSCAN,dbcv,Random,54,-1.0,-0.24302338657660622
A,Breast cancer (Low),UMAP,DBSCAN,dbcv,Random,55,-1.0,-0.24302338657660622
A,Breast cancer (Low),UMAP,DBSCAN,dbcv,Random,56,-1.0,-0.24302338657660622
A,Breast cancer (Low),UMAP,DBSCAN,dbcv,Random,57,-1.0,-0.24302338657660622
A,Breast cancer (Low),UMAP,DBSCAN,dbcv,Random,58,-0.7221344678102501,-0.24302338657660622
A,Breast cancer (Low),UMAP,DBSCAN,dbcv,Random,59,-1.0,-0.24302338657660622
A,Breast cancer (Low),UMAP,DBSCAN,dbcv,Random,60,-1.0,-0.24302338657660622
A,Breast cancer (Low),UMAP,DBSCAN,dbcv,Random,61,-1.0,-0.24302338657660622
A,Breast cancer (Low),UMAP,DBSCAN,dbcv,Random,62,-1.0,-0.24302338657660622
A,Breast cancer (Low),UMAP,DBSCAN,dbcv,Random,63,-1.0,-0.24302338657660622
A,Breast cancer (Low),UMAP,DBSCAN,dbcv,Random,64,-1.0,-0.24302338657660622
A,Breast cancer (Low),UMAP,DBSCAN,dbcv,Random,65,-1.0,-0.24302338657660622
A,Breast cancer (Low),UMAP,DBSCAN,dbcv,Random,66,-1.0,-0.24302338657660622
A,Breast cancer (Low),UMAP,DBSCAN,dbcv,Random,67,-1.0,-0.24302338657660622
A,Breast cancer (Low),UMAP,DBSCAN,dbcv,Random,68,-1.0,-0.24302338657660622
A,Breast cancer (Low),UMAP,DBSCAN,dbcv,Random,69,-1.0,-0.24302338657660622
A,Breast cancer (Low),UMAP,DBSCAN,dbcv,Random,70,-1.0,-0.24302338657660622
A,Breast cancer (Low),UMAP,DBSCAN,dbcv,Random,71,-1.0,-0.24302338657660622
A,Breast cancer (Low),UMAP,DBSCAN,dbcv,Random,72,-1.0,-0.24302338657660622
A,Breast cancer (Low),UMAP,DBSCAN,dbcv,Random,73,-1.0,-0.24302338657660622
A,Breast cancer (Low),UMAP,DBSCAN,dbcv,Random,74,-1.0,-0.24302338657660622
A,Breast cancer (Low),UMAP,DBSCAN,dbcv,Random,75,-1.0,-0.24302338657660622
A,Breast cancer (Low),UMAP,DBSCAN,dbcv,Random,76,-1.0,-0.24302338657660622
A,Breast cancer (Low),UMAP,DBSCAN,dbcv,Random,77,-1.0,-0.24302338657660622
A,Breast cancer (Low),UMAP,DBSCAN,dbcv,Random,78,-1.0,-0.24302338657660622
A,Breast cancer (Low),UMAP,DBSCAN,dbcv,Random,79,-1.0,-0.24302338657660622
A,Breast cancer (Low),UMAP,DBSCAN,dbcv,Random,80,-1.0,-0.24302338657660622
A,Breast cancer (Low),UMAP,DBSCAN,dbcv,Random,81,-1.0,-0.24302338657660622
A,Breast cancer (Low),UMAP,DBSCAN,dbcv,Random,82,-1.0,-0.24302338657660622
A,Breast cancer (Low),UMAP,DBSCAN,dbcv,Random,83,-1.0,-0.24302338657660622
A,Breast cancer (Low),UMAP,DBSCAN,dbcv,Random,84,-1.0,-0.24302338657660622
A,Breast cancer (Low),UMAP,DBSCAN,dbcv,Random,85,-1.0,-0.24302338657660622
A,Breast cancer (Low),UMAP,DBSCAN,dbcv,Random,86,-0.4867831310288806,-0.24302338657660622
A,Breast cancer (Low),UMAP,DBSCAN,dbcv,Random,87,-1.0,-0.24302338657660622
A,Breast cancer (Low),UMAP,DBSCAN,dbcv,Random,88,-1.0,-0.24302338657660622
A,Breast cancer (Low),UMAP,DBSCAN,dbcv,Random,89,-1.0,-0.24302338657660622
A,Breast cancer (Low),UMAP,DBSCAN,dbcv,Random,90,-1.0,-0.24302338657660622
A,Breast cancer (Low),UMAP,DBSCAN,dbcv,Random,91,-0.5713889277037685,-0.24302338657660622
A,Breast cancer (Low),UMAP,DBSCAN,dbcv,Random,92,-1.0,-0.24302338657660622
A,Breast cancer (Low),UMAP,DBSCAN,dbcv,Random,93,-1.0,-0.24302338657660622
A,Breast cancer (Low),UMAP,DBSCAN,dbcv,Random,94,-1.0,-0.24302338657660622
A,Breast cancer (Low),UMAP,DBSCAN,dbcv,Random,95,-1.0,-0.24302338657660622
A,Breast cancer (Low),UMAP,DBSCAN,dbcv,Random,96,-1.0,-0.24302338657660622
A,Breast cancer (Low),UMAP,DBSCAN,dbcv,Random,97,-1.0,-0.24302338657660622
A,Breast cancer (Low),UMAP,DBSCAN,dbcv,Random,98,-1.0,-0.24302338657660622
A,Breast cancer (Low),UMAP,DBSCAN,dbcv,Random,99,-1.0,-0.24302338657660622
A,Breast cancer (Low),UMAP,KMeans,dbcv,TPE,0,-0.46956617618921137,-0.46956617618921137
A,Breast cancer (Low),UMAP,KMeans,dbcv,TPE,1,-0.4384445841959476,-0.4384445841959476
A,Breast cancer (Low),UMAP,KMeans,dbcv,TPE,2,-0.49169128346049473,-0.4384445841959476
A,Breast cancer (Low),UMAP,KMeans,dbcv,TPE,3,-0.6348509229982947,-0.4384445841959476
A,Breast cancer (Low),UMAP,KMeans,dbcv,TPE,4,-0.6159278936749321,-0.4384445841959476
A,Breast cancer (Low),UMAP,KMeans,dbcv,TPE,5,-0.5150702341983545,-0.4384445841959476
A,Breast cancer (Low),UMAP,KMeans,dbcv,TPE,6,-0.49793225351641257,-0.4384445841959476
A,Breast cancer (Low),UMAP,KMeans,dbcv,TPE,7,-0.6820417249995915,-0.4384445841959476
A,Breast cancer (Low),UMAP,KMeans,dbcv,TPE,8,-0.44768922853930065,-0.4384445841959476
A,Breast cancer (Low),UMAP,KMeans,dbcv,TPE,9,-0.547898658759174,-0.4384445841959476
A,Breast cancer (Low),UMAP,KMeans,dbcv,TPE,10,-0.7093932126080514,-0.4384445841959476
A,Breast cancer (Low),UMAP,KMeans,dbcv,TPE,11,-0.45442759589002457,-0.4384445841959476
A,Breast cancer (Low),UMAP,KMeans,dbcv,TPE,12,-0.46046564235164167,-0.4384445841959476
A,Breast cancer (Low),UMAP,KMeans,dbcv,TPE,13,-0.445630751366811,-0.4384445841959476
A,Breast cancer (Low),UMAP,KMeans,dbcv,TPE,14,-0.47048532227548934,-0.4384445841959476
A,Breast cancer (Low),UMAP,KMeans,dbcv,TPE,15,-0.4546916743701605,-0.4384445841959476
A,Breast cancer (Low),UMAP,KMeans,dbcv,TPE,16,-0.4581994115838965,-0.4384445841959476
A,Breast cancer (Low),UMAP,KMeans,dbcv,TPE,17,-0.48288339689297705,-0.4384445841959476
A,Breast cancer (Low),UMAP,KMeans,dbcv,TPE,18,-0.4366027898980508,-0.4366027898980508
A,Breast cancer (Low),UMAP,KMeans,dbcv,TPE,19,-0.4878913135479098,-0.4366027898980508
A,Breast cancer (Low),UMAP,KMeans,dbcv,TPE,20,-0.4954895583027108,-0.4366027898980508
A,Breast cancer (Low),UMAP,KMeans,dbcv,TPE,21,-0.4572342307804677,-0.4366027898980508
A,Breast cancer (Low),UMAP,KMeans,dbcv,TPE,22,-0.4338516072195303,-0.4338516072195303
A,Breast cancer (Low),UMAP,KMeans,dbcv,TPE,23,-0.4451312463489973,-0.4338516072195303
A,Breast cancer (Low),UMAP,KMeans,dbcv,TPE,24,-0.43873660990045144,-0.4338516072195303
A,Breast cancer (Low),UMAP,KMeans,dbcv,TPE,25,-0.4601659548659592,-0.4338516072195303
A,Breast cancer (Low),UMAP,KMeans,dbcv,TPE,26,-0.4435998338182833,-0.4338516072195303
A,Breast cancer (Low),UMAP,KMeans,dbcv,TPE,27,-0.45473362707192094,-0.4338516072195303
A,Breast cancer (Low),UMAP,KMeans,dbcv,TPE,28,-0.454853578924419,-0.4338516072195303
A,Breast cancer (Low),UMAP,KMeans,dbcv,TPE,29,-0.4601074948577646,-0.4338516072195303
A,Breast cancer (Low),UMAP,KMeans,dbcv,TPE,30,-0.4815807064061745,-0.4338516072195303
A,Breast cancer (Low),UMAP,KMeans,dbcv,TPE,31,-0.4423383594902248,-0.4338516072195303
A,Breast cancer (Low),UMAP,KMeans,dbcv,TPE,32,-0.45418161380138955,-0.4338516072195303
A,Breast cancer (Low),UMAP,KMeans,dbcv,TPE,33,-0.4724913430552583,-0.4338516072195303
A,Breast cancer (Low),UMAP,KMeans,dbcv,TPE,34,-0.5107519406704315,-0.4338516072195303
A,Breast cancer (Low),UMAP,KMeans,dbcv,TPE,35,-0.4572622240712478,-0.4338516072195303
A,Breast cancer (Low),UMAP,KMeans,dbcv,TPE,36,-0.4659571070101778,-0.4338516072195303
A,Breast cancer (Low),UMAP,KMeans,dbcv,TPE,37,-0.4460627545861484,-0.4338516072195303
A,Breast cancer (Low),UMAP,KMeans,dbcv,TPE,38,-0.48449642736317766,-0.4338516072195303
A,Breast cancer (Low),UMAP,KMeans,dbcv,TPE,39,-0.4505397583177131,-0.4338516072195303
A,Breast cancer (Low),UMAP,KMeans,dbcv,TPE,40,-0.4296419159475293,-0.4296419159475293
A,Breast cancer (Low),UMAP,KMeans,dbcv,TPE,41,-0.4797068409563644,-0.4296419159475293
A,Breast cancer (Low),UMAP,KMeans,dbcv,TPE,42,-0.44279218270883713,-0.4296419159475293
A,Breast cancer (Low),UMAP,KMeans,dbcv,TPE,43,-0.43937759838434015,-0.4296419159475293
A,Breast cancer (Low),UMAP,KMeans,dbcv,TPE,44,-0.5982153705539718,-0.4296419159475293
A,Breast cancer (Low),UMAP,KMeans,dbcv,TPE,45,-0.48508841273993875,-0.4296419159475293
A,Breast cancer (Low),UMAP,KMeans,dbcv,TPE,46,-0.4534977461411996,-0.4296419159475293
A,Breast cancer (Low),UMAP,KMeans,dbcv,TPE,47,-0.4250810049896484,-0.4250810049896484
A,Breast cancer (Low),UMAP,KMeans,dbcv,TPE,48,-0.4177012724435372,-0.4177012724435372
A,Breast cancer (Low),UMAP,KMeans,dbcv,TPE,49,-0.4217945320097537,-0.4177012724435372
A,Breast cancer (Low),UMAP,KMeans,dbcv,TPE,50,-0.446536512507917,-0.4177012724435372
A,Breast cancer (Low),UMAP,KMeans,dbcv,TPE,51,-0.43688194888644294,-0.4177012724435372
A,Breast cancer (Low),UMAP,KMeans,dbcv,TPE,52,-0.4761051862410526,-0.4177012724435372
A,Breast cancer (Low),UMAP,KMeans,dbcv,TPE,53,-0.41371585160635765,-0.41371585160635765
A,Breast cancer (Low),UMAP,KMeans,dbcv,TPE,54,-0.42689091935345375,-0.41371585160635765
A,Breast cancer (Low),UMAP,KMeans,dbcv,TPE,55,-0.4416172759721882,-0.41371585160635765
A,Breast cancer (Low),UMAP,KMeans,dbcv,TPE,56,-0.43770717681785754,-0.41371585160635765
A,Breast cancer (Low),UMAP,KMeans,dbcv,TPE,57,-0.4370307399345786,-0.41371585160635765
A,Breast cancer (Low),UMAP,KMeans,dbcv,TPE,58,-0.42280520787954834,-0.41371585160635765
A,Breast cancer (Low),UMAP,KMeans,dbcv,TPE,59,-0.40291505424359675,-0.40291505424359675
A,Breast cancer (Low),UMAP,KMeans,dbcv,TPE,60,-0.4097226116541875,-0.40291505424359675
A,Breast cancer (Low),UMAP,KMeans,dbcv,TPE,61,-0.4220405724842374,-0.40291505424359675
A,Breast cancer (Low),UMAP,KMeans,dbcv,TPE,62,-0.44746188767608813,-0.40291505424359675
A,Breast cancer (Low),UMAP,KMeans,dbcv,TPE,63,-0.4483031547817174,-0.40291505424359675
A,Breast cancer (Low),UMAP,KMeans,dbcv,TPE,64,-0.4098984260229842,-0.40291505424359675
A,Breast cancer (Low),UMAP,KMeans,dbcv,TPE,65,-0.44953122138494994,-0.40291505424359675
A,Breast cancer (Low),UMAP,KMeans,dbcv,TPE,66,-0.4436798904246281,-0.40291505424359675
A,Breast cancer (Low),UMAP,KMeans,dbcv,TPE,67,-0.427075306823762,-0.40291505424359675
A,Breast cancer (Low),UMAP,KMeans,dbcv,TPE,68,-0.6776007576819442,-0.40291505424359675
A,Breast cancer (Low),UMAP,KMeans,dbcv,TPE,69,-0.44866180538181955,-0.40291505424359675
A,Breast cancer (Low),UMAP,KMeans,dbcv,TPE,70,-0.44230034533696905,-0.40291505424359675
A,Breast cancer (Low),UMAP,KMeans,dbcv,TPE,71,-0.4118236081406216,-0.40291505424359675
A,Breast cancer (Low),UMAP,KMeans,dbcv,TPE,72,-0.4323378825329261,-0.40291505424359675
A,Breast cancer (Low),UMAP,KMeans,dbcv,TPE,73,-0.4361272341834596,-0.40291505424359675
A,Breast cancer (Low),UMAP,KMeans,dbcv,TPE,74,-0.44495765901129064,-0.40291505424359675
A,Breast cancer (Low),UMAP,KMeans,dbcv,TPE,75,-0.44019863366148015,-0.40291505424359675
A,Breast cancer (Low),UMAP,KMeans,dbcv,TPE,76,-0.4335021592176286,-0.40291505424359675
A,Breast cancer (Low),UMAP,KMeans,dbcv,TPE,77,-0.4443121110830579,-0.40291505424359675
A,Breast cancer (Low),UMAP,KMeans,dbcv,TPE,78,-0.43556827251962404,-0.40291505424359675
A,Breast cancer (Low),UMAP,KMeans,dbcv,TPE,79,-0.4425208896436791,-0.40291505424359675
A,Breast cancer (Low),UMAP,KMeans,dbcv,TPE,80,-0.4891259295062201,-0.40291505424359675
A,Breast cancer (Low),UMAP,KMeans,dbcv,TPE,81,-0.41369354309357026,-0.40291505424359675
A,Breast cancer (Low),UMAP,KMeans,dbcv,TPE,82,-0.44510042911342973,-0.40291505424359675
A,Breast cancer (Low),UMAP,KMeans,dbcv,TPE,83,-0.44092472858536846,-0.40291505424359675
A,Breast cancer (Low),UMAP,KMeans,dbcv,TPE,84,-0.4423970938081217,-0.40291505424359675
A,Breast cancer (Low),UMAP,KMeans,dbcv,TPE,85,-0.43364451015788236,-0.40291505424359675
A,Breast cancer (Low),UMAP,KMeans,dbcv,TPE,86,-0.43829564256433107,-0.40291505424359675
A,Breast cancer (Low),UMAP,KMeans,dbcv,TPE,87,-0.425549224648806,-0.40291505424359675
A,Breast cancer (Low),UMAP,KMeans,dbcv,TPE,88,-0.4364046893599653,-0.40291505424359675
A,Breast cancer (Low),UMAP,KMeans,dbcv,TPE,89,-0.46600721050622906,-0.40291505424359675
A,Breast cancer (Low),UMAP,KMeans,dbcv,TPE,90,-0.44550634659840366,-0.40291505424359675
A,Breast cancer (Low),UMAP,KMeans,dbcv,TPE,91,-0.41998435864570244,-0.40291505424359675
A,Breast cancer (Low),UMAP,KMeans,dbcv,TPE,92,-0.4272781512363263,-0.40291505424359675
A,Breast cancer (Low),UMAP,KMeans,dbcv,TPE,93,-0.39799158780039057,-0.39799158780039057
A,Breast cancer (Low),UMAP,KMeans,dbcv,TPE,94,-0.4379180502764689,-0.39799158780039057
A,Breast cancer (Low),UMAP,KMeans,dbcv,TPE,95,-0.4348343308186972,-0.39799158780039057
A,Breast cancer (Low),UMAP,KMeans,dbcv,TPE,96,-0.427383554345122,-0.39799158780039057
A,Breast cancer (Low),UMAP,KMeans,dbcv,TPE,97,-0.43094021351181505,-0.39799158780039057
A,Breast cancer (Low),UMAP,KMeans,dbcv,TPE,98,-0.43875944642191467,-0.39799158780039057
A,Breast cancer (Low),UMAP,KMeans,dbcv,TPE,99,-0.4889647664103769,-0.39799158780039057
A,Breast cancer (Low),UMAP,KMeans,dbcv,Random,0,-0.4900846050103552,-0.4900846050103552
A,Breast cancer (Low),UMAP,KMeans,dbcv,Random,1,-0.47533479094875897,-0.47533479094875897
A,Breast cancer (Low),UMAP,KMeans,dbcv,Random,2,-0.46697344613311076,-0.46697344613311076
A,Breast cancer (Low),UMAP,KMeans,dbcv,Random,3,-0.6796760608168158,-0.46697344613311076
A,Breast cancer (Low),UMAP,KMeans,dbcv,Random,4,-0.6362513656421397,-0.46697344613311076
A,Breast cancer (Low),UMAP,KMeans,dbcv,Random,5,-0.5634237519803376,-0.46697344613311076
A,Breast cancer (Low),UMAP,KMeans,dbcv,Random,6,-0.5169481553880045,-0.46697344613311076
A,Breast cancer (Low),UMAP,KMeans,dbcv,Random,7,-0.6852578050658589,-0.46697344613311076
A,Breast cancer (Low),UMAP,KMeans,dbcv,Random,8,-0.4265967153268107,-0.4265967153268107
A,Breast cancer (Low),UMAP,KMeans,dbcv,Random,9,-0.5120230078059964,-0.4265967153268107
A,Breast cancer (Low),UMAP,KMeans,dbcv,Random,10,-0.44745612591412603,-0.4265967153268107
A,Breast cancer (Low),UMAP,KMeans,dbcv,Random,11,-0.4972663771789822,-0.4265967153268107
A,Breast cancer (Low),UMAP,KMeans,dbcv,Random,12,-0.4299209009324911,-0.4265967153268107
A,Breast cancer (Low),UMAP,KMeans,dbcv,Random,13,-0.44249043826000667,-0.4265967153268107
A,Breast cancer (Low),UMAP,KMeans,dbcv,Random,14,-0.575866355931026,-0.4265967153268107
A,Breast cancer (Low),UMAP,KMeans,dbcv,Random,15,-0.6141833176433931,-0.4265967153268107
A,Breast cancer (Low),UMAP,KMeans,dbcv,Random,16,-0.4591341967698823,-0.4265967153268107
A,Breast cancer (Low),UMAP,KMeans,dbcv,Random,17,-0.6158609095449301,-0.4265967153268107
A,Breast cancer (Low),UMAP,KMeans,dbcv,Random,18,-0.4783343917605314,-0.4265967153268107
A,Breast cancer (Low),UMAP,KMeans,dbcv,Random,19,-0.6724966703813076,-0.4265967153268107
A,Breast cancer (Low),UMAP,KMeans,dbcv,Random,20,-0.70970968640783,-0.4265967153268107
A,Breast cancer (Low),UMAP,KMeans,dbcv,Random,21,-0.49331504679679195,-0.4265967153268107
A,Breast cancer (Low),UMAP,KMeans,dbcv,Random,22,-0.5043187811726125,-0.4265967153268107
A,Breast cancer (Low),UMAP,KMeans,dbcv,Random,23,-0.5499378413410367,-0.4265967153268107
A,Breast cancer (Low),UMAP,KMeans,dbcv,Random,24,-0.6752825520505156,-0.4265967153268107
A,Breast cancer (Low),UMAP,KMeans,dbcv,Random,25,-0.47742058412448024,-0.4265967153268107
A,Breast cancer (Low),UMAP,KMeans,dbcv,Random,26,-0.4895835519494144,-0.4265967153268107
A,Breast cancer (Low),UMAP,KMeans,dbcv,Random,27,-0.6914838840726557,-0.4265967153268107
A,Breast cancer (Low),UMAP,KMeans,dbcv,Random,28,-0.45151105502091193,-0.4265967153268107
A,Breast cancer (Low),UMAP,KMeans,dbcv,Random,29,-0.49450717584477843,-0.4265967153268107
A,Breast cancer (Low),UMAP,KMeans,dbcv,Random,30,-0.6642907366110253,-0.4265967153268107
A,Breast cancer (Low),UMAP,KMeans,dbcv,Random,31,-0.4190284245572947,-0.4190284245572947
A,Breast cancer (Low),UMAP,KMeans,dbcv,Random,32,-0.6419121347610203,-0.4190284245572947
A,Breast cancer (Low),UMAP,KMeans,dbcv,Random,33,-0.5532905345958735,-0.4190284245572947
A,Breast cancer (Low),UMAP,KMeans,dbcv,Random,34,-0.4567008284223393,-0.4190284245572947
A,Breast cancer (Low),UMAP,KMeans,dbcv,Random,35,-0.6184060747818979,-0.4190284245572947
A,Breast cancer (Low),UMAP,KMeans,dbcv,Random,36,-0.511250939971568,-0.4190284245572947
A,Breast cancer (Low),UMAP,KMeans,dbcv,Random,37,-0.6313965148834623,-0.4190284245572947
A,Breast cancer (Low),UMAP,KMeans,dbcv,Random,38,-0.5836981354476061,-0.4190284245572947
A,Breast cancer (Low),UMAP,KMeans,dbcv,Random,39,-0.4379767496038867,-0.4190284245572947
A,Breast cancer (Low),UMAP,KMeans,dbcv,Random,40,-0.5075239303767861,-0.4190284245572947
A,Breast cancer (Low),UMAP,KMeans,dbcv,Random,41,-0.6526209075893659,-0.4190284245572947
A,Breast cancer (Low),UMAP,KMeans,dbcv,Random,42,-0.7073950635092523,-0.4190284245572947
A,Breast cancer (Low),UMAP,KMeans,dbcv,Random,43,-0.639650469643731,-0.4190284245572947
A,Breast cancer (Low),UMAP,KMeans,dbcv,Random,44,-0.6705906226854964,-0.4190284245572947
A,Breast cancer (Low),UMAP,KMeans,dbcv,Random,45,-0.46137005530812664,-0.4190284245572947
A,Breast cancer (Low),UMAP,KMeans,dbcv,Random,46,-0.5142700321159089,-0.4190284245572947
A,Breast cancer (Low),UMAP,KMeans,dbcv,Random,47,-0.45552106386248226,-0.4190284245572947
A,Breast cancer (Low),UMAP,KMeans,dbcv,Random,48,-0.6296190342888885,-0.4190284245572947
A,Breast cancer (Low),UMAP,KMeans,dbcv,Random,49,-0.4757163513590589,-0.4190284245572947
A,Breast cancer (Low),UMAP,KMeans,dbcv,Random,50,-0.4315043507908116,-0.4190284245572947
A,Breast cancer (Low),UMAP,KMeans,dbcv,Random,51,-0.44831559128833987,-0.4190284245572947
A,Breast cancer (Low),UMAP,KMeans,dbcv,Random,52,-0.44537317806867915,-0.4190284245572947
A,Breast cancer (Low),UMAP,KMeans,dbcv,Random,53,-0.6071627927322543,-0.4190284245572947
A,Breast cancer (Low),UMAP,KMeans,dbcv,Random,54,-0.4615475483239266,-0.4190284245572947
A,Breast cancer (Low),UMAP,KMeans,dbcv,Random,55,-0.6122672126651345,-0.4190284245572947
A,Breast cancer (Low),UMAP,KMeans,dbcv,Random,56,-0.5657917691820942,-0.4190284245572947
A,Breast cancer (Low),UMAP,KMeans,dbcv,Random,57,-0.5309969495094287,-0.4190284245572947
A,Breast cancer (Low),UMAP,KMeans,dbcv,Random,58,-0.46621277478896567,-0.4190284245572947
A,Breast cancer (Low),UMAP,KMeans,dbcv,Random,59,-0.7011305507987635,-0.4190284245572947
A,Breast cancer (Low),UMAP,KMeans,dbcv,Random,60,-0.5750811320793967,-0.4190284245572947
A,Breast cancer (Low),UMAP,KMeans,dbcv,Random,61,-0.4493694191782797,-0.4190284245572947
A,Breast cancer (Low),UMAP,KMeans,dbcv,Random,62,-0.555672201649128,-0.4190284245572947
A,Breast cancer (Low),UMAP,KMeans,dbcv,Random,63,-0.5276841147249824,-0.4190284245572947
A,Breast cancer (Low),UMAP,KMeans,dbcv,Random,64,-0.6733351221856603,-0.4190284245572947
A,Breast cancer (Low),UMAP,KMeans,dbcv,Random,65,-0.5139985442689389,-0.4190284245572947
A,Breast cancer (Low),UMAP,KMeans,dbcv,Random,66,-0.44553403589453044,-0.4190284245572947
A,Breast cancer (Low),UMAP,KMeans,dbcv,Random,67,-0.4294233375814779,-0.4190284245572947
A,Breast cancer (Low),UMAP,KMeans,dbcv,Random,68,-0.5062277625658146,-0.4190284245572947
A,Breast cancer (Low),UMAP,KMeans,dbcv,Random,69,-0.47255315119387664,-0.4190284245572947
A,Breast cancer (Low),UMAP,KMeans,dbcv,Random,70,-0.6447910969791063,-0.4190284245572947
A,Breast cancer (Low),UMAP,KMeans,dbcv,Random,71,-0.5326749642421682,-0.4190284245572947
A,Breast cancer (Low),UMAP,KMeans,dbcv,Random,72,-0.7122947449834608,-0.4190284245572947
A,Breast cancer (Low),UMAP,KMeans,dbcv,Random,73,-0.5076248739081051,-0.4190284245572947
A,Breast cancer (Low),UMAP,KMeans,dbcv,Random,74,-0.6664834132626494,-0.4190284245572947
A,Breast cancer (Low),UMAP,KMeans,dbcv,Random,75,-0.4801294533414403,-0.4190284245572947
A,Breast cancer (Low),UMAP,KMeans,dbcv,Random,76,-0.6015624883706758,-0.4190284245572947
A,Breast cancer (Low),UMAP,KMeans,dbcv,Random,77,-0.6736549086785417,-0.4190284245572947
A,Breast cancer (Low),UMAP,KMeans,dbcv,Random,78,-0.48143301448498776,-0.4190284245572947
A,Breast cancer (Low),UMAP,KMeans,dbcv,Random,79,-0.574980764554613,-0.4190284245572947
A,Breast cancer (Low),UMAP,KMeans,dbcv,Random,80,-0.5542931004861439,-0.4190284245572947
A,Breast cancer (Low),UMAP,KMeans,dbcv,Random,81,-0.4953904275452721,-0.4190284245572947
A,Breast cancer (Low),UMAP,KMeans,dbcv,Random,82,-0.4893291432546637,-0.4190284245572947
A,Breast cancer (Low),UMAP,KMeans,dbcv,Random,83,-0.7221344678102501,-0.4190284245572947
A,Breast cancer (Low),UMAP,KMeans,dbcv,Random,84,-0.673603407481474,-0.4190284245572947
A,Breast cancer (Low),UMAP,KMeans,dbcv,Random,85,-0.5096780202477567,-0.4190284245572947
A,Breast cancer (Low),UMAP,KMeans,dbcv,Random,86,-0.7096794890836666,-0.4190284245572947
A,Breast cancer (Low),UMAP,KMeans,dbcv,Random,87,-0.4656457162589107,-0.4190284245572947
A,Breast cancer (Low),UMAP,KMeans,dbcv,Random,88,-0.4713004874029947,-0.4190284245572947
A,Breast cancer (Low),UMAP,KMeans,dbcv,Random,89,-0.4775909774592665,-0.4190284245572947
A,Breast cancer (Low),UMAP,KMeans,dbcv,Random,90,-0.4757815294150694,-0.4190284245572947
A,Breast cancer (Low),UMAP,KMeans,dbcv,Random,91,-0.47445192365726657,-0.4190284245572947
A,Breast cancer (Low),UMAP,KMeans,dbcv,Random,92,-0.7113807540658819,-0.4190284245572947
A,Breast cancer (Low),UMAP,KMeans,dbcv,Random,93,-0.5775514204714369,-0.4190284245572947
A,Breast cancer (Low),UMAP,KMeans,dbcv,Random,94,-0.6576380020823641,-0.4190284245572947
A,Breast cancer (Low),UMAP,KMeans,dbcv,Random,95,-0.45224625106983596,-0.4190284245572947
A,Breast cancer (Low),UMAP,KMeans,dbcv,Random,96,-0.6609822540049278,-0.4190284245572947
A,Breast cancer (Low),UMAP,KMeans,dbcv,Random,97,-0.5899927792488886,-0.4190284245572947
A,Breast cancer (Low),UMAP,KMeans,dbcv,Random,98,-0.45847673815908835,-0.4190284245572947
A,Breast cancer (Low),UMAP,KMeans,dbcv,Random,99,-0.4699779950222945,-0.4190284245572947
A,Breast cancer (Low),t-SNE,HDBSCAN,dbcv,TPE,0,-0.48011531120849826,-0.48011531120849826
A,Breast cancer (Low),t-SNE,HDBSCAN,dbcv,TPE,1,-0.4528570205697494,-0.4528570205697494
A,Breast cancer (Low),t-SNE,HDBSCAN,dbcv,TPE,2,-0.2517990714145707,-0.2517990714145707
A,Breast cancer (Low),t-SNE,HDBSCAN,dbcv,TPE,3,-0.555468454379779,-0.2517990714145707
A,Breast cancer (Low),t-SNE,HDBSCAN,dbcv,TPE,4,-0.4562892402623149,-0.2517990714145707
A,Breast cancer (Low),t-SNE,HDBSCAN,dbcv,TPE,5,-0.2239770123192555,-0.2239770123192555
A,Breast cancer (Low),t-SNE,HDBSCAN,dbcv,TPE,6,-0.2938009730029099,-0.2239770123192555
A,Breast cancer (Low),t-SNE,HDBSCAN,dbcv,TPE,7,-0.4862276879033601,-0.2239770123192555
A,Breast cancer (Low),t-SNE,HDBSCAN,dbcv,TPE,8,-0.3360425144241752,-0.2239770123192555
A,Breast cancer (Low),t-SNE,HDBSCAN,dbcv,TPE,9,-0.46809579535495827,-0.2239770123192555
A,Breast cancer (Low),t-SNE,HDBSCAN,dbcv,TPE,10,-0.6365909066173951,-0.2239770123192555
A,Breast cancer (Low),t-SNE,HDBSCAN,dbcv,TPE,11,-0.4218817630666489,-0.2239770123192555
A,Breast cancer (Low),t-SNE,HDBSCAN,dbcv,TPE,12,-0.4145558822100201,-0.2239770123192555
A,Breast cancer (Low),t-SNE,HDBSCAN,dbcv,TPE,13,-0.26371377229402915,-0.2239770123192555
A,Breast cancer (Low),t-SNE,HDBSCAN,dbcv,TPE,14,-0.26467051909139366,-0.2239770123192555
A,Breast cancer (Low),t-SNE,HDBSCAN,dbcv,TPE,15,-0.2392776250382839,-0.2239770123192555
A,Breast cancer (Low),t-SNE,HDBSCAN,dbcv,TPE,16,-0.4318083511645835,-0.2239770123192555
A,Breast cancer (Low),t-SNE,HDBSCAN,dbcv,TPE,17,-0.4919915582002271,-0.2239770123192555
A,Breast cancer (Low),t-SNE,HDBSCAN,dbcv,TPE,18,-0.46250452340334813,-0.2239770123192555
A,Breast cancer (Low),t-SNE,HDBSCAN,dbcv,TPE,19,-0.3458276323383585,-0.2239770123192555
A,Breast cancer (Low),t-SNE,HDBSCAN,dbcv,TPE,20,-0.32241560691553633,-0.2239770123192555
A,Breast cancer (Low),t-SNE,HDBSCAN,dbcv,TPE,21,-0.19391818579675624,-0.19391818579675624
A,Breast cancer (Low),t-SNE,HDBSCAN,dbcv,TPE,22,-0.3087340391358423,-0.19391818579675624
A,Breast cancer (Low),t-SNE,HDBSCAN,dbcv,TPE,23,-0.4842500215489579,-0.19391818579675624
A,Breast cancer (Low),t-SNE,HDBSCAN,dbcv,TPE,24,-0.30268329220272805,-0.19391818579675624
A,Breast cancer (Low),t-SNE,HDBSCAN,dbcv,TPE,25,-0.4259213141538845,-0.19391818579675624
A,Breast cancer (Low),t-SNE,HDBSCAN,dbcv,TPE,26,-0.5466490953396915,-0.19391818579675624
A,Breast cancer (Low),t-SNE,HDBSCAN,dbcv,TPE,27,-0.33413194409434643,-0.19391818579675624
A,Breast cancer (Low),t-SNE,HDBSCAN,dbcv,TPE,28,-0.3862506664753008,-0.19391818579675624
A,Breast cancer (Low),t-SNE,HDBSCAN,dbcv,TPE,29,-0.2614986128188801,-0.19391818579675624
A,Breast cancer (Low),t-SNE,HDBSCAN,dbcv,TPE,30,-0.2671436840290298,-0.19391818579675624
A,Breast cancer (Low),t-SNE,HDBSCAN,dbcv,TPE,31,-0.2716536625186582,-0.19391818579675624
A,Breast cancer (Low),t-SNE,HDBSCAN,dbcv,TPE,32,-0.16665241973654749,-0.16665241973654749
A,Breast cancer (Low),t-SNE,HDBSCAN,dbcv,TPE,33,-0.30725611055498275,-0.16665241973654749
A,Breast cancer (Low),t-SNE,HDBSCAN,dbcv,TPE,34,-0.3667615535008559,-0.16665241973654749
A,Breast cancer (Low),t-SNE,HDBSCAN,dbcv,TPE,35,-0.45690205394399797,-0.16665241973654749
A,Breast cancer (Low),t-SNE,HDBSCAN,dbcv,TPE,36,-0.3016671436316368,-0.16665241973654749
A,Breast cancer (Low),t-SNE,HDBSCAN,dbcv,TPE,37,-0.3241575685202813,-0.16665241973654749
A,Breast cancer (Low),t-SNE,HDBSCAN,dbcv,TPE,38,-0.4732103933179242,-0.16665241973654749
A,Breast cancer (Low),t-SNE,HDBSCAN,dbcv,TPE,39,-0.20551340541531465,-0.16665241973654749
A,Breast cancer (Low),t-SNE,HDBSCAN,dbcv,TPE,40,-0.18344474683631593,-0.16665241973654749
A,Breast cancer (Low),t-SNE,HDBSCAN,dbcv,TPE,41,-0.19566445559806353,-0.16665241973654749
A,Breast cancer (Low),t-SNE,HDBSCAN,dbcv,TPE,42,-0.2246702587106245,-0.16665241973654749
A,Breast cancer (Low),t-SNE,HDBSCAN,dbcv,TPE,43,-0.34622678584749356,-0.16665241973654749
A,Breast cancer (Low),t-SNE,HDBSCAN,dbcv,TPE,44,-0.39053014443689416,-0.16665241973654749
A,Breast cancer (Low),t-SNE,HDBSCAN,dbcv,TPE,45,-0.3556533964490616,-0.16665241973654749
A,Breast cancer (Low),t-SNE,HDBSCAN,dbcv,TPE,46,-0.1482016121682453,-0.1482016121682453
A,Breast cancer (Low),t-SNE,HDBSCAN,dbcv,TPE,47,-0.22621710546284524,-0.1482016121682453
A,Breast cancer (Low),t-SNE,HDBSCAN,dbcv,TPE,48,-0.09595115566505094,-0.09595115566505094
A,Breast cancer (Low),t-SNE,HDBSCAN,dbcv,TPE,49,-0.21348232193857236,-0.09595115566505094
A,Breast cancer (Low),t-SNE,HDBSCAN,dbcv,TPE,50,-0.33802646618924825,-0.09595115566505094
A,Breast cancer (Low),t-SNE,HDBSCAN,dbcv,TPE,51,-1.0,-0.09595115566505094
A,Breast cancer (Low),t-SNE,HDBSCAN,dbcv,TPE,52,-0.29873766908061994,-0.09595115566505094
A,Breast cancer (Low),t-SNE,HDBSCAN,dbcv,TPE,53,-0.16103470341500603,-0.09595115566505094
A,Breast cancer (Low),t-SNE,HDBSCAN,dbcv,TPE,54,-0.2848601042315858,-0.09595115566505094
A,Breast cancer (Low),t-SNE,HDBSCAN,dbcv,TPE,55,-0.13720432073487987,-0.09595115566505094
A,Breast cancer (Low),t-SNE,HDBSCAN,dbcv,TPE,56,-0.2708044500602736,-0.09595115566505094
A,Breast cancer (Low),t-SNE,HDBSCAN,dbcv,TPE,57,-0.1530906861928465,-0.09595115566505094
A,Breast cancer (Low),t-SNE,HDBSCAN,dbcv,TPE,58,-0.46648928749136054,-0.09595115566505094
A,Breast cancer (Low),t-SNE,HDBSCAN,dbcv,TPE,59,-0.5977494894964945,-0.09595115566505094
A,Breast cancer (Low),t-SNE,HDBSCAN,dbcv,TPE,60,-0.5921742082833833,-0.09595115566505094
A,Breast cancer (Low),t-SNE,HDBSCAN,dbcv,TPE,61,-0.42338446731144,-0.09595115566505094
A,Breast cancer (Low),t-SNE,HDBSCAN,dbcv,TPE,62,-0.2845235339817833,-0.09595115566505094
A,Breast cancer (Low),t-SNE,HDBSCAN,dbcv,TPE,63,-0.12756262878362576,-0.09595115566505094
A,Breast cancer (Low),t-SNE,HDBSCAN,dbcv,TPE,64,-0.4945281966625597,-0.09595115566505094
A,Breast cancer (Low),t-SNE,HDBSCAN,dbcv,TPE,65,-0.28743424315091504,-0.09595115566505094
A,Breast cancer (Low),t-SNE,HDBSCAN,dbcv,TPE,66,-0.4668902515821032,-0.09595115566505094
A,Breast cancer (Low),t-SNE,HDBSCAN,dbcv,TPE,67,-0.25109562050816586,-0.09595115566505094
A,Breast cancer (Low),t-SNE,HDBSCAN,dbcv,TPE,68,-0.2663194692510769,-0.09595115566505094
A,Breast cancer (Low),t-SNE,HDBSCAN,dbcv,TPE,69,-0.44320344190003236,-0.09595115566505094
A,Breast cancer (Low),t-SNE,HDBSCAN,dbcv,TPE,70,-0.5394430644537759,-0.09595115566505094
A,Breast cancer (Low),t-SNE,HDBSCAN,dbcv,TPE,71,-0.3015088702306228,-0.09595115566505094
A,Breast cancer (Low),t-SNE,HDBSCAN,dbcv,TPE,72,-0.2967767302660961,-0.09595115566505094
A,Breast cancer (Low),t-SNE,HDBSCAN,dbcv,TPE,73,-0.14069416675816207,-0.09595115566505094
A,Breast cancer (Low),t-SNE,HDBSCAN,dbcv,TPE,74,-0.0822705478459873,-0.0822705478459873
A,Breast cancer (Low),t-SNE,HDBSCAN,dbcv,TPE,75,-0.16031532289522787,-0.0822705478459873
A,Breast cancer (Low),t-SNE,HDBSCAN,dbcv,TPE,76,-0.5432024005491767,-0.0822705478459873
A,Breast cancer (Low),t-SNE,HDBSCAN,dbcv,TPE,77,-0.4406557055955376,-0.0822705478459873
A,Breast cancer (Low),t-SNE,HDBSCAN,dbcv,TPE,78,-0.29897558816729686,-0.0822705478459873
A,Breast cancer (Low),t-SNE,HDBSCAN,dbcv,TPE,79,-0.5253264429571154,-0.0822705478459873
A,Breast cancer (Low),t-SNE,HDBSCAN,dbcv,TPE,80,-1.0,-0.0822705478459873
A,Breast cancer (Low),t-SNE,HDBSCAN,dbcv,TPE,81,-0.2888147374386395,-0.0822705478459873
A,Breast cancer (Low),t-SNE,HDBSCAN,dbcv,TPE,82,-0.34540965646084776,-0.0822705478459873
A,Breast cancer (Low),t-SNE,HDBSCAN,dbcv,TPE,83,-0.16370166557619406,-0.0822705478459873
A,Breast cancer (Low),t-SNE,HDBSCAN,dbcv,TPE,84,-0.3378335762047146,-0.0822705478459873
A,Breast cancer (Low),t-SNE,HDBSCAN,dbcv,TPE,85,-0.11456520066209624,-0.0822705478459873
A,Breast cancer (Low),t-SNE,HDBSCAN,dbcv,TPE,86,-0.35199080604609034,-0.0822705478459873
A,Breast cancer (Low),t-SNE,HDBSCAN,dbcv,TPE,87,-0.37648475239214596,-0.0822705478459873
A,Breast cancer (Low),t-SNE,HDBSCAN,dbcv,TPE,88,-0.1164602405442076,-0.0822705478459873
A,Breast cancer (Low),t-SNE,HDBSCAN,dbcv,TPE,89,-0.2699885875725548,-0.0822705478459873
A,Breast cancer (Low),t-SNE,HDBSCAN,dbcv,TPE,90,-0.22482642052798865,-0.0822705478459873
A,Breast cancer (Low),t-SNE,HDBSCAN,dbcv,TPE,91,-0.5040429735522265,-0.0822705478459873
A,Breast cancer (Low),t-SNE,HDBSCAN,dbcv,TPE,92,-0.4334305513846058,-0.0822705478459873
A,Breast cancer (Low),t-SNE,HDBSCAN,dbcv,TPE,93,-0.3952982051526034,-0.0822705478459873
A,Breast cancer (Low),t-SNE,HDBSCAN,dbcv,TPE,94,-0.31379731119608345,-0.0822705478459873
A,Breast cancer (Low),t-SNE,HDBSCAN,dbcv,TPE,95,-0.1525141120874849,-0.0822705478459873
A,Breast cancer (Low),t-SNE,HDBSCAN,dbcv,TPE,96,-0.29708737666981316,-0.0822705478459873
A,Breast cancer (Low),t-SNE,HDBSCAN,dbcv,TPE,97,-0.4201782614107246,-0.0822705478459873
A,Breast cancer (Low),t-SNE,HDBSCAN,dbcv,TPE,98,-0.12914775632544206,-0.0822705478459873
A,Breast cancer (Low),t-SNE,HDBSCAN,dbcv,TPE,99,-0.22218756985809435,-0.0822705478459873
A,Breast cancer (Low),t-SNE,HDBSCAN,dbcv,Random,0,-0.48011531120849826,-0.48011531120849826
A,Breast cancer (Low),t-SNE,HDBSCAN,dbcv,Random,1,-0.4528570205697494,-0.4528570205697494
A,Breast cancer (Low),t-SNE,HDBSCAN,dbcv,Random,2,-0.2517990714145707,-0.2517990714145707
A,Breast cancer (Low),t-SNE,HDBSCAN,dbcv,Random,3,-0.555468454379779,-0.2517990714145707
A,Breast cancer (Low),t-SNE,HDBSCAN,dbcv,Random,4,-0.4562892402623149,-0.2517990714145707
A,Breast cancer (Low),t-SNE,HDBSCAN,dbcv,Random,5,-0.2239770123192555,-0.2239770123192555
A,Breast cancer (Low),t-SNE,HDBSCAN,dbcv,Random,6,-0.2938009730029099,-0.2239770123192555
A,Breast cancer (Low),t-SNE,HDBSCAN,dbcv,Random,7,-0.4862276879033601,-0.2239770123192555
A,Breast cancer (Low),t-SNE,HDBSCAN,dbcv,Random,8,-0.3360425144241752,-0.2239770123192555
A,Breast cancer (Low),t-SNE,HDBSCAN,dbcv,Random,9,-0.46809579535495827,-0.2239770123192555
A,Breast cancer (Low),t-SNE,HDBSCAN,dbcv,Random,10,-0.5853561670213495,-0.2239770123192555
A,Breast cancer (Low),t-SNE,HDBSCAN,dbcv,Random,11,-0.3329073060809219,-0.2239770123192555
A,Breast cancer (Low),t-SNE,HDBSCAN,dbcv,Random,12,-0.14272579445975422,-0.14272579445975422
A,Breast cancer (Low),t-SNE,HDBSCAN,dbcv,Random,13,-0.2821008958752018,-0.14272579445975422
A,Breast cancer (Low),t-SNE,HDBSCAN,dbcv,Random,14,-0.5792879535061859,-0.14272579445975422
A,Breast cancer (Low),t-SNE,HDBSCAN,dbcv,Random,15,-0.5370404198635974,-0.14272579445975422
A,Breast cancer (Low),t-SNE,HDBSCAN,dbcv,Random,16,-0.3962888730630987,-0.14272579445975422
A,Breast cancer (Low),t-SNE,HDBSCAN,dbcv,Random,17,-0.6972699235013311,-0.14272579445975422
A,Breast cancer (Low),t-SNE,HDBSCAN,dbcv,Random,18,-0.668123424857284,-0.14272579445975422
A,Breast cancer (Low),t-SNE,HDBSCAN,dbcv,Random,19,-0.46769456339975857,-0.14272579445975422
A,Breast cancer (Low),t-SNE,HDBSCAN,dbcv,Random,20,-0.4067024874496753,-0.14272579445975422
A,Breast cancer (Low),t-SNE,HDBSCAN,dbcv,Random,21,-0.3125890822835806,-0.14272579445975422
A,Breast cancer (Low),t-SNE,HDBSCAN,dbcv,Random,22,-0.3063422153530301,-0.14272579445975422
A,Breast cancer (Low),t-SNE,HDBSCAN,dbcv,Random,23,-0.4663759685581821,-0.14272579445975422
A,Breast cancer (Low),t-SNE,HDBSCAN,dbcv,Random,24,-0.3746131166306653,-0.14272579445975422
A,Breast cancer (Low),t-SNE,HDBSCAN,dbcv,Random,25,-0.4664341546615993,-0.14272579445975422
A,Breast cancer (Low),t-SNE,HDBSCAN,dbcv,Random,26,-0.41605418369977776,-0.14272579445975422
A,Breast cancer (Low),t-SNE,HDBSCAN,dbcv,Random,27,-0.5915538299778653,-0.14272579445975422
A,Breast cancer (Low),t-SNE,HDBSCAN,dbcv,Random,28,-0.20138648039589752,-0.14272579445975422
A,Breast cancer (Low),t-SNE,HDBSCAN,dbcv,Random,29,-0.2824349017009636,-0.14272579445975422
A,Breast cancer (Low),t-SNE,HDBSCAN,dbcv,Random,30,-0.29615573097181286,-0.14272579445975422
A,Breast cancer (Low),t-SNE,HDBSCAN,dbcv,Random,31,-0.4584767872734393,-0.14272579445975422
A,Breast cancer (Low),t-SNE,HDBSCAN,dbcv,Random,32,-0.7103621967070448,-0.14272579445975422
A,Breast cancer (Low),t-SNE,HDBSCAN,dbcv,Random,33,-0.4965666120971523,-0.14272579445975422
A,Breast cancer (Low),t-SNE,HDBSCAN,dbcv,Random,34,-0.12999773780767612,-0.12999773780767612
A,Breast cancer (Low),t-SNE,HDBSCAN,dbcv,Random,35,-0.6531236870131917,-0.12999773780767612
A,Breast cancer (Low),t-SNE,HDBSCAN,dbcv,Random,36,-0.4523573621812798,-0.12999773780767612
A,Breast cancer (Low),t-SNE,HDBSCAN,dbcv,Random,37,-0.685553240135651,-0.12999773780767612
A,Breast cancer (Low),t-SNE,HDBSCAN,dbcv,Random,38,-0.5301396664549042,-0.12999773780767612
A,Breast cancer (Low),t-SNE,HDBSCAN,dbcv,Random,39,-0.22942968669699568,-0.12999773780767612
A,Breast cancer (Low),t-SNE,HDBSCAN,dbcv,Random,40,-0.47133295433691214,-0.12999773780767612
A,Breast cancer (Low),t-SNE,HDBSCAN,dbcv,Random,41,-0.40955849872296435,-0.12999773780767612
A,Breast cancer (Low),t-SNE,HDBSCAN,dbcv,Random,42,-0.5102275732407177,-0.12999773780767612
A,Breast cancer (Low),t-SNE,HDBSCAN,dbcv,Random,43,-0.40615235682495937,-0.12999773780767612
A,Breast cancer (Low),t-SNE,HDBSCAN,dbcv,Random,44,-0.5632761430392721,-0.12999773780767612
A,Breast cancer (Low),t-SNE,HDBSCAN,dbcv,Random,45,-0.3408229785608763,-0.12999773780767612
A,Breast cancer (Low),t-SNE,HDBSCAN,dbcv,Random,46,-0.35552593886929373,-0.12999773780767612
A,Breast cancer (Low),t-SNE,HDBSCAN,dbcv,Random,47,-0.42279140110599167,-0.12999773780767612
A,Breast cancer (Low),t-SNE,HDBSCAN,dbcv,Random,48,-0.3001729686949196,-0.12999773780767612
A,Breast cancer (Low),t-SNE,HDBSCAN,dbcv,Random,49,-0.26476193923929703,-0.12999773780767612
A,Breast cancer (Low),t-SNE,HDBSCAN,dbcv,Random,50,-0.25190336348102416,-0.12999773780767612
A,Breast cancer (Low),t-SNE,HDBSCAN,dbcv,Random,51,-0.1717408917579879,-0.12999773780767612
A,Breast cancer (Low),t-SNE,HDBSCAN,dbcv,Random,52,-0.5844780631489223,-0.12999773780767612
A,Breast cancer (Low),t-SNE,HDBSCAN,dbcv,Random,53,-0.6311582426272808,-0.12999773780767612
A,Breast cancer (Low),t-SNE,HDBSCAN,dbcv,Random,54,-0.5248070329724516,-0.12999773780767612
A,Breast cancer (Low),t-SNE,HDBSCAN,dbcv,Random,55,-0.46912065861952823,-0.12999773780767612
A,Breast cancer (Low),t-SNE,HDBSCAN,dbcv,Random,56,-0.5583111636209971,-0.12999773780767612
A,Breast cancer (Low),t-SNE,HDBSCAN,dbcv,Random,57,-0.27044365722246766,-0.12999773780767612
A,Breast cancer (Low),t-SNE,HDBSCAN,dbcv,Random,58,-0.14223664671892866,-0.12999773780767612
A,Breast cancer (Low),t-SNE,HDBSCAN,dbcv,Random,59,-0.6885591343421193,-0.12999773780767612
A,Breast cancer (Low),t-SNE,HDBSCAN,dbcv,Random,60,-0.401188399861367,-0.12999773780767612
A,Breast cancer (Low),t-SNE,HDBSCAN,dbcv,Random,61,-0.5244038278944325,-0.12999773780767612
A,Breast cancer (Low),t-SNE,HDBSCAN,dbcv,Random,62,-0.3341659163260057,-0.12999773780767612
A,Breast cancer (Low),t-SNE,HDBSCAN,dbcv,Random,63,-0.13259160918415724,-0.12999773780767612
A,Breast cancer (Low),t-SNE,HDBSCAN,dbcv,Random,64,-0.5878490230914453,-0.12999773780767612
A,Breast cancer (Low),t-SNE,HDBSCAN,dbcv,Random,65,-0.27589748729355984,-0.12999773780767612
A,Breast cancer (Low),t-SNE,HDBSCAN,dbcv,Random,66,-0.6869247691344452,-0.12999773780767612
A,Breast cancer (Low),t-SNE,HDBSCAN,dbcv,Random,67,-0.3671486283006355,-0.12999773780767612
A,Breast cancer (Low),t-SNE,HDBSCAN,dbcv,Random,68,-0.4080870388776553,-0.12999773780767612
A,Breast cancer (Low),t-SNE,HDBSCAN,dbcv,Random,69,-0.4059587131943446,-0.12999773780767612
A,Breast cancer (Low),t-SNE,HDBSCAN,dbcv,Random,70,-0.6002659081803401,-0.12999773780767612
A,Breast cancer (Low),t-SNE,HDBSCAN,dbcv,Random,71,-0.482010826865537,-0.12999773780767612
A,Breast cancer (Low),t-SNE,HDBSCAN,dbcv,Random,72,-0.07021010942252559,-0.07021010942252559
A,Breast cancer (Low),t-SNE,HDBSCAN,dbcv,Random,73,-0.3804460050764619,-0.07021010942252559
A,Breast cancer (Low),t-SNE,HDBSCAN,dbcv,Random,74,-0.5153393733385011,-0.07021010942252559
A,Breast cancer (Low),t-SNE,HDBSCAN,dbcv,Random,75,-0.5922187196008867,-0.07021010942252559
A,Breast cancer (Low),t-SNE,HDBSCAN,dbcv,Random,76,-0.5143188746837227,-0.07021010942252559
A,Breast cancer (Low),t-SNE,HDBSCAN,dbcv,Random,77,-0.6363481547455809,-0.07021010942252559
A,Breast cancer (Low),t-SNE,HDBSCAN,dbcv,Random,78,-0.6621833473961852,-0.07021010942252559
A,Breast cancer (Low),t-SNE,HDBSCAN,dbcv,Random,79,-0.6367955972502957,-0.07021010942252559
A,Breast cancer (Low),t-SNE,HDBSCAN,dbcv,Random,80,-0.4744993713530316,-0.07021010942252559
A,Breast cancer (Low),t-SNE,HDBSCAN,dbcv,Random,81,-0.4591656127340307,-0.07021010942252559
A,Breast cancer (Low),t-SNE,HDBSCAN,dbcv,Random,82,-0.47749894515989577,-0.07021010942252559
A,Breast cancer (Low),t-SNE,HDBSCAN,dbcv,Random,83,-0.28101229211376827,-0.07021010942252559
A,Breast cancer (Low),t-SNE,HDBSCAN,dbcv,Random,84,-0.5873948144948669,-0.07021010942252559
A,Breast cancer (Low),t-SNE,HDBSCAN,dbcv,Random,85,-0.23141023708255115,-0.07021010942252559
A,Breast cancer (Low),t-SNE,HDBSCAN,dbcv,Random,86,-0.7848012663510441,-0.07021010942252559
A,Breast cancer (Low),t-SNE,HDBSCAN,dbcv,Random,87,-0.3492970495670308,-0.07021010942252559
A,Breast cancer (Low),t-SNE,HDBSCAN,dbcv,Random,88,-0.2053873124340484,-0.07021010942252559
A,Breast cancer (Low),t-SNE,HDBSCAN,dbcv,Random,89,-0.6264112831070404,-0.07021010942252559
A,Breast cancer (Low),t-SNE,HDBSCAN,dbcv,Random,90,-0.3106304990897916,-0.07021010942252559
A,Breast cancer (Low),t-SNE,HDBSCAN,dbcv,Random,91,-0.19104525551139404,-0.07021010942252559
A,Breast cancer (Low),t-SNE,HDBSCAN,dbcv,Random,92,-0.372464064767168,-0.07021010942252559
A,Breast cancer (Low),t-SNE,HDBSCAN,dbcv,Random,93,-0.6729113565725293,-0.07021010942252559
A,Breast cancer (Low),t-SNE,HDBSCAN,dbcv,Random,94,-0.6185339805414891,-0.07021010942252559
A,Breast cancer (Low),t-SNE,HDBSCAN,dbcv,Random,95,-0.42279203660674364,-0.07021010942252559
A,Breast cancer (Low),t-SNE,HDBSCAN,dbcv,Random,96,-0.5513669460621453,-0.07021010942252559
A,Breast cancer (Low),t-SNE,HDBSCAN,dbcv,Random,97,-0.4019919496574417,-0.07021010942252559
A,Breast cancer (Low),t-SNE,HDBSCAN,dbcv,Random,98,-0.41105154251107845,-0.07021010942252559
A,Breast cancer (Low),t-SNE,HDBSCAN,dbcv,Random,99,-0.1935977956593095,-0.07021010942252559
A,Breast cancer (Low),t-SNE,DBSCAN,dbcv,TPE,0,-1.0,-1.0
A,Breast cancer (Low),t-SNE,DBSCAN,dbcv,TPE,1,-1.0,-1.0
A,Breast cancer (Low),t-SNE,DBSCAN,dbcv,TPE,2,-1.0,-1.0
A,Breast cancer (Low),t-SNE,DBSCAN,dbcv,TPE,3,-1.0,-1.0
A,Breast cancer (Low),t-SNE,DBSCAN,dbcv,TPE,4,-1.0,-1.0
A,Breast cancer (Low),t-SNE,DBSCAN,dbcv,TPE,5,-1.0,-1.0
A,Breast cancer (Low),t-SNE,DBSCAN,dbcv,TPE,6,-1.0,-1.0
A,Breast cancer (Low),t-SNE,DBSCAN,dbcv,TPE,7,-1.0,-1.0
A,Breast cancer (Low),t-SNE,DBSCAN,dbcv,TPE,8,-1.0,-1.0
A,Breast cancer (Low),t-SNE,DBSCAN,dbcv,TPE,9,-1.0,-1.0
A,Breast cancer (Low),t-SNE,DBSCAN,dbcv,TPE,10,-1.0,-1.0
A,Breast cancer (Low),t-SNE,DBSCAN,dbcv,TPE,11,-1.0,-1.0
A,Breast cancer (Low),t-SNE,DBSCAN,dbcv,TPE,12,-1.0,-1.0
A,Breast cancer (Low),t-SNE,DBSCAN,dbcv,TPE,13,-1.0,-1.0
A,Breast cancer (Low),t-SNE,DBSCAN,dbcv,TPE,14,-0.15175740673613042,-0.15175740673613042
A,Breast cancer (Low),t-SNE,DBSCAN,dbcv,TPE,15,-0.41197593863705806,-0.15175740673613042
A,Breast cancer (Low),t-SNE,DBSCAN,dbcv,TPE,16,-0.44275900713665683,-0.15175740673613042
A,Breast cancer (Low),t-SNE,DBSCAN,dbcv,TPE,17,-1.0,-0.15175740673613042
A,Breast cancer (Low),t-SNE,DBSCAN,dbcv,TPE,18,-1.0,-0.15175740673613042
A,Breast cancer (Low),t-SNE,DBSCAN,dbcv,TPE,19,-1.0,-0.15175740673613042
A,Breast cancer (Low),t-SNE,DBSCAN,dbcv,TPE,20,-0.25034477320274373,-0.15175740673613042
A,Breast cancer (Low),t-SNE,DBSCAN,dbcv,TPE,21,-0.3744021459100402,-0.15175740673613042
A,Breast cancer (Low),t-SNE,DBSCAN,dbcv,TPE,22,-0.5894147470718935,-0.15175740673613042
A,Breast cancer (Low),t-SNE,DBSCAN,dbcv,TPE,23,-1.0,-0.15175740673613042
A,Breast cancer (Low),t-SNE,DBSCAN,dbcv,TPE,24,-1.0,-0.15175740673613042
A,Breast cancer (Low),t-SNE,DBSCAN,dbcv,TPE,25,-1.0,-0.15175740673613042
A,Breast cancer (Low),t-SNE,DBSCAN,dbcv,TPE,26,-1.0,-0.15175740673613042
A,Breast cancer (Low),t-SNE,DBSCAN,dbcv,TPE,27,-0.46806067875101265,-0.15175740673613042
A,Breast cancer (Low),t-SNE,DBSCAN,dbcv,TPE,28,-0.3196198842124367,-0.15175740673613042
A,Breast cancer (Low),t-SNE,DBSCAN,dbcv,TPE,29,-0.37729544384291297,-0.15175740673613042
A,Breast cancer (Low),t-SNE,DBSCAN,dbcv,TPE,30,-0.17402631547820277,-0.15175740673613042
A,Breast cancer (Low),t-SNE,DBSCAN,dbcv,TPE,31,-0.23513063235387452,-0.15175740673613042
A,Breast cancer (Low),t-SNE,DBSCAN,dbcv,TPE,32,-1.0,-0.15175740673613042
A,Breast cancer (Low),t-SNE,DBSCAN,dbcv,TPE,33,-1.0,-0.15175740673613042
A,Breast cancer (Low),t-SNE,DBSCAN,dbcv,TPE,34,-0.4854664766042538,-0.15175740673613042
A,Breast cancer (Low),t-SNE,DBSCAN,dbcv,TPE,35,-1.0,-0.15175740673613042
A,Breast cancer (Low),t-SNE,DBSCAN,dbcv,TPE,36,-1.0,-0.15175740673613042
A,Breast cancer (Low),t-SNE,DBSCAN,dbcv,TPE,37,-1.0,-0.15175740673613042
A,Breast cancer (Low),t-SNE,DBSCAN,dbcv,TPE,38,-0.6771031557687811,-0.15175740673613042
A,Breast cancer (Low),t-SNE,DBSCAN,dbcv,TPE,39,-0.47660612778378547,-0.15175740673613042
A,Breast cancer (Low),t-SNE,DBSCAN,dbcv,TPE,40,-1.0,-0.15175740673613042
A,Breast cancer (Low),t-SNE,DBSCAN,dbcv,TPE,41,-0.42689996217279214,-0.15175740673613042
A,Breast cancer (Low),t-SNE,DBSCAN,dbcv,TPE,42,-0.4075983207563213,-0.15175740673613042
A,Breast cancer (Low),t-SNE,DBSCAN,dbcv,TPE,43,-1.0,-0.15175740673613042
A,Breast cancer (Low),t-SNE,DBSCAN,dbcv,TPE,44,-1.0,-0.15175740673613042
A,Breast cancer (Low),t-SNE,DBSCAN,dbcv,TPE,45,-1.0,-0.15175740673613042
A,Breast cancer (Low),t-SNE,DBSCAN,dbcv,TPE,46,-0.5469241906006868,-0.15175740673613042
A,Breast cancer (Low),t-SNE,DBSCAN,dbcv,TPE,47,-1.0,-0.15175740673613042
A,Breast cancer (Low),t-SNE,DBSCAN,dbcv,TPE,48,-1.0,-0.15175740673613042
A,Breast cancer (Low),t-SNE,DBSCAN,dbcv,TPE,49,-1.0,-0.15175740673613042
A,Breast cancer (Low),t-SNE,DBSCAN,dbcv,TPE,50,-1.0,-0.15175740673613042
A,Breast cancer (Low),t-SNE,DBSCAN,dbcv,TPE,51,-0.4515188182051254,-0.15175740673613042
A,Breast cancer (Low),t-SNE,DBSCAN,dbcv,TPE,52,-0.4461552680210241,-0.15175740673613042
A,Breast cancer (Low),t-SNE,DBSCAN,dbcv,TPE,53,-0.47067551004784725,-0.15175740673613042
A,Breast cancer (Low),t-SNE,DBSCAN,dbcv,TPE,54,-0.5985983944725854,-0.15175740673613042
A,Breast cancer (Low),t-SNE,DBSCAN,dbcv,TPE,55,-0.6660467495252462,-0.15175740673613042
A,Breast cancer (Low),t-SNE,DBSCAN,dbcv,TPE,56,-0.6892122109954351,-0.15175740673613042
A,Breast cancer (Low),t-SNE,DBSCAN,dbcv,TPE,57,-0.33788120000131755,-0.15175740673613042
A,Breast cancer (Low),t-SNE,DBSCAN,dbcv,TPE,58,-0.27259794146101896,-0.15175740673613042
A,Breast cancer (Low),t-SNE,DBSCAN,dbcv,TPE,59,-1.0,-0.15175740673613042
A,Breast cancer (Low),t-SNE,DBSCAN,dbcv,TPE,60,-1.0,-0.15175740673613042
A,Breast cancer (Low),t-SNE,DBSCAN,dbcv,TPE,61,-0.3864428912607025,-0.15175740673613042
A,Breast cancer (Low),t-SNE,DBSCAN,dbcv,TPE,62,-1.0,-0.15175740673613042
A,Breast cancer (Low),t-SNE,DBSCAN,dbcv,TPE,63,-1.0,-0.15175740673613042
A,Breast cancer (Low),t-SNE,DBSCAN,dbcv,TPE,64,-0.37866173830115085,-0.15175740673613042
A,Breast cancer (Low),t-SNE,DBSCAN,dbcv,TPE,65,-0.47155504442739854,-0.15175740673613042
A,Breast cancer (Low),t-SNE,DBSCAN,dbcv,TPE,66,-1.0,-0.15175740673613042
A,Breast cancer (Low),t-SNE,DBSCAN,dbcv,TPE,67,-0.4939879124005299,-0.15175740673613042
A,Breast cancer (Low),t-SNE,DBSCAN,dbcv,TPE,68,-1.0,-0.15175740673613042
A,Breast cancer (Low),t-SNE,DBSCAN,dbcv,TPE,69,-0.3877538712614847,-0.15175740673613042
A,Breast cancer (Low),t-SNE,DBSCAN,dbcv,TPE,70,-0.21964120345000313,-0.15175740673613042
A,Breast cancer (Low),t-SNE,DBSCAN,dbcv,TPE,71,-1.0,-0.15175740673613042
A,Breast cancer (Low),t-SNE,DBSCAN,dbcv,TPE,72,-0.5186761885177612,-0.15175740673613042
A,Breast cancer (Low),t-SNE,DBSCAN,dbcv,TPE,73,-1.0,-0.15175740673613042
A,Breast cancer (Low),t-SNE,DBSCAN,dbcv,TPE,74,-0.6727050322115274,-0.15175740673613042
A,Breast cancer (Low),t-SNE,DBSCAN,dbcv,TPE,75,-0.568172137862606,-0.15175740673613042
A,Breast cancer (Low),t-SNE,DBSCAN,dbcv,TPE,76,-1.0,-0.15175740673613042
A,Breast cancer (Low),t-SNE,DBSCAN,dbcv,TPE,77,-0.38352792865080604,-0.15175740673613042
A,Breast cancer (Low),t-SNE,DBSCAN,dbcv,TPE,78,-1.0,-0.15175740673613042
A,Breast cancer (Low),t-SNE,DBSCAN,dbcv,TPE,79,-1.0,-0.15175740673613042
A,Breast cancer (Low),t-SNE,DBSCAN,dbcv,TPE,80,-1.0,-0.15175740673613042
A,Breast cancer (Low),t-SNE,DBSCAN,dbcv,TPE,81,-0.4780768794308139,-0.15175740673613042
A,Breast cancer (Low),t-SNE,DBSCAN,dbcv,TPE,82,-1.0,-0.15175740673613042
A,Breast cancer (Low),t-SNE,DBSCAN,dbcv,TPE,83,-0.20590456279045072,-0.15175740673613042
A,Breast cancer (Low),t-SNE,DBSCAN,dbcv,TPE,84,-1.0,-0.15175740673613042
A,Breast cancer (Low),t-SNE,DBSCAN,dbcv,TPE,85,-1.0,-0.15175740673613042
A,Breast cancer (Low),t-SNE,DBSCAN,dbcv,TPE,86,-1.0,-0.15175740673613042
A,Breast cancer (Low),t-SNE,DBSCAN,dbcv,TPE,87,-1.0,-0.15175740673613042
A,Breast cancer (Low),t-SNE,DBSCAN,dbcv,TPE,88,-0.6906794108346739,-0.15175740673613042
A,Breast cancer (Low),t-SNE,DBSCAN,dbcv,TPE,89,-1.0,-0.15175740673613042
A,Breast cancer (Low),t-SNE,DBSCAN,dbcv,TPE,90,-0.6630785203810357,-0.15175740673613042
A,Breast cancer (Low),t-SNE,DBSCAN,dbcv,TPE,91,-0.6497333440441553,-0.15175740673613042
A,Breast cancer (Low),t-SNE,DBSCAN,dbcv,TPE,92,-1.0,-0.15175740673613042
A,Breast cancer (Low),t-SNE,DBSCAN,dbcv,TPE,93,-1.0,-0.15175740673613042
A,Breast cancer (Low),t-SNE,DBSCAN,dbcv,TPE,94,-1.0,-0.15175740673613042
A,Breast cancer (Low),t-SNE,DBSCAN,dbcv,TPE,95,-1.0,-0.15175740673613042
A,Breast cancer (Low),t-SNE,DBSCAN,dbcv,TPE,96,-0.5344230038481967,-0.15175740673613042
A,Breast cancer (Low),t-SNE,DBSCAN,dbcv,TPE,97,-1.0,-0.15175740673613042
A,Breast cancer (Low),t-SNE,DBSCAN,dbcv,TPE,98,-1.0,-0.15175740673613042
A,Breast cancer (Low),t-SNE,DBSCAN,dbcv,TPE,99,-1.0,-0.15175740673613042
A,Breast cancer (Low),t-SNE,DBSCAN,dbcv,Random,0,-1.0,-1.0
A,Breast cancer (Low),t-SNE,DBSCAN,dbcv,Random,1,-1.0,-1.0
A,Breast cancer (Low),t-SNE,DBSCAN,dbcv,Random,2,-1.0,-1.0
A,Breast cancer (Low),t-SNE,DBSCAN,dbcv,Random,3,-1.0,-1.0
A,Breast cancer (Low),t-SNE,DBSCAN,dbcv,Random,4,-1.0,-1.0
A,Breast cancer (Low),t-SNE,DBSCAN,dbcv,Random,5,-1.0,-1.0
A,Breast cancer (Low),t-SNE,DBSCAN,dbcv,Random,6,-1.0,-1.0
A,Breast cancer (Low),t-SNE,DBSCAN,dbcv,Random,7,-1.0,-1.0
A,Breast cancer (Low),t-SNE,DBSCAN,dbcv,Random,8,-1.0,-1.0
A,Breast cancer (Low),t-SNE,DBSCAN,dbcv,Random,9,-1.0,-1.0
A,Breast cancer (Low),t-SNE,DBSCAN,dbcv,Random,10,-1.0,-1.0
A,Breast cancer (Low),t-SNE,DBSCAN,dbcv,Random,11,-1.0,-1.0
A,Breast cancer (Low),t-SNE,DBSCAN,dbcv,Random,12,-1.0,-1.0
A,Breast cancer (Low),t-SNE,DBSCAN,dbcv,Random,13,-0.6757843759789752,-0.6757843759789752
A,Breast cancer (Low),t-SNE,DBSCAN,dbcv,Random,14,-1.0,-0.6757843759789752
A,Breast cancer (Low),t-SNE,DBSCAN,dbcv,Random,15,-0.657915267150297,-0.657915267150297
A,Breast cancer (Low),t-SNE,DBSCAN,dbcv,Random,16,-1.0,-0.657915267150297
A,Breast cancer (Low),t-SNE,DBSCAN,dbcv,Random,17,-0.10570849143102476,-0.10570849143102476
A,Breast cancer (Low),t-SNE,DBSCAN,dbcv,Random,18,-1.0,-0.10570849143102476
A,Breast cancer (Low),t-SNE,DBSCAN,dbcv,Random,19,-0.495284457230615,-0.10570849143102476
A,Breast cancer (Low),t-SNE,DBSCAN,dbcv,Random,20,-0.5380874546692119,-0.10570849143102476
A,Breast cancer (Low),t-SNE,DBSCAN,dbcv,Random,21,-1.0,-0.10570849143102476
A,Breast cancer (Low),t-SNE,DBSCAN,dbcv,Random,22,-1.0,-0.10570849143102476
A,Breast cancer (Low),t-SNE,DBSCAN,dbcv,Random,23,-1.0,-0.10570849143102476
A,Breast cancer (Low),t-SNE,DBSCAN,dbcv,Random,24,-1.0,-0.10570849143102476
A,Breast cancer (Low),t-SNE,DBSCAN,dbcv,Random,25,-1.0,-0.10570849143102476
A,Breast cancer (Low),t-SNE,DBSCAN,dbcv,Random,26,-1.0,-0.10570849143102476
A,Breast cancer (Low),t-SNE,DBSCAN,dbcv,Random,27,-1.0,-0.10570849143102476
A,Breast cancer (Low),t-SNE,DBSCAN,dbcv,Random,28,-1.0,-0.10570849143102476
A,Breast cancer (Low),t-SNE,DBSCAN,dbcv,Random,29,-1.0,-0.10570849143102476
A,Breast cancer (Low),t-SNE,DBSCAN,dbcv,Random,30,-0.6193786324608915,-0.10570849143102476
A,Breast cancer (Low),t-SNE,DBSCAN,dbcv,Random,31,-1.0,-0.10570849143102476
A,Breast cancer (Low),t-SNE,DBSCAN,dbcv,Random,32,-1.0,-0.10570849143102476
A,Breast cancer (Low),t-SNE,DBSCAN,dbcv,Random,33,-0.31698753138857333,-0.10570849143102476
A,Breast cancer (Low),t-SNE,DBSCAN,dbcv,Random,34,-1.0,-0.10570849143102476
A,Breast cancer (Low),t-SNE,DBSCAN,dbcv,Random,35,-1.0,-0.10570849143102476
A,Breast cancer (Low),t-SNE,DBSCAN,dbcv,Random,36,-1.0,-0.10570849143102476
A,Breast cancer (Low),t-SNE,DBSCAN,dbcv,Random,37,-0.16152858153359428,-0.10570849143102476
A,Breast cancer (Low),t-SNE,DBSCAN,dbcv,Random,38,-0.6204692508722168,-0.10570849143102476
A,Breast cancer (Low),t-SNE,DBSCAN,dbcv,Random,39,-1.0,-0.10570849143102476
A,Breast cancer (Low),t-SNE,DBSCAN,dbcv,Random,40,-1.0,-0.10570849143102476
A,Breast cancer (Low),t-SNE,DBSCAN,dbcv,Random,41,-1.0,-0.10570849143102476
A,Breast cancer (Low),t-SNE,DBSCAN,dbcv,Random,42,-0.20763366242231207,-0.10570849143102476
A,Breast cancer (Low),t-SNE,DBSCAN,dbcv,Random,43,-1.0,-0.10570849143102476
A,Breast cancer (Low),t-SNE,DBSCAN,dbcv,Random,44,-1.0,-0.10570849143102476
A,Breast cancer (Low),t-SNE,DBSCAN,dbcv,Random,45,-1.0,-0.10570849143102476
A,Breast cancer (Low),t-SNE,DBSCAN,dbcv,Random,46,-1.0,-0.10570849143102476
A,Breast cancer (Low),t-SNE,DBSCAN,dbcv,Random,47,-1.0,-0.10570849143102476
A,Breast cancer (Low),t-SNE,DBSCAN,dbcv,Random,48,-0.3072453892733304,-0.10570849143102476
A,Breast cancer (Low),t-SNE,DBSCAN,dbcv,Random,49,-1.0,-0.10570849143102476
A,Breast cancer (Low),t-SNE,DBSCAN,dbcv,Random,50,-1.0,-0.10570849143102476
A,Breast cancer (Low),t-SNE,DBSCAN,dbcv,Random,51,-1.0,-0.10570849143102476
A,Breast cancer (Low),t-SNE,DBSCAN,dbcv,Random,52,-1.0,-0.10570849143102476
A,Breast cancer (Low),t-SNE,DBSCAN,dbcv,Random,53,-1.0,-0.10570849143102476
A,Breast cancer (Low),t-SNE,DBSCAN,dbcv,Random,54,-1.0,-0.10570849143102476
A,Breast cancer (Low),t-SNE,DBSCAN,dbcv,Random,55,-1.0,-0.10570849143102476
A,Breast cancer (Low),t-SNE,DBSCAN,dbcv,Random,56,-0.5386640036448399,-0.10570849143102476
A,Breast cancer (Low),t-SNE,DBSCAN,dbcv,Random,57,-1.0,-0.10570849143102476
A,Breast cancer (Low),t-SNE,DBSCAN,dbcv,Random,58,-1.0,-0.10570849143102476
A,Breast cancer (Low),t-SNE,DBSCAN,dbcv,Random,59,-0.48706671245694877,-0.10570849143102476
A,Breast cancer (Low),t-SNE,DBSCAN,dbcv,Random,60,-1.0,-0.10570849143102476
A,Breast cancer (Low),t-SNE,DBSCAN,dbcv,Random,61,-1.0,-0.10570849143102476
A,Breast cancer (Low),t-SNE,DBSCAN,dbcv,Random,62,-0.26642226467063007,-0.10570849143102476
A,Breast cancer (Low),t-SNE,DBSCAN,dbcv,Random,63,-1.0,-0.10570849143102476
A,Breast cancer (Low),t-SNE,DBSCAN,dbcv,Random,64,-1.0,-0.10570849143102476
A,Breast cancer (Low),t-SNE,DBSCAN,dbcv,Random,65,-1.0,-0.10570849143102476
A,Breast cancer (Low),t-SNE,DBSCAN,dbcv,Random,66,-1.0,-0.10570849143102476
A,Breast cancer (Low),t-SNE,DBSCAN,dbcv,Random,67,-1.0,-0.10570849143102476
A,Breast cancer (Low),t-SNE,DBSCAN,dbcv,Random,68,-0.6674953747064454,-0.10570849143102476
A,Breast cancer (Low),t-SNE,DBSCAN,dbcv,Random,69,-0.6983518122593966,-0.10570849143102476
A,Breast cancer (Low),t-SNE,DBSCAN,dbcv,Random,70,-0.5897346596297979,-0.10570849143102476
A,Breast cancer (Low),t-SNE,DBSCAN,dbcv,Random,71,-1.0,-0.10570849143102476
A,Breast cancer (Low),t-SNE,DBSCAN,dbcv,Random,72,-1.0,-0.10570849143102476
A,Breast cancer (Low),t-SNE,DBSCAN,dbcv,Random,73,-1.0,-0.10570849143102476
A,Breast cancer (Low),t-SNE,DBSCAN,dbcv,Random,74,-1.0,-0.10570849143102476
A,Breast cancer (Low),t-SNE,DBSCAN,dbcv,Random,75,-1.0,-0.10570849143102476
A,Breast cancer (Low),t-SNE,DBSCAN,dbcv,Random,76,-0.6800224667009682,-0.10570849143102476
A,Breast cancer (Low),t-SNE,DBSCAN,dbcv,Random,77,-0.7269845731794834,-0.10570849143102476
A,Breast cancer (Low),t-SNE,DBSCAN,dbcv,Random,78,-1.0,-0.10570849143102476
A,Breast cancer (Low),t-SNE,DBSCAN,dbcv,Random,79,-1.0,-0.10570849143102476
A,Breast cancer (Low),t-SNE,DBSCAN,dbcv,Random,80,-1.0,-0.10570849143102476
A,Breast cancer (Low),t-SNE,DBSCAN,dbcv,Random,81,-1.0,-0.10570849143102476
A,Breast cancer (Low),t-SNE,DBSCAN,dbcv,Random,82,-1.0,-0.10570849143102476
A,Breast cancer (Low),t-SNE,DBSCAN,dbcv,Random,83,-1.0,-0.10570849143102476
A,Breast cancer (Low),t-SNE,DBSCAN,dbcv,Random,84,-1.0,-0.10570849143102476
A,Breast cancer (Low),t-SNE,DBSCAN,dbcv,Random,85,-1.0,-0.10570849143102476
A,Breast cancer (Low),t-SNE,DBSCAN,dbcv,Random,86,-0.6530049652076986,-0.10570849143102476
A,Breast cancer (Low),t-SNE,DBSCAN,dbcv,Random,87,-1.0,-0.10570849143102476
A,Breast cancer (Low),t-SNE,DBSCAN,dbcv,Random,88,-1.0,-0.10570849143102476
A,Breast cancer (Low),t-SNE,DBSCAN,dbcv,Random,89,-1.0,-0.10570849143102476
A,Breast cancer (Low),t-SNE,DBSCAN,dbcv,Random,90,-1.0,-0.10570849143102476
A,Breast cancer (Low),t-SNE,DBSCAN,dbcv,Random,91,-1.0,-0.10570849143102476
A,Breast cancer (Low),t-SNE,DBSCAN,dbcv,Random,92,-1.0,-0.10570849143102476
A,Breast cancer (Low),t-SNE,DBSCAN,dbcv,Random,93,-1.0,-0.10570849143102476
A,Breast cancer (Low),t-SNE,DBSCAN,dbcv,Random,94,-1.0,-0.10570849143102476
A,Breast cancer (Low),t-SNE,DBSCAN,dbcv,Random,95,-1.0,-0.10570849143102476
A,Breast cancer (Low),t-SNE,DBSCAN,dbcv,Random,96,-0.15714259824878726,-0.10570849143102476
A,Breast cancer (Low),t-SNE,DBSCAN,dbcv,Random,97,-1.0,-0.10570849143102476
A,Breast cancer (Low),t-SNE,DBSCAN,dbcv,Random,98,-1.0,-0.10570849143102476
A,Breast cancer (Low),t-SNE,DBSCAN,dbcv,Random,99,-1.0,-0.10570849143102476
A,Breast cancer (Low),t-SNE,KMeans,dbcv,TPE,0,-0.5021855630660707,-0.5021855630660707
A,Breast cancer (Low),t-SNE,KMeans,dbcv,TPE,1,-0.6737709116749347,-0.5021855630660707
A,Breast cancer (Low),t-SNE,KMeans,dbcv,TPE,2,-0.5018737962387588,-0.5018737962387588
A,Breast cancer (Low),t-SNE,KMeans,dbcv,TPE,3,-0.4220517327263765,-0.4220517327263765
A,Breast cancer (Low),t-SNE,KMeans,dbcv,TPE,4,-0.6632411450627584,-0.4220517327263765
A,Breast cancer (Low),t-SNE,KMeans,dbcv,TPE,5,-0.5714274701607582,-0.4220517327263765
A,Breast cancer (Low),t-SNE,KMeans,dbcv,TPE,6,-0.5731810876088733,-0.4220517327263765
A,Breast cancer (Low),t-SNE,KMeans,dbcv,TPE,7,-0.6296858116283618,-0.4220517327263765
A,Breast cancer (Low),t-SNE,KMeans,dbcv,TPE,8,-0.6538064955242698,-0.4220517327263765
A,Breast cancer (Low),t-SNE,KMeans,dbcv,TPE,9,-0.7080476184104108,-0.4220517327263765
A,Breast cancer (Low),t-SNE,KMeans,dbcv,TPE,10,-0.4784843126624842,-0.4220517327263765
A,Breast cancer (Low),t-SNE,KMeans,dbcv,TPE,11,-0.4443176634189499,-0.4220517327263765
A,Breast cancer (Low),t-SNE,KMeans,dbcv,TPE,12,-0.44341250695547507,-0.4220517327263765
A,Breast cancer (Low),t-SNE,KMeans,dbcv,TPE,13,-0.46718672005533995,-0.4220517327263765
A,Breast cancer (Low),t-SNE,KMeans,dbcv,TPE,14,-0.4522005123483687,-0.4220517327263765
A,Breast cancer (Low),t-SNE,KMeans,dbcv,TPE,15,-0.4767264869773181,-0.4220517327263765
A,Breast cancer (Low),t-SNE,KMeans,dbcv,TPE,16,-0.5155194876709441,-0.4220517327263765
A,Breast cancer (Low),t-SNE,KMeans,dbcv,TPE,17,-0.5088223048249784,-0.4220517327263765
A,Breast cancer (Low),t-SNE,KMeans,dbcv,TPE,18,-0.4437499387892364,-0.4220517327263765
A,Breast cancer (Low),t-SNE,KMeans,dbcv,TPE,19,-0.5633832252998258,-0.4220517327263765
A,Breast cancer (Low),t-SNE,KMeans,dbcv,TPE,20,-0.4999365277371921,-0.4220517327263765
A,Breast cancer (Low),t-SNE,KMeans,dbcv,TPE,21,-0.49320285740899406,-0.4220517327263765
A,Breast cancer (Low),t-SNE,KMeans,dbcv,TPE,22,-0.49513588019469146,-0.4220517327263765
A,Breast cancer (Low),t-SNE,KMeans,dbcv,TPE,23,-0.4720805482557458,-0.4220517327263765
A,Breast cancer (Low),t-SNE,KMeans,dbcv,TPE,24,-0.45450810013099985,-0.4220517327263765
A,Breast cancer (Low),t-SNE,KMeans,dbcv,TPE,25,-0.4932008896059413,-0.4220517327263765
A,Breast cancer (Low),t-SNE,KMeans,dbcv,TPE,26,-0.48463866939849076,-0.4220517327263765
A,Breast cancer (Low),t-SNE,KMeans,dbcv,TPE,27,-0.49139343812284864,-0.4220517327263765
A,Breast cancer (Low),t-SNE,KMeans,dbcv,TPE,28,-0.4263240376900622,-0.4220517327263765
A,Breast cancer (Low),t-SNE,KMeans,dbcv,TPE,29,-0.5333239028865921,-0.4220517327263765
A,Breast cancer (Low),t-SNE,KMeans,dbcv,TPE,30,-0.5485131775295143,-0.4220517327263765
A,Breast cancer (Low),t-SNE,KMeans,dbcv,TPE,31,-0.4155579726933601,-0.4155579726933601
A,Breast cancer (Low),t-SNE,KMeans,dbcv,TPE,32,-0.49938693100067966,-0.4155579726933601
A,Breast cancer (Low),t-SNE,KMeans,dbcv,TPE,33,-0.48996574796117454,-0.4155579726933601
A,Breast cancer (Low),t-SNE,KMeans,dbcv,TPE,34,-0.4695652663695364,-0.4155579726933601
A,Breast cancer (Low),t-SNE,KMeans,dbcv,TPE,35,-0.4786444866204244,-0.4155579726933601
A,Breast cancer (Low),t-SNE,KMeans,dbcv,TPE,36,-0.451905815423491,-0.4155579726933601
A,Breast cancer (Low),t-SNE,KMeans,dbcv,TPE,37,-0.43946375193149023,-0.4155579726933601
A,Breast cancer (Low),t-SNE,KMeans,dbcv,TPE,38,-0.512906090557856,-0.4155579726933601
A,Breast cancer (Low),t-SNE,KMeans,dbcv,TPE,39,-0.48031308466186207,-0.4155579726933601
A,Breast cancer (Low),t-SNE,KMeans,dbcv,TPE,40,-0.46903097868253724,-0.4155579726933601
A,Breast cancer (Low),t-SNE,KMeans,dbcv,TPE,41,-0.48141597165717487,-0.4155579726933601
A,Breast cancer (Low),t-SNE,KMeans,dbcv,TPE,42,-0.42081435275540857,-0.4155579726933601
A,Breast cancer (Low),t-SNE,KMeans,dbcv,TPE,43,-0.6397973567867513,-0.4155579726933601
A,Breast cancer (Low),t-SNE,KMeans,dbcv,TPE,44,-0.4791409968449487,-0.4155579726933601
A,Breast cancer (Low),t-SNE,KMeans,dbcv,TPE,45,-0.4954354656907337,-0.4155579726933601
A,Breast cancer (Low),t-SNE,KMeans,dbcv,TPE,46,-0.44224807576095104,-0.4155579726933601
A,Breast cancer (Low),t-SNE,KMeans,dbcv,TPE,47,-0.4550736779872761,-0.4155579726933601
A,Breast cancer (Low),t-SNE,KMeans,dbcv,TPE,48,-0.6116086726736174,-0.4155579726933601
A,Breast cancer (Low),t-SNE,KMeans,dbcv,TPE,49,-0.5740467785501611,-0.4155579726933601
A,Breast cancer (Low),t-SNE,KMeans,dbcv,TPE,50,-0.5175551856625004,-0.4155579726933601
A,Breast cancer (Low),t-SNE,KMeans,dbcv,TPE,51,-0.41751719751698474,-0.4155579726933601
A,Breast cancer (Low),t-SNE,KMeans,dbcv,TPE,52,-0.494170754410894,-0.4155579726933601
A,Breast cancer (Low),t-SNE,KMeans,dbcv,TPE,53,-0.5154718874948845,-0.4155579726933601
A,Breast cancer (Low),t-SNE,KMeans,dbcv,TPE,54,-0.4925240833535927,-0.4155579726933601
A,Breast cancer (Low),t-SNE,KMeans,dbcv,TPE,55,-0.48716711423439374,-0.4155579726933601
A,Breast cancer (Low),t-SNE,KMeans,dbcv,TPE,56,-0.4762988788799843,-0.4155579726933601
A,Breast cancer (Low),t-SNE,KMeans,dbcv,TPE,57,-0.46771171715750454,-0.4155579726933601
A,Breast cancer (Low),t-SNE,KMeans,dbcv,TPE,58,-0.4755939344665484,-0.4155579726933601
A,Breast cancer (Low),t-SNE,KMeans,dbcv,TPE,59,-0.46152201761635314,-0.4155579726933601
A,Breast cancer (Low),t-SNE,KMeans,dbcv,TPE,60,-0.4438920991639478,-0.4155579726933601
A,Breast cancer (Low),t-SNE,KMeans,dbcv,TPE,61,-0.4738515640592363,-0.4155579726933601
A,Breast cancer (Low),t-SNE,KMeans,dbcv,TPE,62,-0.4815224286152379,-0.4155579726933601
A,Breast cancer (Low),t-SNE,KMeans,dbcv,TPE,63,-0.48680985305361185,-0.4155579726933601
A,Breast cancer (Low),t-SNE,KMeans,dbcv,TPE,64,-0.49582197320119614,-0.4155579726933601
A,Breast cancer (Low),t-SNE,KMeans,dbcv,TPE,65,-0.49294887482806216,-0.4155579726933601
A,Breast cancer (Low),t-SNE,KMeans,dbcv,TPE,66,-0.4875033240958807,-0.4155579726933601
A,Breast cancer (Low),t-SNE,KMeans,dbcv,TPE,67,-0.5006937341881035,-0.4155579726933601
A,Breast cancer (Low),t-SNE,KMeans,dbcv,TPE,68,-0.5086053120894315,-0.4155579726933601
A,Breast cancer (Low),t-SNE,KMeans,dbcv,TPE,69,-0.711671625666756,-0.4155579726933601
A,Breast cancer (Low),t-SNE,KMeans,dbcv,TPE,70,-0.43120905671037146,-0.4155579726933601
A,Breast cancer (Low),t-SNE,KMeans,dbcv,TPE,71,-0.47449840966357476,-0.4155579726933601
A,Breast cancer (Low),t-SNE,KMeans,dbcv,TPE,72,-0.4667840674470522,-0.4155579726933601
A,Breast cancer (Low),t-SNE,KMeans,dbcv,TPE,73,-0.4613451372523546,-0.4155579726933601
A,Breast cancer (Low),t-SNE,KMeans,dbcv,TPE,74,-0.4535638180957174,-0.4155579726933601
A,Breast cancer (Low),t-SNE,KMeans,dbcv,TPE,75,-0.4888334663475896,-0.4155579726933601
A,Breast cancer (Low),t-SNE,KMeans,dbcv,TPE,76,-0.5405450716540205,-0.4155579726933601
A,Breast cancer (Low),t-SNE,KMeans,dbcv,TPE,77,-0.4435590901464809,-0.4155579726933601
A,Breast cancer (Low),t-SNE,KMeans,dbcv,TPE,78,-0.4280880819236954,-0.4155579726933601
A,Breast cancer (Low),t-SNE,KMeans,dbcv,TPE,79,-0.6349184253380168,-0.4155579726933601
A,Breast cancer (Low),t-SNE,KMeans,dbcv,TPE,80,-0.44812771429141135,-0.4155579726933601
A,Breast cancer (Low),t-SNE,KMeans,dbcv,TPE,81,-0.44620189551699846,-0.4155579726933601
A,Breast cancer (Low),t-SNE,KMeans,dbcv,TPE,82,-0.4505194197318556,-0.4155579726933601
A,Breast cancer (Low),t-SNE,KMeans,dbcv,TPE,83,-0.4694696324867932,-0.4155579726933601
A,Breast cancer (Low),t-SNE,KMeans,dbcv,TPE,84,-0.4619902838061985,-0.4155579726933601
A,Breast cancer (Low),t-SNE,KMeans,dbcv,TPE,85,-0.5005976191531634,-0.4155579726933601
A,Breast cancer (Low),t-SNE,KMeans,dbcv,TPE,86,-0.44717939192966943,-0.4155579726933601
A,Breast cancer (Low),t-SNE,KMeans,dbcv,TPE,87,-0.4363698120686591,-0.4155579726933601
A,Breast cancer (Low),t-SNE,KMeans,dbcv,TPE,88,-0.4641402359985093,-0.4155579726933601
A,Breast cancer (Low),t-SNE,KMeans,dbcv,TPE,89,-0.4369179478290327,-0.4155579726933601
A,Breast cancer (Low),t-SNE,KMeans,dbcv,TPE,90,-0.45094465934913314,-0.4155579726933601
A,Breast cancer (Low),t-SNE,KMeans,dbcv,TPE,91,-0.48836553663312837,-0.4155579726933601
A,Breast cancer (Low),t-SNE,KMeans,dbcv,TPE,92,-0.4725880504426695,-0.4155579726933601
A,Breast cancer (Low),t-SNE,KMeans,dbcv,TPE,93,-0.4626756125744536,-0.4155579726933601
A,Breast cancer (Low),t-SNE,KMeans,dbcv,TPE,94,-0.44978253630767234,-0.4155579726933601
A,Breast cancer (Low),t-SNE,KMeans,dbcv,TPE,95,-0.46702973749080734,-0.4155579726933601
A,Breast cancer (Low),t-SNE,KMeans,dbcv,TPE,96,-0.4791367012700554,-0.4155579726933601
A,Breast cancer (Low),t-SNE,KMeans,dbcv,TPE,97,-0.437128695931986,-0.4155579726933601
A,Breast cancer (Low),t-SNE,KMeans,dbcv,TPE,98,-0.4380095959343102,-0.4155579726933601
A,Breast cancer (Low),t-SNE,KMeans,dbcv,TPE,99,-0.42860121738097234,-0.4155579726933601
A,Breast cancer (Low),t-SNE,KMeans,dbcv,Random,0,-0.5021855630660707,-0.5021855630660707
A,Breast cancer (Low),t-SNE,KMeans,dbcv,Random,1,-0.6737709116749347,-0.5021855630660707
A,Breast cancer (Low),t-SNE,KMeans,dbcv,Random,2,-0.5018737962387588,-0.5018737962387588
A,Breast cancer (Low),t-SNE,KMeans,dbcv,Random,3,-0.4220517327263765,-0.4220517327263765
A,Breast cancer (Low),t-SNE,KMeans,dbcv,Random,4,-0.6632411450627584,-0.4220517327263765
A,Breast cancer (Low),t-SNE,KMeans,dbcv,Random,5,-0.5714274701607582,-0.4220517327263765
A,Breast cancer (Low),t-SNE,KMeans,dbcv,Random,6,-0.5731810876088733,-0.4220517327263765
A,Breast cancer (Low),t-SNE,KMeans,dbcv,Random,7,-0.6296858116283618,-0.4220517327263765
A,Breast cancer (Low),t-SNE,KMeans,dbcv,Random,8,-0.6538064955242698,-0.4220517327263765
A,Breast cancer (Low),t-SNE,KMeans,dbcv,Random,9,-0.7080476184104108,-0.4220517327263765
A,Breast cancer (Low),t-SNE,KMeans,dbcv,Random,10,-0.7049208482981228,-0.4220517327263765
A,Breast cancer (Low),t-SNE,KMeans,dbcv,Random,11,-0.5032721809727453,-0.4220517327263765
A,Breast cancer (Low),t-SNE,KMeans,dbcv,Random,12,-0.5682528219970225,-0.4220517327263765
A,Breast cancer (Low),t-SNE,KMeans,dbcv,Random,13,-0.5608128850032443,-0.4220517327263765
A,Breast cancer (Low),t-SNE,KMeans,dbcv,Random,14,-0.620412304273464,-0.4220517327263765
A,Breast cancer (Low),t-SNE,KMeans,dbcv,Random,15,-0.5730865843947459,-0.4220517327263765
A,Breast cancer (Low),t-SNE,KMeans,dbcv,Random,16,-0.4606717576119706,-0.4220517327263765
A,Breast cancer (Low),t-SNE,KMeans,dbcv,Random,17,-0.4307058402534104,-0.4220517327263765
A,Breast cancer (Low),t-SNE,KMeans,dbcv,Random,18,-0.6696622385687222,-0.4220517327263765
A,Breast cancer (Low),t-SNE,KMeans,dbcv,Random,19,-0.5755362609123782,-0.4220517327263765
A,Breast cancer (Low),t-SNE,KMeans,dbcv,Random,20,-0.5032373136369344,-0.4220517327263765
A,Breast cancer (Low),t-SNE,KMeans,dbcv,Random,21,-0.5368390880012894,-0.4220517327263765
A,Breast cancer (Low),t-SNE,KMeans,dbcv,Random,22,-0.7123998058294383,-0.4220517327263765
A,Breast cancer (Low),t-SNE,KMeans,dbcv,Random,23,-0.6990846741856244,-0.4220517327263765
A,Breast cancer (Low),t-SNE,KMeans,dbcv,Random,24,-0.47879323714636207,-0.4220517327263765
A,Breast cancer (Low),t-SNE,KMeans,dbcv,Random,25,-0.6999834900033125,-0.4220517327263765
A,Breast cancer (Low),t-SNE,KMeans,dbcv,Random,26,-0.48468622849793663,-0.4220517327263765
A,Breast cancer (Low),t-SNE,KMeans,dbcv,Random,27,-0.7093203428916203,-0.4220517327263765
A,Breast cancer (Low),t-SNE,KMeans,dbcv,Random,28,-0.5219686405729316,-0.4220517327263765
A,Breast cancer (Low),t-SNE,KMeans,dbcv,Random,29,-0.5875694568895791,-0.4220517327263765
A,Breast cancer (Low),t-SNE,KMeans,dbcv,Random,30,-0.47157317526474885,-0.4220517327263765
A,Breast cancer (Low),t-SNE,KMeans,dbcv,Random,31,-0.5641548937029368,-0.4220517327263765
A,Breast cancer (Low),t-SNE,KMeans,dbcv,Random,32,-0.6802729414609674,-0.4220517327263765
A,Breast cancer (Low),t-SNE,KMeans,dbcv,Random,33,-0.524576360291848,-0.4220517327263765
A,Breast cancer (Low),t-SNE,KMeans,dbcv,Random,34,-0.477188000748223,-0.4220517327263765
A,Breast cancer (Low),t-SNE,KMeans,dbcv,Random,35,-0.5473564833051509,-0.4220517327263765
A,Breast cancer (Low),t-SNE,KMeans,dbcv,Random,36,-0.6131922881581217,-0.4220517327263765
A,Breast cancer (Low),t-SNE,KMeans,dbcv,Random,37,-0.4540452071674095,-0.4220517327263765
A,Breast cancer (Low),t-SNE,KMeans,dbcv,Random,38,-0.48172070139673334,-0.4220517327263765
A,Breast cancer (Low),t-SNE,KMeans,dbcv,Random,39,-0.5812138207043859,-0.4220517327263765
A,Breast cancer (Low),t-SNE,KMeans,dbcv,Random,40,-0.6058875852440634,-0.4220517327263765
A,Breast cancer (Low),t-SNE,KMeans,dbcv,Random,41,-0.5891527975181194,-0.4220517327263765
A,Breast cancer (Low),t-SNE,KMeans,dbcv,Random,42,-0.7255622647538782,-0.4220517327263765
A,Breast cancer (Low),t-SNE,KMeans,dbcv,Random,43,-0.6589747079981618,-0.4220517327263765
A,Breast cancer (Low),t-SNE,KMeans,dbcv,Random,44,-0.47088152843861614,-0.4220517327263765
A,Breast cancer (Low),t-SNE,KMeans,dbcv,Random,45,-0.4954594048270923,-0.4220517327263765
A,Breast cancer (Low),t-SNE,KMeans,dbcv,Random,46,-0.4447998479490635,-0.4220517327263765
A,Breast cancer (Low),t-SNE,KMeans,dbcv,Random,47,-0.6625962867447872,-0.4220517327263765
A,Breast cancer (Low),t-SNE,KMeans,dbcv,Random,48,-0.5112373784105736,-0.4220517327263765
A,Breast cancer (Low),t-SNE,KMeans,dbcv,Random,49,-0.6591984727250996,-0.4220517327263765
A,Breast cancer (Low),t-SNE,KMeans,dbcv,Random,50,-0.7235779291408694,-0.4220517327263765
A,Breast cancer (Low),t-SNE,KMeans,dbcv,Random,51,-0.6440253809892387,-0.4220517327263765
A,Breast cancer (Low),t-SNE,KMeans,dbcv,Random,52,-0.6811757897313122,-0.4220517327263765
A,Breast cancer (Low),t-SNE,KMeans,dbcv,Random,53,-0.5921075491291334,-0.4220517327263765
A,Breast cancer (Low),t-SNE,KMeans,dbcv,Random,54,-0.6885948567347813,-0.4220517327263765
A,Breast cancer (Low),t-SNE,KMeans,dbcv,Random,55,-0.6376609837954412,-0.4220517327263765
A,Breast cancer (Low),t-SNE,KMeans,dbcv,Random,56,-0.5206469873012675,-0.4220517327263765
A,Breast cancer (Low),t-SNE,KMeans,dbcv,Random,57,-0.6540065435767568,-0.4220517327263765
A,Breast cancer (Low),t-SNE,KMeans,dbcv,Random,58,-0.5266947865838176,-0.4220517327263765
A,Breast cancer (Low),t-SNE,KMeans,dbcv,Random,59,-0.6511317111630212,-0.4220517327263765
A,Breast cancer (Low),t-SNE,KMeans,dbcv,Random,60,-0.45316301666252623,-0.4220517327263765
A,Breast cancer (Low),t-SNE,KMeans,dbcv,Random,61,-0.5759211726336234,-0.4220517327263765
A,Breast cancer (Low),t-SNE,KMeans,dbcv,Random,62,-0.5860920125821037,-0.4220517327263765
A,Breast cancer (Low),t-SNE,KMeans,dbcv,Random,63,-0.4957578083467004,-0.4220517327263765
A,Breast cancer (Low),t-SNE,KMeans,dbcv,Random,64,-0.6454182364151547,-0.4220517327263765
A,Breast cancer (Low),t-SNE,KMeans,dbcv,Random,65,-0.468830721919261,-0.4220517327263765
A,Breast cancer (Low),t-SNE,KMeans,dbcv,Random,66,-0.5253282746735576,-0.4220517327263765
A,Breast cancer (Low),t-SNE,KMeans,dbcv,Random,67,-0.4863266570028358,-0.4220517327263765
A,Breast cancer (Low),t-SNE,KMeans,dbcv,Random,68,-0.6987115714807706,-0.4220517327263765
A,Breast cancer (Low),t-SNE,KMeans,dbcv,Random,69,-0.6078315955659238,-0.4220517327263765
A,Breast cancer (Low),t-SNE,KMeans,dbcv,Random,70,-0.5117302984721114,-0.4220517327263765
A,Breast cancer (Low),t-SNE,KMeans,dbcv,Random,71,-0.6600188379169556,-0.4220517327263765
A,Breast cancer (Low),t-SNE,KMeans,dbcv,Random,72,-0.46716799583531354,-0.4220517327263765
A,Breast cancer (Low),t-SNE,KMeans,dbcv,Random,73,-0.5201258795715,-0.4220517327263765
A,Breast cancer (Low),t-SNE,KMeans,dbcv,Random,74,-0.697200604857357,-0.4220517327263765
A,Breast cancer (Low),t-SNE,KMeans,dbcv,Random,75,-0.5821404331022764,-0.4220517327263765
A,Breast cancer (Low),t-SNE,KMeans,dbcv,Random,76,-0.4924251336423724,-0.4220517327263765
A,Breast cancer (Low),t-SNE,KMeans,dbcv,Random,77,-0.5502473762807739,-0.4220517327263765
A,Breast cancer (Low),t-SNE,KMeans,dbcv,Random,78,-0.6564775793685215,-0.4220517327263765
A,Breast cancer (Low),t-SNE,KMeans,dbcv,Random,79,-0.7232321390103054,-0.4220517327263765
A,Breast cancer (Low),t-SNE,KMeans,dbcv,Random,80,-0.448573350834258,-0.4220517327263765
A,Breast cancer (Low),t-SNE,KMeans,dbcv,Random,81,-0.4876704407026765,-0.4220517327263765
A,Breast cancer (Low),t-SNE,KMeans,dbcv,Random,82,-0.4968969335997369,-0.4220517327263765
A,Breast cancer (Low),t-SNE,KMeans,dbcv,Random,83,-0.6023349217920078,-0.4220517327263765
A,Breast cancer (Low),t-SNE,KMeans,dbcv,Random,84,-0.7038454937702027,-0.4220517327263765
A,Breast cancer (Low),t-SNE,KMeans,dbcv,Random,85,-0.4887120431089554,-0.4220517327263765
A,Breast cancer (Low),t-SNE,KMeans,dbcv,Random,86,-0.5277999150501838,-0.4220517327263765
A,Breast cancer (Low),t-SNE,KMeans,dbcv,Random,87,-0.5270276073157268,-0.4220517327263765
A,Breast cancer (Low),t-SNE,KMeans,dbcv,Random,88,-0.5718657548739621,-0.4220517327263765
A,Breast cancer (Low),t-SNE,KMeans,dbcv,Random,89,-0.6220511879454299,-0.4220517327263765
A,Breast cancer (Low),t-SNE,KMeans,dbcv,Random,90,-0.43952824205348745,-0.4220517327263765
A,Breast cancer (Low),t-SNE,KMeans,dbcv,Random,91,-0.5927910107546678,-0.4220517327263765
A,Breast cancer (Low),t-SNE,KMeans,dbcv,Random,92,-0.5270933079897476,-0.4220517327263765
A,Breast cancer (Low),t-SNE,KMeans,dbcv,Random,93,-0.5946620730172434,-0.4220517327263765
A,Breast cancer (Low),t-SNE,KMeans,dbcv,Random,94,-0.5280394704822832,-0.4220517327263765
A,Breast cancer (Low),t-SNE,KMeans,dbcv,Random,95,-0.48394403318372714,-0.4220517327263765
A,Breast cancer (Low),t-SNE,KMeans,dbcv,Random,96,-0.5784850422706533,-0.4220517327263765
A,Breast cancer (Low),t-SNE,KMeans,dbcv,Random,97,-0.6218273038610953,-0.4220517327263765
A,Breast cancer (Low),t-SNE,KMeans,dbcv,Random,98,-0.5345532196534211,-0.4220517327263765
A,Breast cancer (Low),t-SNE,KMeans,dbcv,Random,99,-0.6632589742275438,-0.4220517327263765
A,Breast cancer (Low),PCA,HDBSCAN,dbcv,TPE,0,-1.0,-1.0
A,Breast cancer (Low),PCA,HDBSCAN,dbcv,TPE,1,-1.0,-1.0
A,Breast cancer (Low),PCA,HDBSCAN,dbcv,TPE,2,-1.0,-1.0
A,Breast cancer (Low),PCA,HDBSCAN,dbcv,TPE,3,-1.0,-1.0
A,Breast cancer (Low),PCA,HDBSCAN,dbcv,TPE,4,-1.0,-1.0
A,Breast cancer (Low),PCA,HDBSCAN,dbcv,TPE,5,-1.0,-1.0
A,Breast cancer (Low),PCA,HDBSCAN,dbcv,TPE,6,-1.0,-1.0
A,Breast cancer (Low),PCA,HDBSCAN,dbcv,TPE,7,-1.0,-1.0
A,Breast cancer (Low),PCA,HDBSCAN,dbcv,TPE,8,-1.0,-1.0
A,Breast cancer (Low),PCA,HDBSCAN,dbcv,TPE,9,-1.0,-1.0
A,Breast cancer (Low),PCA,HDBSCAN,dbcv,TPE,10,-1.0,-1.0
A,Breast cancer (Low),PCA,HDBSCAN,dbcv,TPE,11,-1.0,-1.0
A,Breast cancer (Low),PCA,HDBSCAN,dbcv,TPE,12,-1.0,-1.0
A,Breast cancer (Low),PCA,HDBSCAN,dbcv,TPE,13,-1.0,-1.0
A,Breast cancer (Low),PCA,HDBSCAN,dbcv,TPE,14,-1.0,-1.0
A,Breast cancer (Low),PCA,HDBSCAN,dbcv,TPE,15,-1.0,-1.0
A,Breast cancer (Low),PCA,HDBSCAN,dbcv,TPE,16,-1.0,-1.0
A,Breast cancer (Low),PCA,HDBSCAN,dbcv,TPE,17,-1.0,-1.0
A,Breast cancer (Low),PCA,HDBSCAN,dbcv,TPE,18,-1.0,-1.0
A,Breast cancer (Low),PCA,HDBSCAN,dbcv,TPE,19,-1.0,-1.0
A,Breast cancer (Low),PCA,HDBSCAN,dbcv,TPE,20,-1.0,-1.0
A,Breast cancer (Low),PCA,HDBSCAN,dbcv,TPE,21,-1.0,-1.0
A,Breast cancer (Low),PCA,HDBSCAN,dbcv,TPE,22,-1.0,-1.0
A,Breast cancer (Low),PCA,HDBSCAN,dbcv,TPE,23,-1.0,-1.0
A,Breast cancer (Low),PCA,HDBSCAN,dbcv,TPE,24,-1.0,-1.0
A,Breast cancer (Low),PCA,HDBSCAN,dbcv,TPE,25,-1.0,-1.0
A,Breast cancer (Low),PCA,HDBSCAN,dbcv,TPE,26,-1.0,-1.0
A,Breast cancer (Low),PCA,HDBSCAN,dbcv,TPE,27,-1.0,-1.0
A,Breast cancer (Low),PCA,HDBSCAN,dbcv,TPE,28,-1.0,-1.0
A,Breast cancer (Low),PCA,HDBSCAN,dbcv,TPE,29,-1.0,-1.0
A,Breast cancer (Low),PCA,HDBSCAN,dbcv,TPE,30,-1.0,-1.0
A,Breast cancer (Low),PCA,HDBSCAN,dbcv,TPE,31,-1.0,-1.0
A,Breast cancer (Low),PCA,HDBSCAN,dbcv,TPE,32,-1.0,-1.0
A,Breast cancer (Low),PCA,HDBSCAN,dbcv,TPE,33,-1.0,-1.0
A,Breast cancer (Low),PCA,HDBSCAN,dbcv,TPE,34,-1.0,-1.0
A,Breast cancer (Low),PCA,HDBSCAN,dbcv,TPE,35,-1.0,-1.0
A,Breast cancer (Low),PCA,HDBSCAN,dbcv,TPE,36,-1.0,-1.0
A,Breast cancer (Low),PCA,HDBSCAN,dbcv,TPE,37,-1.0,-1.0
A,Breast cancer (Low),PCA,HDBSCAN,dbcv,TPE,38,-1.0,-1.0
A,Breast cancer (Low),PCA,HDBSCAN,dbcv,TPE,39,-1.0,-1.0
A,Breast cancer (Low),PCA,HDBSCAN,dbcv,TPE,40,-1.0,-1.0
A,Breast cancer (Low),PCA,HDBSCAN,dbcv,TPE,41,-1.0,-1.0
A,Breast cancer (Low),PCA,HDBSCAN,dbcv,TPE,42,-0.04669661422398664,-0.04669661422398664
A,Breast cancer (Low),PCA,HDBSCAN,dbcv,TPE,43,-0.04619800105860602,-0.04619800105860602
A,Breast cancer (Low),PCA,HDBSCAN,dbcv,TPE,44,-1.0,-0.04619800105860602
A,Breast cancer (Low),PCA,HDBSCAN,dbcv,TPE,45,-1.0,-0.04619800105860602
A,Breast cancer (Low),PCA,HDBSCAN,dbcv,TPE,46,-1.0,-0.04619800105860602
A,Breast cancer (Low),PCA,HDBSCAN,dbcv,TPE,47,-1.0,-0.04619800105860602
A,Breast cancer (Low),PCA,HDBSCAN,dbcv,TPE,48,-1.0,-0.04619800105860602
A,Breast cancer (Low),PCA,HDBSCAN,dbcv,TPE,49,-1.0,-0.04619800105860602
A,Breast cancer (Low),PCA,HDBSCAN,dbcv,TPE,50,-1.0,-0.04619800105860602
A,Breast cancer (Low),PCA,HDBSCAN,dbcv,TPE,51,-1.0,-0.04619800105860602
A,Breast cancer (Low),PCA,HDBSCAN,dbcv,TPE,52,-1.0,-0.04619800105860602
A,Breast cancer (Low),PCA,HDBSCAN,dbcv,TPE,53,-1.0,-0.04619800105860602
A,Breast cancer (Low),PCA,HDBSCAN,dbcv,TPE,54,-1.0,-0.04619800105860602
A,Breast cancer (Low),PCA,HDBSCAN,dbcv,TPE,55,-1.0,-0.04619800105860602
A,Breast cancer (Low),PCA,HDBSCAN,dbcv,TPE,56,-1.0,-0.04619800105860602
A,Breast cancer (Low),PCA,HDBSCAN,dbcv,TPE,57,-1.0,-0.04619800105860602
A,Breast cancer (Low),PCA,HDBSCAN,dbcv,TPE,58,-0.08995151058773043,-0.04619800105860602
A,Breast cancer (Low),PCA,HDBSCAN,dbcv,TPE,59,-1.0,-0.04619800105860602
A,Breast cancer (Low),PCA,HDBSCAN,dbcv,TPE,60,-1.0,-0.04619800105860602
A,Breast cancer (Low),PCA,HDBSCAN,dbcv,TPE,61,-1.0,-0.04619800105860602
A,Breast cancer (Low),PCA,HDBSCAN,dbcv,TPE,62,-1.0,-0.04619800105860602
A,Breast cancer (Low),PCA,HDBSCAN,dbcv,TPE,63,-1.0,-0.04619800105860602
A,Breast cancer (Low),PCA,HDBSCAN,dbcv,TPE,64,-0.02954611690514793,-0.02954611690514793
A,Breast cancer (Low),PCA,HDBSCAN,dbcv,TPE,65,-0.07868661830086426,-0.02954611690514793
A,Breast cancer (Low),PCA,HDBSCAN,dbcv,TPE,66,-1.0,-0.02954611690514793
A,Breast cancer (Low),PCA,HDBSCAN,dbcv,TPE,67,-0.36874763917257863,-0.02954611690514793
A,Breast cancer (Low),PCA,HDBSCAN,dbcv,TPE,68,-0.07868661830086426,-0.02954611690514793
A,Breast cancer (Low),PCA,HDBSCAN,dbcv,TPE,69,-0.07745861833343251,-0.02954611690514793
A,Breast cancer (Low),PCA,HDBSCAN,dbcv,TPE,70,-0.11167521720813502,-0.02954611690514793
A,Breast cancer (Low),PCA,HDBSCAN,dbcv,TPE,71,-0.02954611690514793,-0.02954611690514793
A,Breast cancer (Low),PCA,HDBSCAN,dbcv,TPE,72,-0.11425134544504534,-0.02954611690514793
A,Breast cancer (Low),PCA,HDBSCAN,dbcv,TPE,73,-1.0,-0.02954611690514793
A,Breast cancer (Low),PCA,HDBSCAN,dbcv,TPE,74,-0.36874763917257863,-0.02954611690514793
A,Breast cancer (Low),PCA,HDBSCAN,dbcv,TPE,75,-1.0,-0.02954611690514793
A,Breast cancer (Low),PCA,HDBSCAN,dbcv,TPE,76,-1.0,-0.02954611690514793
A,Breast cancer (Low),PCA,HDBSCAN,dbcv,TPE,77,-0.07868661830086426,-0.02954611690514793
A,Breast cancer (Low),PCA,HDBSCAN,dbcv,TPE,78,-1.0,-0.02954611690514793
A,Breast cancer (Low),PCA,HDBSCAN,dbcv,TPE,79,-1.0,-0.02954611690514793
A,Breast cancer (Low),PCA,HDBSCAN,dbcv,TPE,80,-1.0,-0.02954611690514793
A,Breast cancer (Low),PCA,HDBSCAN,dbcv,TPE,81,-0.07689643702838911,-0.02954611690514793
A,Breast cancer (Low),PCA,HDBSCAN,dbcv,TPE,82,-1.0,-0.02954611690514793
A,Breast cancer (Low),PCA,HDBSCAN,dbcv,TPE,83,0.02739706637175529,0.02739706637175529
A,Breast cancer (Low),PCA,HDBSCAN,dbcv,TPE,84,0.02739706637175529,0.02739706637175529
A,Breast cancer (Low),PCA,HDBSCAN,dbcv,TPE,85,-1.0,0.02739706637175529
A,Breast cancer (Low),PCA,HDBSCAN,dbcv,TPE,86,-1.0,0.02739706637175529
A,Breast cancer (Low),PCA,HDBSCAN,dbcv,TPE,87,-1.0,0.02739706637175529
A,Breast cancer (Low),PCA,HDBSCAN,dbcv,TPE,88,-1.0,0.02739706637175529
A,Breast cancer (Low),PCA,HDBSCAN,dbcv,TPE,89,-1.0,0.02739706637175529
A,Breast cancer (Low),PCA,HDBSCAN,dbcv,TPE,90,-1.0,0.02739706637175529
A,Breast cancer (Low),PCA,HDBSCAN,dbcv,TPE,91,-0.07745861833343251,0.02739706637175529
A,Breast cancer (Low),PCA,HDBSCAN,dbcv,TPE,92,-1.0,0.02739706637175529
A,Breast cancer (Low),PCA,HDBSCAN,dbcv,TPE,93,-1.0,0.02739706637175529
A,Breast cancer (Low),PCA,HDBSCAN,dbcv,TPE,94,-0.07689643702838911,0.02739706637175529
A,Breast cancer (Low),PCA,HDBSCAN,dbcv,TPE,95,-1.0,0.02739706637175529
A,Breast cancer (Low),PCA,HDBSCAN,dbcv,TPE,96,-1.0,0.02739706637175529
A,Breast cancer (Low),PCA,HDBSCAN,dbcv,TPE,97,-1.0,0.02739706637175529
A,Breast cancer (Low),PCA,HDBSCAN,dbcv,TPE,98,-1.0,0.02739706637175529
A,Breast cancer (Low),PCA,HDBSCAN,dbcv,TPE,99,-1.0,0.02739706637175529
A,Breast cancer (Low),PCA,HDBSCAN,dbcv,Random,0,-1.0,-1.0
A,Breast cancer (Low),PCA,HDBSCAN,dbcv,Random,1,-1.0,-1.0
A,Breast cancer (Low),PCA,HDBSCAN,dbcv,Random,2,-1.0,-1.0
A,Breast cancer (Low),PCA,HDBSCAN,dbcv,Random,3,-1.0,-1.0
A,Breast cancer (Low),PCA,HDBSCAN,dbcv,Random,4,-1.0,-1.0
A,Breast cancer (Low),PCA,HDBSCAN,dbcv,Random,5,-1.0,-1.0
A,Breast cancer (Low),PCA,HDBSCAN,dbcv,Random,6,-1.0,-1.0
A,Breast cancer (Low),PCA,HDBSCAN,dbcv,Random,7,-1.0,-1.0
A,Breast cancer (Low),PCA,HDBSCAN,dbcv,Random,8,-1.0,-1.0
A,Breast cancer (Low),PCA,HDBSCAN,dbcv,Random,9,-1.0,-1.0
A,Breast cancer (Low),PCA,HDBSCAN,dbcv,Random,10,-1.0,-1.0
A,Breast cancer (Low),PCA,HDBSCAN,dbcv,Random,11,-1.0,-1.0
A,Breast cancer (Low),PCA,HDBSCAN,dbcv,Random,12,-1.0,-1.0
A,Breast cancer (Low),PCA,HDBSCAN,dbcv,Random,13,-1.0,-1.0
A,Breast cancer (Low),PCA,HDBSCAN,dbcv,Random,14,-1.0,-1.0
A,Breast cancer (Low),PCA,HDBSCAN,dbcv,Random,15,-1.0,-1.0
A,Breast cancer (Low),PCA,HDBSCAN,dbcv,Random,16,-1.0,-1.0
A,Breast cancer (Low),PCA,HDBSCAN,dbcv,Random,17,-1.0,-1.0
A,Breast cancer (Low),PCA,HDBSCAN,dbcv,Random,18,-1.0,-1.0
A,Breast cancer (Low),PCA,HDBSCAN,dbcv,Random,19,-1.0,-1.0
A,Breast cancer (Low),PCA,HDBSCAN,dbcv,Random,20,-1.0,-1.0
A,Breast cancer (Low),PCA,HDBSCAN,dbcv,Random,21,-1.0,-1.0
A,Breast cancer (Low),PCA,HDBSCAN,dbcv,Random,22,-1.0,-1.0
A,Breast cancer (Low),PCA,HDBSCAN,dbcv,Random,23,-1.0,-1.0
A,Breast cancer (Low),PCA,HDBSCAN,dbcv,Random,24,-1.0,-1.0
A,Breast cancer (Low),PCA,HDBSCAN,dbcv,Random,25,-1.0,-1.0
A,Breast cancer (Low),PCA,HDBSCAN,dbcv,Random,26,-1.0,-1.0
A,Breast cancer (Low),PCA,HDBSCAN,dbcv,Random,27,-1.0,-1.0
A,Breast cancer (Low),PCA,HDBSCAN,dbcv,Random,28,-1.0,-1.0
A,Breast cancer (Low),PCA,HDBSCAN,dbcv,Random,29,-1.0,-1.0
A,Breast cancer (Low),PCA,HDBSCAN,dbcv,Random,30,-1.0,-1.0
A,Breast cancer (Low),PCA,HDBSCAN,dbcv,Random,31,-1.0,-1.0
A,Breast cancer (Low),PCA,HDBSCAN,dbcv,Random,32,-0.07172310600391067,-0.07172310600391067
A,Breast cancer (Low),PCA,HDBSCAN,dbcv,Random,33,-1.0,-0.07172310600391067
A,Breast cancer (Low),PCA,HDBSCAN,dbcv,Random,34,-1.0,-0.07172310600391067
A,Breast cancer (Low),PCA,HDBSCAN,dbcv,Random,35,-1.0,-0.07172310600391067
A,Breast cancer (Low),PCA,HDBSCAN,dbcv,Random,36,-1.0,-0.07172310600391067
A,Breast cancer (Low),PCA,HDBSCAN,dbcv,Random,37,-1.0,-0.07172310600391067
A,Breast cancer (Low),PCA,HDBSCAN,dbcv,Random,38,-1.0,-0.07172310600391067
A,Breast cancer (Low),PCA,HDBSCAN,dbcv,Random,39,-1.0,-0.07172310600391067
A,Breast cancer (Low),PCA,HDBSCAN,dbcv,Random,40,-1.0,-0.07172310600391067
A,Breast cancer (Low),PCA,HDBSCAN,dbcv,Random,41,-1.0,-0.07172310600391067
A,Breast cancer (Low),PCA,HDBSCAN,dbcv,Random,42,-1.0,-0.07172310600391067
A,Breast cancer (Low),PCA,HDBSCAN,dbcv,Random,43,-1.0,-0.07172310600391067
A,Breast cancer (Low),PCA,HDBSCAN,dbcv,Random,44,-1.0,-0.07172310600391067
A,Breast cancer (Low),PCA,HDBSCAN,dbcv,Random,45,-1.0,-0.07172310600391067
A,Breast cancer (Low),PCA,HDBSCAN,dbcv,Random,46,-1.0,-0.07172310600391067
A,Breast cancer (Low),PCA,HDBSCAN,dbcv,Random,47,-1.0,-0.07172310600391067
A,Breast cancer (Low),PCA,HDBSCAN,dbcv,Random,48,-1.0,-0.07172310600391067
A,Breast cancer (Low),PCA,HDBSCAN,dbcv,Random,49,-1.0,-0.07172310600391067
A,Breast cancer (Low),PCA,HDBSCAN,dbcv,Random,50,-1.0,-0.07172310600391067
A,Breast cancer (Low),PCA,HDBSCAN,dbcv,Random,51,-1.0,-0.07172310600391067
A,Breast cancer (Low),PCA,HDBSCAN,dbcv,Random,52,-1.0,-0.07172310600391067
A,Breast cancer (Low),PCA,HDBSCAN,dbcv,Random,53,-1.0,-0.07172310600391067
A,Breast cancer (Low),PCA,HDBSCAN,dbcv,Random,54,-1.0,-0.07172310600391067
A,Breast cancer (Low),PCA,HDBSCAN,dbcv,Random,55,-1.0,-0.07172310600391067
A,Breast cancer (Low),PCA,HDBSCAN,dbcv,Random,56,-1.0,-0.07172310600391067
A,Breast cancer (Low),PCA,HDBSCAN,dbcv,Random,57,-0.3611027794535192,-0.07172310600391067
A,Breast cancer (Low),PCA,HDBSCAN,dbcv,Random,58,-1.0,-0.07172310600391067
A,Breast cancer (Low),PCA,HDBSCAN,dbcv,Random,59,-1.0,-0.07172310600391067
A,Breast cancer (Low),PCA,HDBSCAN,dbcv,Random,60,-1.0,-0.07172310600391067
A,Breast cancer (Low),PCA,HDBSCAN,dbcv,Random,61,-1.0,-0.07172310600391067
A,Breast cancer (Low),PCA,HDBSCAN,dbcv,Random,62,-1.0,-0.07172310600391067
A,Breast cancer (Low),PCA,HDBSCAN,dbcv,Random,63,-1.0,-0.07172310600391067
A,Breast cancer (Low),PCA,HDBSCAN,dbcv,Random,64,-1.0,-0.07172310600391067
A,Breast cancer (Low),PCA,HDBSCAN,dbcv,Random,65,-1.0,-0.07172310600391067
A,Breast cancer (Low),PCA,HDBSCAN,dbcv,Random,66,-1.0,-0.07172310600391067
A,Breast cancer (Low),PCA,HDBSCAN,dbcv,Random,67,-1.0,-0.07172310600391067
A,Breast cancer (Low),PCA,HDBSCAN,dbcv,Random,68,-1.0,-0.07172310600391067
A,Breast cancer (Low),PCA,HDBSCAN,dbcv,Random,69,-1.0,-0.07172310600391067
A,Breast cancer (Low),PCA,HDBSCAN,dbcv,Random,70,-1.0,-0.07172310600391067
A,Breast cancer (Low),PCA,HDBSCAN,dbcv,Random,71,-1.0,-0.07172310600391067
A,Breast cancer (Low),PCA,HDBSCAN,dbcv,Random,72,-1.0,-0.07172310600391067
A,Breast cancer (Low),PCA,HDBSCAN,dbcv,Random,73,-1.0,-0.07172310600391067
A,Breast cancer (Low),PCA,HDBSCAN,dbcv,Random,74,-0.142872802359122,-0.07172310600391067
A,Breast cancer (Low),PCA,HDBSCAN,dbcv,Random,75,-1.0,-0.07172310600391067
A,Breast cancer (Low),PCA,HDBSCAN,dbcv,Random,76,-1.0,-0.07172310600391067
A,Breast cancer (Low),PCA,HDBSCAN,dbcv,Random,77,-1.0,-0.07172310600391067
A,Breast cancer (Low),PCA,HDBSCAN,dbcv,Random,78,-1.0,-0.07172310600391067
A,Breast cancer (Low),PCA,HDBSCAN,dbcv,Random,79,-0.2150480672441396,-0.07172310600391067
A,Breast cancer (Low),PCA,HDBSCAN,dbcv,Random,80,-1.0,-0.07172310600391067
A,Breast cancer (Low),PCA,HDBSCAN,dbcv,Random,81,-1.0,-0.07172310600391067
A,Breast cancer (Low),PCA,HDBSCAN,dbcv,Random,82,-1.0,-0.07172310600391067
A,Breast cancer (Low),PCA,HDBSCAN,dbcv,Random,83,-1.0,-0.07172310600391067
A,Breast cancer (Low),PCA,HDBSCAN,dbcv,Random,84,-1.0,-0.07172310600391067
A,Breast cancer (Low),PCA,HDBSCAN,dbcv,Random,85,-1.0,-0.07172310600391067
A,Breast cancer (Low),PCA,HDBSCAN,dbcv,Random,86,-1.0,-0.07172310600391067
A,Breast cancer (Low),PCA,HDBSCAN,dbcv,Random,87,-1.0,-0.07172310600391067
A,Breast cancer (Low),PCA,HDBSCAN,dbcv,Random,88,-1.0,-0.07172310600391067
A,Breast cancer (Low),PCA,HDBSCAN,dbcv,Random,89,-1.0,-0.07172310600391067
A,Breast cancer (Low),PCA,HDBSCAN,dbcv,Random,90,-1.0,-0.07172310600391067
A,Breast cancer (Low),PCA,HDBSCAN,dbcv,Random,91,-1.0,-0.07172310600391067
A,Breast cancer (Low),PCA,HDBSCAN,dbcv,Random,92,-1.0,-0.07172310600391067
A,Breast cancer (Low),PCA,HDBSCAN,dbcv,Random,93,-1.0,-0.07172310600391067
A,Breast cancer (Low),PCA,HDBSCAN,dbcv,Random,94,-1.0,-0.07172310600391067
A,Breast cancer (Low),PCA,HDBSCAN,dbcv,Random,95,-1.0,-0.07172310600391067
A,Breast cancer (Low),PCA,HDBSCAN,dbcv,Random,96,-1.0,-0.07172310600391067
A,Breast cancer (Low),PCA,HDBSCAN,dbcv,Random,97,-1.0,-0.07172310600391067
A,Breast cancer (Low),PCA,HDBSCAN,dbcv,Random,98,-1.0,-0.07172310600391067
A,Breast cancer (Low),PCA,HDBSCAN,dbcv,Random,99,-1.0,-0.07172310600391067
A,Breast cancer (Low),PCA,DBSCAN,dbcv,TPE,0,-1.0,-1.0
A,Breast cancer (Low),PCA,DBSCAN,dbcv,TPE,1,-1.0,-1.0
A,Breast cancer (Low),PCA,DBSCAN,dbcv,TPE,2,-1.0,-1.0
A,Breast cancer (Low),PCA,DBSCAN,dbcv,TPE,3,-1.0,-1.0
A,Breast cancer (Low),PCA,DBSCAN,dbcv,TPE,4,-1.0,-1.0
A,Breast cancer (Low),PCA,DBSCAN,dbcv,TPE,5,-1.0,-1.0
A,Breast cancer (Low),PCA,DBSCAN,dbcv,TPE,6,-1.0,-1.0
A,Breast cancer (Low),PCA,DBSCAN,dbcv,TPE,7,-1.0,-1.0
A,Breast cancer (Low),PCA,DBSCAN,dbcv,TPE,8,-1.0,-1.0
A,Breast cancer (Low),PCA,DBSCAN,dbcv,TPE,9,0.1227701597896316,0.1227701597896316
A,Breast cancer (Low),PCA,DBSCAN,dbcv,TPE,10,-1.0,0.1227701597896316
A,Breast cancer (Low),PCA,DBSCAN,dbcv,TPE,11,-1.0,0.1227701597896316
A,Breast cancer (Low),PCA,DBSCAN,dbcv,TPE,12,-1.0,0.1227701597896316
A,Breast cancer (Low),PCA,DBSCAN,dbcv,TPE,13,-1.0,0.1227701597896316
A,Breast cancer (Low),PCA,DBSCAN,dbcv,TPE,14,-1.0,0.1227701597896316
A,Breast cancer (Low),PCA,DBSCAN,dbcv,TPE,15,-0.07224733221241582,0.1227701597896316
A,Breast cancer (Low),PCA,DBSCAN,dbcv,TPE,16,-1.0,0.1227701597896316
A,Breast cancer (Low),PCA,DBSCAN,dbcv,TPE,17,-1.0,0.1227701597896316
A,Breast cancer (Low),PCA,DBSCAN,dbcv,TPE,18,-1.0,0.1227701597896316
A,Breast cancer (Low),PCA,DBSCAN,dbcv,TPE,19,-1.0,0.1227701597896316
A,Breast cancer (Low),PCA,DBSCAN,dbcv,TPE,20,-1.0,0.1227701597896316
A,Breast cancer (Low),PCA,DBSCAN,dbcv,TPE,21,-1.0,0.1227701597896316
A,Breast cancer (Low),PCA,DBSCAN,dbcv,TPE,22,-1.0,0.1227701597896316
A,Breast cancer (Low),PCA,DBSCAN,dbcv,TPE,23,-1.0,0.1227701597896316
A,Breast cancer (Low),PCA,DBSCAN,dbcv,TPE,24,-1.0,0.1227701597896316
A,Breast cancer (Low),PCA,DBSCAN,dbcv,TPE,25,-1.0,0.1227701597896316
A,Breast cancer (Low),PCA,DBSCAN,dbcv,TPE,26,-1.0,0.1227701597896316
A,Breast cancer (Low),PCA,DBSCAN,dbcv,TPE,27,-1.0,0.1227701597896316
A,Breast cancer (Low),PCA,DBSCAN,dbcv,TPE,28,-1.0,0.1227701597896316
A,Breast cancer (Low),PCA,DBSCAN,dbcv,TPE,29,-1.0,0.1227701597896316
A,Breast cancer (Low),PCA,DBSCAN,dbcv,TPE,30,-1.0,0.1227701597896316
A,Breast cancer (Low),PCA,DBSCAN,dbcv,TPE,31,-1.0,0.1227701597896316
A,Breast cancer (Low),PCA,DBSCAN,dbcv,TPE,32,-1.0,0.1227701597896316
A,Breast cancer (Low),PCA,DBSCAN,dbcv,TPE,33,-1.0,0.1227701597896316
A,Breast cancer (Low),PCA,DBSCAN,dbcv,TPE,34,-1.0,0.1227701597896316
A,Breast cancer (Low),PCA,DBSCAN,dbcv,TPE,35,-1.0,0.1227701597896316
A,Breast cancer (Low),PCA,DBSCAN,dbcv,TPE,36,-0.06330492282870469,0.1227701597896316
A,Breast cancer (Low),PCA,DBSCAN,dbcv,TPE,37,-1.0,0.1227701597896316
A,Breast cancer (Low),PCA,DBSCAN,dbcv,TPE,38,-1.0,0.1227701597896316
A,Breast cancer (Low),PCA,DBSCAN,dbcv,TPE,39,-1.0,0.1227701597896316
A,Breast cancer (Low),PCA,DBSCAN,dbcv,TPE,40,-1.0,0.1227701597896316
A,Breast cancer (Low),PCA,DBSCAN,dbcv,TPE,41,-1.0,0.1227701597896316
A,Breast cancer (Low),PCA,DBSCAN,dbcv,TPE,42,-1.0,0.1227701597896316
A,Breast cancer (Low),PCA,DBSCAN,dbcv,TPE,43,-1.0,0.1227701597896316
A,Breast cancer (Low),PCA,DBSCAN,dbcv,TPE,44,-1.0,0.1227701597896316
A,Breast cancer (Low),PCA,DBSCAN,dbcv,TPE,45,-1.0,0.1227701597896316
A,Breast cancer (Low),PCA,DBSCAN,dbcv,TPE,46,-1.0,0.1227701597896316
A,Breast cancer (Low),PCA,DBSCAN,dbcv,TPE,47,-0.07423898357315864,0.1227701597896316
A,Breast cancer (Low),PCA,DBSCAN,dbcv,TPE,48,-0.04246872533787819,0.1227701597896316
A,Breast cancer (Low),PCA,DBSCAN,dbcv,TPE,49,-1.0,0.1227701597896316
A,Breast cancer (Low),PCA,DBSCAN,dbcv,TPE,50,-0.07290465958097106,0.1227701597896316
A,Breast cancer (Low),PCA,DBSCAN,dbcv,TPE,51,-0.004098426938578651,0.1227701597896316
A,Breast cancer (Low),PCA,DBSCAN,dbcv,TPE,52,-0.05061847192222256,0.1227701597896316
A,Breast cancer (Low),PCA,DBSCAN,dbcv,TPE,53,-1.0,0.1227701597896316
A,Breast cancer (Low),PCA,DBSCAN,dbcv,TPE,54,-1.0,0.1227701597896316
A,Breast cancer (Low),PCA,DBSCAN,dbcv,TPE,55,-1.0,0.1227701597896316
A,Breast cancer (Low),PCA,DBSCAN,dbcv,TPE,56,-1.0,0.1227701597896316
A,Breast cancer (Low),PCA,DBSCAN,dbcv,TPE,57,-0.01823080954762854,0.1227701597896316
A,Breast cancer (Low),PCA,DBSCAN,dbcv,TPE,58,-1.0,0.1227701597896316
A,Breast cancer (Low),PCA,DBSCAN,dbcv,TPE,59,0.013110667681803434,0.1227701597896316
A,Breast cancer (Low),PCA,DBSCAN,dbcv,TPE,60,0.023909027668830633,0.1227701597896316
A,Breast cancer (Low),PCA,DBSCAN,dbcv,TPE,61,0.01315869481279517,0.1227701597896316
A,Breast cancer (Low),PCA,DBSCAN,dbcv,TPE,62,0.014230811497463983,0.1227701597896316
A,Breast cancer (Low),PCA,DBSCAN,dbcv,TPE,63,-0.09847087140972108,0.1227701597896316
A,Breast cancer (Low),PCA,DBSCAN,dbcv,TPE,64,0.0007317251080345629,0.1227701597896316
A,Breast cancer (Low),PCA,DBSCAN,dbcv,TPE,65,-1.0,0.1227701597896316
A,Breast cancer (Low),PCA,DBSCAN,dbcv,TPE,66,-1.0,0.1227701597896316
A,Breast cancer (Low),PCA,DBSCAN,dbcv,TPE,67,-1.0,0.1227701597896316
A,Breast cancer (Low),PCA,DBSCAN,dbcv,TPE,68,-1.0,0.1227701597896316
A,Breast cancer (Low),PCA,DBSCAN,dbcv,TPE,69,-1.0,0.1227701597896316
A,Breast cancer (Low),PCA,DBSCAN,dbcv,TPE,70,-1.0,0.1227701597896316
A,Breast cancer (Low),PCA,DBSCAN,dbcv,TPE,71,0.0007317251080345629,0.1227701597896316
A,Breast cancer (Low),PCA,DBSCAN,dbcv,TPE,72,-1.0,0.1227701597896316
A,Breast cancer (Low),PCA,DBSCAN,dbcv,TPE,73,-1.0,0.1227701597896316
A,Breast cancer (Low),PCA,DBSCAN,dbcv,TPE,74,0.013110662989835613,0.1227701597896316
A,Breast cancer (Low),PCA,DBSCAN,dbcv,TPE,75,-1.0,0.1227701597896316
A,Breast cancer (Low),PCA,DBSCAN,dbcv,TPE,76,-1.0,0.1227701597896316
A,Breast cancer (Low),PCA,DBSCAN,dbcv,TPE,77,0.09093231616546639,0.1227701597896316
A,Breast cancer (Low),PCA,DBSCAN,dbcv,TPE,78,-1.0,0.1227701597896316
A,Breast cancer (Low),PCA,DBSCAN,dbcv,TPE,79,-1.0,0.1227701597896316
A,Breast cancer (Low),PCA,DBSCAN,dbcv,TPE,80,-1.0,0.1227701597896316
A,Breast cancer (Low),PCA,DBSCAN,dbcv,TPE,81,-1.0,0.1227701597896316
A,Breast cancer (Low),PCA,DBSCAN,dbcv,TPE,82,-1.0,0.1227701597896316
A,Breast cancer (Low),PCA,DBSCAN,dbcv,TPE,83,-1.0,0.1227701597896316
A,Breast cancer (Low),PCA,DBSCAN,dbcv,TPE,84,-0.05734982331711898,0.1227701597896316
A,Breast cancer (Low),PCA,DBSCAN,dbcv,TPE,85,0.03074781304435736,0.1227701597896316
A,Breast cancer (Low),PCA,DBSCAN,dbcv,TPE,86,0.0958588053888445,0.1227701597896316
A,Breast cancer (Low),PCA,DBSCAN,dbcv,TPE,87,-1.0,0.1227701597896316
A,Breast cancer (Low),PCA,DBSCAN,dbcv,TPE,88,0.13501208309681015,0.13501208309681015
A,Breast cancer (Low),PCA,DBSCAN,dbcv,TPE,89,-1.0,0.13501208309681015
A,Breast cancer (Low),PCA,DBSCAN,dbcv,TPE,90,-1.0,0.13501208309681015
A,Breast cancer (Low),PCA,DBSCAN,dbcv,TPE,91,-0.09782921063222998,0.13501208309681015
A,Breast cancer (Low),PCA,DBSCAN,dbcv,TPE,92,-0.08774001474910678,0.13501208309681015
A,Breast cancer (Low),PCA,DBSCAN,dbcv,TPE,93,-1.0,0.13501208309681015
A,Breast cancer (Low),PCA,DBSCAN,dbcv,TPE,94,-1.0,0.13501208309681015
A,Breast cancer (Low),PCA,DBSCAN,dbcv,TPE,95,-1.0,0.13501208309681015
A,Breast cancer (Low),PCA,DBSCAN,dbcv,TPE,96,-0.07489478795891545,0.13501208309681015
A,Breast cancer (Low),PCA,DBSCAN,dbcv,TPE,97,-0.029176312128101782,0.13501208309681015
A,Breast cancer (Low),PCA,DBSCAN,dbcv,TPE,98,0.11876871727806199,0.13501208309681015
A,Breast cancer (Low),PCA,DBSCAN,dbcv,TPE,99,-1.0,0.13501208309681015
A,Breast cancer (Low),PCA,DBSCAN,dbcv,Random,0,-1.0,-1.0
A,Breast cancer (Low),PCA,DBSCAN,dbcv,Random,1,-1.0,-1.0
A,Breast cancer (Low),PCA,DBSCAN,dbcv,Random,2,-1.0,-1.0
A,Breast cancer (Low),PCA,DBSCAN,dbcv,Random,3,-1.0,-1.0
A,Breast cancer (Low),PCA,DBSCAN,dbcv,Random,4,-1.0,-1.0
A,Breast cancer (Low),PCA,DBSCAN,dbcv,Random,5,-1.0,-1.0
A,Breast cancer (Low),PCA,DBSCAN,dbcv,Random,6,-1.0,-1.0
A,Breast cancer (Low),PCA,DBSCAN,dbcv,Random,7,-1.0,-1.0
A,Breast cancer (Low),PCA,DBSCAN,dbcv,Random,8,-1.0,-1.0
A,Breast cancer (Low),PCA,DBSCAN,dbcv,Random,9,0.1227701597896316,0.1227701597896316
A,Breast cancer (Low),PCA,DBSCAN,dbcv,Random,10,-1.0,0.1227701597896316
A,Breast cancer (Low),PCA,DBSCAN,dbcv,Random,11,-1.0,0.1227701597896316
A,Breast cancer (Low),PCA,DBSCAN,dbcv,Random,12,-1.0,0.1227701597896316
A,Breast cancer (Low),PCA,DBSCAN,dbcv,Random,13,-1.0,0.1227701597896316
A,Breast cancer (Low),PCA,DBSCAN,dbcv,Random,14,-1.0,0.1227701597896316
A,Breast cancer (Low),PCA,DBSCAN,dbcv,Random,15,-1.0,0.1227701597896316
A,Breast cancer (Low),PCA,DBSCAN,dbcv,Random,16,-1.0,0.1227701597896316
A,Breast cancer (Low),PCA,DBSCAN,dbcv,Random,17,-1.0,0.1227701597896316
A,Breast cancer (Low),PCA,DBSCAN,dbcv,Random,18,-1.0,0.1227701597896316
A,Breast cancer (Low),PCA,DBSCAN,dbcv,Random,19,-1.0,0.1227701597896316
A,Breast cancer (Low),PCA,DBSCAN,dbcv,Random,20,-1.0,0.1227701597896316
A,Breast cancer (Low),PCA,DBSCAN,dbcv,Random,21,-1.0,0.1227701597896316
A,Breast cancer (Low),PCA,DBSCAN,dbcv,Random,22,-1.0,0.1227701597896316
A,Breast cancer (Low),PCA,DBSCAN,dbcv,Random,23,-1.0,0.1227701597896316
A,Breast cancer (Low),PCA,DBSCAN,dbcv,Random,24,-1.0,0.1227701597896316
A,Breast cancer (Low),PCA,DBSCAN,dbcv,Random,25,-1.0,0.1227701597896316
A,Breast cancer (Low),PCA,DBSCAN,dbcv,Random,26,-1.0,0.1227701597896316
A,Breast cancer (Low),PCA,DBSCAN,dbcv,Random,27,-1.0,0.1227701597896316
A,Breast cancer (Low),PCA,DBSCAN,dbcv,Random,28,-1.0,0.1227701597896316
A,Breast cancer (Low),PCA,DBSCAN,dbcv,Random,29,-1.0,0.1227701597896316
A,Breast cancer (Low),PCA,DBSCAN,dbcv,Random,30,-1.0,0.1227701597896316
A,Breast cancer (Low),PCA,DBSCAN,dbcv,Random,31,-1.0,0.1227701597896316
A,Breast cancer (Low),PCA,DBSCAN,dbcv,Random,32,-0.03524169616403894,0.1227701597896316
A,Breast cancer (Low),PCA,DBSCAN,dbcv,Random,33,-1.0,0.1227701597896316
A,Breast cancer (Low),PCA,DBSCAN,dbcv,Random,34,-1.0,0.1227701597896316
A,Breast cancer (Low),PCA,DBSCAN,dbcv,Random,35,-1.0,0.1227701597896316
A,Breast cancer (Low),PCA,DBSCAN,dbcv,Random,36,-1.0,0.1227701597896316
A,Breast cancer (Low),PCA,DBSCAN,dbcv,Random,37,-1.0,0.1227701597896316
A,Breast cancer (Low),PCA,DBSCAN,dbcv,Random,38,-1.0,0.1227701597896316
A,Breast cancer (Low),PCA,DBSCAN,dbcv,Random,39,-1.0,0.1227701597896316
A,Breast cancer (Low),PCA,DBSCAN,dbcv,Random,40,-1.0,0.1227701597896316
A,Breast cancer (Low),PCA,DBSCAN,dbcv,Random,41,-1.0,0.1227701597896316
A,Breast cancer (Low),PCA,DBSCAN,dbcv,Random,42,-1.0,0.1227701597896316
A,Breast cancer (Low),PCA,DBSCAN,dbcv,Random,43,-1.0,0.1227701597896316
A,Breast cancer (Low),PCA,DBSCAN,dbcv,Random,44,-1.0,0.1227701597896316
A,Breast cancer (Low),PCA,DBSCAN,dbcv,Random,45,-1.0,0.1227701597896316
A,Breast cancer (Low),PCA,DBSCAN,dbcv,Random,46,-1.0,0.1227701597896316
A,Breast cancer (Low),PCA,DBSCAN,dbcv,Random,47,-1.0,0.1227701597896316
A,Breast cancer (Low),PCA,DBSCAN,dbcv,Random,48,-1.0,0.1227701597896316
A,Breast cancer (Low),PCA,DBSCAN,dbcv,Random,49,-1.0,0.1227701597896316
A,Breast cancer (Low),PCA,DBSCAN,dbcv,Random,50,-1.0,0.1227701597896316
A,Breast cancer (Low),PCA,DBSCAN,dbcv,Random,51,-1.0,0.1227701597896316
A,Breast cancer (Low),PCA,DBSCAN,dbcv,Random,52,-1.0,0.1227701597896316
A,Breast cancer (Low),PCA,DBSCAN,dbcv,Random,53,-1.0,0.1227701597896316
A,Breast cancer (Low),PCA,DBSCAN,dbcv,Random,54,-1.0,0.1227701597896316
A,Breast cancer (Low),PCA,DBSCAN,dbcv,Random,55,-1.0,0.1227701597896316
A,Breast cancer (Low),PCA,DBSCAN,dbcv,Random,56,-1.0,0.1227701597896316
A,Breast cancer (Low),PCA,DBSCAN,dbcv,Random,57,-1.0,0.1227701597896316
A,Breast cancer (Low),PCA,DBSCAN,dbcv,Random,58,-1.0,0.1227701597896316
A,Breast cancer (Low),PCA,DBSCAN,dbcv,Random,59,-1.0,0.1227701597896316
A,Breast cancer (Low),PCA,DBSCAN,dbcv,Random,60,-1.0,0.1227701597896316
A,Breast cancer (Low),PCA,DBSCAN,dbcv,Random,61,-1.0,0.1227701597896316
A,Breast cancer (Low),PCA,DBSCAN,dbcv,Random,62,-1.0,0.1227701597896316
A,Breast cancer (Low),PCA,DBSCAN,dbcv,Random,63,-1.0,0.1227701597896316
A,Breast cancer (Low),PCA,DBSCAN,dbcv,Random,64,-1.0,0.1227701597896316
A,Breast cancer (Low),PCA,DBSCAN,dbcv,Random,65,-1.0,0.1227701597896316
A,Breast cancer (Low),PCA,DBSCAN,dbcv,Random,66,-1.0,0.1227701597896316
A,Breast cancer (Low),PCA,DBSCAN,dbcv,Random,67,-1.0,0.1227701597896316
A,Breast cancer (Low),PCA,DBSCAN,dbcv,Random,68,-1.0,0.1227701597896316
A,Breast cancer (Low),PCA,DBSCAN,dbcv,Random,69,-1.0,0.1227701597896316
A,Breast cancer (Low),PCA,DBSCAN,dbcv,Random,70,-1.0,0.1227701597896316
A,Breast cancer (Low),PCA,DBSCAN,dbcv,Random,71,-1.0,0.1227701597896316
A,Breast cancer (Low),PCA,DBSCAN,dbcv,Random,72,-1.0,0.1227701597896316
A,Breast cancer (Low),PCA,DBSCAN,dbcv,Random,73,-1.0,0.1227701597896316
A,Breast cancer (Low),PCA,DBSCAN,dbcv,Random,74,-1.0,0.1227701597896316
A,Breast cancer (Low),PCA,DBSCAN,dbcv,Random,75,-1.0,0.1227701597896316
A,Breast cancer (Low),PCA,DBSCAN,dbcv,Random,76,-1.0,0.1227701597896316
A,Breast cancer (Low),PCA,DBSCAN,dbcv,Random,77,-1.0,0.1227701597896316
A,Breast cancer (Low),PCA,DBSCAN,dbcv,Random,78,-1.0,0.1227701597896316
A,Breast cancer (Low),PCA,DBSCAN,dbcv,Random,79,-1.0,0.1227701597896316
A,Breast cancer (Low),PCA,DBSCAN,dbcv,Random,80,-1.0,0.1227701597896316
A,Breast cancer (Low),PCA,DBSCAN,dbcv,Random,81,-1.0,0.1227701597896316
A,Breast cancer (Low),PCA,DBSCAN,dbcv,Random,82,-1.0,0.1227701597896316
A,Breast cancer (Low),PCA,DBSCAN,dbcv,Random,83,-1.0,0.1227701597896316
A,Breast cancer (Low),PCA,DBSCAN,dbcv,Random,84,-1.0,0.1227701597896316
A,Breast cancer (Low),PCA,DBSCAN,dbcv,Random,85,-1.0,0.1227701597896316
A,Breast cancer (Low),PCA,DBSCAN,dbcv,Random,86,-1.0,0.1227701597896316
A,Breast cancer (Low),PCA,DBSCAN,dbcv,Random,87,-1.0,0.1227701597896316
A,Breast cancer (Low),PCA,DBSCAN,dbcv,Random,88,-1.0,0.1227701597896316
A,Breast cancer (Low),PCA,DBSCAN,dbcv,Random,89,-1.0,0.1227701597896316
A,Breast cancer (Low),PCA,DBSCAN,dbcv,Random,90,-1.0,0.1227701597896316
A,Breast cancer (Low),PCA,DBSCAN,dbcv,Random,91,0.04348080742589824,0.1227701597896316
A,Breast cancer (Low),PCA,DBSCAN,dbcv,Random,92,-1.0,0.1227701597896316
A,Breast cancer (Low),PCA,DBSCAN,dbcv,Random,93,-1.0,0.1227701597896316
A,Breast cancer (Low),PCA,DBSCAN,dbcv,Random,94,-1.0,0.1227701597896316
A,Breast cancer (Low),PCA,DBSCAN,dbcv,Random,95,-1.0,0.1227701597896316
A,Breast cancer (Low),PCA,DBSCAN,dbcv,Random,96,-1.0,0.1227701597896316
A,Breast cancer (Low),PCA,DBSCAN,dbcv,Random,97,-1.0,0.1227701597896316
A,Breast cancer (Low),PCA,DBSCAN,dbcv,Random,98,-1.0,0.1227701597896316
A,Breast cancer (Low),PCA,DBSCAN,dbcv,Random,99,-1.0,0.1227701597896316
A,Breast cancer (Low),PCA,KMeans,dbcv,TPE,0,-0.40643306905539567,-0.40643306905539567
A,Breast cancer (Low),PCA,KMeans,dbcv,TPE,1,-0.46354826340854927,-0.40643306905539567
A,Breast cancer (Low),PCA,KMeans,dbcv,TPE,2,-0.6656041675517586,-0.40643306905539567
A,Breast cancer (Low),PCA,KMeans,dbcv,TPE,3,-0.38985354362022506,-0.38985354362022506
A,Breast cancer (Low),PCA,KMeans,dbcv,TPE,4,-0.491876881657117,-0.38985354362022506
A,Breast cancer (Low),PCA,KMeans,dbcv,TPE,5,-0.5019315016936114,-0.38985354362022506
A,Breast cancer (Low),PCA,KMeans,dbcv,TPE,6,-0.45061444425305935,-0.38985354362022506
A,Breast cancer (Low),PCA,KMeans,dbcv,TPE,7,-0.6420579346411397,-0.38985354362022506
A,Breast cancer (Low),PCA,KMeans,dbcv,TPE,8,-0.44386942465148316,-0.38985354362022506
A,Breast cancer (Low),PCA,KMeans,dbcv,TPE,9,-0.5817409992242504,-0.38985354362022506
A,Breast cancer (Low),PCA,KMeans,dbcv,TPE,10,-0.4239191175805853,-0.38985354362022506
A,Breast cancer (Low),PCA,KMeans,dbcv,TPE,11,-0.4096886022221987,-0.38985354362022506
A,Breast cancer (Low),PCA,KMeans,dbcv,TPE,12,-0.5105871747784976,-0.38985354362022506
A,Breast cancer (Low),PCA,KMeans,dbcv,TPE,13,-0.40786552917084523,-0.38985354362022506
A,Breast cancer (Low),PCA,KMeans,dbcv,TPE,14,-0.5211091968775243,-0.38985354362022506
A,Breast cancer (Low),PCA,KMeans,dbcv,TPE,15,-0.44758907605957926,-0.38985354362022506
A,Breast cancer (Low),PCA,KMeans,dbcv,TPE,16,-0.43693746805427003,-0.38985354362022506
A,Breast cancer (Low),PCA,KMeans,dbcv,TPE,17,-0.4315078818388814,-0.38985354362022506
A,Breast cancer (Low),PCA,KMeans,dbcv,TPE,18,-0.44758907605957926,-0.38985354362022506
A,Breast cancer (Low),PCA,KMeans,dbcv,TPE,19,-0.42266246919702916,-0.38985354362022506
A,Breast cancer (Low),PCA,KMeans,dbcv,TPE,20,-0.7087523881685325,-0.38985354362022506
A,Breast cancer (Low),PCA,KMeans,dbcv,TPE,21,-0.39889052326481156,-0.38985354362022506
A,Breast cancer (Low),PCA,KMeans,dbcv,TPE,22,-0.41912406917575945,-0.38985354362022506
A,Breast cancer (Low),PCA,KMeans,dbcv,TPE,23,-0.45230942896923987,-0.38985354362022506
A,Breast cancer (Low),PCA,KMeans,dbcv,TPE,24,-0.37520553717531796,-0.37520553717531796
A,Breast cancer (Low),PCA,KMeans,dbcv,TPE,25,-0.42866468009170844,-0.37520553717531796
A,Breast cancer (Low),PCA,KMeans,dbcv,TPE,26,-0.3791900812923148,-0.37520553717531796
A,Breast cancer (Low),PCA,KMeans,dbcv,TPE,27,-0.4213966756113374,-0.37520553717531796
A,Breast cancer (Low),PCA,KMeans,dbcv,TPE,28,-0.42266246919702916,-0.37520553717531796
A,Breast cancer (Low),PCA,KMeans,dbcv,TPE,29,-0.43394160527267883,-0.37520553717531796
A,Breast cancer (Low),PCA,KMeans,dbcv,TPE,30,-0.4334758783582732,-0.37520553717531796
A,Breast cancer (Low),PCA,KMeans,dbcv,TPE,31,-0.503400731640648,-0.37520553717531796
A,Breast cancer (Low),PCA,KMeans,dbcv,TPE,32,-0.37718701931782056,-0.37520553717531796
A,Breast cancer (Low),PCA,KMeans,dbcv,TPE,33,-0.40643306905539567,-0.37520553717531796
A,Breast cancer (Low),PCA,KMeans,dbcv,TPE,34,-0.4741856179306532,-0.37520553717531796
A,Breast cancer (Low),PCA,KMeans,dbcv,TPE,35,-0.3957127464324672,-0.37520553717531796
A,Breast cancer (Low),PCA,KMeans,dbcv,TPE,36,-0.44571126320095716,-0.37520553717531796
A,Breast cancer (Low),PCA,KMeans,dbcv,TPE,37,-0.41502766349756587,-0.37520553717531796
A,Breast cancer (Low),PCA,KMeans,dbcv,TPE,38,-0.4250040109668503,-0.37520553717531796
A,Breast cancer (Low),PCA,KMeans,dbcv,TPE,39,-0.4248703658780049,-0.37520553717531796
A,Breast cancer (Low),PCA,KMeans,dbcv,TPE,40,-0.42857094262500045,-0.37520553717531796
A,Breast cancer (Low),PCA,KMeans,dbcv,TPE,41,-0.37718701931782056,-0.37520553717531796
A,Breast cancer (Low),PCA,KMeans,dbcv,TPE,42,-0.4280567855539327,-0.37520553717531796
A,Breast cancer (Low),PCA,KMeans,dbcv,TPE,43,-0.40643306905539567,-0.37520553717531796
A,Breast cancer (Low),PCA,KMeans,dbcv,TPE,44,-0.4072815659052139,-0.37520553717531796
A,Breast cancer (Low),PCA,KMeans,dbcv,TPE,45,-0.4084346837444892,-0.37520553717531796
A,Breast cancer (Low),PCA,KMeans,dbcv,TPE,46,-0.4229560805851395,-0.37520553717531796
A,Breast cancer (Low),PCA,KMeans,dbcv,TPE,47,-0.45259510488063626,-0.37520553717531796
A,Breast cancer (Low),PCA,KMeans,dbcv,TPE,48,-0.4239191175805853,-0.37520553717531796
A,Breast cancer (Low),PCA,KMeans,dbcv,TPE,49,-0.3758835040999459,-0.37520553717531796
A,Breast cancer (Low),PCA,KMeans,dbcv,TPE,50,-0.4448843851579146,-0.37520553717531796
A,Breast cancer (Low),PCA,KMeans,dbcv,TPE,51,-0.5019315016936114,-0.37520553717531796
A,Breast cancer (Low),PCA,KMeans,dbcv,TPE,52,-0.38985354362022506,-0.37520553717531796
A,Breast cancer (Low),PCA,KMeans,dbcv,TPE,53,-0.4401351307923026,-0.37520553717531796
A,Breast cancer (Low),PCA,KMeans,dbcv,TPE,54,-0.4084346837444892,-0.37520553717531796
A,Breast cancer (Low),PCA,KMeans,dbcv,TPE,55,-0.5501723279594379,-0.37520553717531796
A,Breast cancer (Low),PCA,KMeans,dbcv,TPE,56,-0.4206588085876133,-0.37520553717531796
A,Breast cancer (Low),PCA,KMeans,dbcv,TPE,57,-0.42669644505612464,-0.37520553717531796
A,Breast cancer (Low),PCA,KMeans,dbcv,TPE,58,-0.4072815659052139,-0.37520553717531796
A,Breast cancer (Low),PCA,KMeans,dbcv,TPE,59,-0.6156289664438088,-0.37520553717531796
A,Breast cancer (Low),PCA,KMeans,dbcv,TPE,60,-0.4250040109668503,-0.37520553717531796
A,Breast cancer (Low),PCA,KMeans,dbcv,TPE,61,-0.503400731640648,-0.37520553717531796
A,Breast cancer (Low),PCA,KMeans,dbcv,TPE,62,-0.38985354362022506,-0.37520553717531796
A,Breast cancer (Low),PCA,KMeans,dbcv,TPE,63,-0.4084346837444892,-0.37520553717531796
A,Breast cancer (Low),PCA,KMeans,dbcv,TPE,64,-0.38985354362022506,-0.37520553717531796
A,Breast cancer (Low),PCA,KMeans,dbcv,TPE,65,-0.439424890623567,-0.37520553717531796
A,Breast cancer (Low),PCA,KMeans,dbcv,TPE,66,-0.375979008217561,-0.37520553717531796
A,Breast cancer (Low),PCA,KMeans,dbcv,TPE,67,-0.37718701931782056,-0.37520553717531796
A,Breast cancer (Low),PCA,KMeans,dbcv,TPE,68,-0.37718701931782056,-0.37520553717531796
A,Breast cancer (Low),PCA,KMeans,dbcv,TPE,69,-0.37718701931782056,-0.37520553717531796
A,Breast cancer (Low),PCA,KMeans,dbcv,TPE,70,-0.4096886022221987,-0.37520553717531796
A,Breast cancer (Low),PCA,KMeans,dbcv,TPE,71,-0.37718701931782056,-0.37520553717531796
A,Breast cancer (Low),PCA,KMeans,dbcv,TPE,72,-0.4448843851579146,-0.37520553717531796
A,Breast cancer (Low),PCA,KMeans,dbcv,TPE,73,-0.7087523881685325,-0.37520553717531796
A,Breast cancer (Low),PCA,KMeans,dbcv,TPE,74,-0.3957127464324672,-0.37520553717531796
A,Breast cancer (Low),PCA,KMeans,dbcv,TPE,75,-0.37718701931782056,-0.37520553717531796
A,Breast cancer (Low),PCA,KMeans,dbcv,TPE,76,-0.39889052326481156,-0.37520553717531796
A,Breast cancer (Low),PCA,KMeans,dbcv,TPE,77,-0.37520553717531796,-0.37520553717531796
A,Breast cancer (Low),PCA,KMeans,dbcv,TPE,78,-0.5623396906849756,-0.37520553717531796
A,Breast cancer (Low),PCA,KMeans,dbcv,TPE,79,-0.43394160527267883,-0.37520553717531796
A,Breast cancer (Low),PCA,KMeans,dbcv,TPE,80,-0.4413499245623931,-0.37520553717531796
A,Breast cancer (Low),PCA,KMeans,dbcv,TPE,81,-0.3957127464324672,-0.37520553717531796
A,Breast cancer (Low),PCA,KMeans,dbcv,TPE,82,-0.40643306905539567,-0.37520553717531796
A,Breast cancer (Low),PCA,KMeans,dbcv,TPE,83,-0.37718701931782056,-0.37520553717531796
A,Breast cancer (Low),PCA,KMeans,dbcv,TPE,84,-0.4541817828299951,-0.37520553717531796
A,Breast cancer (Low),PCA,KMeans,dbcv,TPE,85,-0.4448843851579146,-0.37520553717531796
A,Breast cancer (Low),PCA,KMeans,dbcv,TPE,86,-0.37520553717531796,-0.37520553717531796
A,Breast cancer (Low),PCA,KMeans,dbcv,TPE,87,-0.45259510488063626,-0.37520553717531796
A,Breast cancer (Low),PCA,KMeans,dbcv,TPE,88,-0.45875757130691686,-0.37520553717531796
A,Breast cancer (Low),PCA,KMeans,dbcv,TPE,89,-0.4541817828299951,-0.37520553717531796
A,Breast cancer (Low),PCA,KMeans,dbcv,TPE,90,-0.4250040109668503,-0.37520553717531796
A,Breast cancer (Low),PCA,KMeans,dbcv,TPE,91,-0.40643306905539567,-0.37520553717531796
A,Breast cancer (Low),PCA,KMeans,dbcv,TPE,92,-0.3957127464324672,-0.37520553717531796
A,Breast cancer (Low),PCA,KMeans,dbcv,TPE,93,-0.37718701931782056,-0.37520553717531796
A,Breast cancer (Low),PCA,KMeans,dbcv,TPE,94,-0.45259510488063626,-0.37520553717531796
A,Breast cancer (Low),PCA,KMeans,dbcv,TPE,95,-0.3936943236678284,-0.37520553717531796
A,Breast cancer (Low),PCA,KMeans,dbcv,TPE,96,-0.41912406917575945,-0.37520553717531796
A,Breast cancer (Low),PCA,KMeans,dbcv,TPE,97,-0.43693746805427003,-0.37520553717531796
A,Breast cancer (Low),PCA,KMeans,dbcv,TPE,98,-0.4472692025160327,-0.37520553717531796
A,Breast cancer (Low),PCA,KMeans,dbcv,TPE,99,-0.3957127464324672,-0.37520553717531796
A,Breast cancer (Low),PCA,KMeans,dbcv,Random,0,-0.40643306905539567,-0.40643306905539567
A,Breast cancer (Low),PCA,KMeans,dbcv,Random,1,-0.46354826340854927,-0.40643306905539567
A,Breast cancer (Low),PCA,KMeans,dbcv,Random,2,-0.6656041675517586,-0.40643306905539567
A,Breast cancer (Low),PCA,KMeans,dbcv,Random,3,-0.38985354362022506,-0.38985354362022506
A,Breast cancer (Low),PCA,KMeans,dbcv,Random,4,-0.491876881657117,-0.38985354362022506
A,Breast cancer (Low),PCA,KMeans,dbcv,Random,5,-0.5019315016936114,-0.38985354362022506
A,Breast cancer (Low),PCA,KMeans,dbcv,Random,6,-0.45061444425305935,-0.38985354362022506
A,Breast cancer (Low),PCA,KMeans,dbcv,Random,7,-0.6420579346411397,-0.38985354362022506
A,Breast cancer (Low),PCA,KMeans,dbcv,Random,8,-0.44386942465148316,-0.38985354362022506
A,Breast cancer (Low),PCA,KMeans,dbcv,Random,9,-0.5817409992242504,-0.38985354362022506
A,Breast cancer (Low),PCA,KMeans,dbcv,Random,10,-0.5629672943544277,-0.38985354362022506
A,Breast cancer (Low),PCA,KMeans,dbcv,Random,11,-0.46344530657605265,-0.38985354362022506
A,Breast cancer (Low),PCA,KMeans,dbcv,Random,12,-0.4402513659804604,-0.38985354362022506
A,Breast cancer (Low),PCA,KMeans,dbcv,Random,13,-0.49669420985492824,-0.38985354362022506
A,Breast cancer (Low),PCA,KMeans,dbcv,Random,14,-0.7087523881685325,-0.38985354362022506
A,Breast cancer (Low),PCA,KMeans,dbcv,Random,15,-0.45246648284140795,-0.38985354362022506
A,Breast cancer (Low),PCA,KMeans,dbcv,Random,16,-0.3758835040999459,-0.3758835040999459
A,Breast cancer (Low),PCA,KMeans,dbcv,Random,17,-0.4233387132525575,-0.3758835040999459
A,Breast cancer (Low),PCA,KMeans,dbcv,Random,18,-0.5623396906849756,-0.3758835040999459
A,Breast cancer (Low),PCA,KMeans,dbcv,Random,19,-0.4814628947729616,-0.3758835040999459
A,Breast cancer (Low),PCA,KMeans,dbcv,Random,20,-0.5047327590119272,-0.3758835040999459
A,Breast cancer (Low),PCA,KMeans,dbcv,Random,21,-0.503400731640648,-0.3758835040999459
A,Breast cancer (Low),PCA,KMeans,dbcv,Random,22,-0.42857094262500045,-0.3758835040999459
A,Breast cancer (Low),PCA,KMeans,dbcv,Random,23,-0.4516947628438195,-0.3758835040999459
A,Breast cancer (Low),PCA,KMeans,dbcv,Random,24,-0.45246648284140795,-0.3758835040999459
A,Breast cancer (Low),PCA,KMeans,dbcv,Random,25,-0.4239191175805853,-0.3758835040999459
A,Breast cancer (Low),PCA,KMeans,dbcv,Random,26,-0.4206588085876133,-0.3758835040999459
A,Breast cancer (Low),PCA,KMeans,dbcv,Random,27,-0.44696287833595433,-0.3758835040999459
A,Breast cancer (Low),PCA,KMeans,dbcv,Random,28,-0.6439098000051762,-0.3758835040999459
A,Breast cancer (Low),PCA,KMeans,dbcv,Random,29,-0.5423858538385579,-0.3758835040999459
A,Breast cancer (Low),PCA,KMeans,dbcv,Random,30,-0.5187738835316831,-0.3758835040999459
A,Breast cancer (Low),PCA,KMeans,dbcv,Random,31,-0.5451884991694239,-0.3758835040999459
A,Breast cancer (Low),PCA,KMeans,dbcv,Random,32,-0.44386942465148316,-0.3758835040999459
A,Breast cancer (Low),PCA,KMeans,dbcv,Random,33,-0.45875757130691686,-0.3758835040999459
A,Breast cancer (Low),PCA,KMeans,dbcv,Random,34,-0.375979008217561,-0.3758835040999459
A,Breast cancer (Low),PCA,KMeans,dbcv,Random,35,-0.45061444425305935,-0.3758835040999459
A,Breast cancer (Low),PCA,KMeans,dbcv,Random,36,-0.5105871747784976,-0.3758835040999459
A,Breast cancer (Low),PCA,KMeans,dbcv,Random,37,-0.40771153876360233,-0.3758835040999459
A,Breast cancer (Low),PCA,KMeans,dbcv,Random,38,-0.5629672943544277,-0.3758835040999459
A,Breast cancer (Low),PCA,KMeans,dbcv,Random,39,-0.5629672943544277,-0.3758835040999459
A,Breast cancer (Low),PCA,KMeans,dbcv,Random,40,-0.44970538676016303,-0.3758835040999459
A,Breast cancer (Low),PCA,KMeans,dbcv,Random,41,-0.640675994579176,-0.3758835040999459
A,Breast cancer (Low),PCA,KMeans,dbcv,Random,42,-0.5469647976795193,-0.3758835040999459
A,Breast cancer (Low),PCA,KMeans,dbcv,Random,43,-0.46354826340854927,-0.3758835040999459
A,Breast cancer (Low),PCA,KMeans,dbcv,Random,44,-0.49490171417859663,-0.3758835040999459
A,Breast cancer (Low),PCA,KMeans,dbcv,Random,45,-0.4494497288048797,-0.3758835040999459
A,Breast cancer (Low),PCA,KMeans,dbcv,Random,46,-0.4468369278716689,-0.3758835040999459
A,Breast cancer (Low),PCA,KMeans,dbcv,Random,47,-0.49461716567067804,-0.3758835040999459
A,Breast cancer (Low),PCA,KMeans,dbcv,Random,48,-0.5250996724688431,-0.3758835040999459
A,Breast cancer (Low),PCA,KMeans,dbcv,Random,49,-0.5599049889038815,-0.3758835040999459
A,Breast cancer (Low),PCA,KMeans,dbcv,Random,50,-0.5397154033965241,-0.3758835040999459
A,Breast cancer (Low),PCA,KMeans,dbcv,Random,51,-0.4516947628438195,-0.3758835040999459
A,Breast cancer (Low),PCA,KMeans,dbcv,Random,52,-0.5188008576188514,-0.3758835040999459
A,Breast cancer (Low),PCA,KMeans,dbcv,Random,53,-0.4639838504899819,-0.3758835040999459
A,Breast cancer (Low),PCA,KMeans,dbcv,Random,54,-0.5623396906849756,-0.3758835040999459
A,Breast cancer (Low),PCA,KMeans,dbcv,Random,55,-0.4653524172265311,-0.3758835040999459
A,Breast cancer (Low),PCA,KMeans,dbcv,Random,56,-0.4233387132525575,-0.3758835040999459
A,Breast cancer (Low),PCA,KMeans,dbcv,Random,57,-0.4472692025160327,-0.3758835040999459
A,Breast cancer (Low),PCA,KMeans,dbcv,Random,58,-0.45061444425305935,-0.3758835040999459
A,Breast cancer (Low),PCA,KMeans,dbcv,Random,59,-0.4495164414194311,-0.3758835040999459
A,Breast cancer (Low),PCA,KMeans,dbcv,Random,60,-0.4222632454997961,-0.3758835040999459
A,Breast cancer (Low),PCA,KMeans,dbcv,Random,61,-0.5623396906849756,-0.3758835040999459
A,Breast cancer (Low),PCA,KMeans,dbcv,Random,62,-0.5227642216099976,-0.3758835040999459
A,Breast cancer (Low),PCA,KMeans,dbcv,Random,63,-0.4222632454997961,-0.3758835040999459
A,Breast cancer (Low),PCA,KMeans,dbcv,Random,64,-0.5182815738423391,-0.3758835040999459
A,Breast cancer (Low),PCA,KMeans,dbcv,Random,65,-0.572550524359053,-0.3758835040999459
A,Breast cancer (Low),PCA,KMeans,dbcv,Random,66,-0.518892719201987,-0.3758835040999459
A,Breast cancer (Low),PCA,KMeans,dbcv,Random,67,-0.5451884991694239,-0.3758835040999459
A,Breast cancer (Low),PCA,KMeans,dbcv,Random,68,-0.44940023401087126,-0.3758835040999459
A,Breast cancer (Low),PCA,KMeans,dbcv,Random,69,-0.40643306905539567,-0.3758835040999459
A,Breast cancer (Low),PCA,KMeans,dbcv,Random,70,-0.5188008576188514,-0.3758835040999459
A,Breast cancer (Low),PCA,KMeans,dbcv,Random,71,-0.58535152314219,-0.3758835040999459
A,Breast cancer (Low),PCA,KMeans,dbcv,Random,72,-0.640675994579176,-0.3758835040999459
A,Breast cancer (Low),PCA,KMeans,dbcv,Random,73,-0.5022630301534857,-0.3758835040999459
A,Breast cancer (Low),PCA,KMeans,dbcv,Random,74,-0.532634444536081,-0.3758835040999459
A,Breast cancer (Low),PCA,KMeans,dbcv,Random,75,-0.5188008576188514,-0.3758835040999459
A,Breast cancer (Low),PCA,KMeans,dbcv,Random,76,-0.4872923354641742,-0.3758835040999459
A,Breast cancer (Low),PCA,KMeans,dbcv,Random,77,-0.5188008576188514,-0.3758835040999459
A,Breast cancer (Low),PCA,KMeans,dbcv,Random,78,-0.4456052770043067,-0.3758835040999459
A,Breast cancer (Low),PCA,KMeans,dbcv,Random,79,-0.42866468009170844,-0.3758835040999459
A,Breast cancer (Low),PCA,KMeans,dbcv,Random,80,-0.47627295655891005,-0.3758835040999459
A,Breast cancer (Low),PCA,KMeans,dbcv,Random,81,-0.4962790397169011,-0.3758835040999459
A,Breast cancer (Low),PCA,KMeans,dbcv,Random,82,-0.4213966756113374,-0.3758835040999459
A,Breast cancer (Low),PCA,KMeans,dbcv,Random,83,-0.6506984022548078,-0.3758835040999459
A,Breast cancer (Low),PCA,KMeans,dbcv,Random,84,-0.4036267435503055,-0.3758835040999459
A,Breast cancer (Low),PCA,KMeans,dbcv,Random,85,-0.7087523881685325,-0.3758835040999459
A,Breast cancer (Low),PCA,KMeans,dbcv,Random,86,-0.5676537335609997,-0.3758835040999459
A,Breast cancer (Low),PCA,KMeans,dbcv,Random,87,-0.437535022009245,-0.3758835040999459
A,Breast cancer (Low),PCA,KMeans,dbcv,Random,88,-0.5399617862485622,-0.3758835040999459
A,Breast cancer (Low),PCA,KMeans,dbcv,Random,89,-0.5629672943544277,-0.3758835040999459
A,Breast cancer (Low),PCA,KMeans,dbcv,Random,90,-0.5623396906849756,-0.3758835040999459
A,Breast cancer (Low),PCA,KMeans,dbcv,Random,91,-0.4206588085876133,-0.3758835040999459
A,Breast cancer (Low),PCA,KMeans,dbcv,Random,92,-0.42857094262500045,-0.3758835040999459
A,Breast cancer (Low),PCA,KMeans,dbcv,Random,93,-0.4495164414194311,-0.3758835040999459
A,Breast cancer (Low),PCA,KMeans,dbcv,Random,94,-0.572550524359053,-0.3758835040999459
A,Breast cancer (Low),PCA,KMeans,dbcv,Random,95,-0.3791900812923148,-0.3758835040999459
A,Breast cancer (Low),PCA,KMeans,dbcv,Random,96,-0.44970538676016303,-0.3758835040999459
A,Breast cancer (Low),PCA,KMeans,dbcv,Random,97,-0.5469647976795193,-0.3758835040999459
A,Breast cancer (Low),PCA,KMeans,dbcv,Random,98,-0.42783879467598224,-0.3758835040999459
A,Breast cancer (Low),PCA,KMeans,dbcv,Random,99,-0.4239191175805853,-0.3758835040999459
A,Breast cancer (Low),MDS,HDBSCAN,dbcv,TPE,0,-1.0,-1.0
A,Breast cancer (Low),MDS,HDBSCAN,dbcv,TPE,1,-1.0,-1.0
A,Breast cancer (Low),MDS,HDBSCAN,dbcv,TPE,2,-1.0,-1.0
A,Breast cancer (Low),MDS,HDBSCAN,dbcv,TPE,3,-1.0,-1.0
A,Breast cancer (Low),MDS,HDBSCAN,dbcv,TPE,4,-1.0,-1.0
A,Breast cancer (Low),MDS,HDBSCAN,dbcv,TPE,5,-1.0,-1.0
A,Breast cancer (Low),MDS,HDBSCAN,dbcv,TPE,6,-1.0,-1.0
A,Breast cancer (Low),MDS,HDBSCAN,dbcv,TPE,7,-1.0,-1.0
A,Breast cancer (Low),MDS,HDBSCAN,dbcv,TPE,8,-1.0,-1.0
A,Breast cancer (Low),MDS,HDBSCAN,dbcv,TPE,9,-1.0,-1.0
A,Breast cancer (Low),MDS,HDBSCAN,dbcv,TPE,10,-1.0,-1.0
A,Breast cancer (Low),MDS,HDBSCAN,dbcv,TPE,11,-1.0,-1.0
A,Breast cancer (Low),MDS,HDBSCAN,dbcv,TPE,12,-1.0,-1.0
A,Breast cancer (Low),MDS,HDBSCAN,dbcv,TPE,13,-1.0,-1.0
A,Breast cancer (Low),MDS,HDBSCAN,dbcv,TPE,14,-1.0,-1.0
A,Breast cancer (Low),MDS,HDBSCAN,dbcv,TPE,15,-1.0,-1.0
A,Breast cancer (Low),MDS,HDBSCAN,dbcv,TPE,16,-1.0,-1.0
A,Breast cancer (Low),MDS,HDBSCAN,dbcv,TPE,17,-1.0,-1.0
A,Breast cancer (Low),MDS,HDBSCAN,dbcv,TPE,18,-1.0,-1.0
A,Breast cancer (Low),MDS,HDBSCAN,dbcv,TPE,19,-1.0,-1.0
A,Breast cancer (Low),MDS,HDBSCAN,dbcv,TPE,20,-1.0,-1.0
A,Breast cancer (Low),MDS,HDBSCAN,dbcv,TPE,21,-1.0,-1.0
A,Breast cancer (Low),MDS,HDBSCAN,dbcv,TPE,22,-1.0,-1.0
A,Breast cancer (Low),MDS,HDBSCAN,dbcv,TPE,23,-1.0,-1.0
A,Breast cancer (Low),MDS,HDBSCAN,dbcv,TPE,24,-1.0,-1.0
A,Breast cancer (Low),MDS,HDBSCAN,dbcv,TPE,25,-1.0,-1.0
A,Breast cancer (Low),MDS,HDBSCAN,dbcv,TPE,26,-1.0,-1.0
A,Breast cancer (Low),MDS,HDBSCAN,dbcv,TPE,27,-1.0,-1.0
A,Breast cancer (Low),MDS,HDBSCAN,dbcv,TPE,28,-1.0,-1.0
A,Breast cancer (Low),MDS,HDBSCAN,dbcv,TPE,29,-1.0,-1.0
A,Breast cancer (Low),MDS,HDBSCAN,dbcv,TPE,30,-1.0,-1.0
A,Breast cancer (Low),MDS,HDBSCAN,dbcv,TPE,31,-1.0,-1.0
A,Breast cancer (Low),MDS,HDBSCAN,dbcv,TPE,32,-1.0,-1.0
A,Breast cancer (Low),MDS,HDBSCAN,dbcv,TPE,33,-1.0,-1.0
A,Breast cancer (Low),MDS,HDBSCAN,dbcv,TPE,34,-1.0,-1.0
A,Breast cancer (Low),MDS,HDBSCAN,dbcv,TPE,35,-1.0,-1.0
A,Breast cancer (Low),MDS,HDBSCAN,dbcv,TPE,36,-1.0,-1.0
A,Breast cancer (Low),MDS,HDBSCAN,dbcv,TPE,37,-1.0,-1.0
A,Breast cancer (Low),MDS,HDBSCAN,dbcv,TPE,38,-1.0,-1.0
A,Breast cancer (Low),MDS,HDBSCAN,dbcv,TPE,39,-1.0,-1.0
A,Breast cancer (Low),MDS,HDBSCAN,dbcv,TPE,40,-1.0,-1.0
A,Breast cancer (Low),MDS,HDBSCAN,dbcv,TPE,41,-1.0,-1.0
A,Breast cancer (Low),MDS,HDBSCAN,dbcv,TPE,42,-0.070296563541684,-0.070296563541684
A,Breast cancer (Low),MDS,HDBSCAN,dbcv,TPE,43,-1.0,-0.070296563541684
A,Breast cancer (Low),MDS,HDBSCAN,dbcv,TPE,44,-1.0,-0.070296563541684
A,Breast cancer (Low),MDS,HDBSCAN,dbcv,TPE,45,-1.0,-0.070296563541684
A,Breast cancer (Low),MDS,HDBSCAN,dbcv,TPE,46,-1.0,-0.070296563541684
A,Breast cancer (Low),MDS,HDBSCAN,dbcv,TPE,47,-1.0,-0.070296563541684
A,Breast cancer (Low),MDS,HDBSCAN,dbcv,TPE,48,-1.0,-0.070296563541684
A,Breast cancer (Low),MDS,HDBSCAN,dbcv,TPE,49,-1.0,-0.070296563541684
A,Breast cancer (Low),MDS,HDBSCAN,dbcv,TPE,50,-1.0,-0.070296563541684
A,Breast cancer (Low),MDS,HDBSCAN,dbcv,TPE,51,-1.0,-0.070296563541684
A,Breast cancer (Low),MDS,HDBSCAN,dbcv,TPE,52,-1.0,-0.070296563541684
A,Breast cancer (Low),MDS,HDBSCAN,dbcv,TPE,53,-0.11404025978856078,-0.070296563541684
A,Breast cancer (Low),MDS,HDBSCAN,dbcv,TPE,54,-0.14152902030463363,-0.070296563541684
A,Breast cancer (Low),MDS,HDBSCAN,dbcv,TPE,55,0.0761418727796677,0.0761418727796677
A,Breast cancer (Low),MDS,HDBSCAN,dbcv,TPE,56,-0.08979605211036217,0.0761418727796677
A,Breast cancer (Low),MDS,HDBSCAN,dbcv,TPE,57,-0.062443637520131774,0.0761418727796677
A,Breast cancer (Low),MDS,HDBSCAN,dbcv,TPE,58,-0.09056883881272122,0.0761418727796677
A,Breast cancer (Low),MDS,HDBSCAN,dbcv,TPE,59,-1.0,0.0761418727796677
A,Breast cancer (Low),MDS,HDBSCAN,dbcv,TPE,60,-0.0891769334338178,0.0761418727796677
A,Breast cancer (Low),MDS,HDBSCAN,dbcv,TPE,61,-0.14634495064518777,0.0761418727796677
A,Breast cancer (Low),MDS,HDBSCAN,dbcv,TPE,62,-1.0,0.0761418727796677
A,Breast cancer (Low),MDS,HDBSCAN,dbcv,TPE,63,-1.0,0.0761418727796677
A,Breast cancer (Low),MDS,HDBSCAN,dbcv,TPE,64,-1.0,0.0761418727796677
A,Breast cancer (Low),MDS,HDBSCAN,dbcv,TPE,65,-1.0,0.0761418727796677
A,Breast cancer (Low),MDS,HDBSCAN,dbcv,TPE,66,-0.04592922222598549,0.0761418727796677
A,Breast cancer (Low),MDS,HDBSCAN,dbcv,TPE,67,-1.0,0.0761418727796677
A,Breast cancer (Low),MDS,HDBSCAN,dbcv,TPE,68,-1.0,0.0761418727796677
A,Breast cancer (Low),MDS,HDBSCAN,dbcv,TPE,69,-1.0,0.0761418727796677
A,Breast cancer (Low),MDS,HDBSCAN,dbcv,TPE,70,-0.039647116615403384,0.0761418727796677
A,Breast cancer (Low),MDS,HDBSCAN,dbcv,TPE,71,-1.0,0.0761418727796677
A,Breast cancer (Low),MDS,HDBSCAN,dbcv,TPE,72,-1.0,0.0761418727796677
A,Breast cancer (Low),MDS,HDBSCAN,dbcv,TPE,73,-1.0,0.0761418727796677
A,Breast cancer (Low),MDS,HDBSCAN,dbcv,TPE,74,-0.0016756601445520195,0.0761418727796677
A,Breast cancer (Low),MDS,HDBSCAN,dbcv,TPE,75,-1.0,0.0761418727796677
A,Breast cancer (Low),MDS,HDBSCAN,dbcv,TPE,76,-1.0,0.0761418727796677
A,Breast cancer (Low),MDS,HDBSCAN,dbcv,TPE,77,0.18474573100489095,0.18474573100489095
A,Breast cancer (Low),MDS,HDBSCAN,dbcv,TPE,78,-1.0,0.18474573100489095
A,Breast cancer (Low),MDS,HDBSCAN,dbcv,TPE,79,-1.0,0.18474573100489095
A,Breast cancer (Low),MDS,HDBSCAN,dbcv,TPE,80,-1.0,0.18474573100489095
A,Breast cancer (Low),MDS,HDBSCAN,dbcv,TPE,81,-0.013622043030214574,0.18474573100489095
A,Breast cancer (Low),MDS,HDBSCAN,dbcv,TPE,82,-0.06288652095568986,0.18474573100489095
A,Breast cancer (Low),MDS,HDBSCAN,dbcv,TPE,83,-0.058658790078340246,0.18474573100489095
A,Breast cancer (Low),MDS,HDBSCAN,dbcv,TPE,84,-1.0,0.18474573100489095
A,Breast cancer (Low),MDS,HDBSCAN,dbcv,TPE,85,-1.0,0.18474573100489095
A,Breast cancer (Low),MDS,HDBSCAN,dbcv,TPE,86,-1.0,0.18474573100489095
A,Breast cancer (Low),MDS,HDBSCAN,dbcv,TPE,87,-1.0,0.18474573100489095
A,Breast cancer (Low),MDS,HDBSCAN,dbcv,TPE,88,-1.0,0.18474573100489095
A,Breast cancer (Low),MDS,HDBSCAN,dbcv,TPE,89,-1.0,0.18474573100489095
A,Breast cancer (Low),MDS,HDBSCAN,dbcv,TPE,90,-1.0,0.18474573100489095
A,Breast cancer (Low),MDS,HDBSCAN,dbcv,TPE,91,-0.052307715562685896,0.18474573100489095
A,Breast cancer (Low),MDS,HDBSCAN,dbcv,TPE,92,-0.05697541462685405,0.18474573100489095
A,Breast cancer (Low),MDS,HDBSCAN,dbcv,TPE,93,-0.051950503622647866,0.18474573100489095
A,Breast cancer (Low),MDS,HDBSCAN,dbcv,TPE,94,-0.15724937857802918,0.18474573100489095
A,Breast cancer (Low),MDS,HDBSCAN,dbcv,TPE,95,-0.08094203692514615,0.18474573100489095
A,Breast cancer (Low),MDS,HDBSCAN,dbcv,TPE,96,-1.0,0.18474573100489095
A,Breast cancer (Low),MDS,HDBSCAN,dbcv,TPE,97,-1.0,0.18474573100489095
A,Breast cancer (Low),MDS,HDBSCAN,dbcv,TPE,98,-0.05292913621345825,0.18474573100489095
A,Breast cancer (Low),MDS,HDBSCAN,dbcv,TPE,99,-1.0,0.18474573100489095
A,Breast cancer (Low),MDS,HDBSCAN,dbcv,Random,0,-1.0,-1.0
A,Breast cancer (Low),MDS,HDBSCAN,dbcv,Random,1,-1.0,-1.0
A,Breast cancer (Low),MDS,HDBSCAN,dbcv,Random,2,-1.0,-1.0
A,Breast cancer (Low),MDS,HDBSCAN,dbcv,Random,3,-1.0,-1.0
A,Breast cancer (Low),MDS,HDBSCAN,dbcv,Random,4,-1.0,-1.0
A,Breast cancer (Low),MDS,HDBSCAN,dbcv,Random,5,-1.0,-1.0
A,Breast cancer (Low),MDS,HDBSCAN,dbcv,Random,6,-1.0,-1.0
A,Breast cancer (Low),MDS,HDBSCAN,dbcv,Random,7,-1.0,-1.0
A,Breast cancer (Low),MDS,HDBSCAN,dbcv,Random,8,-1.0,-1.0
A,Breast cancer (Low),MDS,HDBSCAN,dbcv,Random,9,-1.0,-1.0
A,Breast cancer (Low),MDS,HDBSCAN,dbcv,Random,10,-1.0,-1.0
A,Breast cancer (Low),MDS,HDBSCAN,dbcv,Random,11,-1.0,-1.0
A,Breast cancer (Low),MDS,HDBSCAN,dbcv,Random,12,-1.0,-1.0
A,Breast cancer (Low),MDS,HDBSCAN,dbcv,Random,13,-1.0,-1.0
A,Breast cancer (Low),MDS,HDBSCAN,dbcv,Random,14,-1.0,-1.0
A,Breast cancer (Low),MDS,HDBSCAN,dbcv,Random,15,-1.0,-1.0
A,Breast cancer (Low),MDS,HDBSCAN,dbcv,Random,16,-1.0,-1.0
A,Breast cancer (Low),MDS,HDBSCAN,dbcv,Random,17,-1.0,-1.0
A,Breast cancer (Low),MDS,HDBSCAN,dbcv,Random,18,-1.0,-1.0
A,Breast cancer (Low),MDS,HDBSCAN,dbcv,Random,19,-1.0,-1.0
A,Breast cancer (Low),MDS,HDBSCAN,dbcv,Random,20,-1.0,-1.0
A,Breast cancer (Low),MDS,HDBSCAN,dbcv,Random,21,-1.0,-1.0
A,Breast cancer (Low),MDS,HDBSCAN,dbcv,Random,22,-1.0,-1.0
A,Breast cancer (Low),MDS,HDBSCAN,dbcv,Random,23,-1.0,-1.0
A,Breast cancer (Low),MDS,HDBSCAN,dbcv,Random,24,-1.0,-1.0
A,Breast cancer (Low),MDS,HDBSCAN,dbcv,Random,25,-1.0,-1.0
A,Breast cancer (Low),MDS,HDBSCAN,dbcv,Random,26,-1.0,-1.0
A,Breast cancer (Low),MDS,HDBSCAN,dbcv,Random,27,-1.0,-1.0
A,Breast cancer (Low),MDS,HDBSCAN,dbcv,Random,28,-1.0,-1.0
A,Breast cancer (Low),MDS,HDBSCAN,dbcv,Random,29,-1.0,-1.0
A,Breast cancer (Low),MDS,HDBSCAN,dbcv,Random,30,-1.0,-1.0
A,Breast cancer (Low),MDS,HDBSCAN,dbcv,Random,31,-1.0,-1.0
A,Breast cancer (Low),MDS,HDBSCAN,dbcv,Random,32,-1.0,-1.0
A,Breast cancer (Low),MDS,HDBSCAN,dbcv,Random,33,-0.0031249618374701578,-0.0031249618374701578
A,Breast cancer (Low),MDS,HDBSCAN,dbcv,Random,34,-1.0,-0.0031249618374701578
A,Breast cancer (Low),MDS,HDBSCAN,dbcv,Random,35,-1.0,-0.0031249618374701578
A,Breast cancer (Low),MDS,HDBSCAN,dbcv,Random,36,-1.0,-0.0031249618374701578
A,Breast cancer (Low),MDS,HDBSCAN,dbcv,Random,37,-1.0,-0.0031249618374701578
A,Breast cancer (Low),MDS,HDBSCAN,dbcv,Random,38,-1.0,-0.0031249618374701578
A,Breast cancer (Low),MDS,HDBSCAN,dbcv,Random,39,-1.0,-0.0031249618374701578
A,Breast cancer (Low),MDS,HDBSCAN,dbcv,Random,40,-1.0,-0.0031249618374701578
A,Breast cancer (Low),MDS,HDBSCAN,dbcv,Random,41,-0.010612258017100765,-0.0031249618374701578
A,Breast cancer (Low),MDS,HDBSCAN,dbcv,Random,42,-1.0,-0.0031249618374701578
A,Breast cancer (Low),MDS,HDBSCAN,dbcv,Random,43,-1.0,-0.0031249618374701578
A,Breast cancer (Low),MDS,HDBSCAN,dbcv,Random,44,-1.0,-0.0031249618374701578
A,Breast cancer (Low),MDS,HDBSCAN,dbcv,Random,45,-1.0,-0.0031249618374701578
A,Breast cancer (Low),MDS,HDBSCAN,dbcv,Random,46,-1.0,-0.0031249618374701578
A,Breast cancer (Low),MDS,HDBSCAN,dbcv,Random,47,-1.0,-0.0031249618374701578
A,Breast cancer (Low),MDS,HDBSCAN,dbcv,Random,48,-1.0,-0.0031249618374701578
A,Breast cancer (Low),MDS,HDBSCAN,dbcv,Random,49,-1.0,-0.0031249618374701578
A,Breast cancer (Low),MDS,HDBSCAN,dbcv,Random,50,-1.0,-0.0031249618374701578
A,Breast cancer (Low),MDS,HDBSCAN,dbcv,Random,51,-1.0,-0.0031249618374701578
A,Breast cancer (Low),MDS,HDBSCAN,dbcv,Random,52,-1.0,-0.0031249618374701578
A,Breast cancer (Low),MDS,HDBSCAN,dbcv,Random,53,-1.0,-0.0031249618374701578
A,Breast cancer (Low),MDS,HDBSCAN,dbcv,Random,54,-1.0,-0.0031249618374701578
A,Breast cancer (Low),MDS,HDBSCAN,dbcv,Random,55,-1.0,-0.0031249618374701578
A,Breast cancer (Low),MDS,HDBSCAN,dbcv,Random,56,-1.0,-0.0031249618374701578
A,Breast cancer (Low),MDS,HDBSCAN,dbcv,Random,57,-1.0,-0.0031249618374701578
A,Breast cancer (Low),MDS,HDBSCAN,dbcv,Random,58,-1.0,-0.0031249618374701578
A,Breast cancer (Low),MDS,HDBSCAN,dbcv,Random,59,-1.0,-0.0031249618374701578
A,Breast cancer (Low),MDS,HDBSCAN,dbcv,Random,60,-1.0,-0.0031249618374701578
A,Breast cancer (Low),MDS,HDBSCAN,dbcv,Random,61,-1.0,-0.0031249618374701578
A,Breast cancer (Low),MDS,HDBSCAN,dbcv,Random,62,-1.0,-0.0031249618374701578
A,Breast cancer (Low),MDS,HDBSCAN,dbcv,Random,63,-1.0,-0.0031249618374701578
A,Breast cancer (Low),MDS,HDBSCAN,dbcv,Random,64,-1.0,-0.0031249618374701578
A,Breast cancer (Low),MDS,HDBSCAN,dbcv,Random,65,-1.0,-0.0031249618374701578
A,Breast cancer (Low),MDS,HDBSCAN,dbcv,Random,66,-1.0,-0.0031249618374701578
A,Breast cancer (Low),MDS,HDBSCAN,dbcv,Random,67,-1.0,-0.0031249618374701578
A,Breast cancer (Low),MDS,HDBSCAN,dbcv,Random,68,-0.0465855985984361,-0.0031249618374701578
A,Breast cancer (Low),MDS,HDBSCAN,dbcv,Random,69,-1.0,-0.0031249618374701578
A,Breast cancer (Low),MDS,HDBSCAN,dbcv,Random,70,-1.0,-0.0031249618374701578
A,Breast cancer (Low),MDS,HDBSCAN,dbcv,Random,71,-1.0,-0.0031249618374701578
A,Breast cancer (Low),MDS,HDBSCAN,dbcv,Random,72,-1.0,-0.0031249618374701578
A,Breast cancer (Low),MDS,HDBSCAN,dbcv,Random,73,-1.0,-0.0031249618374701578
A,Breast cancer (Low),MDS,HDBSCAN,dbcv,Random,74,-0.19229059852985855,-0.0031249618374701578
A,Breast cancer (Low),MDS,HDBSCAN,dbcv,Random,75,-1.0,-0.0031249618374701578
A,Breast cancer (Low),MDS,HDBSCAN,dbcv,Random,76,-1.0,-0.0031249618374701578
A,Breast cancer (Low),MDS,HDBSCAN,dbcv,Random,77,-1.0,-0.0031249618374701578
A,Breast cancer (Low),MDS,HDBSCAN,dbcv,Random,78,-1.0,-0.0031249618374701578
A,Breast cancer (Low),MDS,HDBSCAN,dbcv,Random,79,-1.0,-0.0031249618374701578
A,Breast cancer (Low),MDS,HDBSCAN,dbcv,Random,80,-1.0,-0.0031249618374701578
A,Breast cancer (Low),MDS,HDBSCAN,dbcv,Random,81,-1.0,-0.0031249618374701578
A,Breast cancer (Low),MDS,HDBSCAN,dbcv,Random,82,-1.0,-0.0031249618374701578
A,Breast cancer (Low),MDS,HDBSCAN,dbcv,Random,83,-1.0,-0.0031249618374701578
A,Breast cancer (Low),MDS,HDBSCAN,dbcv,Random,84,-1.0,-0.0031249618374701578
A,Breast cancer (Low),MDS,HDBSCAN,dbcv,Random,85,-1.0,-0.0031249618374701578
A,Breast cancer (Low),MDS,HDBSCAN,dbcv,Random,86,-1.0,-0.0031249618374701578
A,Breast cancer (Low),MDS,HDBSCAN,dbcv,Random,87,-1.0,-0.0031249618374701578
A,Breast cancer (Low),MDS,HDBSCAN,dbcv,Random,88,-1.0,-0.0031249618374701578
A,Breast cancer (Low),MDS,HDBSCAN,dbcv,Random,89,-1.0,-0.0031249618374701578
A,Breast cancer (Low),MDS,HDBSCAN,dbcv,Random,90,-1.0,-0.0031249618374701578
A,Breast cancer (Low),MDS,HDBSCAN,dbcv,Random,91,-1.0,-0.0031249618374701578
A,Breast cancer (Low),MDS,HDBSCAN,dbcv,Random,92,-1.0,-0.0031249618374701578
A,Breast cancer (Low),MDS,HDBSCAN,dbcv,Random,93,-1.0,-0.0031249618374701578
A,Breast cancer (Low),MDS,HDBSCAN,dbcv,Random,94,-1.0,-0.0031249618374701578
A,Breast cancer (Low),MDS,HDBSCAN,dbcv,Random,95,-1.0,-0.0031249618374701578
A,Breast cancer (Low),MDS,HDBSCAN,dbcv,Random,96,-1.0,-0.0031249618374701578
A,Breast cancer (Low),MDS,HDBSCAN,dbcv,Random,97,-1.0,-0.0031249618374701578
A,Breast cancer (Low),MDS,HDBSCAN,dbcv,Random,98,-1.0,-0.0031249618374701578
A,Breast cancer (Low),MDS,HDBSCAN,dbcv,Random,99,-1.0,-0.0031249618374701578
A,Breast cancer (Low),MDS,DBSCAN,dbcv,TPE,0,-1.0,-1.0
A,Breast cancer (Low),MDS,DBSCAN,dbcv,TPE,1,-1.0,-1.0
A,Breast cancer (Low),MDS,DBSCAN,dbcv,TPE,2,-1.0,-1.0
A,Breast cancer (Low),MDS,DBSCAN,dbcv,TPE,3,-1.0,-1.0
A,Breast cancer (Low),MDS,DBSCAN,dbcv,TPE,4,-1.0,-1.0
A,Breast cancer (Low),MDS,DBSCAN,dbcv,TPE,5,-1.0,-1.0
A,Breast cancer (Low),MDS,DBSCAN,dbcv,TPE,6,-1.0,-1.0
A,Breast cancer (Low),MDS,DBSCAN,dbcv,TPE,7,-1.0,-1.0
A,Breast cancer (Low),MDS,DBSCAN,dbcv,TPE,8,-1.0,-1.0
A,Breast cancer (Low),MDS,DBSCAN,dbcv,TPE,9,-1.0,-1.0
A,Breast cancer (Low),MDS,DBSCAN,dbcv,TPE,10,-1.0,-1.0
A,Breast cancer (Low),MDS,DBSCAN,dbcv,TPE,11,-1.0,-1.0
A,Breast cancer (Low),MDS,DBSCAN,dbcv,TPE,12,-1.0,-1.0
A,Breast cancer (Low),MDS,DBSCAN,dbcv,TPE,13,-1.0,-1.0
A,Breast cancer (Low),MDS,DBSCAN,dbcv,TPE,14,-1.0,-1.0
A,Breast cancer (Low),MDS,DBSCAN,dbcv,TPE,15,-1.0,-1.0
A,Breast cancer (Low),MDS,DBSCAN,dbcv,TPE,16,-1.0,-1.0
A,Breast cancer (Low),MDS,DBSCAN,dbcv,TPE,17,-1.0,-1.0
A,Breast cancer (Low),MDS,DBSCAN,dbcv,TPE,18,-1.0,-1.0
A,Breast cancer (Low),MDS,DBSCAN,dbcv,TPE,19,-1.0,-1.0
A,Breast cancer (Low),MDS,DBSCAN,dbcv,TPE,20,-1.0,-1.0
A,Breast cancer (Low),MDS,DBSCAN,dbcv,TPE,21,-1.0,-1.0
A,Breast cancer (Low),MDS,DBSCAN,dbcv,TPE,22,-1.0,-1.0
A,Breast cancer (Low),MDS,DBSCAN,dbcv,TPE,23,-1.0,-1.0
A,Breast cancer (Low),MDS,DBSCAN,dbcv,TPE,24,-1.0,-1.0
A,Breast cancer (Low),MDS,DBSCAN,dbcv,TPE,25,-1.0,-1.0
A,Breast cancer (Low),MDS,DBSCAN,dbcv,TPE,26,-1.0,-1.0
A,Breast cancer (Low),MDS,DBSCAN,dbcv,TPE,27,-1.0,-1.0
A,Breast cancer (Low),MDS,DBSCAN,dbcv,TPE,28,-1.0,-1.0
A,Breast cancer (Low),MDS,DBSCAN,dbcv,TPE,29,-1.0,-1.0
A,Breast cancer (Low),MDS,DBSCAN,dbcv,TPE,30,-1.0,-1.0
A,Breast cancer (Low),MDS,DBSCAN,dbcv,TPE,31,-1.0,-1.0
A,Breast cancer (Low),MDS,DBSCAN,dbcv,TPE,32,-1.0,-1.0
A,Breast cancer (Low),MDS,DBSCAN,dbcv,TPE,33,-1.0,-1.0
A,Breast cancer (Low),MDS,DBSCAN,dbcv,TPE,34,-1.0,-1.0
A,Breast cancer (Low),MDS,DBSCAN,dbcv,TPE,35,-1.0,-1.0
A,Breast cancer (Low),MDS,DBSCAN,dbcv,TPE,36,-1.0,-1.0
A,Breast cancer (Low),MDS,DBSCAN,dbcv,TPE,37,-1.0,-1.0
A,Breast cancer (Low),MDS,DBSCAN,dbcv,TPE,38,-1.0,-1.0
A,Breast cancer (Low),MDS,DBSCAN,dbcv,TPE,39,-1.0,-1.0
A,Breast cancer (Low),MDS,DBSCAN,dbcv,TPE,40,-1.0,-1.0
A,Breast cancer (Low),MDS,DBSCAN,dbcv,TPE,41,-1.0,-1.0
A,Breast cancer (Low),MDS,DBSCAN,dbcv,TPE,42,-1.0,-1.0
A,Breast cancer (Low),MDS,DBSCAN,dbcv,TPE,43,-1.0,-1.0
A,Breast cancer (Low),MDS,DBSCAN,dbcv,TPE,44,-1.0,-1.0
A,Breast cancer (Low),MDS,DBSCAN,dbcv,TPE,45,-1.0,-1.0
A,Breast cancer (Low),MDS,DBSCAN,dbcv,TPE,46,-1.0,-1.0
A,Breast cancer (Low),MDS,DBSCAN,dbcv,TPE,47,-1.0,-1.0
A,Breast cancer (Low),MDS,DBSCAN,dbcv,TPE,48,-1.0,-1.0
A,Breast cancer (Low),MDS,DBSCAN,dbcv,TPE,49,-1.0,-1.0
A,Breast cancer (Low),MDS,DBSCAN,dbcv,TPE,50,-1.0,-1.0
A,Breast cancer (Low),MDS,DBSCAN,dbcv,TPE,51,-1.0,-1.0
A,Breast cancer (Low),MDS,DBSCAN,dbcv,TPE,52,-1.0,-1.0
A,Breast cancer (Low),MDS,DBSCAN,dbcv,TPE,53,-1.0,-1.0
A,Breast cancer (Low),MDS,DBSCAN,dbcv,TPE,54,-1.0,-1.0
A,Breast cancer (Low),MDS,DBSCAN,dbcv,TPE,55,-1.0,-1.0
A,Breast cancer (Low),MDS,DBSCAN,dbcv,TPE,56,-1.0,-1.0
A,Breast cancer (Low),MDS,DBSCAN,dbcv,TPE,57,-1.0,-1.0
A,Breast cancer (Low),MDS,DBSCAN,dbcv,TPE,58,-1.0,-1.0
A,Breast cancer (Low),MDS,DBSCAN,dbcv,TPE,59,-1.0,-1.0
A,Breast cancer (Low),MDS,DBSCAN,dbcv,TPE,60,-1.0,-1.0
A,Breast cancer (Low),MDS,DBSCAN,dbcv,TPE,61,-1.0,-1.0
A,Breast cancer (Low),MDS,DBSCAN,dbcv,TPE,62,-1.0,-1.0
A,Breast cancer (Low),MDS,DBSCAN,dbcv,TPE,63,-1.0,-1.0
A,Breast cancer (Low),MDS,DBSCAN,dbcv,TPE,64,-1.0,-1.0
A,Breast cancer (Low),MDS,DBSCAN,dbcv,TPE,65,-1.0,-1.0
A,Breast cancer (Low),MDS,DBSCAN,dbcv,TPE,66,-1.0,-1.0
A,Breast cancer (Low),MDS,DBSCAN,dbcv,TPE,67,-1.0,-1.0
A,Breast cancer (Low),MDS,DBSCAN,dbcv,TPE,68,-1.0,-1.0
A,Breast cancer (Low),MDS,DBSCAN,dbcv,TPE,69,-1.0,-1.0
A,Breast cancer (Low),MDS,DBSCAN,dbcv,TPE,70,-1.0,-1.0
A,Breast cancer (Low),MDS,DBSCAN,dbcv,TPE,71,-1.0,-1.0
A,Breast cancer (Low),MDS,DBSCAN,dbcv,TPE,72,-0.1222782239030068,-0.1222782239030068
A,Breast cancer (Low),MDS,DBSCAN,dbcv,TPE,73,-1.0,-0.1222782239030068
A,Breast cancer (Low),MDS,DBSCAN,dbcv,TPE,74,-0.190099021492629,-0.1222782239030068
A,Breast cancer (Low),MDS,DBSCAN,dbcv,TPE,75,-1.0,-0.1222782239030068
A,Breast cancer (Low),MDS,DBSCAN,dbcv,TPE,76,-1.0,-0.1222782239030068
A,Breast cancer (Low),MDS,DBSCAN,dbcv,TPE,77,-0.052677644895606425,-0.052677644895606425
A,Breast cancer (Low),MDS,DBSCAN,dbcv,TPE,78,-0.06513315012279361,-0.052677644895606425
A,Breast cancer (Low),MDS,DBSCAN,dbcv,TPE,79,-0.0034469693611757168,-0.0034469693611757168
A,Breast cancer (Low),MDS,DBSCAN,dbcv,TPE,80,0.13906437127473859,0.13906437127473859
A,Breast cancer (Low),MDS,DBSCAN,dbcv,TPE,81,0.13298180088180442,0.13906437127473859
A,Breast cancer (Low),MDS,DBSCAN,dbcv,TPE,82,-0.11211562068147223,0.13906437127473859
A,Breast cancer (Low),MDS,DBSCAN,dbcv,TPE,83,-0.02981797235245519,0.13906437127473859
A,Breast cancer (Low),MDS,DBSCAN,dbcv,TPE,84,0.11334920646603537,0.13906437127473859
A,Breast cancer (Low),MDS,DBSCAN,dbcv,TPE,85,-1.0,0.13906437127473859
A,Breast cancer (Low),MDS,DBSCAN,dbcv,TPE,86,0.18586790248747737,0.18586790248747737
A,Breast cancer (Low),MDS,DBSCAN,dbcv,TPE,87,-0.27754077344752637,0.18586790248747737
A,Breast cancer (Low),MDS,DBSCAN,dbcv,TPE,88,0.13806013716910048,0.18586790248747737
A,Breast cancer (Low),MDS,DBSCAN,dbcv,TPE,89,0.24015211225518013,0.24015211225518013
A,Breast cancer (Low),MDS,DBSCAN,dbcv,TPE,90,-0.19120060734237257,0.24015211225518013
A,Breast cancer (Low),MDS,DBSCAN,dbcv,TPE,91,0.18232147468607637,0.24015211225518013
A,Breast cancer (Low),MDS,DBSCAN,dbcv,TPE,92,0.12402433990996725,0.24015211225518013
A,Breast cancer (Low),MDS,DBSCAN,dbcv,TPE,93,-0.3920937381588098,0.24015211225518013
A,Breast cancer (Low),MDS,DBSCAN,dbcv,TPE,94,-0.07519391853534739,0.24015211225518013
A,Breast cancer (Low),MDS,DBSCAN,dbcv,TPE,95,-0.1478585296472767,0.24015211225518013
A,Breast cancer (Low),MDS,DBSCAN,dbcv,TPE,96,-0.1540474930139412,0.24015211225518013
A,Breast cancer (Low),MDS,DBSCAN,dbcv,TPE,97,-1.0,0.24015211225518013
A,Breast cancer (Low),MDS,DBSCAN,dbcv,TPE,98,-1.0,0.24015211225518013
A,Breast cancer (Low),MDS,DBSCAN,dbcv,TPE,99,0.13976915150095642,0.24015211225518013
A,Breast cancer (Low),MDS,DBSCAN,dbcv,Random,0,-1.0,-1.0
A,Breast cancer (Low),MDS,DBSCAN,dbcv,Random,1,-1.0,-1.0
A,Breast cancer (Low),MDS,DBSCAN,dbcv,Random,2,-1.0,-1.0
A,Breast cancer (Low),MDS,DBSCAN,dbcv,Random,3,-1.0,-1.0
A,Breast cancer (Low),MDS,DBSCAN,dbcv,Random,4,-1.0,-1.0
A,Breast cancer (Low),MDS,DBSCAN,dbcv,Random,5,-0.11931089753465125,-0.11931089753465125
A,Breast cancer (Low),MDS,DBSCAN,dbcv,Random,6,-1.0,-0.11931089753465125
A,Breast cancer (Low),MDS,DBSCAN,dbcv,Random,7,-0.13294080121748084,-0.11931089753465125
A,Breast cancer (Low),MDS,DBSCAN,dbcv,Random,8,-1.0,-0.11931089753465125
A,Breast cancer (Low),MDS,DBSCAN,dbcv,Random,9,-1.0,-0.11931089753465125
A,Breast cancer (Low),MDS,DBSCAN,dbcv,Random,10,-1.0,-0.11931089753465125
A,Breast cancer (Low),MDS,DBSCAN,dbcv,Random,11,-1.0,-0.11931089753465125
A,Breast cancer (Low),MDS,DBSCAN,dbcv,Random,12,-1.0,-0.11931089753465125
A,Breast cancer (Low),MDS,DBSCAN,dbcv,Random,13,-1.0,-0.11931089753465125
A,Breast cancer (Low),MDS,DBSCAN,dbcv,Random,14,-1.0,-0.11931089753465125
A,Breast cancer (Low),MDS,DBSCAN,dbcv,Random,15,-1.0,-0.11931089753465125
A,Breast cancer (Low),MDS,DBSCAN,dbcv,Random,16,-1.0,-0.11931089753465125
A,Breast cancer (Low),MDS,DBSCAN,dbcv,Random,17,-1.0,-0.11931089753465125
A,Breast cancer (Low),MDS,DBSCAN,dbcv,Random,18,-1.0,-0.11931089753465125
A,Breast cancer (Low),MDS,DBSCAN,dbcv,Random,19,-1.0,-0.11931089753465125
A,Breast cancer (Low),MDS,DBSCAN,dbcv,Random,20,-1.0,-0.11931089753465125
A,Breast cancer (Low),MDS,DBSCAN,dbcv,Random,21,-1.0,-0.11931089753465125
A,Breast cancer (Low),MDS,DBSCAN,dbcv,Random,22,-1.0,-0.11931089753465125
A,Breast cancer (Low),MDS,DBSCAN,dbcv,Random,23,-1.0,-0.11931089753465125
A,Breast cancer (Low),MDS,DBSCAN,dbcv,Random,24,-1.0,-0.11931089753465125
A,Breast cancer (Low),MDS,DBSCAN,dbcv,Random,25,-1.0,-0.11931089753465125
A,Breast cancer (Low),MDS,DBSCAN,dbcv,Random,26,-1.0,-0.11931089753465125
A,Breast cancer (Low),MDS,DBSCAN,dbcv,Random,27,-1.0,-0.11931089753465125
A,Breast cancer (Low),MDS,DBSCAN,dbcv,Random,28,-1.0,-0.11931089753465125
A,Breast cancer (Low),MDS,DBSCAN,dbcv,Random,29,-1.0,-0.11931089753465125
A,Breast cancer (Low),MDS,DBSCAN,dbcv,Random,30,-1.0,-0.11931089753465125
A,Breast cancer (Low),MDS,DBSCAN,dbcv,Random,31,-1.0,-0.11931089753465125
A,Breast cancer (Low),MDS,DBSCAN,dbcv,Random,32,-0.09605307216556243,-0.09605307216556243
A,Breast cancer (Low),MDS,DBSCAN,dbcv,Random,33,-1.0,-0.09605307216556243
A,Breast cancer (Low),MDS,DBSCAN,dbcv,Random,34,-1.0,-0.09605307216556243
A,Breast cancer (Low),MDS,DBSCAN,dbcv,Random,35,-1.0,-0.09605307216556243
A,Breast cancer (Low),MDS,DBSCAN,dbcv,Random,36,-1.0,-0.09605307216556243
A,Breast cancer (Low),MDS,DBSCAN,dbcv,Random,37,-1.0,-0.09605307216556243
A,Breast cancer (Low),MDS,DBSCAN,dbcv,Random,38,-1.0,-0.09605307216556243
A,Breast cancer (Low),MDS,DBSCAN,dbcv,Random,39,-1.0,-0.09605307216556243
A,Breast cancer (Low),MDS,DBSCAN,dbcv,Random,40,-1.0,-0.09605307216556243
A,Breast cancer (Low),MDS,DBSCAN,dbcv,Random,41,-1.0,-0.09605307216556243
A,Breast cancer (Low),MDS,DBSCAN,dbcv,Random,42,-1.0,-0.09605307216556243
A,Breast cancer (Low),MDS,DBSCAN,dbcv,Random,43,-0.10040286503444136,-0.09605307216556243
A,Breast cancer (Low),MDS,DBSCAN,dbcv,Random,44,-1.0,-0.09605307216556243
A,Breast cancer (Low),MDS,DBSCAN,dbcv,Random,45,-1.0,-0.09605307216556243
A,Breast cancer (Low),MDS,DBSCAN,dbcv,Random,46,-1.0,-0.09605307216556243
A,Breast cancer (Low),MDS,DBSCAN,dbcv,Random,47,-1.0,-0.09605307216556243
A,Breast cancer (Low),MDS,DBSCAN,dbcv,Random,48,-1.0,-0.09605307216556243
A,Breast cancer (Low),MDS,DBSCAN,dbcv,Random,49,-1.0,-0.09605307216556243
A,Breast cancer (Low),MDS,DBSCAN,dbcv,Random,50,-1.0,-0.09605307216556243
A,Breast cancer (Low),MDS,DBSCAN,dbcv,Random,51,-1.0,-0.09605307216556243
A,Breast cancer (Low),MDS,DBSCAN,dbcv,Random,52,-1.0,-0.09605307216556243
A,Breast cancer (Low),MDS,DBSCAN,dbcv,Random,53,-1.0,-0.09605307216556243
A,Breast cancer (Low),MDS,DBSCAN,dbcv,Random,54,-1.0,-0.09605307216556243
A,Breast cancer (Low),MDS,DBSCAN,dbcv,Random,55,-1.0,-0.09605307216556243
A,Breast cancer (Low),MDS,DBSCAN,dbcv,Random,56,-1.0,-0.09605307216556243
A,Breast cancer (Low),MDS,DBSCAN,dbcv,Random,57,-1.0,-0.09605307216556243
A,Breast cancer (Low),MDS,DBSCAN,dbcv,Random,58,-1.0,-0.09605307216556243
A,Breast cancer (Low),MDS,DBSCAN,dbcv,Random,59,-1.0,-0.09605307216556243
A,Breast cancer (Low),MDS,DBSCAN,dbcv,Random,60,-1.0,-0.09605307216556243
A,Breast cancer (Low),MDS,DBSCAN,dbcv,Random,61,-1.0,-0.09605307216556243
A,Breast cancer (Low),MDS,DBSCAN,dbcv,Random,62,-1.0,-0.09605307216556243
A,Breast cancer (Low),MDS,DBSCAN,dbcv,Random,63,-1.0,-0.09605307216556243
A,Breast cancer (Low),MDS,DBSCAN,dbcv,Random,64,-1.0,-0.09605307216556243
A,Breast cancer (Low),MDS,DBSCAN,dbcv,Random,65,-1.0,-0.09605307216556243
A,Breast cancer (Low),MDS,DBSCAN,dbcv,Random,66,-1.0,-0.09605307216556243
A,Breast cancer (Low),MDS,DBSCAN,dbcv,Random,67,-1.0,-0.09605307216556243
A,Breast cancer (Low),MDS,DBSCAN,dbcv,Random,68,-1.0,-0.09605307216556243
A,Breast cancer (Low),MDS,DBSCAN,dbcv,Random,69,-1.0,-0.09605307216556243
A,Breast cancer (Low),MDS,DBSCAN,dbcv,Random,70,-1.0,-0.09605307216556243
A,Breast cancer (Low),MDS,DBSCAN,dbcv,Random,71,-1.0,-0.09605307216556243
A,Breast cancer (Low),MDS,DBSCAN,dbcv,Random,72,-1.0,-0.09605307216556243
A,Breast cancer (Low),MDS,DBSCAN,dbcv,Random,73,-1.0,-0.09605307216556243
A,Breast cancer (Low),MDS,DBSCAN,dbcv,Random,74,-1.0,-0.09605307216556243
A,Breast cancer (Low),MDS,DBSCAN,dbcv,Random,75,-1.0,-0.09605307216556243
A,Breast cancer (Low),MDS,DBSCAN,dbcv,Random,76,-1.0,-0.09605307216556243
A,Breast cancer (Low),MDS,DBSCAN,dbcv,Random,77,-1.0,-0.09605307216556243
A,Breast cancer (Low),MDS,DBSCAN,dbcv,Random,78,-1.0,-0.09605307216556243
A,Breast cancer (Low),MDS,DBSCAN,dbcv,Random,79,-1.0,-0.09605307216556243
A,Breast cancer (Low),MDS,DBSCAN,dbcv,Random,80,-1.0,-0.09605307216556243
A,Breast cancer (Low),MDS,DBSCAN,dbcv,Random,81,-1.0,-0.09605307216556243
A,Breast cancer (Low),MDS,DBSCAN,dbcv,Random,82,-1.0,-0.09605307216556243
A,Breast cancer (Low),MDS,DBSCAN,dbcv,Random,83,-1.0,-0.09605307216556243
A,Breast cancer (Low),MDS,DBSCAN,dbcv,Random,84,-1.0,-0.09605307216556243
A,Breast cancer (Low),MDS,DBSCAN,dbcv,Random,85,-1.0,-0.09605307216556243
A,Breast cancer (Low),MDS,DBSCAN,dbcv,Random,86,-1.0,-0.09605307216556243
A,Breast cancer (Low),MDS,DBSCAN,dbcv,Random,87,-1.0,-0.09605307216556243
A,Breast cancer (Low),MDS,DBSCAN,dbcv,Random,88,-1.0,-0.09605307216556243
A,Breast cancer (Low),MDS,DBSCAN,dbcv,Random,89,-1.0,-0.09605307216556243
A,Breast cancer (Low),MDS,DBSCAN,dbcv,Random,90,-1.0,-0.09605307216556243
A,Breast cancer (Low),MDS,DBSCAN,dbcv,Random,91,-1.0,-0.09605307216556243
A,Breast cancer (Low),MDS,DBSCAN,dbcv,Random,92,-1.0,-0.09605307216556243
A,Breast cancer (Low),MDS,DBSCAN,dbcv,Random,93,-1.0,-0.09605307216556243
A,Breast cancer (Low),MDS,DBSCAN,dbcv,Random,94,-1.0,-0.09605307216556243
A,Breast cancer (Low),MDS,DBSCAN,dbcv,Random,95,-1.0,-0.09605307216556243
A,Breast cancer (Low),MDS,DBSCAN,dbcv,Random,96,-1.0,-0.09605307216556243
A,Breast cancer (Low),MDS,DBSCAN,dbcv,Random,97,-1.0,-0.09605307216556243
A,Breast cancer (Low),MDS,DBSCAN,dbcv,Random,98,-1.0,-0.09605307216556243
A,Breast cancer (Low),MDS,DBSCAN,dbcv,Random,99,-1.0,-0.09605307216556243
A,Breast cancer (Low),MDS,KMeans,dbcv,TPE,0,-0.4260981308049395,-0.4260981308049395
A,Breast cancer (Low),MDS,KMeans,dbcv,TPE,1,-0.4143834902768069,-0.4143834902768069
A,Breast cancer (Low),MDS,KMeans,dbcv,TPE,2,-0.6027245616242014,-0.4143834902768069
A,Breast cancer (Low),MDS,KMeans,dbcv,TPE,3,-0.406465507964747,-0.406465507964747
A,Breast cancer (Low),MDS,KMeans,dbcv,TPE,4,-0.46074264258515996,-0.406465507964747
A,Breast cancer (Low),MDS,KMeans,dbcv,TPE,5,-0.4310512916566049,-0.406465507964747
A,Breast cancer (Low),MDS,KMeans,dbcv,TPE,6,-0.5392843114509693,-0.406465507964747
A,Breast cancer (Low),MDS,KMeans,dbcv,TPE,7,-0.6037445513390344,-0.406465507964747
A,Breast cancer (Low),MDS,KMeans,dbcv,TPE,8,-0.4812912180440918,-0.406465507964747
A,Breast cancer (Low),MDS,KMeans,dbcv,TPE,9,-0.5788176481113249,-0.406465507964747
A,Breast cancer (Low),MDS,KMeans,dbcv,TPE,10,-0.4763081685039153,-0.406465507964747
A,Breast cancer (Low),MDS,KMeans,dbcv,TPE,11,-0.4882412841374501,-0.406465507964747
A,Breast cancer (Low),MDS,KMeans,dbcv,TPE,12,-0.4243983891125422,-0.406465507964747
A,Breast cancer (Low),MDS,KMeans,dbcv,TPE,13,-0.45671238538887304,-0.406465507964747
A,Breast cancer (Low),MDS,KMeans,dbcv,TPE,14,-0.5217719078132294,-0.406465507964747
A,Breast cancer (Low),MDS,KMeans,dbcv,TPE,15,-0.4405223792596612,-0.406465507964747
A,Breast cancer (Low),MDS,KMeans,dbcv,TPE,16,-0.5130098241792396,-0.406465507964747
A,Breast cancer (Low),MDS,KMeans,dbcv,TPE,17,-0.4299958975415804,-0.406465507964747
A,Breast cancer (Low),MDS,KMeans,dbcv,TPE,18,-0.4002974446567013,-0.4002974446567013
A,Breast cancer (Low),MDS,KMeans,dbcv,TPE,19,-0.42728504113622084,-0.4002974446567013
A,Breast cancer (Low),MDS,KMeans,dbcv,TPE,20,-0.7091156929924773,-0.4002974446567013
A,Breast cancer (Low),MDS,KMeans,dbcv,TPE,21,-0.39410582166293534,-0.39410582166293534
A,Breast cancer (Low),MDS,KMeans,dbcv,TPE,22,-0.4206363376582781,-0.39410582166293534
A,Breast cancer (Low),MDS,KMeans,dbcv,TPE,23,-0.4275875985338913,-0.39410582166293534
A,Breast cancer (Low),MDS,KMeans,dbcv,TPE,24,-0.46972893410533745,-0.39410582166293534
A,Breast cancer (Low),MDS,KMeans,dbcv,TPE,25,-0.4025954216247995,-0.39410582166293534
A,Breast cancer (Low),MDS,KMeans,dbcv,TPE,26,-0.3750747113700419,-0.3750747113700419
A,Breast cancer (Low),MDS,KMeans,dbcv,TPE,27,-0.4550481879979926,-0.3750747113700419
A,Breast cancer (Low),MDS,KMeans,dbcv,TPE,28,-0.38910227812204384,-0.3750747113700419
A,Breast cancer (Low),MDS,KMeans,dbcv,TPE,29,-0.3905543932895566,-0.3750747113700419
A,Breast cancer (Low),MDS,KMeans,dbcv,TPE,30,-0.42238473417307787,-0.3750747113700419
A,Breast cancer (Low),MDS,KMeans,dbcv,TPE,31,-0.41908134334368147,-0.3750747113700419
A,Breast cancer (Low),MDS,KMeans,dbcv,TPE,32,-0.44175673544241545,-0.3750747113700419
A,Breast cancer (Low),MDS,KMeans,dbcv,TPE,33,-0.4525316085498552,-0.3750747113700419
A,Breast cancer (Low),MDS,KMeans,dbcv,TPE,34,-0.4124058533210617,-0.3750747113700419
A,Breast cancer (Low),MDS,KMeans,dbcv,TPE,35,-0.4043134077745028,-0.3750747113700419
A,Breast cancer (Low),MDS,KMeans,dbcv,TPE,36,-0.41980006817566234,-0.3750747113700419
A,Breast cancer (Low),MDS,KMeans,dbcv,TPE,37,-0.4197292540569902,-0.3750747113700419
A,Breast cancer (Low),MDS,KMeans,dbcv,TPE,38,-0.4294216855377418,-0.3750747113700419
A,Breast cancer (Low),MDS,KMeans,dbcv,TPE,39,-0.4301896121629411,-0.3750747113700419
A,Breast cancer (Low),MDS,KMeans,dbcv,TPE,40,-0.441237521107952,-0.3750747113700419
A,Breast cancer (Low),MDS,KMeans,dbcv,TPE,41,-0.44888216176513723,-0.3750747113700419
A,Breast cancer (Low),MDS,KMeans,dbcv,TPE,42,-0.34970072324188306,-0.34970072324188306
A,Breast cancer (Low),MDS,KMeans,dbcv,TPE,43,-0.37576696681025595,-0.34970072324188306
A,Breast cancer (Low),MDS,KMeans,dbcv,TPE,44,-0.3765496581675923,-0.34970072324188306
A,Breast cancer (Low),MDS,KMeans,dbcv,TPE,45,-0.3797630086125154,-0.34970072324188306
A,Breast cancer (Low),MDS,KMeans,dbcv,TPE,46,-0.4388652366487121,-0.34970072324188306
A,Breast cancer (Low),MDS,KMeans,dbcv,TPE,47,-0.4192380698795767,-0.34970072324188306
A,Breast cancer (Low),MDS,KMeans,dbcv,TPE,48,-0.36484005955313875,-0.34970072324188306
A,Breast cancer (Low),MDS,KMeans,dbcv,TPE,49,-0.42430219413391723,-0.34970072324188306
A,Breast cancer (Low),MDS,KMeans,dbcv,TPE,50,-0.45137174573478916,-0.34970072324188306
A,Breast cancer (Low),MDS,KMeans,dbcv,TPE,51,-0.41670176410002635,-0.34970072324188306
A,Breast cancer (Low),MDS,KMeans,dbcv,TPE,52,-0.4095412649804233,-0.34970072324188306
A,Breast cancer (Low),MDS,KMeans,dbcv,TPE,53,-0.44600871871238634,-0.34970072324188306
A,Breast cancer (Low),MDS,KMeans,dbcv,TPE,54,-0.3869787818662201,-0.34970072324188306
A,Breast cancer (Low),MDS,KMeans,dbcv,TPE,55,-0.47321222584472333,-0.34970072324188306
A,Breast cancer (Low),MDS,KMeans,dbcv,TPE,56,-0.42267341468561287,-0.34970072324188306
A,Breast cancer (Low),MDS,KMeans,dbcv,TPE,57,-0.3975424899511189,-0.34970072324188306
A,Breast cancer (Low),MDS,KMeans,dbcv,TPE,58,-0.4821479345869815,-0.34970072324188306
A,Breast cancer (Low),MDS,KMeans,dbcv,TPE,59,-0.5392507239349524,-0.34970072324188306
A,Breast cancer (Low),MDS,KMeans,dbcv,TPE,60,-0.4290205558713208,-0.34970072324188306
A,Breast cancer (Low),MDS,KMeans,dbcv,TPE,61,-0.41170268680574434,-0.34970072324188306
A,Breast cancer (Low),MDS,KMeans,dbcv,TPE,62,-0.4040645417133962,-0.34970072324188306
A,Breast cancer (Low),MDS,KMeans,dbcv,TPE,63,-0.4511730585806664,-0.34970072324188306
A,Breast cancer (Low),MDS,KMeans,dbcv,TPE,64,-0.44152907371521194,-0.34970072324188306
A,Breast cancer (Low),MDS,KMeans,dbcv,TPE,65,-0.4000360440723276,-0.34970072324188306
A,Breast cancer (Low),MDS,KMeans,dbcv,TPE,66,-0.4769748722901534,-0.34970072324188306
A,Breast cancer (Low),MDS,KMeans,dbcv,TPE,67,-0.4061023414058205,-0.34970072324188306
A,Breast cancer (Low),MDS,KMeans,dbcv,TPE,68,-0.38230357210295507,-0.34970072324188306
A,Breast cancer (Low),MDS,KMeans,dbcv,TPE,69,-0.45730806911856087,-0.34970072324188306
A,Breast cancer (Low),MDS,KMeans,dbcv,TPE,70,-0.4669984917157034,-0.34970072324188306
A,Breast cancer (Low),MDS,KMeans,dbcv,TPE,71,-0.40051348046406404,-0.34970072324188306
A,Breast cancer (Low),MDS,KMeans,dbcv,TPE,72,-0.451312589565227,-0.34970072324188306
A,Breast cancer (Low),MDS,KMeans,dbcv,TPE,73,-0.7091156929924773,-0.34970072324188306
A,Breast cancer (Low),MDS,KMeans,dbcv,TPE,74,-0.48256287275985393,-0.34970072324188306
A,Breast cancer (Low),MDS,KMeans,dbcv,TPE,75,-0.41746553485394994,-0.34970072324188306
A,Breast cancer (Low),MDS,KMeans,dbcv,TPE,76,-0.4265107078231917,-0.34970072324188306
A,Breast cancer (Low),MDS,KMeans,dbcv,TPE,77,-0.4356945083822787,-0.34970072324188306
A,Breast cancer (Low),MDS,KMeans,dbcv,TPE,78,-0.3912293801030567,-0.34970072324188306
A,Breast cancer (Low),MDS,KMeans,dbcv,TPE,79,-0.4675994270181904,-0.34970072324188306
A,Breast cancer (Low),MDS,KMeans,dbcv,TPE,80,-0.40987742685529216,-0.34970072324188306
A,Breast cancer (Low),MDS,KMeans,dbcv,TPE,81,-0.44798805113802903,-0.34970072324188306
A,Breast cancer (Low),MDS,KMeans,dbcv,TPE,82,-0.39958094795066657,-0.34970072324188306
A,Breast cancer (Low),MDS,KMeans,dbcv,TPE,83,-0.43167253567745645,-0.34970072324188306
A,Breast cancer (Low),MDS,KMeans,dbcv,TPE,84,-0.3932420429254705,-0.34970072324188306
A,Breast cancer (Low),MDS,KMeans,dbcv,TPE,85,-0.4501080761826759,-0.34970072324188306
A,Breast cancer (Low),MDS,KMeans,dbcv,TPE,86,-0.41705489897427933,-0.34970072324188306
A,Breast cancer (Low),MDS,KMeans,dbcv,TPE,87,-0.425507476684566,-0.34970072324188306
A,Breast cancer (Low),MDS,KMeans,dbcv,TPE,88,-0.3815948510678003,-0.34970072324188306
A,Breast cancer (Low),MDS,KMeans,dbcv,TPE,89,-0.4091516507249291,-0.34970072324188306
A,Breast cancer (Low),MDS,KMeans,dbcv,TPE,90,-0.36692735154906664,-0.34970072324188306
A,Breast cancer (Low),MDS,KMeans,dbcv,TPE,91,-0.35864014906979386,-0.34970072324188306
A,Breast cancer (Low),MDS,KMeans,dbcv,TPE,92,-0.37130218001864623,-0.34970072324188306
A,Breast cancer (Low),MDS,KMeans,dbcv,TPE,93,-0.4608972049296594,-0.34970072324188306
A,Breast cancer (Low),MDS,KMeans,dbcv,TPE,94,-0.4028772064136188,-0.34970072324188306
A,Breast cancer (Low),MDS,KMeans,dbcv,TPE,95,-0.37561199999677186,-0.34970072324188306
A,Breast cancer (Low),MDS,KMeans,dbcv,TPE,96,-0.3975261959613692,-0.34970072324188306
A,Breast cancer (Low),MDS,KMeans,dbcv,TPE,97,-0.38534854556988046,-0.34970072324188306
A,Breast cancer (Low),MDS,KMeans,dbcv,TPE,98,-0.47463598201977647,-0.34970072324188306
A,Breast cancer (Low),MDS,KMeans,dbcv,TPE,99,-0.3547817370946128,-0.34970072324188306
A,Breast cancer (Low),MDS,KMeans,dbcv,Random,0,-0.431511353174943,-0.431511353174943
A,Breast cancer (Low),MDS,KMeans,dbcv,Random,1,-0.4603792406404222,-0.431511353174943
A,Breast cancer (Low),MDS,KMeans,dbcv,Random,2,-0.5169383089642775,-0.431511353174943
A,Breast cancer (Low),MDS,KMeans,dbcv,Random,3,-0.4214821076858657,-0.4214821076858657
A,Breast cancer (Low),MDS,KMeans,dbcv,Random,4,-0.4491377608867626,-0.4214821076858657
A,Breast cancer (Low),MDS,KMeans,dbcv,Random,5,-0.4078599545671951,-0.4078599545671951
A,Breast cancer (Low),MDS,KMeans,dbcv,Random,6,-0.6320809108552302,-0.4078599545671951
A,Breast cancer (Low),MDS,KMeans,dbcv,Random,7,-0.6477142828587488,-0.4078599545671951
A,Breast cancer (Low),MDS,KMeans,dbcv,Random,8,-0.47870895719882695,-0.4078599545671951
A,Breast cancer (Low),MDS,KMeans,dbcv,Random,9,-0.5660986071241468,-0.4078599545671951
A,Breast cancer (Low),MDS,KMeans,dbcv,Random,10,-0.5541877549179375,-0.4078599545671951
A,Breast cancer (Low),MDS,KMeans,dbcv,Random,11,-0.4622218824764228,-0.4078599545671951
A,Breast cancer (Low),MDS,KMeans,dbcv,Random,12,-0.4718120922223026,-0.4078599545671951
A,Breast cancer (Low),MDS,KMeans,dbcv,Random,13,-0.47711128857973617,-0.4078599545671951
A,Breast cancer (Low),MDS,KMeans,dbcv,Random,14,-0.7087523881685325,-0.4078599545671951
A,Breast cancer (Low),MDS,KMeans,dbcv,Random,15,-0.4651633711570681,-0.4078599545671951
A,Breast cancer (Low),MDS,KMeans,dbcv,Random,16,-0.4174434022457492,-0.4078599545671951
A,Breast cancer (Low),MDS,KMeans,dbcv,Random,17,-0.4670604615378414,-0.4078599545671951
A,Breast cancer (Low),MDS,KMeans,dbcv,Random,18,-0.5845746232417901,-0.4078599545671951
A,Breast cancer (Low),MDS,KMeans,dbcv,Random,19,-0.4364709050806302,-0.4078599545671951
A,Breast cancer (Low),MDS,KMeans,dbcv,Random,20,-0.5366352105449612,-0.4078599545671951
A,Breast cancer (Low),MDS,KMeans,dbcv,Random,21,-0.44729272954977173,-0.4078599545671951
A,Breast cancer (Low),MDS,KMeans,dbcv,Random,22,-0.4168622358946048,-0.4078599545671951
A,Breast cancer (Low),MDS,KMeans,dbcv,Random,23,-0.46087459099884254,-0.4078599545671951
A,Breast cancer (Low),MDS,KMeans,dbcv,Random,24,-0.5575939266273031,-0.4078599545671951
A,Breast cancer (Low),MDS,KMeans,dbcv,Random,25,-0.4594030789983683,-0.4078599545671951
A,Breast cancer (Low),MDS,KMeans,dbcv,Random,26,-0.45163403608664915,-0.4078599545671951
A,Breast cancer (Low),MDS,KMeans,dbcv,Random,27,-0.4340750727341842,-0.4078599545671951
A,Breast cancer (Low),MDS,KMeans,dbcv,Random,28,-0.6600903474815842,-0.4078599545671951
A,Breast cancer (Low),MDS,KMeans,dbcv,Random,29,-0.5796974626543818,-0.4078599545671951
A,Breast cancer (Low),MDS,KMeans,dbcv,Random,30,-0.5045627281592939,-0.4078599545671951
A,Breast cancer (Low),MDS,KMeans,dbcv,Random,31,-0.496107328385122,-0.4078599545671951
A,Breast cancer (Low),MDS,KMeans,dbcv,Random,32,-0.4519551991786145,-0.4078599545671951
A,Breast cancer (Low),MDS,KMeans,dbcv,Random,33,-0.4140006322540649,-0.4078599545671951
A,Breast cancer (Low),MDS,KMeans,dbcv,Random,34,-0.44255181562311796,-0.4078599545671951
A,Breast cancer (Low),MDS,KMeans,dbcv,Random,35,-0.5640209558918462,-0.4078599545671951
A,Breast cancer (Low),MDS,KMeans,dbcv,Random,36,-0.512826332534987,-0.4078599545671951
A,Breast cancer (Low),MDS,KMeans,dbcv,Random,37,-0.4727408835323445,-0.4078599545671951
A,Breast cancer (Low),MDS,KMeans,dbcv,Random,38,-0.5675950536729036,-0.4078599545671951
A,Breast cancer (Low),MDS,KMeans,dbcv,Random,39,-0.6094995886171637,-0.4078599545671951
A,Breast cancer (Low),MDS,KMeans,dbcv,Random,40,-0.45519380566989537,-0.4078599545671951
A,Breast cancer (Low),MDS,KMeans,dbcv,Random,41,-0.709842794862334,-0.4078599545671951
A,Breast cancer (Low),MDS,KMeans,dbcv,Random,42,-0.5324462431603673,-0.4078599545671951
A,Breast cancer (Low),MDS,KMeans,dbcv,Random,43,-0.493304733331047,-0.4078599545671951
A,Breast cancer (Low),MDS,KMeans,dbcv,Random,44,-0.40901701990808403,-0.4078599545671951
A,Breast cancer (Low),MDS,KMeans,dbcv,Random,45,-0.42469284356915127,-0.4078599545671951
A,Breast cancer (Low),MDS,KMeans,dbcv,Random,46,-0.5064418324046542,-0.4078599545671951
A,Breast cancer (Low),MDS,KMeans,dbcv,Random,47,-0.5214117690872684,-0.4078599545671951
A,Breast cancer (Low),MDS,KMeans,dbcv,Random,48,-0.5652540130912787,-0.4078599545671951
A,Breast cancer (Low),MDS,KMeans,dbcv,Random,49,-0.6486764797340135,-0.4078599545671951
A,Breast cancer (Low),MDS,KMeans,dbcv,Random,50,-0.5158968692941013,-0.4078599545671951
A,Breast cancer (Low),MDS,KMeans,dbcv,Random,51,-0.4637934827294514,-0.4078599545671951
A,Breast cancer (Low),MDS,KMeans,dbcv,Random,52,-0.5950643988608357,-0.4078599545671951
A,Breast cancer (Low),MDS,KMeans,dbcv,Random,53,-0.4392975141454826,-0.4078599545671951
A,Breast cancer (Low),MDS,KMeans,dbcv,Random,54,-0.6000286306544829,-0.4078599545671951
A,Breast cancer (Low),MDS,KMeans,dbcv,Random,55,-0.5509933458363698,-0.4078599545671951
A,Breast cancer (Low),MDS,KMeans,dbcv,Random,56,-0.4551978697803339,-0.4078599545671951
A,Breast cancer (Low),MDS,KMeans,dbcv,Random,57,-0.43997650447493447,-0.4078599545671951
A,Breast cancer (Low),MDS,KMeans,dbcv,Random,58,-0.4762677375196763,-0.4078599545671951
A,Breast cancer (Low),MDS,KMeans,dbcv,Random,59,-0.505957125035247,-0.4078599545671951
A,Breast cancer (Low),MDS,KMeans,dbcv,Random,60,-0.43087960390212665,-0.4078599545671951
A,Breast cancer (Low),MDS,KMeans,dbcv,Random,61,-0.6000286306544829,-0.4078599545671951
A,Breast cancer (Low),MDS,KMeans,dbcv,Random,62,-0.5248334137141029,-0.4078599545671951
A,Breast cancer (Low),MDS,KMeans,dbcv,Random,63,-0.4609642120918095,-0.4078599545671951
A,Breast cancer (Low),MDS,KMeans,dbcv,Random,64,-0.521826016288738,-0.4078599545671951
A,Breast cancer (Low),MDS,KMeans,dbcv,Random,65,-0.5937261601833429,-0.4078599545671951
A,Breast cancer (Low),MDS,KMeans,dbcv,Random,66,-0.4617366249491123,-0.4078599545671951
A,Breast cancer (Low),MDS,KMeans,dbcv,Random,67,-0.559205144238658,-0.4078599545671951
A,Breast cancer (Low),MDS,KMeans,dbcv,Random,68,-0.4507416192420426,-0.4078599545671951
A,Breast cancer (Low),MDS,KMeans,dbcv,Random,69,-0.4393636880582287,-0.4078599545671951
A,Breast cancer (Low),MDS,KMeans,dbcv,Random,70,-0.4894580322866316,-0.4078599545671951
A,Breast cancer (Low),MDS,KMeans,dbcv,Random,71,-0.5332874762828724,-0.4078599545671951
A,Breast cancer (Low),MDS,KMeans,dbcv,Random,72,-0.7091156930707803,-0.4078599545671951
A,Breast cancer (Low),MDS,KMeans,dbcv,Random,73,-0.5134414142707542,-0.4078599545671951
A,Breast cancer (Low),MDS,KMeans,dbcv,Random,74,-0.5808514108055205,-0.4078599545671951
A,Breast cancer (Low),MDS,KMeans,dbcv,Random,75,-0.5620619533355524,-0.4078599545671951
A,Breast cancer (Low),MDS,KMeans,dbcv,Random,76,-0.4232238981693845,-0.4078599545671951
A,Breast cancer (Low),MDS,KMeans,dbcv,Random,77,-0.5006083033167997,-0.4078599545671951
A,Breast cancer (Low),MDS,KMeans,dbcv,Random,78,-0.4637209284938582,-0.4078599545671951
A,Breast cancer (Low),MDS,KMeans,dbcv,Random,79,-0.4017451795558117,-0.4017451795558117
A,Breast cancer (Low),MDS,KMeans,dbcv,Random,80,-0.45759673895229913,-0.4017451795558117
A,Breast cancer (Low),MDS,KMeans,dbcv,Random,81,-0.4762592070124443,-0.4017451795558117
A,Breast cancer (Low),MDS,KMeans,dbcv,Random,82,-0.49319715598361136,-0.4017451795558117
A,Breast cancer (Low),MDS,KMeans,dbcv,Random,83,-0.600130935556405,-0.4017451795558117
A,Breast cancer (Low),MDS,KMeans,dbcv,Random,84,-0.5211736071010467,-0.4017451795558117
A,Breast cancer (Low),MDS,KMeans,dbcv,Random,85,-0.6406622384485265,-0.4017451795558117
A,Breast cancer (Low),MDS,KMeans,dbcv,Random,86,-0.5177982869475186,-0.4017451795558117
A,Breast cancer (Low),MDS,KMeans,dbcv,Random,87,-0.6373430035005753,-0.4017451795558117
A,Breast cancer (Low),MDS,KMeans,dbcv,Random,88,-0.4491926934638771,-0.4017451795558117
A,Breast cancer (Low),MDS,KMeans,dbcv,Random,89,-0.5567550785041043,-0.4017451795558117
A,Breast cancer (Low),MDS,KMeans,dbcv,Random,90,-0.5632638815280543,-0.4017451795558117
A,Breast cancer (Low),MDS,KMeans,dbcv,Random,91,-0.42090085079182205,-0.4017451795558117
A,Breast cancer (Low),MDS,KMeans,dbcv,Random,92,-0.4606172569382693,-0.4017451795558117
A,Breast cancer (Low),MDS,KMeans,dbcv,Random,93,-0.5025056051310753,-0.4017451795558117
A,Breast cancer (Low),MDS,KMeans,dbcv,Random,94,-0.511180633681509,-0.4017451795558117
A,Breast cancer (Low),MDS,KMeans,dbcv,Random,95,-0.4764034159964248,-0.4017451795558117
A,Breast cancer (Low),MDS,KMeans,dbcv,Random,96,-0.47030640260157935,-0.4017451795558117
A,Breast cancer (Low),MDS,KMeans,dbcv,Random,97,-0.5544097609997097,-0.4017451795558117
A,Breast cancer (Low),MDS,KMeans,dbcv,Random,98,-0.44707486101449323,-0.4017451795558117
A,Breast cancer (Low),MDS,KMeans,dbcv,Random,99,-0.4406020583465916,-0.4017451795558117
A,Concentric rings (Low),UMAP,HDBSCAN,dbcv,TPE,0,0.05954514439849429,0.05954514439849429
A,Concentric rings (Low),UMAP,HDBSCAN,dbcv,TPE,1,0.1748812208038927,0.1748812208038927
A,Concentric rings (Low),UMAP,HDBSCAN,dbcv,TPE,2,0.05745475823642088,0.1748812208038927
A,Concentric rings (Low),UMAP,HDBSCAN,dbcv,TPE,3,0.36966562237470085,0.36966562237470085
A,Concentric rings (Low),UMAP,HDBSCAN,dbcv,TPE,4,0.21453027601074448,0.36966562237470085
A,Concentric rings (Low),UMAP,HDBSCAN,dbcv,TPE,5,0.1296238413503099,0.36966562237470085
A,Concentric rings (Low),UMAP,HDBSCAN,dbcv,TPE,6,0.05954514439849429,0.36966562237470085
A,Concentric rings (Low),UMAP,HDBSCAN,dbcv,TPE,7,0.13490609019067507,0.36966562237470085
A,Concentric rings (Low),UMAP,HDBSCAN,dbcv,TPE,8,-0.7354464621676797,0.36966562237470085
A,Concentric rings (Low),UMAP,HDBSCAN,dbcv,TPE,9,0.28944744262553695,0.36966562237470085
A,Concentric rings (Low),UMAP,HDBSCAN,dbcv,TPE,10,0.05745475823642088,0.36966562237470085
A,Concentric rings (Low),UMAP,HDBSCAN,dbcv,TPE,11,0.32134737574105493,0.36966562237470085
A,Concentric rings (Low),UMAP,HDBSCAN,dbcv,TPE,12,0.286696510358882,0.36966562237470085
A,Concentric rings (Low),UMAP,HDBSCAN,dbcv,TPE,13,0.05745475823642088,0.36966562237470085
A,Concentric rings (Low),UMAP,HDBSCAN,dbcv,TPE,14,0.3281677279491259,0.36966562237470085
A,Concentric rings (Low),UMAP,HDBSCAN,dbcv,TPE,15,0.05745475823642088,0.36966562237470085
A,Concentric rings (Low),UMAP,HDBSCAN,dbcv,TPE,16,0.33989984404757023,0.36966562237470085
A,Concentric rings (Low),UMAP,HDBSCAN,dbcv,TPE,17,0.2128904678077104,0.36966562237470085
A,Concentric rings (Low),UMAP,HDBSCAN,dbcv,TPE,18,0.05954514439849429,0.36966562237470085
A,Concentric rings (Low),UMAP,HDBSCAN,dbcv,TPE,19,0.36947320352592206,0.36966562237470085
A,Concentric rings (Low),UMAP,HDBSCAN,dbcv,TPE,20,0.17981187900590273,0.36966562237470085
A,Concentric rings (Low),UMAP,HDBSCAN,dbcv,TPE,21,0.2500040619608301,0.36966562237470085
A,Concentric rings (Low),UMAP,HDBSCAN,dbcv,TPE,22,0.3817860696505632,0.3817860696505632
A,Concentric rings (Low),UMAP,HDBSCAN,dbcv,TPE,23,0.4558863171466957,0.4558863171466957
A,Concentric rings (Low),UMAP,HDBSCAN,dbcv,TPE,24,0.27254493114853073,0.4558863171466957
A,Concentric rings (Low),UMAP,HDBSCAN,dbcv,TPE,25,0.05745475823642088,0.4558863171466957
A,Concentric rings (Low),UMAP,HDBSCAN,dbcv,TPE,26,0.05745475823642088,0.4558863171466957
A,Concentric rings (Low),UMAP,HDBSCAN,dbcv,TPE,27,0.3462912945767731,0.4558863171466957
A,Concentric rings (Low),UMAP,HDBSCAN,dbcv,TPE,28,0.05954514439849429,0.4558863171466957
A,Concentric rings (Low),UMAP,HDBSCAN,dbcv,TPE,29,0.05954514439849429,0.4558863171466957
A,Concentric rings (Low),UMAP,HDBSCAN,dbcv,TPE,30,0.36506568708125403,0.4558863171466957
A,Concentric rings (Low),UMAP,HDBSCAN,dbcv,TPE,31,-0.02595011860764654,0.4558863171466957
A,Concentric rings (Low),UMAP,HDBSCAN,dbcv,TPE,32,0.2591262102228843,0.4558863171466957
A,Concentric rings (Low),UMAP,HDBSCAN,dbcv,TPE,33,0.05745475823642088,0.4558863171466957
A,Concentric rings (Low),UMAP,HDBSCAN,dbcv,TPE,34,0.4283728322679293,0.4558863171466957
A,Concentric rings (Low),UMAP,HDBSCAN,dbcv,TPE,35,0.37335734555695377,0.4558863171466957
A,Concentric rings (Low),UMAP,HDBSCAN,dbcv,TPE,36,0.37183157088665675,0.4558863171466957
A,Concentric rings (Low),UMAP,HDBSCAN,dbcv,TPE,37,0.05745475823642088,0.4558863171466957
A,Concentric rings (Low),UMAP,HDBSCAN,dbcv,TPE,38,0.05745475823642088,0.4558863171466957
A,Concentric rings (Low),UMAP,HDBSCAN,dbcv,TPE,39,0.3439948919554269,0.4558863171466957
A,Concentric rings (Low),UMAP,HDBSCAN,dbcv,TPE,40,0.05745475823642088,0.4558863171466957
A,Concentric rings (Low),UMAP,HDBSCAN,dbcv,TPE,41,0.2713273824979102,0.4558863171466957
A,Concentric rings (Low),UMAP,HDBSCAN,dbcv,TPE,42,0.30693195778245913,0.4558863171466957
A,Concentric rings (Low),UMAP,HDBSCAN,dbcv,TPE,43,0.35032310184177695,0.4558863171466957
A,Concentric rings (Low),UMAP,HDBSCAN,dbcv,TPE,44,-0.06616442432763282,0.4558863171466957
A,Concentric rings (Low),UMAP,HDBSCAN,dbcv,TPE,45,0.4319585262074367,0.4558863171466957
A,Concentric rings (Low),UMAP,HDBSCAN,dbcv,TPE,46,0.36633363769055644,0.4558863171466957
A,Concentric rings (Low),UMAP,HDBSCAN,dbcv,TPE,47,0.021456865878929886,0.4558863171466957
A,Concentric rings (Low),UMAP,HDBSCAN,dbcv,TPE,48,0.3465610541769194,0.4558863171466957
A,Concentric rings (Low),UMAP,HDBSCAN,dbcv,TPE,49,0.05745475823642088,0.4558863171466957
A,Concentric rings (Low),UMAP,HDBSCAN,dbcv,TPE,50,0.18198504888519634,0.4558863171466957
A,Concentric rings (Low),UMAP,HDBSCAN,dbcv,TPE,51,0.43219895779606976,0.4558863171466957
A,Concentric rings (Low),UMAP,HDBSCAN,dbcv,TPE,52,0.4375884778508664,0.4558863171466957
A,Concentric rings (Low),UMAP,HDBSCAN,dbcv,TPE,53,0.2797909963937672,0.4558863171466957
A,Concentric rings (Low),UMAP,HDBSCAN,dbcv,TPE,54,0.3354490700652921,0.4558863171466957
A,Concentric rings (Low),UMAP,HDBSCAN,dbcv,TPE,55,0.05745475823642088,0.4558863171466957
A,Concentric rings (Low),UMAP,HDBSCAN,dbcv,TPE,56,0.35161657912502653,0.4558863171466957
A,Concentric rings (Low),UMAP,HDBSCAN,dbcv,TPE,57,0.3718103614305551,0.4558863171466957
A,Concentric rings (Low),UMAP,HDBSCAN,dbcv,TPE,58,0.37542230852749037,0.4558863171466957
A,Concentric rings (Low),UMAP,HDBSCAN,dbcv,TPE,59,0.43347165666465426,0.4558863171466957
A,Concentric rings (Low),UMAP,HDBSCAN,dbcv,TPE,60,0.05745475823642088,0.4558863171466957
A,Concentric rings (Low),UMAP,HDBSCAN,dbcv,TPE,61,0.36156632419834867,0.4558863171466957
A,Concentric rings (Low),UMAP,HDBSCAN,dbcv,TPE,62,0.24229521533507076,0.4558863171466957
A,Concentric rings (Low),UMAP,HDBSCAN,dbcv,TPE,63,0.03390347809497332,0.4558863171466957
A,Concentric rings (Low),UMAP,HDBSCAN,dbcv,TPE,64,0.37529088965858204,0.4558863171466957
A,Concentric rings (Low),UMAP,HDBSCAN,dbcv,TPE,65,0.44045980797056095,0.4558863171466957
A,Concentric rings (Low),UMAP,HDBSCAN,dbcv,TPE,66,0.3068255067767528,0.4558863171466957
A,Concentric rings (Low),UMAP,HDBSCAN,dbcv,TPE,67,0.309503104988412,0.4558863171466957
A,Concentric rings (Low),UMAP,HDBSCAN,dbcv,TPE,68,0.38906136758785975,0.4558863171466957
A,Concentric rings (Low),UMAP,HDBSCAN,dbcv,TPE,69,0.05745475823642088,0.4558863171466957
A,Concentric rings (Low),UMAP,HDBSCAN,dbcv,TPE,70,0.36141497443895854,0.4558863171466957
A,Concentric rings (Low),UMAP,HDBSCAN,dbcv,TPE,71,0.43497877860193884,0.4558863171466957
A,Concentric rings (Low),UMAP,HDBSCAN,dbcv,TPE,72,0.3199193262236004,0.4558863171466957
A,Concentric rings (Low),UMAP,HDBSCAN,dbcv,TPE,73,0.39925502702838916,0.4558863171466957
A,Concentric rings (Low),UMAP,HDBSCAN,dbcv,TPE,74,0.3486139865004467,0.4558863171466957
A,Concentric rings (Low),UMAP,HDBSCAN,dbcv,TPE,75,0.29909232228727806,0.4558863171466957
A,Concentric rings (Low),UMAP,HDBSCAN,dbcv,TPE,76,0.4008925050185536,0.4558863171466957
A,Concentric rings (Low),UMAP,HDBSCAN,dbcv,TPE,77,0.45658307494593203,0.45658307494593203
A,Concentric rings (Low),UMAP,HDBSCAN,dbcv,TPE,78,0.05745475823642088,0.45658307494593203
A,Concentric rings (Low),UMAP,HDBSCAN,dbcv,TPE,79,-0.11616919399457455,0.45658307494593203
A,Concentric rings (Low),UMAP,HDBSCAN,dbcv,TPE,80,0.05745475823642088,0.45658307494593203
A,Concentric rings (Low),UMAP,HDBSCAN,dbcv,TPE,81,0.2379808115604964,0.45658307494593203
A,Concentric rings (Low),UMAP,HDBSCAN,dbcv,TPE,82,0.4919465331206854,0.4919465331206854
A,Concentric rings (Low),UMAP,HDBSCAN,dbcv,TPE,83,0.3938713873700771,0.4919465331206854
A,Concentric rings (Low),UMAP,HDBSCAN,dbcv,TPE,84,0.05954514439849429,0.4919465331206854
A,Concentric rings (Low),UMAP,HDBSCAN,dbcv,TPE,85,0.05954514439849429,0.4919465331206854
A,Concentric rings (Low),UMAP,HDBSCAN,dbcv,TPE,86,0.2543609044390702,0.4919465331206854
A,Concentric rings (Low),UMAP,HDBSCAN,dbcv,TPE,87,0.392965473019252,0.4919465331206854
A,Concentric rings (Low),UMAP,HDBSCAN,dbcv,TPE,88,0.4867634309996144,0.4919465331206854
A,Concentric rings (Low),UMAP,HDBSCAN,dbcv,TPE,89,0.3465045916962932,0.4919465331206854
A,Concentric rings (Low),UMAP,HDBSCAN,dbcv,TPE,90,0.05745475823642088,0.4919465331206854
A,Concentric rings (Low),UMAP,HDBSCAN,dbcv,TPE,91,0.4205961509302226,0.4919465331206854
A,Concentric rings (Low),UMAP,HDBSCAN,dbcv,TPE,92,0.4482800171582153,0.4919465331206854
A,Concentric rings (Low),UMAP,HDBSCAN,dbcv,TPE,93,0.39643481927325286,0.4919465331206854
A,Concentric rings (Low),UMAP,HDBSCAN,dbcv,TPE,94,0.05745475823642088,0.4919465331206854
A,Concentric rings (Low),UMAP,HDBSCAN,dbcv,TPE,95,0.25642928072006443,0.4919465331206854
A,Concentric rings (Low),UMAP,HDBSCAN,dbcv,TPE,96,0.05954514439849429,0.4919465331206854
A,Concentric rings (Low),UMAP,HDBSCAN,dbcv,TPE,97,0.4026745454357768,0.4919465331206854
A,Concentric rings (Low),UMAP,HDBSCAN,dbcv,TPE,98,0.05954514439849429,0.4919465331206854
A,Concentric rings (Low),UMAP,HDBSCAN,dbcv,TPE,99,0.05954514439849429,0.4919465331206854
A,Concentric rings (Low),UMAP,HDBSCAN,dbcv,Random,0,0.05745475823642088,0.05745475823642088
A,Concentric rings (Low),UMAP,HDBSCAN,dbcv,Random,1,0.13962954595907634,0.13962954595907634
A,Concentric rings (Low),UMAP,HDBSCAN,dbcv,Random,2,0.05745475823642088,0.13962954595907634
A,Concentric rings (Low),UMAP,HDBSCAN,dbcv,Random,3,0.3611650843037961,0.3611650843037961
A,Concentric rings (Low),UMAP,HDBSCAN,dbcv,Random,4,0.2173009368707349,0.3611650843037961
A,Concentric rings (Low),UMAP,HDBSCAN,dbcv,Random,5,0.28308950080404194,0.3611650843037961
A,Concentric rings (Low),UMAP,HDBSCAN,dbcv,Random,6,0.05954514439849429,0.3611650843037961
A,Concentric rings (Low),UMAP,HDBSCAN,dbcv,Random,7,0.10753985694423077,0.3611650843037961
A,Concentric rings (Low),UMAP,HDBSCAN,dbcv,Random,8,0.1762278703217883,0.3611650843037961
A,Concentric rings (Low),UMAP,HDBSCAN,dbcv,Random,9,0.29003003621290574,0.3611650843037961
A,Concentric rings (Low),UMAP,HDBSCAN,dbcv,Random,10,0.0890416173899341,0.3611650843037961
A,Concentric rings (Low),UMAP,HDBSCAN,dbcv,Random,11,0.0890416173899341,0.3611650843037961
A,Concentric rings (Low),UMAP,HDBSCAN,dbcv,Random,12,0.05745475823642088,0.3611650843037961
A,Concentric rings (Low),UMAP,HDBSCAN,dbcv,Random,13,0.05745475823642088,0.3611650843037961
A,Concentric rings (Low),UMAP,HDBSCAN,dbcv,Random,14,0.0578202610347899,0.3611650843037961
A,Concentric rings (Low),UMAP,HDBSCAN,dbcv,Random,15,-0.12906704613604125,0.3611650843037961
A,Concentric rings (Low),UMAP,HDBSCAN,dbcv,Random,16,0.15306892080340878,0.3611650843037961
A,Concentric rings (Low),UMAP,HDBSCAN,dbcv,Random,17,0.0890416173899341,0.3611650843037961
A,Concentric rings (Low),UMAP,HDBSCAN,dbcv,Random,18,-0.12661746687202977,0.3611650843037961
A,Concentric rings (Low),UMAP,HDBSCAN,dbcv,Random,19,0.18530420019969993,0.3611650843037961
A,Concentric rings (Low),UMAP,HDBSCAN,dbcv,Random,20,0.33733000026750376,0.3611650843037961
A,Concentric rings (Low),UMAP,HDBSCAN,dbcv,Random,21,0.04774157106535635,0.3611650843037961
A,Concentric rings (Low),UMAP,HDBSCAN,dbcv,Random,22,0.05745475823642088,0.3611650843037961
A,Concentric rings (Low),UMAP,HDBSCAN,dbcv,Random,23,0.05745475823642088,0.3611650843037961
A,Concentric rings (Low),UMAP,HDBSCAN,dbcv,Random,24,0.3298085656718144,0.3611650843037961
A,Concentric rings (Low),UMAP,HDBSCAN,dbcv,Random,25,-0.007138715671051923,0.3611650843037961
A,Concentric rings (Low),UMAP,HDBSCAN,dbcv,Random,26,0.05745475823642088,0.3611650843037961
A,Concentric rings (Low),UMAP,HDBSCAN,dbcv,Random,27,0.11249539613022708,0.3611650843037961
A,Concentric rings (Low),UMAP,HDBSCAN,dbcv,Random,28,0.05954514439849429,0.3611650843037961
A,Concentric rings (Low),UMAP,HDBSCAN,dbcv,Random,29,0.05745475823642088,0.3611650843037961
A,Concentric rings (Low),UMAP,HDBSCAN,dbcv,Random,30,0.05954514439849429,0.3611650843037961
A,Concentric rings (Low),UMAP,HDBSCAN,dbcv,Random,31,0.13962954595907634,0.3611650843037961
A,Concentric rings (Low),UMAP,HDBSCAN,dbcv,Random,32,-0.13806760252109804,0.3611650843037961
A,Concentric rings (Low),UMAP,HDBSCAN,dbcv,Random,33,0.18575380107288988,0.3611650843037961
A,Concentric rings (Low),UMAP,HDBSCAN,dbcv,Random,34,0.05745475823642088,0.3611650843037961
A,Concentric rings (Low),UMAP,HDBSCAN,dbcv,Random,35,0.05745475823642088,0.3611650843037961
A,Concentric rings (Low),UMAP,HDBSCAN,dbcv,Random,36,0.2802078250287987,0.3611650843037961
A,Concentric rings (Low),UMAP,HDBSCAN,dbcv,Random,37,-0.3065163529378027,0.3611650843037961
A,Concentric rings (Low),UMAP,HDBSCAN,dbcv,Random,38,0.2802078250287987,0.3611650843037961
A,Concentric rings (Low),UMAP,HDBSCAN,dbcv,Random,39,0.05745475823642088,0.3611650843037961
A,Concentric rings (Low),UMAP,HDBSCAN,dbcv,Random,40,0.05745475823642088,0.3611650843037961
A,Concentric rings (Low),UMAP,HDBSCAN,dbcv,Random,41,0.14084543884013004,0.3611650843037961
A,Concentric rings (Low),UMAP,HDBSCAN,dbcv,Random,42,-0.2642891705350161,0.3611650843037961
A,Concentric rings (Low),UMAP,HDBSCAN,dbcv,Random,43,0.18344971544916328,0.3611650843037961
A,Concentric rings (Low),UMAP,HDBSCAN,dbcv,Random,44,0.05745475823642088,0.3611650843037961
A,Concentric rings (Low),UMAP,HDBSCAN,dbcv,Random,45,0.17815087269749005,0.3611650843037961
A,Concentric rings (Low),UMAP,HDBSCAN,dbcv,Random,46,0.0890416173899341,0.3611650843037961
A,Concentric rings (Low),UMAP,HDBSCAN,dbcv,Random,47,0.05745475823642088,0.3611650843037961
A,Concentric rings (Low),UMAP,HDBSCAN,dbcv,Random,48,0.05954514439849429,0.3611650843037961
A,Concentric rings (Low),UMAP,HDBSCAN,dbcv,Random,49,0.05745475823642088,0.3611650843037961
A,Concentric rings (Low),UMAP,HDBSCAN,dbcv,Random,50,-0.02529237818479052,0.3611650843037961
A,Concentric rings (Low),UMAP,HDBSCAN,dbcv,Random,51,0.40965594200727107,0.40965594200727107
A,Concentric rings (Low),UMAP,HDBSCAN,dbcv,Random,52,-0.3273472505264074,0.40965594200727107
A,Concentric rings (Low),UMAP,HDBSCAN,dbcv,Random,53,0.256159133769133,0.40965594200727107
A,Concentric rings (Low),UMAP,HDBSCAN,dbcv,Random,54,0.05745475823642088,0.40965594200727107
A,Concentric rings (Low),UMAP,HDBSCAN,dbcv,Random,55,0.05745475823642088,0.40965594200727107
A,Concentric rings (Low),UMAP,HDBSCAN,dbcv,Random,56,0.11680156776865112,0.40965594200727107
A,Concentric rings (Low),UMAP,HDBSCAN,dbcv,Random,57,0.05954514439849429,0.40965594200727107
A,Concentric rings (Low),UMAP,HDBSCAN,dbcv,Random,58,0.05954514439849429,0.40965594200727107
A,Concentric rings (Low),UMAP,HDBSCAN,dbcv,Random,59,0.18345056930216683,0.40965594200727107
A,Concentric rings (Low),UMAP,HDBSCAN,dbcv,Random,60,0.05954514439849429,0.40965594200727107
A,Concentric rings (Low),UMAP,HDBSCAN,dbcv,Random,61,-0.5025289771484449,0.40965594200727107
A,Concentric rings (Low),UMAP,HDBSCAN,dbcv,Random,62,0.05954514439849429,0.40965594200727107
A,Concentric rings (Low),UMAP,HDBSCAN,dbcv,Random,63,0.05745475823642088,0.40965594200727107
A,Concentric rings (Low),UMAP,HDBSCAN,dbcv,Random,64,0.05745475823642088,0.40965594200727107
A,Concentric rings (Low),UMAP,HDBSCAN,dbcv,Random,65,0.05745475823642088,0.40965594200727107
A,Concentric rings (Low),UMAP,HDBSCAN,dbcv,Random,66,0.05954514439849429,0.40965594200727107
A,Concentric rings (Low),UMAP,HDBSCAN,dbcv,Random,67,0.05745475823642088,0.40965594200727107
A,Concentric rings (Low),UMAP,HDBSCAN,dbcv,Random,68,0.05954514439849429,0.40965594200727107
A,Concentric rings (Low),UMAP,HDBSCAN,dbcv,Random,69,0.05954514439849429,0.40965594200727107
A,Concentric rings (Low),UMAP,HDBSCAN,dbcv,Random,70,0.3600751356395828,0.40965594200727107
A,Concentric rings (Low),UMAP,HDBSCAN,dbcv,Random,71,0.05745475823642088,0.40965594200727107
A,Concentric rings (Low),UMAP,HDBSCAN,dbcv,Random,72,0.3178796215017276,0.40965594200727107
A,Concentric rings (Low),UMAP,HDBSCAN,dbcv,Random,73,0.05745475823642088,0.40965594200727107
A,Concentric rings (Low),UMAP,HDBSCAN,dbcv,Random,74,-0.36860012901297967,0.40965594200727107
A,Concentric rings (Low),UMAP,HDBSCAN,dbcv,Random,75,0.17988254155758826,0.40965594200727107
A,Concentric rings (Low),UMAP,HDBSCAN,dbcv,Random,76,0.05954514439849429,0.40965594200727107
A,Concentric rings (Low),UMAP,HDBSCAN,dbcv,Random,77,0.12523070211550963,0.40965594200727107
A,Concentric rings (Low),UMAP,HDBSCAN,dbcv,Random,78,0.09576061672792824,0.40965594200727107
A,Concentric rings (Low),UMAP,HDBSCAN,dbcv,Random,79,0.4076473454657106,0.40965594200727107
A,Concentric rings (Low),UMAP,HDBSCAN,dbcv,Random,80,0.05745475823642088,0.40965594200727107
A,Concentric rings (Low),UMAP,HDBSCAN,dbcv,Random,81,0.05745475823642088,0.40965594200727107
A,Concentric rings (Low),UMAP,HDBSCAN,dbcv,Random,82,-0.24791626421272062,0.40965594200727107
A,Concentric rings (Low),UMAP,HDBSCAN,dbcv,Random,83,0.31851393700080594,0.40965594200727107
A,Concentric rings (Low),UMAP,HDBSCAN,dbcv,Random,84,0.05954514439849429,0.40965594200727107
A,Concentric rings (Low),UMAP,HDBSCAN,dbcv,Random,85,0.05745475823642088,0.40965594200727107
A,Concentric rings (Low),UMAP,HDBSCAN,dbcv,Random,86,0.26979178464604503,0.40965594200727107
A,Concentric rings (Low),UMAP,HDBSCAN,dbcv,Random,87,0.05745475823642088,0.40965594200727107
A,Concentric rings (Low),UMAP,HDBSCAN,dbcv,Random,88,0.05745475823642088,0.40965594200727107
A,Concentric rings (Low),UMAP,HDBSCAN,dbcv,Random,89,-0.39316720548706807,0.40965594200727107
A,Concentric rings (Low),UMAP,HDBSCAN,dbcv,Random,90,0.0890416173899341,0.40965594200727107
A,Concentric rings (Low),UMAP,HDBSCAN,dbcv,Random,91,0.05954514439849429,0.40965594200727107
A,Concentric rings (Low),UMAP,HDBSCAN,dbcv,Random,92,0.2903274286816039,0.40965594200727107
A,Concentric rings (Low),UMAP,HDBSCAN,dbcv,Random,93,-0.03580313762513595,0.40965594200727107
A,Concentric rings (Low),UMAP,HDBSCAN,dbcv,Random,94,0.05745475823642088,0.40965594200727107
A,Concentric rings (Low),UMAP,HDBSCAN,dbcv,Random,95,0.11680156776865112,0.40965594200727107
A,Concentric rings (Low),UMAP,HDBSCAN,dbcv,Random,96,0.05954514439849429,0.40965594200727107
A,Concentric rings (Low),UMAP,HDBSCAN,dbcv,Random,97,0.05745475823642088,0.40965594200727107
A,Concentric rings (Low),UMAP,HDBSCAN,dbcv,Random,98,0.05745475823642088,0.40965594200727107
A,Concentric rings (Low),UMAP,HDBSCAN,dbcv,Random,99,0.05745475823642088,0.40965594200727107
A,Concentric rings (Low),UMAP,DBSCAN,dbcv,TPE,0,0.05745475823642088,0.05745475823642088
A,Concentric rings (Low),UMAP,DBSCAN,dbcv,TPE,1,-1.0,0.05745475823642088
A,Concentric rings (Low),UMAP,DBSCAN,dbcv,TPE,2,-1.0,0.05745475823642088
A,Concentric rings (Low),UMAP,DBSCAN,dbcv,TPE,3,0.05745475823642088,0.05745475823642088
A,Concentric rings (Low),UMAP,DBSCAN,dbcv,TPE,4,0.09411353613584289,0.09411353613584289
A,Concentric rings (Low),UMAP,DBSCAN,dbcv,TPE,5,-0.16473694532412597,0.09411353613584289
A,Concentric rings (Low),UMAP,DBSCAN,dbcv,TPE,6,0.3340708478849405,0.3340708478849405
A,Concentric rings (Low),UMAP,DBSCAN,dbcv,TPE,7,0.05745475823642088,0.3340708478849405
A,Concentric rings (Low),UMAP,DBSCAN,dbcv,TPE,8,-0.05268468241031734,0.3340708478849405
A,Concentric rings (Low),UMAP,DBSCAN,dbcv,TPE,9,0.11680156776865112,0.3340708478849405
A,Concentric rings (Low),UMAP,DBSCAN,dbcv,TPE,10,0.05745475823642088,0.3340708478849405
A,Concentric rings (Low),UMAP,DBSCAN,dbcv,TPE,11,0.05745475823642088,0.3340708478849405
A,Concentric rings (Low),UMAP,DBSCAN,dbcv,TPE,12,0.11680156776865112,0.3340708478849405
A,Concentric rings (Low),UMAP,DBSCAN,dbcv,TPE,13,0.05745475823642088,0.3340708478849405
A,Concentric rings (Low),UMAP,DBSCAN,dbcv,TPE,14,-0.12354958517987424,0.3340708478849405
A,Concentric rings (Low),UMAP,DBSCAN,dbcv,TPE,15,0.05745475823642088,0.3340708478849405
A,Concentric rings (Low),UMAP,DBSCAN,dbcv,TPE,16,0.1614443754799106,0.3340708478849405
A,Concentric rings (Low),UMAP,DBSCAN,dbcv,TPE,17,-1.0,0.3340708478849405
A,Concentric rings (Low),UMAP,DBSCAN,dbcv,TPE,18,-0.0567903570312255,0.3340708478849405
A,Concentric rings (Low),UMAP,DBSCAN,dbcv,TPE,19,0.05745475823642088,0.3340708478849405
A,Concentric rings (Low),UMAP,DBSCAN,dbcv,TPE,20,0.05745475823642088,0.3340708478849405
A,Concentric rings (Low),UMAP,DBSCAN,dbcv,TPE,21,-0.03951353369875629,0.3340708478849405
A,Concentric rings (Low),UMAP,DBSCAN,dbcv,TPE,22,0.023310606126510133,0.3340708478849405
A,Concentric rings (Low),UMAP,DBSCAN,dbcv,TPE,23,-1.0,0.3340708478849405
A,Concentric rings (Low),UMAP,DBSCAN,dbcv,TPE,24,0.05745475823642088,0.3340708478849405
A,Concentric rings (Low),UMAP,DBSCAN,dbcv,TPE,25,0.3969016886434052,0.3969016886434052
A,Concentric rings (Low),UMAP,DBSCAN,dbcv,TPE,26,0.23835873470898924,0.3969016886434052
A,Concentric rings (Low),UMAP,DBSCAN,dbcv,TPE,27,0.2594240481998555,0.3969016886434052
A,Concentric rings (Low),UMAP,DBSCAN,dbcv,TPE,28,0.36258038930830894,0.3969016886434052
A,Concentric rings (Low),UMAP,DBSCAN,dbcv,TPE,29,0.29164651727508173,0.3969016886434052
A,Concentric rings (Low),UMAP,DBSCAN,dbcv,TPE,30,0.05745475823642088,0.3969016886434052
A,Concentric rings (Low),UMAP,DBSCAN,dbcv,TPE,31,0.28820401825621966,0.3969016886434052
A,Concentric rings (Low),UMAP,DBSCAN,dbcv,TPE,32,0.05543764368205925,0.3969016886434052
A,Concentric rings (Low),UMAP,DBSCAN,dbcv,TPE,33,0.28808176367701616,0.3969016886434052
A,Concentric rings (Low),UMAP,DBSCAN,dbcv,TPE,34,-1.0,0.3969016886434052
A,Concentric rings (Low),UMAP,DBSCAN,dbcv,TPE,35,-0.10260915146697645,0.3969016886434052
A,Concentric rings (Low),UMAP,DBSCAN,dbcv,TPE,36,0.27431564371139106,0.3969016886434052
A,Concentric rings (Low),UMAP,DBSCAN,dbcv,TPE,37,0.22889295308508414,0.3969016886434052
A,Concentric rings (Low),UMAP,DBSCAN,dbcv,TPE,38,0.001699507805744488,0.3969016886434052
A,Concentric rings (Low),UMAP,DBSCAN,dbcv,TPE,39,0.2707958851391628,0.3969016886434052
A,Concentric rings (Low),UMAP,DBSCAN,dbcv,TPE,40,0.11680156776865112,0.3969016886434052
A,Concentric rings (Low),UMAP,DBSCAN,dbcv,TPE,41,0.3240212391064156,0.3969016886434052
A,Concentric rings (Low),UMAP,DBSCAN,dbcv,TPE,42,0.3342727266283774,0.3969016886434052
A,Concentric rings (Low),UMAP,DBSCAN,dbcv,TPE,43,0.1498648903855443,0.3969016886434052
A,Concentric rings (Low),UMAP,DBSCAN,dbcv,TPE,44,-0.023785150052543443,0.3969016886434052
A,Concentric rings (Low),UMAP,DBSCAN,dbcv,TPE,45,0.11932700897743853,0.3969016886434052
A,Concentric rings (Low),UMAP,DBSCAN,dbcv,TPE,46,-0.14918469353346292,0.3969016886434052
A,Concentric rings (Low),UMAP,DBSCAN,dbcv,TPE,47,-0.0210368210182903,0.3969016886434052
A,Concentric rings (Low),UMAP,DBSCAN,dbcv,TPE,48,-1.0,0.3969016886434052
A,Concentric rings (Low),UMAP,DBSCAN,dbcv,TPE,49,0.05745475823642088,0.3969016886434052
A,Concentric rings (Low),UMAP,DBSCAN,dbcv,TPE,50,-1.0,0.3969016886434052
A,Concentric rings (Low),UMAP,DBSCAN,dbcv,TPE,51,0.2806363553899695,0.3969016886434052
A,Concentric rings (Low),UMAP,DBSCAN,dbcv,TPE,52,0.16287947998724697,0.3969016886434052
A,Concentric rings (Low),UMAP,DBSCAN,dbcv,TPE,53,0.31554752940653713,0.3969016886434052
A,Concentric rings (Low),UMAP,DBSCAN,dbcv,TPE,54,0.05745475823642088,0.3969016886434052
A,Concentric rings (Low),UMAP,DBSCAN,dbcv,TPE,55,0.05745475823642088,0.3969016886434052
A,Concentric rings (Low),UMAP,DBSCAN,dbcv,TPE,56,0.19588626869396078,0.3969016886434052
A,Concentric rings (Low),UMAP,DBSCAN,dbcv,TPE,57,0.11680156776865112,0.3969016886434052
A,Concentric rings (Low),UMAP,DBSCAN,dbcv,TPE,58,0.05745475823642088,0.3969016886434052
A,Concentric rings (Low),UMAP,DBSCAN,dbcv,TPE,59,-1.0,0.3969016886434052
A,Concentric rings (Low),UMAP,DBSCAN,dbcv,TPE,60,0.3486750507586911,0.3969016886434052
A,Concentric rings (Low),UMAP,DBSCAN,dbcv,TPE,61,0.2984592658782587,0.3969016886434052
A,Concentric rings (Low),UMAP,DBSCAN,dbcv,TPE,62,0.32277904338541624,0.3969016886434052
A,Concentric rings (Low),UMAP,DBSCAN,dbcv,TPE,63,0.13360557801799502,0.3969016886434052
A,Concentric rings (Low),UMAP,DBSCAN,dbcv,TPE,64,0.11680156776865112,0.3969016886434052
A,Concentric rings (Low),UMAP,DBSCAN,dbcv,TPE,65,0.30854004240074084,0.3969016886434052
A,Concentric rings (Low),UMAP,DBSCAN,dbcv,TPE,66,0.19444443493668911,0.3969016886434052
A,Concentric rings (Low),UMAP,DBSCAN,dbcv,TPE,67,-0.0213891597876439,0.3969016886434052
A,Concentric rings (Low),UMAP,DBSCAN,dbcv,TPE,68,-0.04516900361044113,0.3969016886434052
A,Concentric rings (Low),UMAP,DBSCAN,dbcv,TPE,69,-1.0,0.3969016886434052
A,Concentric rings (Low),UMAP,DBSCAN,dbcv,TPE,70,0.28451834411449456,0.3969016886434052
A,Concentric rings (Low),UMAP,DBSCAN,dbcv,TPE,71,-1.0,0.3969016886434052
A,Concentric rings (Low),UMAP,DBSCAN,dbcv,TPE,72,-1.0,0.3969016886434052
A,Concentric rings (Low),UMAP,DBSCAN,dbcv,TPE,73,-1.0,0.3969016886434052
A,Concentric rings (Low),UMAP,DBSCAN,dbcv,TPE,74,0.2265437800282103,0.3969016886434052
A,Concentric rings (Low),UMAP,DBSCAN,dbcv,TPE,75,0.22141762183224867,0.3969016886434052
A,Concentric rings (Low),UMAP,DBSCAN,dbcv,TPE,76,0.09469132016696273,0.3969016886434052
A,Concentric rings (Low),UMAP,DBSCAN,dbcv,TPE,77,-1.0,0.3969016886434052
A,Concentric rings (Low),UMAP,DBSCAN,dbcv,TPE,78,0.11452741269318598,0.3969016886434052
A,Concentric rings (Low),UMAP,DBSCAN,dbcv,TPE,79,0.27431564371139106,0.3969016886434052
A,Concentric rings (Low),UMAP,DBSCAN,dbcv,TPE,80,0.20071939652658197,0.3969016886434052
A,Concentric rings (Low),UMAP,DBSCAN,dbcv,TPE,81,-1.0,0.3969016886434052
A,Concentric rings (Low),UMAP,DBSCAN,dbcv,TPE,82,-1.0,0.3969016886434052
A,Concentric rings (Low),UMAP,DBSCAN,dbcv,TPE,83,-1.0,0.3969016886434052
A,Concentric rings (Low),UMAP,DBSCAN,dbcv,TPE,84,-1.0,0.3969016886434052
A,Concentric rings (Low),UMAP,DBSCAN,dbcv,TPE,85,0.08571679601109905,0.3969016886434052
A,Concentric rings (Low),UMAP,DBSCAN,dbcv,TPE,86,-1.0,0.3969016886434052
A,Concentric rings (Low),UMAP,DBSCAN,dbcv,TPE,87,-1.0,0.3969016886434052
A,Concentric rings (Low),UMAP,DBSCAN,dbcv,TPE,88,-1.0,0.3969016886434052
A,Concentric rings (Low),UMAP,DBSCAN,dbcv,TPE,89,0.36977246579305,0.3969016886434052
A,Concentric rings (Low),UMAP,DBSCAN,dbcv,TPE,90,0.37589287834925694,0.3969016886434052
A,Concentric rings (Low),UMAP,DBSCAN,dbcv,TPE,91,0.3544018372955071,0.3969016886434052
A,Concentric rings (Low),UMAP,DBSCAN,dbcv,TPE,92,0.3558067470946927,0.3969016886434052
A,Concentric rings (Low),UMAP,DBSCAN,dbcv,TPE,93,0.4605975572327728,0.4605975572327728
A,Concentric rings (Low),UMAP,DBSCAN,dbcv,TPE,94,0.17815087269749005,0.4605975572327728
A,Concentric rings (Low),UMAP,DBSCAN,dbcv,TPE,95,0.35323864112775566,0.4605975572327728
A,Concentric rings (Low),UMAP,DBSCAN,dbcv,TPE,96,0.37130299160410724,0.4605975572327728
A,Concentric rings (Low),UMAP,DBSCAN,dbcv,TPE,97,-1.0,0.4605975572327728
A,Concentric rings (Low),UMAP,DBSCAN,dbcv,TPE,98,0.31143715509861664,0.4605975572327728
A,Concentric rings (Low),UMAP,DBSCAN,dbcv,TPE,99,0.3121750883979826,0.4605975572327728
A,Concentric rings (Low),UMAP,DBSCAN,dbcv,Random,0,0.05745475823642088,0.05745475823642088
A,Concentric rings (Low),UMAP,DBSCAN,dbcv,Random,1,-1.0,0.05745475823642088
A,Concentric rings (Low),UMAP,DBSCAN,dbcv,Random,2,-1.0,0.05745475823642088
A,Concentric rings (Low),UMAP,DBSCAN,dbcv,Random,3,0.10637186580793266,0.10637186580793266
A,Concentric rings (Low),UMAP,DBSCAN,dbcv,Random,4,0.11971561922445374,0.11971561922445374
A,Concentric rings (Low),UMAP,DBSCAN,dbcv,Random,5,0.013229651720491155,0.11971561922445374
A,Concentric rings (Low),UMAP,DBSCAN,dbcv,Random,6,0.27580748661209076,0.27580748661209076
A,Concentric rings (Low),UMAP,DBSCAN,dbcv,Random,7,0.05745475823642088,0.27580748661209076
A,Concentric rings (Low),UMAP,DBSCAN,dbcv,Random,8,-0.30883827375700323,0.27580748661209076
A,Concentric rings (Low),UMAP,DBSCAN,dbcv,Random,9,0.11486981975839997,0.27580748661209076
A,Concentric rings (Low),UMAP,DBSCAN,dbcv,Random,10,-1.0,0.27580748661209076
A,Concentric rings (Low),UMAP,DBSCAN,dbcv,Random,11,0.11680156776865112,0.27580748661209076
A,Concentric rings (Low),UMAP,DBSCAN,dbcv,Random,12,0.05745475823642088,0.27580748661209076
A,Concentric rings (Low),UMAP,DBSCAN,dbcv,Random,13,0.05745475823642088,0.27580748661209076
A,Concentric rings (Low),UMAP,DBSCAN,dbcv,Random,14,-1.0,0.27580748661209076
A,Concentric rings (Low),UMAP,DBSCAN,dbcv,Random,15,0.05745475823642088,0.27580748661209076
A,Concentric rings (Low),UMAP,DBSCAN,dbcv,Random,16,-1.0,0.27580748661209076
A,Concentric rings (Low),UMAP,DBSCAN,dbcv,Random,17,-0.03951353369875629,0.27580748661209076
A,Concentric rings (Low),UMAP,DBSCAN,dbcv,Random,18,-0.6316817927364905,0.27580748661209076
A,Concentric rings (Low),UMAP,DBSCAN,dbcv,Random,19,0.05745475823642088,0.27580748661209076
A,Concentric rings (Low),UMAP,DBSCAN,dbcv,Random,20,0.05745475823642088,0.27580748661209076
A,Concentric rings (Low),UMAP,DBSCAN,dbcv,Random,21,0.09411353613584289,0.27580748661209076
A,Concentric rings (Low),UMAP,DBSCAN,dbcv,Random,22,-1.0,0.27580748661209076
A,Concentric rings (Low),UMAP,DBSCAN,dbcv,Random,23,0.05745475823642088,0.27580748661209076
A,Concentric rings (Low),UMAP,DBSCAN,dbcv,Random,24,0.3427382570596229,0.3427382570596229
A,Concentric rings (Low),UMAP,DBSCAN,dbcv,Random,25,-0.012931708491489235,0.3427382570596229
A,Concentric rings (Low),UMAP,DBSCAN,dbcv,Random,26,0.05745475823642088,0.3427382570596229
A,Concentric rings (Low),UMAP,DBSCAN,dbcv,Random,27,-0.0035070345630464662,0.3427382570596229
A,Concentric rings (Low),UMAP,DBSCAN,dbcv,Random,28,0.05745475823642088,0.3427382570596229
A,Concentric rings (Low),UMAP,DBSCAN,dbcv,Random,29,0.05745475823642088,0.3427382570596229
A,Concentric rings (Low),UMAP,DBSCAN,dbcv,Random,30,0.05745475823642088,0.3427382570596229
A,Concentric rings (Low),UMAP,DBSCAN,dbcv,Random,31,0.16934879801291236,0.3427382570596229
A,Concentric rings (Low),UMAP,DBSCAN,dbcv,Random,32,0.05777168679131887,0.3427382570596229
A,Concentric rings (Low),UMAP,DBSCAN,dbcv,Random,33,-0.5466585350231183,0.3427382570596229
A,Concentric rings (Low),UMAP,DBSCAN,dbcv,Random,34,0.05745475823642088,0.3427382570596229
A,Concentric rings (Low),UMAP,DBSCAN,dbcv,Random,35,0.05745475823642088,0.3427382570596229
A,Concentric rings (Low),UMAP,DBSCAN,dbcv,Random,36,0.16934879801291236,0.3427382570596229
A,Concentric rings (Low),UMAP,DBSCAN,dbcv,Random,37,-0.05268468241031734,0.3427382570596229
A,Concentric rings (Low),UMAP,DBSCAN,dbcv,Random,38,0.11680156776865112,0.3427382570596229
A,Concentric rings (Low),UMAP,DBSCAN,dbcv,Random,39,-0.09108181784644083,0.3427382570596229
A,Concentric rings (Low),UMAP,DBSCAN,dbcv,Random,40,0.05745475823642088,0.3427382570596229
A,Concentric rings (Low),UMAP,DBSCAN,dbcv,Random,41,0.030016836194541936,0.3427382570596229
A,Concentric rings (Low),UMAP,DBSCAN,dbcv,Random,42,0.030016836194541936,0.3427382570596229
A,Concentric rings (Low),UMAP,DBSCAN,dbcv,Random,43,0.05745475823642088,0.3427382570596229
A,Concentric rings (Low),UMAP,DBSCAN,dbcv,Random,44,0.05745475823642088,0.3427382570596229
A,Concentric rings (Low),UMAP,DBSCAN,dbcv,Random,45,0.05745475823642088,0.3427382570596229
A,Concentric rings (Low),UMAP,DBSCAN,dbcv,Random,46,0.11680156776865112,0.3427382570596229
A,Concentric rings (Low),UMAP,DBSCAN,dbcv,Random,47,-1.0,0.3427382570596229
A,Concentric rings (Low),UMAP,DBSCAN,dbcv,Random,48,0.05745475823642088,0.3427382570596229
A,Concentric rings (Low),UMAP,DBSCAN,dbcv,Random,49,0.05745475823642088,0.3427382570596229
A,Concentric rings (Low),UMAP,DBSCAN,dbcv,Random,50,0.215341526172957,0.3427382570596229
A,Concentric rings (Low),UMAP,DBSCAN,dbcv,Random,51,0.28983786559151853,0.3427382570596229
A,Concentric rings (Low),UMAP,DBSCAN,dbcv,Random,52,-0.11256785318108364,0.3427382570596229
A,Concentric rings (Low),UMAP,DBSCAN,dbcv,Random,53,0.05745475823642088,0.3427382570596229
A,Concentric rings (Low),UMAP,DBSCAN,dbcv,Random,54,0.05745475823642088,0.3427382570596229
A,Concentric rings (Low),UMAP,DBSCAN,dbcv,Random,55,0.2991524193000856,0.3427382570596229
A,Concentric rings (Low),UMAP,DBSCAN,dbcv,Random,56,0.11971561922445374,0.3427382570596229
A,Concentric rings (Low),UMAP,DBSCAN,dbcv,Random,57,0.05745475823642088,0.3427382570596229
A,Concentric rings (Low),UMAP,DBSCAN,dbcv,Random,58,-0.05193651700511484,0.3427382570596229
A,Concentric rings (Low),UMAP,DBSCAN,dbcv,Random,59,0.11680156776865112,0.3427382570596229
A,Concentric rings (Low),UMAP,DBSCAN,dbcv,Random,60,0.05745475823642088,0.3427382570596229
A,Concentric rings (Low),UMAP,DBSCAN,dbcv,Random,61,-1.0,0.3427382570596229
A,Concentric rings (Low),UMAP,DBSCAN,dbcv,Random,62,0.05745475823642088,0.3427382570596229
A,Concentric rings (Low),UMAP,DBSCAN,dbcv,Random,63,-0.0379068536096111,0.3427382570596229
A,Concentric rings (Low),UMAP,DBSCAN,dbcv,Random,64,0.05745475823642088,0.3427382570596229
A,Concentric rings (Low),UMAP,DBSCAN,dbcv,Random,65,0.20794115124701915,0.3427382570596229
A,Concentric rings (Low),UMAP,DBSCAN,dbcv,Random,66,0.05745475823642088,0.3427382570596229
A,Concentric rings (Low),UMAP,DBSCAN,dbcv,Random,67,0.05745475823642088,0.3427382570596229
A,Concentric rings (Low),UMAP,DBSCAN,dbcv,Random,68,0.05745475823642088,0.3427382570596229
A,Concentric rings (Low),UMAP,DBSCAN,dbcv,Random,69,0.05745475823642088,0.3427382570596229
A,Concentric rings (Low),UMAP,DBSCAN,dbcv,Random,70,0.05745475823642088,0.3427382570596229
A,Concentric rings (Low),UMAP,DBSCAN,dbcv,Random,71,0.05745475823642088,0.3427382570596229
A,Concentric rings (Low),UMAP,DBSCAN,dbcv,Random,72,0.32226394433826394,0.3427382570596229
A,Concentric rings (Low),UMAP,DBSCAN,dbcv,Random,73,0.0746193083872193,0.3427382570596229
A,Concentric rings (Low),UMAP,DBSCAN,dbcv,Random,74,0.05745475823642088,0.3427382570596229
A,Concentric rings (Low),UMAP,DBSCAN,dbcv,Random,75,0.06197400087261028,0.3427382570596229
A,Concentric rings (Low),UMAP,DBSCAN,dbcv,Random,76,0.05745475823642088,0.3427382570596229
A,Concentric rings (Low),UMAP,DBSCAN,dbcv,Random,77,0.05745475823642088,0.3427382570596229
A,Concentric rings (Low),UMAP,DBSCAN,dbcv,Random,78,-0.5429230701340167,0.3427382570596229
A,Concentric rings (Low),UMAP,DBSCAN,dbcv,Random,79,-0.029956984621501544,0.3427382570596229
A,Concentric rings (Low),UMAP,DBSCAN,dbcv,Random,80,0.05745475823642088,0.3427382570596229
A,Concentric rings (Low),UMAP,DBSCAN,dbcv,Random,81,0.05745475823642088,0.3427382570596229
A,Concentric rings (Low),UMAP,DBSCAN,dbcv,Random,82,0.11680156776865112,0.3427382570596229
A,Concentric rings (Low),UMAP,DBSCAN,dbcv,Random,83,0.3005687864131585,0.3427382570596229
A,Concentric rings (Low),UMAP,DBSCAN,dbcv,Random,84,0.05745475823642088,0.3427382570596229
A,Concentric rings (Low),UMAP,DBSCAN,dbcv,Random,85,0.1196777968904687,0.3427382570596229
A,Concentric rings (Low),UMAP,DBSCAN,dbcv,Random,86,0.05745475823642088,0.3427382570596229
A,Concentric rings (Low),UMAP,DBSCAN,dbcv,Random,87,0.11680156776865112,0.3427382570596229
A,Concentric rings (Low),UMAP,DBSCAN,dbcv,Random,88,-1.0,0.3427382570596229
A,Concentric rings (Low),UMAP,DBSCAN,dbcv,Random,89,-0.5149752597596636,0.3427382570596229
A,Concentric rings (Low),UMAP,DBSCAN,dbcv,Random,90,0.05745475823642088,0.3427382570596229
A,Concentric rings (Low),UMAP,DBSCAN,dbcv,Random,91,0.05745475823642088,0.3427382570596229
A,Concentric rings (Low),UMAP,DBSCAN,dbcv,Random,92,0.2587162148509713,0.3427382570596229
A,Concentric rings (Low),UMAP,DBSCAN,dbcv,Random,93,-1.0,0.3427382570596229
A,Concentric rings (Low),UMAP,DBSCAN,dbcv,Random,94,0.05745475823642088,0.3427382570596229
A,Concentric rings (Low),UMAP,DBSCAN,dbcv,Random,95,0.0890416173899341,0.3427382570596229
A,Concentric rings (Low),UMAP,DBSCAN,dbcv,Random,96,0.05745475823642088,0.3427382570596229
A,Concentric rings (Low),UMAP,DBSCAN,dbcv,Random,97,0.05745475823642088,0.3427382570596229
A,Concentric rings (Low),UMAP,DBSCAN,dbcv,Random,98,0.31197353221215834,0.3427382570596229
A,Concentric rings (Low),UMAP,DBSCAN,dbcv,Random,99,0.05745475823642088,0.3427382570596229
A,Concentric rings (Low),UMAP,KMeans,dbcv,TPE,0,0.032797467579776814,0.032797467579776814
A,Concentric rings (Low),UMAP,KMeans,dbcv,TPE,1,-0.0785801379405009,0.032797467579776814
A,Concentric rings (Low),UMAP,KMeans,dbcv,TPE,2,-0.20950802973577057,0.032797467579776814
A,Concentric rings (Low),UMAP,KMeans,dbcv,TPE,3,0.013999230209266541,0.032797467579776814
A,Concentric rings (Low),UMAP,KMeans,dbcv,TPE,4,-0.07573616747956802,0.032797467579776814
A,Concentric rings (Low),UMAP,KMeans,dbcv,TPE,5,0.0854111352386413,0.0854111352386413
A,Concentric rings (Low),UMAP,KMeans,dbcv,TPE,6,0.14614499150195454,0.14614499150195454
A,Concentric rings (Low),UMAP,KMeans,dbcv,TPE,7,0.08806391827296106,0.14614499150195454
A,Concentric rings (Low),UMAP,KMeans,dbcv,TPE,8,-0.008075911477265718,0.14614499150195454
A,Concentric rings (Low),UMAP,KMeans,dbcv,TPE,9,0.05954514439849429,0.14614499150195454
A,Concentric rings (Low),UMAP,KMeans,dbcv,TPE,10,-0.3173769189254225,0.14614499150195454
A,Concentric rings (Low),UMAP,KMeans,dbcv,TPE,11,0.02672087948576457,0.14614499150195454
A,Concentric rings (Low),UMAP,KMeans,dbcv,TPE,12,-0.45239848078388917,0.14614499150195454
A,Concentric rings (Low),UMAP,KMeans,dbcv,TPE,13,0.11513540384958204,0.14614499150195454
A,Concentric rings (Low),UMAP,KMeans,dbcv,TPE,14,0.026437334507875967,0.14614499150195454
A,Concentric rings (Low),UMAP,KMeans,dbcv,TPE,15,0.046552512071603776,0.14614499150195454
A,Concentric rings (Low),UMAP,KMeans,dbcv,TPE,16,0.03291976474078556,0.14614499150195454
A,Concentric rings (Low),UMAP,KMeans,dbcv,TPE,17,0.03844602244429078,0.14614499150195454
A,Concentric rings (Low),UMAP,KMeans,dbcv,TPE,18,-0.19255281841019586,0.14614499150195454
A,Concentric rings (Low),UMAP,KMeans,dbcv,TPE,19,-0.09808997928112306,0.14614499150195454
A,Concentric rings (Low),UMAP,KMeans,dbcv,TPE,20,-0.11080103251810586,0.14614499150195454
A,Concentric rings (Low),UMAP,KMeans,dbcv,TPE,21,-0.299258818668922,0.14614499150195454
A,Concentric rings (Low),UMAP,KMeans,dbcv,TPE,22,-0.22778027657351452,0.14614499150195454
A,Concentric rings (Low),UMAP,KMeans,dbcv,TPE,23,0.19478223981442885,0.19478223981442885
A,Concentric rings (Low),UMAP,KMeans,dbcv,TPE,24,-0.0298741951015681,0.19478223981442885
A,Concentric rings (Low),UMAP,KMeans,dbcv,TPE,25,0.05954514439849429,0.19478223981442885
A,Concentric rings (Low),UMAP,KMeans,dbcv,TPE,26,0.10361657788092855,0.19478223981442885
A,Concentric rings (Low),UMAP,KMeans,dbcv,TPE,27,0.09376214161818648,0.19478223981442885
A,Concentric rings (Low),UMAP,KMeans,dbcv,TPE,28,-0.31334298848557046,0.19478223981442885
A,Concentric rings (Low),UMAP,KMeans,dbcv,TPE,29,0.07824092974759496,0.19478223981442885
A,Concentric rings (Low),UMAP,KMeans,dbcv,TPE,30,0.2065753672118466,0.2065753672118466
A,Concentric rings (Low),UMAP,KMeans,dbcv,TPE,31,-0.09002240618897753,0.2065753672118466
A,Concentric rings (Low),UMAP,KMeans,dbcv,TPE,32,0.014469500476986755,0.2065753672118466
A,Concentric rings (Low),UMAP,KMeans,dbcv,TPE,33,-0.11710131861832256,0.2065753672118466
A,Concentric rings (Low),UMAP,KMeans,dbcv,TPE,34,-0.3731797740861643,0.2065753672118466
A,Concentric rings (Low),UMAP,KMeans,dbcv,TPE,35,0.07609195511042124,0.2065753672118466
A,Concentric rings (Low),UMAP,KMeans,dbcv,TPE,36,-0.061673609650181004,0.2065753672118466
A,Concentric rings (Low),UMAP,KMeans,dbcv,TPE,37,0.017584750976767434,0.2065753672118466
A,Concentric rings (Low),UMAP,KMeans,dbcv,TPE,38,0.15217030008843127,0.2065753672118466
A,Concentric rings (Low),UMAP,KMeans,dbcv,TPE,39,0.13236340542020159,0.2065753672118466
A,Concentric rings (Low),UMAP,KMeans,dbcv,TPE,40,0.11990281853096472,0.2065753672118466
A,Concentric rings (Low),UMAP,KMeans,dbcv,TPE,41,0.17447628190960204,0.2065753672118466
A,Concentric rings (Low),UMAP,KMeans,dbcv,TPE,42,-0.25474645927360595,0.2065753672118466
A,Concentric rings (Low),UMAP,KMeans,dbcv,TPE,43,0.0743608425784176,0.2065753672118466
A,Concentric rings (Low),UMAP,KMeans,dbcv,TPE,44,-0.16581855857141659,0.2065753672118466
A,Concentric rings (Low),UMAP,KMeans,dbcv,TPE,45,0.05954514439849429,0.2065753672118466
A,Concentric rings (Low),UMAP,KMeans,dbcv,TPE,46,-0.3570383470730972,0.2065753672118466
A,Concentric rings (Low),UMAP,KMeans,dbcv,TPE,47,-0.19314810125293952,0.2065753672118466
A,Concentric rings (Low),UMAP,KMeans,dbcv,TPE,48,-0.1410696230260683,0.2065753672118466
A,Concentric rings (Low),UMAP,KMeans,dbcv,TPE,49,-0.1868548185159996,0.2065753672118466
A,Concentric rings (Low),UMAP,KMeans,dbcv,TPE,50,-0.3394671754753359,0.2065753672118466
A,Concentric rings (Low),UMAP,KMeans,dbcv,TPE,51,0.17447628190960204,0.2065753672118466
A,Concentric rings (Low),UMAP,KMeans,dbcv,TPE,52,-0.06878138546196866,0.2065753672118466
A,Concentric rings (Low),UMAP,KMeans,dbcv,TPE,53,0.05954514439849429,0.2065753672118466
A,Concentric rings (Low),UMAP,KMeans,dbcv,TPE,54,-0.01017907475734843,0.2065753672118466
A,Concentric rings (Low),UMAP,KMeans,dbcv,TPE,55,-0.187984348702748,0.2065753672118466
A,Concentric rings (Low),UMAP,KMeans,dbcv,TPE,56,-0.0623587826400699,0.2065753672118466
A,Concentric rings (Low),UMAP,KMeans,dbcv,TPE,57,0.018777154449233398,0.2065753672118466
A,Concentric rings (Low),UMAP,KMeans,dbcv,TPE,58,-0.22807265269838503,0.2065753672118466
A,Concentric rings (Low),UMAP,KMeans,dbcv,TPE,59,0.05954514439849429,0.2065753672118466
A,Concentric rings (Low),UMAP,KMeans,dbcv,TPE,60,-0.28169531799380154,0.2065753672118466
A,Concentric rings (Low),UMAP,KMeans,dbcv,TPE,61,0.09201894208210615,0.2065753672118466
A,Concentric rings (Low),UMAP,KMeans,dbcv,TPE,62,-0.13775266818868365,0.2065753672118466
A,Concentric rings (Low),UMAP,KMeans,dbcv,TPE,63,-0.03521289883746731,0.2065753672118466
A,Concentric rings (Low),UMAP,KMeans,dbcv,TPE,64,0.17447628190960204,0.2065753672118466
A,Concentric rings (Low),UMAP,KMeans,dbcv,TPE,65,0.05954514439849429,0.2065753672118466
A,Concentric rings (Low),UMAP,KMeans,dbcv,TPE,66,-0.1795991139481549,0.2065753672118466
A,Concentric rings (Low),UMAP,KMeans,dbcv,TPE,67,-0.2896290555466214,0.2065753672118466
A,Concentric rings (Low),UMAP,KMeans,dbcv,TPE,68,-0.39305385434560114,0.2065753672118466
A,Concentric rings (Low),UMAP,KMeans,dbcv,TPE,69,-0.22417381872481906,0.2065753672118466
A,Concentric rings (Low),UMAP,KMeans,dbcv,TPE,70,0.05954514439849429,0.2065753672118466
A,Concentric rings (Low),UMAP,KMeans,dbcv,TPE,71,-0.1643096059879632,0.2065753672118466
A,Concentric rings (Low),UMAP,KMeans,dbcv,TPE,72,0.17447628190960204,0.2065753672118466
A,Concentric rings (Low),UMAP,KMeans,dbcv,TPE,73,0.139257183166275,0.2065753672118466
A,Concentric rings (Low),UMAP,KMeans,dbcv,TPE,74,0.17447628190960204,0.2065753672118466
A,Concentric rings (Low),UMAP,KMeans,dbcv,TPE,75,0.17447628190960204,0.2065753672118466
A,Concentric rings (Low),UMAP,KMeans,dbcv,TPE,76,-0.025746879499951483,0.2065753672118466
A,Concentric rings (Low),UMAP,KMeans,dbcv,TPE,77,0.05954514439849429,0.2065753672118466
A,Concentric rings (Low),UMAP,KMeans,dbcv,TPE,78,0.09201894208210615,0.2065753672118466
A,Concentric rings (Low),UMAP,KMeans,dbcv,TPE,79,0.05954514439849429,0.2065753672118466
A,Concentric rings (Low),UMAP,KMeans,dbcv,TPE,80,-0.11956414778603228,0.2065753672118466
A,Concentric rings (Low),UMAP,KMeans,dbcv,TPE,81,0.14445753255453836,0.2065753672118466
A,Concentric rings (Low),UMAP,KMeans,dbcv,TPE,82,-0.07247223466142626,0.2065753672118466
A,Concentric rings (Low),UMAP,KMeans,dbcv,TPE,83,0.17447628190960204,0.2065753672118466
A,Concentric rings (Low),UMAP,KMeans,dbcv,TPE,84,0.05954514439849429,0.2065753672118466
A,Concentric rings (Low),UMAP,KMeans,dbcv,TPE,85,0.17447628190960204,0.2065753672118466
A,Concentric rings (Low),UMAP,KMeans,dbcv,TPE,86,0.1065552297827656,0.2065753672118466
A,Concentric rings (Low),UMAP,KMeans,dbcv,TPE,87,-0.025746879499951483,0.2065753672118466
A,Concentric rings (Low),UMAP,KMeans,dbcv,TPE,88,0.05954514439849429,0.2065753672118466
A,Concentric rings (Low),UMAP,KMeans,dbcv,TPE,89,0.1593245948769933,0.2065753672118466
A,Concentric rings (Low),UMAP,KMeans,dbcv,TPE,90,0.17493575875448877,0.2065753672118466
A,Concentric rings (Low),UMAP,KMeans,dbcv,TPE,91,0.20338923693679295,0.2065753672118466
A,Concentric rings (Low),UMAP,KMeans,dbcv,TPE,92,0.029334583752073137,0.2065753672118466
A,Concentric rings (Low),UMAP,KMeans,dbcv,TPE,93,0.03436456710821337,0.2065753672118466
A,Concentric rings (Low),UMAP,KMeans,dbcv,TPE,94,0.17493575875448877,0.2065753672118466
A,Concentric rings (Low),UMAP,KMeans,dbcv,TPE,95,0.16940646940020967,0.2065753672118466
A,Concentric rings (Low),UMAP,KMeans,dbcv,TPE,96,0.08101005562039856,0.2065753672118466
A,Concentric rings (Low),UMAP,KMeans,dbcv,TPE,97,0.16940646940020967,0.2065753672118466
A,Concentric rings (Low),UMAP,KMeans,dbcv,TPE,98,0.12557887799528128,0.2065753672118466
A,Concentric rings (Low),UMAP,KMeans,dbcv,TPE,99,-0.19599343616797088,0.2065753672118466
A,Concentric rings (Low),UMAP,KMeans,dbcv,Random,0,-0.3578873435305965,-0.3578873435305965
A,Concentric rings (Low),UMAP,KMeans,dbcv,Random,1,-0.016001748786605027,-0.016001748786605027
A,Concentric rings (Low),UMAP,KMeans,dbcv,Random,2,-0.43750498299471974,-0.016001748786605027
A,Concentric rings (Low),UMAP,KMeans,dbcv,Random,3,-0.003819953424603721,-0.003819953424603721
A,Concentric rings (Low),UMAP,KMeans,dbcv,Random,4,0.030918492495075944,0.030918492495075944
A,Concentric rings (Low),UMAP,KMeans,dbcv,Random,5,-0.12158433822362938,0.030918492495075944
A,Concentric rings (Low),UMAP,KMeans,dbcv,Random,6,0.0120854745068807,0.030918492495075944
A,Concentric rings (Low),UMAP,KMeans,dbcv,Random,7,0.05653753184560006,0.05653753184560006
A,Concentric rings (Low),UMAP,KMeans,dbcv,Random,8,0.04991638133019379,0.05653753184560006
A,Concentric rings (Low),UMAP,KMeans,dbcv,Random,9,0.05954514439849429,0.05954514439849429
A,Concentric rings (Low),UMAP,KMeans,dbcv,Random,10,0.05954514439849429,0.05954514439849429
A,Concentric rings (Low),UMAP,KMeans,dbcv,Random,11,-0.303406111640661,0.05954514439849429
A,Concentric rings (Low),UMAP,KMeans,dbcv,Random,12,-0.018868088644579808,0.05954514439849429
A,Concentric rings (Low),UMAP,KMeans,dbcv,Random,13,-0.1619524913280517,0.05954514439849429
A,Concentric rings (Low),UMAP,KMeans,dbcv,Random,14,-0.18102238231027562,0.05954514439849429
A,Concentric rings (Low),UMAP,KMeans,dbcv,Random,15,-0.27479390527677006,0.05954514439849429
A,Concentric rings (Low),UMAP,KMeans,dbcv,Random,16,0.07816792180992327,0.07816792180992327
A,Concentric rings (Low),UMAP,KMeans,dbcv,Random,17,-0.3689348395824711,0.07816792180992327
A,Concentric rings (Low),UMAP,KMeans,dbcv,Random,18,0.17086858930704907,0.17086858930704907
A,Concentric rings (Low),UMAP,KMeans,dbcv,Random,19,0.13971048574001596,0.17086858930704907
A,Concentric rings (Low),UMAP,KMeans,dbcv,Random,20,0.09330619821901544,0.17086858930704907
A,Concentric rings (Low),UMAP,KMeans,dbcv,Random,21,-0.16762202491223172,0.17086858930704907
A,Concentric rings (Low),UMAP,KMeans,dbcv,Random,22,0.1019817287419535,0.17086858930704907
A,Concentric rings (Low),UMAP,KMeans,dbcv,Random,23,-0.3800422462658654,0.17086858930704907
A,Concentric rings (Low),UMAP,KMeans,dbcv,Random,24,-0.35907492961666676,0.17086858930704907
A,Concentric rings (Low),UMAP,KMeans,dbcv,Random,25,0.11732766051644479,0.17086858930704907
A,Concentric rings (Low),UMAP,KMeans,dbcv,Random,26,0.19616222327105737,0.19616222327105737
A,Concentric rings (Low),UMAP,KMeans,dbcv,Random,27,0.05954514439849429,0.19616222327105737
A,Concentric rings (Low),UMAP,KMeans,dbcv,Random,28,0.10223023335232687,0.19616222327105737
A,Concentric rings (Low),UMAP,KMeans,dbcv,Random,29,-0.3678082580997115,0.19616222327105737
A,Concentric rings (Low),UMAP,KMeans,dbcv,Random,30,0.004512341965690581,0.19616222327105737
A,Concentric rings (Low),UMAP,KMeans,dbcv,Random,31,-0.234332549286987,0.19616222327105737
A,Concentric rings (Low),UMAP,KMeans,dbcv,Random,32,0.05954514439849429,0.19616222327105737
A,Concentric rings (Low),UMAP,KMeans,dbcv,Random,33,-0.004263283077873294,0.19616222327105737
A,Concentric rings (Low),UMAP,KMeans,dbcv,Random,34,0.07428614208915361,0.19616222327105737
A,Concentric rings (Low),UMAP,KMeans,dbcv,Random,35,0.050609119376887855,0.19616222327105737
A,Concentric rings (Low),UMAP,KMeans,dbcv,Random,36,0.016621262815444682,0.19616222327105737
A,Concentric rings (Low),UMAP,KMeans,dbcv,Random,37,0.010036405201913196,0.19616222327105737
A,Concentric rings (Low),UMAP,KMeans,dbcv,Random,38,-0.1684357108061589,0.19616222327105737
A,Concentric rings (Low),UMAP,KMeans,dbcv,Random,39,0.008805776609705607,0.19616222327105737
A,Concentric rings (Low),UMAP,KMeans,dbcv,Random,40,-0.4309681096525545,0.19616222327105737
A,Concentric rings (Low),UMAP,KMeans,dbcv,Random,41,-0.04303878859619377,0.19616222327105737
A,Concentric rings (Low),UMAP,KMeans,dbcv,Random,42,0.05954514439849429,0.19616222327105737
A,Concentric rings (Low),UMAP,KMeans,dbcv,Random,43,-0.057460356395146704,0.19616222327105737
A,Concentric rings (Low),UMAP,KMeans,dbcv,Random,44,0.05655637984170187,0.19616222327105737
A,Concentric rings (Low),UMAP,KMeans,dbcv,Random,45,0.05133064162750935,0.19616222327105737
A,Concentric rings (Low),UMAP,KMeans,dbcv,Random,46,-0.1087908895835721,0.19616222327105737
A,Concentric rings (Low),UMAP,KMeans,dbcv,Random,47,-0.25032567700179864,0.19616222327105737
A,Concentric rings (Low),UMAP,KMeans,dbcv,Random,48,-0.030447093349370537,0.19616222327105737
A,Concentric rings (Low),UMAP,KMeans,dbcv,Random,49,-0.2661374299221801,0.19616222327105737
A,Concentric rings (Low),UMAP,KMeans,dbcv,Random,50,0.03165150412210814,0.19616222327105737
A,Concentric rings (Low),UMAP,KMeans,dbcv,Random,51,-0.28659278733791105,0.19616222327105737
A,Concentric rings (Low),UMAP,KMeans,dbcv,Random,52,-0.33770948724798333,0.19616222327105737
A,Concentric rings (Low),UMAP,KMeans,dbcv,Random,53,-0.24580840185454747,0.19616222327105737
A,Concentric rings (Low),UMAP,KMeans,dbcv,Random,54,0.07700971503471493,0.19616222327105737
A,Concentric rings (Low),UMAP,KMeans,dbcv,Random,55,-0.2925458777880328,0.19616222327105737
A,Concentric rings (Low),UMAP,KMeans,dbcv,Random,56,0.03159601300629131,0.19616222327105737
A,Concentric rings (Low),UMAP,KMeans,dbcv,Random,57,-0.682851909824977,0.19616222327105737
A,Concentric rings (Low),UMAP,KMeans,dbcv,Random,58,-0.25170730199558,0.19616222327105737
A,Concentric rings (Low),UMAP,KMeans,dbcv,Random,59,0.13039376547558845,0.19616222327105737
A,Concentric rings (Low),UMAP,KMeans,dbcv,Random,60,0.07109127648071187,0.19616222327105737
A,Concentric rings (Low),UMAP,KMeans,dbcv,Random,61,-0.07533753177187412,0.19616222327105737
A,Concentric rings (Low),UMAP,KMeans,dbcv,Random,62,-0.31122273878858586,0.19616222327105737
A,Concentric rings (Low),UMAP,KMeans,dbcv,Random,63,0.1162045448947752,0.19616222327105737
A,Concentric rings (Low),UMAP,KMeans,dbcv,Random,64,-0.322883900003911,0.19616222327105737
A,Concentric rings (Low),UMAP,KMeans,dbcv,Random,65,-0.08387582340695987,0.19616222327105737
A,Concentric rings (Low),UMAP,KMeans,dbcv,Random,66,-0.3157367848690395,0.19616222327105737
A,Concentric rings (Low),UMAP,KMeans,dbcv,Random,67,0.04731493975697578,0.19616222327105737
A,Concentric rings (Low),UMAP,KMeans,dbcv,Random,68,0.15217030008843127,0.19616222327105737
A,Concentric rings (Low),UMAP,KMeans,dbcv,Random,69,-0.12214678873691802,0.19616222327105737
A,Concentric rings (Low),UMAP,KMeans,dbcv,Random,70,-0.3356188561136853,0.19616222327105737
A,Concentric rings (Low),UMAP,KMeans,dbcv,Random,71,-0.1736665514191521,0.19616222327105737
A,Concentric rings (Low),UMAP,KMeans,dbcv,Random,72,-0.05158153781889992,0.19616222327105737
A,Concentric rings (Low),UMAP,KMeans,dbcv,Random,73,-0.14235017955553883,0.19616222327105737
A,Concentric rings (Low),UMAP,KMeans,dbcv,Random,74,-0.3574296441061309,0.19616222327105737
A,Concentric rings (Low),UMAP,KMeans,dbcv,Random,75,-0.18817482148376785,0.19616222327105737
A,Concentric rings (Low),UMAP,KMeans,dbcv,Random,76,-0.24486893714884958,0.19616222327105737
A,Concentric rings (Low),UMAP,KMeans,dbcv,Random,77,-0.2757863579981667,0.19616222327105737
A,Concentric rings (Low),UMAP,KMeans,dbcv,Random,78,-0.08371945660034899,0.19616222327105737
A,Concentric rings (Low),UMAP,KMeans,dbcv,Random,79,-0.4692237272947004,0.19616222327105737
A,Concentric rings (Low),UMAP,KMeans,dbcv,Random,80,-0.2813694038323618,0.19616222327105737
A,Concentric rings (Low),UMAP,KMeans,dbcv,Random,81,0.11885179074998736,0.19616222327105737
A,Concentric rings (Low),UMAP,KMeans,dbcv,Random,82,-0.1042945915568582,0.19616222327105737
A,Concentric rings (Low),UMAP,KMeans,dbcv,Random,83,-0.31421232412997313,0.19616222327105737
A,Concentric rings (Low),UMAP,KMeans,dbcv,Random,84,-0.07623006021556396,0.19616222327105737
A,Concentric rings (Low),UMAP,KMeans,dbcv,Random,85,-0.358759574783534,0.19616222327105737
A,Concentric rings (Low),UMAP,KMeans,dbcv,Random,86,-0.12910828929103058,0.19616222327105737
A,Concentric rings (Low),UMAP,KMeans,dbcv,Random,87,-0.13524575356362367,0.19616222327105737
A,Concentric rings (Low),UMAP,KMeans,dbcv,Random,88,-0.32998539278233185,0.19616222327105737
A,Concentric rings (Low),UMAP,KMeans,dbcv,Random,89,-0.2823835046237125,0.19616222327105737
A,Concentric rings (Low),UMAP,KMeans,dbcv,Random,90,-0.3508160422708473,0.19616222327105737
A,Concentric rings (Low),UMAP,KMeans,dbcv,Random,91,-0.32447680402851686,0.19616222327105737
A,Concentric rings (Low),UMAP,KMeans,dbcv,Random,92,-0.4015007519636917,0.19616222327105737
A,Concentric rings (Low),UMAP,KMeans,dbcv,Random,93,-0.16910136350455324,0.19616222327105737
A,Concentric rings (Low),UMAP,KMeans,dbcv,Random,94,0.04492894669021214,0.19616222327105737
A,Concentric rings (Low),UMAP,KMeans,dbcv,Random,95,-0.27988023632361936,0.19616222327105737
A,Concentric rings (Low),UMAP,KMeans,dbcv,Random,96,0.05745475823642088,0.19616222327105737
A,Concentric rings (Low),UMAP,KMeans,dbcv,Random,97,-0.09015103814367671,0.19616222327105737
A,Concentric rings (Low),UMAP,KMeans,dbcv,Random,98,-0.029432653268077844,0.19616222327105737
A,Concentric rings (Low),UMAP,KMeans,dbcv,Random,99,0.1019817287419535,0.19616222327105737
A,Concentric rings (Low),t-SNE,HDBSCAN,dbcv,TPE,0,0.13804501841938424,0.13804501841938424
A,Concentric rings (Low),t-SNE,HDBSCAN,dbcv,TPE,1,0.08903501945062199,0.13804501841938424
A,Concentric rings (Low),t-SNE,HDBSCAN,dbcv,TPE,2,0.05954514439849429,0.13804501841938424
A,Concentric rings (Low),t-SNE,HDBSCAN,dbcv,TPE,3,0.4815622411524919,0.4815622411524919
A,Concentric rings (Low),t-SNE,HDBSCAN,dbcv,TPE,4,0.20974071883540193,0.4815622411524919
A,Concentric rings (Low),t-SNE,HDBSCAN,dbcv,TPE,5,0.05745475823642088,0.4815622411524919
A,Concentric rings (Low),t-SNE,HDBSCAN,dbcv,TPE,6,0.05745475823642088,0.4815622411524919
A,Concentric rings (Low),t-SNE,HDBSCAN,dbcv,TPE,7,0.2103333848330278,0.4815622411524919
A,Concentric rings (Low),t-SNE,HDBSCAN,dbcv,TPE,8,-0.09166769132901872,0.4815622411524919
A,Concentric rings (Low),t-SNE,HDBSCAN,dbcv,TPE,9,0.1708923618049757,0.4815622411524919
A,Concentric rings (Low),t-SNE,HDBSCAN,dbcv,TPE,10,0.19791570915119577,0.4815622411524919
A,Concentric rings (Low),t-SNE,HDBSCAN,dbcv,TPE,11,0.26610139417000167,0.4815622411524919
A,Concentric rings (Low),t-SNE,HDBSCAN,dbcv,TPE,12,0.24901153963554937,0.4815622411524919
A,Concentric rings (Low),t-SNE,HDBSCAN,dbcv,TPE,13,0.33982391112599436,0.4815622411524919
A,Concentric rings (Low),t-SNE,HDBSCAN,dbcv,TPE,14,0.3952806764434843,0.4815622411524919
A,Concentric rings (Low),t-SNE,HDBSCAN,dbcv,TPE,15,0.05745475823642088,0.4815622411524919
A,Concentric rings (Low),t-SNE,HDBSCAN,dbcv,TPE,16,0.16754370895744589,0.4815622411524919
A,Concentric rings (Low),t-SNE,HDBSCAN,dbcv,TPE,17,0.05745475823642088,0.4815622411524919
A,Concentric rings (Low),t-SNE,HDBSCAN,dbcv,TPE,18,0.21976450060581487,0.4815622411524919
A,Concentric rings (Low),t-SNE,HDBSCAN,dbcv,TPE,19,0.36654808165265773,0.4815622411524919
A,Concentric rings (Low),t-SNE,HDBSCAN,dbcv,TPE,20,0.05745475823642088,0.4815622411524919
A,Concentric rings (Low),t-SNE,HDBSCAN,dbcv,TPE,21,0.20940786360512734,0.4815622411524919
A,Concentric rings (Low),t-SNE,HDBSCAN,dbcv,TPE,22,0.4467725367148545,0.4815622411524919
A,Concentric rings (Low),t-SNE,HDBSCAN,dbcv,TPE,23,0.4578396327152386,0.4815622411524919
A,Concentric rings (Low),t-SNE,HDBSCAN,dbcv,TPE,24,0.44796047994316507,0.4815622411524919
A,Concentric rings (Low),t-SNE,HDBSCAN,dbcv,TPE,25,0.05745475823642088,0.4815622411524919
A,Concentric rings (Low),t-SNE,HDBSCAN,dbcv,TPE,26,0.4378359477602303,0.4815622411524919
A,Concentric rings (Low),t-SNE,HDBSCAN,dbcv,TPE,27,0.44103071579730774,0.4815622411524919
A,Concentric rings (Low),t-SNE,HDBSCAN,dbcv,TPE,28,0.05745475823642088,0.4815622411524919
A,Concentric rings (Low),t-SNE,HDBSCAN,dbcv,TPE,29,0.31408798280004935,0.4815622411524919
A,Concentric rings (Low),t-SNE,HDBSCAN,dbcv,TPE,30,0.05745475823642088,0.4815622411524919
A,Concentric rings (Low),t-SNE,HDBSCAN,dbcv,TPE,31,0.2569923615961842,0.4815622411524919
A,Concentric rings (Low),t-SNE,HDBSCAN,dbcv,TPE,32,0.25667305684530317,0.4815622411524919
A,Concentric rings (Low),t-SNE,HDBSCAN,dbcv,TPE,33,0.4210410517139042,0.4815622411524919
A,Concentric rings (Low),t-SNE,HDBSCAN,dbcv,TPE,34,0.47442659544945937,0.4815622411524919
A,Concentric rings (Low),t-SNE,HDBSCAN,dbcv,TPE,35,0.24778885859961985,0.4815622411524919
A,Concentric rings (Low),t-SNE,HDBSCAN,dbcv,TPE,36,0.05745475823642088,0.4815622411524919
A,Concentric rings (Low),t-SNE,HDBSCAN,dbcv,TPE,37,0.05745475823642088,0.4815622411524919
A,Concentric rings (Low),t-SNE,HDBSCAN,dbcv,TPE,38,0.27843564408597415,0.4815622411524919
A,Concentric rings (Low),t-SNE,HDBSCAN,dbcv,TPE,39,0.23401965753697637,0.4815622411524919
A,Concentric rings (Low),t-SNE,HDBSCAN,dbcv,TPE,40,0.05745475823642088,0.4815622411524919
A,Concentric rings (Low),t-SNE,HDBSCAN,dbcv,TPE,41,0.42168026745650455,0.4815622411524919
A,Concentric rings (Low),t-SNE,HDBSCAN,dbcv,TPE,42,0.32773234667792595,0.4815622411524919
A,Concentric rings (Low),t-SNE,HDBSCAN,dbcv,TPE,43,0.16754370895744589,0.4815622411524919
A,Concentric rings (Low),t-SNE,HDBSCAN,dbcv,TPE,44,0.4101147714996164,0.4815622411524919
A,Concentric rings (Low),t-SNE,HDBSCAN,dbcv,TPE,45,0.27910883613207543,0.4815622411524919
A,Concentric rings (Low),t-SNE,HDBSCAN,dbcv,TPE,46,0.36998767443321967,0.4815622411524919
A,Concentric rings (Low),t-SNE,HDBSCAN,dbcv,TPE,47,0.16754370895744589,0.4815622411524919
A,Concentric rings (Low),t-SNE,HDBSCAN,dbcv,TPE,48,0.3489048039378563,0.4815622411524919
A,Concentric rings (Low),t-SNE,HDBSCAN,dbcv,TPE,49,0.16754370895744589,0.4815622411524919
A,Concentric rings (Low),t-SNE,HDBSCAN,dbcv,TPE,50,0.09101144188489353,0.4815622411524919
A,Concentric rings (Low),t-SNE,HDBSCAN,dbcv,TPE,51,0.2972506844153869,0.4815622411524919
A,Concentric rings (Low),t-SNE,HDBSCAN,dbcv,TPE,52,0.17309703258285292,0.4815622411524919
A,Concentric rings (Low),t-SNE,HDBSCAN,dbcv,TPE,53,0.3731261986577538,0.4815622411524919
A,Concentric rings (Low),t-SNE,HDBSCAN,dbcv,TPE,54,0.32499830084137105,0.4815622411524919
A,Concentric rings (Low),t-SNE,HDBSCAN,dbcv,TPE,55,0.4303354235615255,0.4815622411524919
A,Concentric rings (Low),t-SNE,HDBSCAN,dbcv,TPE,56,0.13760459076063658,0.4815622411524919
A,Concentric rings (Low),t-SNE,HDBSCAN,dbcv,TPE,57,0.41343369171871613,0.4815622411524919
A,Concentric rings (Low),t-SNE,HDBSCAN,dbcv,TPE,58,0.43558760999065577,0.4815622411524919
A,Concentric rings (Low),t-SNE,HDBSCAN,dbcv,TPE,59,0.05745475823642088,0.4815622411524919
A,Concentric rings (Low),t-SNE,HDBSCAN,dbcv,TPE,60,0.43527541355559657,0.4815622411524919
A,Concentric rings (Low),t-SNE,HDBSCAN,dbcv,TPE,61,0.45449541700053453,0.4815622411524919
A,Concentric rings (Low),t-SNE,HDBSCAN,dbcv,TPE,62,0.3754017713993487,0.4815622411524919
A,Concentric rings (Low),t-SNE,HDBSCAN,dbcv,TPE,63,0.4528291307087404,0.4815622411524919
A,Concentric rings (Low),t-SNE,HDBSCAN,dbcv,TPE,64,0.24417252372359655,0.4815622411524919
A,Concentric rings (Low),t-SNE,HDBSCAN,dbcv,TPE,65,0.05745475823642088,0.4815622411524919
A,Concentric rings (Low),t-SNE,HDBSCAN,dbcv,TPE,66,0.42896196045084795,0.4815622411524919
A,Concentric rings (Low),t-SNE,HDBSCAN,dbcv,TPE,67,0.05745475823642088,0.4815622411524919
A,Concentric rings (Low),t-SNE,HDBSCAN,dbcv,TPE,68,0.31032291948202945,0.4815622411524919
A,Concentric rings (Low),t-SNE,HDBSCAN,dbcv,TPE,69,0.35054033221589737,0.4815622411524919
A,Concentric rings (Low),t-SNE,HDBSCAN,dbcv,TPE,70,0.05745475823642088,0.4815622411524919
A,Concentric rings (Low),t-SNE,HDBSCAN,dbcv,TPE,71,0.4473299379189119,0.4815622411524919
A,Concentric rings (Low),t-SNE,HDBSCAN,dbcv,TPE,72,0.37052911799987664,0.4815622411524919
A,Concentric rings (Low),t-SNE,HDBSCAN,dbcv,TPE,73,0.38678137455114603,0.4815622411524919
A,Concentric rings (Low),t-SNE,HDBSCAN,dbcv,TPE,74,0.4047391273316159,0.4815622411524919
A,Concentric rings (Low),t-SNE,HDBSCAN,dbcv,TPE,75,0.2262587063576663,0.4815622411524919
A,Concentric rings (Low),t-SNE,HDBSCAN,dbcv,TPE,76,0.38389450406895737,0.4815622411524919
A,Concentric rings (Low),t-SNE,HDBSCAN,dbcv,TPE,77,0.34782905417253235,0.4815622411524919
A,Concentric rings (Low),t-SNE,HDBSCAN,dbcv,TPE,78,0.32944216845734314,0.4815622411524919
A,Concentric rings (Low),t-SNE,HDBSCAN,dbcv,TPE,79,0.45671363654543384,0.4815622411524919
A,Concentric rings (Low),t-SNE,HDBSCAN,dbcv,TPE,80,0.15266505896772453,0.4815622411524919
A,Concentric rings (Low),t-SNE,HDBSCAN,dbcv,TPE,81,0.49359404602105533,0.49359404602105533
A,Concentric rings (Low),t-SNE,HDBSCAN,dbcv,TPE,82,0.4660273730261597,0.49359404602105533
A,Concentric rings (Low),t-SNE,HDBSCAN,dbcv,TPE,83,0.49630853571628875,0.49630853571628875
A,Concentric rings (Low),t-SNE,HDBSCAN,dbcv,TPE,84,0.3493631390782126,0.49630853571628875
A,Concentric rings (Low),t-SNE,HDBSCAN,dbcv,TPE,85,0.05954514439849429,0.49630853571628875
A,Concentric rings (Low),t-SNE,HDBSCAN,dbcv,TPE,86,-0.047715119401981504,0.49630853571628875
A,Concentric rings (Low),t-SNE,HDBSCAN,dbcv,TPE,87,0.4629233246054726,0.49630853571628875
A,Concentric rings (Low),t-SNE,HDBSCAN,dbcv,TPE,88,0.05745475823642088,0.49630853571628875
A,Concentric rings (Low),t-SNE,HDBSCAN,dbcv,TPE,89,0.3358468972535205,0.49630853571628875
A,Concentric rings (Low),t-SNE,HDBSCAN,dbcv,TPE,90,0.05745475823642088,0.49630853571628875
A,Concentric rings (Low),t-SNE,HDBSCAN,dbcv,TPE,91,0.05745475823642088,0.49630853571628875
A,Concentric rings (Low),t-SNE,HDBSCAN,dbcv,TPE,92,0.05745475823642088,0.49630853571628875
A,Concentric rings (Low),t-SNE,HDBSCAN,dbcv,TPE,93,0.29117025292427395,0.49630853571628875
A,Concentric rings (Low),t-SNE,HDBSCAN,dbcv,TPE,94,0.3658927382370458,0.49630853571628875
A,Concentric rings (Low),t-SNE,HDBSCAN,dbcv,TPE,95,0.44720574673711905,0.49630853571628875
A,Concentric rings (Low),t-SNE,HDBSCAN,dbcv,TPE,96,0.4633424313165461,0.49630853571628875
A,Concentric rings (Low),t-SNE,HDBSCAN,dbcv,TPE,97,0.41958534696647887,0.49630853571628875
A,Concentric rings (Low),t-SNE,HDBSCAN,dbcv,TPE,98,0.2750533556910755,0.49630853571628875
A,Concentric rings (Low),t-SNE,HDBSCAN,dbcv,TPE,99,0.09201894208210615,0.49630853571628875
A,Concentric rings (Low),t-SNE,HDBSCAN,dbcv,Random,0,0.13804501841938424,0.13804501841938424
A,Concentric rings (Low),t-SNE,HDBSCAN,dbcv,Random,1,0.08903501945062199,0.13804501841938424
A,Concentric rings (Low),t-SNE,HDBSCAN,dbcv,Random,2,0.05954514439849429,0.13804501841938424
A,Concentric rings (Low),t-SNE,HDBSCAN,dbcv,Random,3,0.4815622411524919,0.4815622411524919
A,Concentric rings (Low),t-SNE,HDBSCAN,dbcv,Random,4,0.20974071883540193,0.4815622411524919
A,Concentric rings (Low),t-SNE,HDBSCAN,dbcv,Random,5,0.05745475823642088,0.4815622411524919
A,Concentric rings (Low),t-SNE,HDBSCAN,dbcv,Random,6,0.05745475823642088,0.4815622411524919
A,Concentric rings (Low),t-SNE,HDBSCAN,dbcv,Random,7,0.2103333848330278,0.4815622411524919
A,Concentric rings (Low),t-SNE,HDBSCAN,dbcv,Random,8,-0.09166769132901872,0.4815622411524919
A,Concentric rings (Low),t-SNE,HDBSCAN,dbcv,Random,9,0.1708923618049757,0.4815622411524919
A,Concentric rings (Low),t-SNE,HDBSCAN,dbcv,Random,10,0.12806513106067047,0.4815622411524919
A,Concentric rings (Low),t-SNE,HDBSCAN,dbcv,Random,11,0.1325677149673761,0.4815622411524919
A,Concentric rings (Low),t-SNE,HDBSCAN,dbcv,Random,12,-0.007388154601355917,0.4815622411524919
A,Concentric rings (Low),t-SNE,HDBSCAN,dbcv,Random,13,0.022581564638743,0.4815622411524919
A,Concentric rings (Low),t-SNE,HDBSCAN,dbcv,Random,14,0.059536022787338515,0.4815622411524919
A,Concentric rings (Low),t-SNE,HDBSCAN,dbcv,Random,15,0.1561663745426802,0.4815622411524919
A,Concentric rings (Low),t-SNE,HDBSCAN,dbcv,Random,16,0.25154020836429974,0.4815622411524919
A,Concentric rings (Low),t-SNE,HDBSCAN,dbcv,Random,17,0.15667711878576523,0.4815622411524919
A,Concentric rings (Low),t-SNE,HDBSCAN,dbcv,Random,18,-0.6615328992093047,0.4815622411524919
A,Concentric rings (Low),t-SNE,HDBSCAN,dbcv,Random,19,0.3638206063765556,0.4815622411524919
A,Concentric rings (Low),t-SNE,HDBSCAN,dbcv,Random,20,0.28250695859306346,0.4815622411524919
A,Concentric rings (Low),t-SNE,HDBSCAN,dbcv,Random,21,0.09552511857915964,0.4815622411524919
A,Concentric rings (Low),t-SNE,HDBSCAN,dbcv,Random,22,-0.020975081154758046,0.4815622411524919
A,Concentric rings (Low),t-SNE,HDBSCAN,dbcv,Random,23,0.05954514439849429,0.4815622411524919
A,Concentric rings (Low),t-SNE,HDBSCAN,dbcv,Random,24,0.37537239294028124,0.4815622411524919
A,Concentric rings (Low),t-SNE,HDBSCAN,dbcv,Random,25,0.02459308201451749,0.4815622411524919
A,Concentric rings (Low),t-SNE,HDBSCAN,dbcv,Random,26,0.09201894208210615,0.4815622411524919
A,Concentric rings (Low),t-SNE,HDBSCAN,dbcv,Random,27,0.162707758045413,0.4815622411524919
A,Concentric rings (Low),t-SNE,HDBSCAN,dbcv,Random,28,0.05954514439849429,0.4815622411524919
A,Concentric rings (Low),t-SNE,HDBSCAN,dbcv,Random,29,0.05954514439849429,0.4815622411524919
A,Concentric rings (Low),t-SNE,HDBSCAN,dbcv,Random,30,0.2900579040281079,0.4815622411524919
A,Concentric rings (Low),t-SNE,HDBSCAN,dbcv,Random,31,0.13501564897087512,0.4815622411524919
A,Concentric rings (Low),t-SNE,HDBSCAN,dbcv,Random,32,-0.05659370354333664,0.4815622411524919
A,Concentric rings (Low),t-SNE,HDBSCAN,dbcv,Random,33,0.03400639047854209,0.4815622411524919
A,Concentric rings (Low),t-SNE,HDBSCAN,dbcv,Random,34,0.05954514439849429,0.4815622411524919
A,Concentric rings (Low),t-SNE,HDBSCAN,dbcv,Random,35,0.16754370895744589,0.4815622411524919
A,Concentric rings (Low),t-SNE,HDBSCAN,dbcv,Random,36,0.25154020836429974,0.4815622411524919
A,Concentric rings (Low),t-SNE,HDBSCAN,dbcv,Random,37,0.12960091369734544,0.4815622411524919
A,Concentric rings (Low),t-SNE,HDBSCAN,dbcv,Random,38,-0.3490074956424292,0.4815622411524919
A,Concentric rings (Low),t-SNE,HDBSCAN,dbcv,Random,39,0.03951960854422468,0.4815622411524919
A,Concentric rings (Low),t-SNE,HDBSCAN,dbcv,Random,40,0.20974071883540193,0.4815622411524919
A,Concentric rings (Low),t-SNE,HDBSCAN,dbcv,Random,41,-0.0702507645152472,0.4815622411524919
A,Concentric rings (Low),t-SNE,HDBSCAN,dbcv,Random,42,-0.22304059127196688,0.4815622411524919
A,Concentric rings (Low),t-SNE,HDBSCAN,dbcv,Random,43,0.1708923618049757,0.4815622411524919
A,Concentric rings (Low),t-SNE,HDBSCAN,dbcv,Random,44,0.11445305391961254,0.4815622411524919
A,Concentric rings (Low),t-SNE,HDBSCAN,dbcv,Random,45,0.05745475823642088,0.4815622411524919
A,Concentric rings (Low),t-SNE,HDBSCAN,dbcv,Random,46,0.06128413872006408,0.4815622411524919
A,Concentric rings (Low),t-SNE,HDBSCAN,dbcv,Random,47,0.05745475823642088,0.4815622411524919
A,Concentric rings (Low),t-SNE,HDBSCAN,dbcv,Random,48,0.05954514439849429,0.4815622411524919
A,Concentric rings (Low),t-SNE,HDBSCAN,dbcv,Random,49,0.05954514439849429,0.4815622411524919
A,Concentric rings (Low),t-SNE,HDBSCAN,dbcv,Random,50,0.05745475823642088,0.4815622411524919
A,Concentric rings (Low),t-SNE,HDBSCAN,dbcv,Random,51,0.05954514439849429,0.4815622411524919
A,Concentric rings (Low),t-SNE,HDBSCAN,dbcv,Random,52,0.10379450334916075,0.4815622411524919
A,Concentric rings (Low),t-SNE,HDBSCAN,dbcv,Random,53,0.05745475823642088,0.4815622411524919
A,Concentric rings (Low),t-SNE,HDBSCAN,dbcv,Random,54,0.06183985951276749,0.4815622411524919
A,Concentric rings (Low),t-SNE,HDBSCAN,dbcv,Random,55,0.05954514439849429,0.4815622411524919
A,Concentric rings (Low),t-SNE,HDBSCAN,dbcv,Random,56,0.2022812105890287,0.4815622411524919
A,Concentric rings (Low),t-SNE,HDBSCAN,dbcv,Random,57,0.05954514439849429,0.4815622411524919
A,Concentric rings (Low),t-SNE,HDBSCAN,dbcv,Random,58,0.05745475823642088,0.4815622411524919
A,Concentric rings (Low),t-SNE,HDBSCAN,dbcv,Random,59,0.25243729130627307,0.4815622411524919
A,Concentric rings (Low),t-SNE,HDBSCAN,dbcv,Random,60,0.15929079156727546,0.4815622411524919
A,Concentric rings (Low),t-SNE,HDBSCAN,dbcv,Random,61,-0.007160756026241208,0.4815622411524919
A,Concentric rings (Low),t-SNE,HDBSCAN,dbcv,Random,62,-0.054980392072208256,0.4815622411524919
A,Concentric rings (Low),t-SNE,HDBSCAN,dbcv,Random,63,0.09201894208210615,0.4815622411524919
A,Concentric rings (Low),t-SNE,HDBSCAN,dbcv,Random,64,0.26610139417000167,0.4815622411524919
A,Concentric rings (Low),t-SNE,HDBSCAN,dbcv,Random,65,0.05954514439849429,0.4815622411524919
A,Concentric rings (Low),t-SNE,HDBSCAN,dbcv,Random,66,0.18660067526528024,0.4815622411524919
A,Concentric rings (Low),t-SNE,HDBSCAN,dbcv,Random,67,0.03203671324077628,0.4815622411524919
A,Concentric rings (Low),t-SNE,HDBSCAN,dbcv,Random,68,0.15155669732457974,0.4815622411524919
A,Concentric rings (Low),t-SNE,HDBSCAN,dbcv,Random,69,0.05745475823642088,0.4815622411524919
A,Concentric rings (Low),t-SNE,HDBSCAN,dbcv,Random,70,0.21026990229425374,0.4815622411524919
A,Concentric rings (Low),t-SNE,HDBSCAN,dbcv,Random,71,0.05954514439849429,0.4815622411524919
A,Concentric rings (Low),t-SNE,HDBSCAN,dbcv,Random,72,0.311911702758007,0.4815622411524919
A,Concentric rings (Low),t-SNE,HDBSCAN,dbcv,Random,73,0.09201894208210615,0.4815622411524919
A,Concentric rings (Low),t-SNE,HDBSCAN,dbcv,Random,74,0.24204156385265133,0.4815622411524919
A,Concentric rings (Low),t-SNE,HDBSCAN,dbcv,Random,75,-0.22986869540855254,0.4815622411524919
A,Concentric rings (Low),t-SNE,HDBSCAN,dbcv,Random,76,0.15355102522757985,0.4815622411524919
A,Concentric rings (Low),t-SNE,HDBSCAN,dbcv,Random,77,0.19228819686240126,0.4815622411524919
A,Concentric rings (Low),t-SNE,HDBSCAN,dbcv,Random,78,-0.3658751875813744,0.4815622411524919
A,Concentric rings (Low),t-SNE,HDBSCAN,dbcv,Random,79,0.4585575371002059,0.4815622411524919
A,Concentric rings (Low),t-SNE,HDBSCAN,dbcv,Random,80,0.05745475823642088,0.4815622411524919
A,Concentric rings (Low),t-SNE,HDBSCAN,dbcv,Random,81,0.19783936806663957,0.4815622411524919
A,Concentric rings (Low),t-SNE,HDBSCAN,dbcv,Random,82,0.05954514439849429,0.4815622411524919
A,Concentric rings (Low),t-SNE,HDBSCAN,dbcv,Random,83,0.2603284022191032,0.4815622411524919
A,Concentric rings (Low),t-SNE,HDBSCAN,dbcv,Random,84,0.3074847484869908,0.4815622411524919
A,Concentric rings (Low),t-SNE,HDBSCAN,dbcv,Random,85,0.05745475823642088,0.4815622411524919
A,Concentric rings (Low),t-SNE,HDBSCAN,dbcv,Random,86,0.2867920555526787,0.4815622411524919
A,Concentric rings (Low),t-SNE,HDBSCAN,dbcv,Random,87,0.05745475823642088,0.4815622411524919
A,Concentric rings (Low),t-SNE,HDBSCAN,dbcv,Random,88,0.08603993314671876,0.4815622411524919
A,Concentric rings (Low),t-SNE,HDBSCAN,dbcv,Random,89,0.130880983697803,0.4815622411524919
A,Concentric rings (Low),t-SNE,HDBSCAN,dbcv,Random,90,0.2731249119329562,0.4815622411524919
A,Concentric rings (Low),t-SNE,HDBSCAN,dbcv,Random,91,0.16754370895744589,0.4815622411524919
A,Concentric rings (Low),t-SNE,HDBSCAN,dbcv,Random,92,0.3155925014815545,0.4815622411524919
A,Concentric rings (Low),t-SNE,HDBSCAN,dbcv,Random,93,0.14238042261803074,0.4815622411524919
A,Concentric rings (Low),t-SNE,HDBSCAN,dbcv,Random,94,0.16754370895744589,0.4815622411524919
A,Concentric rings (Low),t-SNE,HDBSCAN,dbcv,Random,95,0.06255512330957434,0.4815622411524919
A,Concentric rings (Low),t-SNE,HDBSCAN,dbcv,Random,96,0.44999892780975026,0.4815622411524919
A,Concentric rings (Low),t-SNE,HDBSCAN,dbcv,Random,97,0.05954514439849429,0.4815622411524919
A,Concentric rings (Low),t-SNE,HDBSCAN,dbcv,Random,98,0.05745475823642088,0.4815622411524919
A,Concentric rings (Low),t-SNE,HDBSCAN,dbcv,Random,99,0.14882440962892413,0.4815622411524919
A,Concentric rings (Low),t-SNE,DBSCAN,dbcv,TPE,0,0.25161622289933416,0.25161622289933416
A,Concentric rings (Low),t-SNE,DBSCAN,dbcv,TPE,1,-1.0,0.25161622289933416
A,Concentric rings (Low),t-SNE,DBSCAN,dbcv,TPE,2,-1.0,0.25161622289933416
A,Concentric rings (Low),t-SNE,DBSCAN,dbcv,TPE,3,0.21559091046567577,0.25161622289933416
A,Concentric rings (Low),t-SNE,DBSCAN,dbcv,TPE,4,0.2906103917268605,0.2906103917268605
A,Concentric rings (Low),t-SNE,DBSCAN,dbcv,TPE,5,0.4656345745048284,0.4656345745048284
A,Concentric rings (Low),t-SNE,DBSCAN,dbcv,TPE,6,-1.0,0.4656345745048284
A,Concentric rings (Low),t-SNE,DBSCAN,dbcv,TPE,7,0.022885962985264983,0.4656345745048284
A,Concentric rings (Low),t-SNE,DBSCAN,dbcv,TPE,8,-1.0,0.4656345745048284
A,Concentric rings (Low),t-SNE,DBSCAN,dbcv,TPE,9,0.2814092400131773,0.4656345745048284
A,Concentric rings (Low),t-SNE,DBSCAN,dbcv,TPE,10,0.05745475823642088,0.4656345745048284
A,Concentric rings (Low),t-SNE,DBSCAN,dbcv,TPE,11,0.37441700114601734,0.4656345745048284
A,Concentric rings (Low),t-SNE,DBSCAN,dbcv,TPE,12,0.3930515920193883,0.4656345745048284
A,Concentric rings (Low),t-SNE,DBSCAN,dbcv,TPE,13,0.42477967284016155,0.4656345745048284
A,Concentric rings (Low),t-SNE,DBSCAN,dbcv,TPE,14,-1.0,0.4656345745048284
A,Concentric rings (Low),t-SNE,DBSCAN,dbcv,TPE,15,0.3935253970924496,0.4656345745048284
A,Concentric rings (Low),t-SNE,DBSCAN,dbcv,TPE,16,0.2934374215240417,0.4656345745048284
A,Concentric rings (Low),t-SNE,DBSCAN,dbcv,TPE,17,-1.0,0.4656345745048284
A,Concentric rings (Low),t-SNE,DBSCAN,dbcv,TPE,18,0.48328881459509443,0.48328881459509443
A,Concentric rings (Low),t-SNE,DBSCAN,dbcv,TPE,19,0.05745475823642088,0.48328881459509443
A,Concentric rings (Low),t-SNE,DBSCAN,dbcv,TPE,20,0.34115146144514613,0.48328881459509443
A,Concentric rings (Low),t-SNE,DBSCAN,dbcv,TPE,21,0.37068328576287457,0.48328881459509443
A,Concentric rings (Low),t-SNE,DBSCAN,dbcv,TPE,22,0.3866203044375288,0.48328881459509443
A,Concentric rings (Low),t-SNE,DBSCAN,dbcv,TPE,23,-1.0,0.48328881459509443
A,Concentric rings (Low),t-SNE,DBSCAN,dbcv,TPE,24,0.22151575215963865,0.48328881459509443
A,Concentric rings (Low),t-SNE,DBSCAN,dbcv,TPE,25,0.2814092400131773,0.48328881459509443
A,Concentric rings (Low),t-SNE,DBSCAN,dbcv,TPE,26,-1.0,0.48328881459509443
A,Concentric rings (Low),t-SNE,DBSCAN,dbcv,TPE,27,-1.0,0.48328881459509443
A,Concentric rings (Low),t-SNE,DBSCAN,dbcv,TPE,28,0.36260211567889117,0.48328881459509443
A,Concentric rings (Low),t-SNE,DBSCAN,dbcv,TPE,29,0.43329319015873496,0.48328881459509443
A,Concentric rings (Low),t-SNE,DBSCAN,dbcv,TPE,30,0.277374485746287,0.48328881459509443
A,Concentric rings (Low),t-SNE,DBSCAN,dbcv,TPE,31,0.2618368888263126,0.48328881459509443
A,Concentric rings (Low),t-SNE,DBSCAN,dbcv,TPE,32,-0.025342523581876532,0.48328881459509443
A,Concentric rings (Low),t-SNE,DBSCAN,dbcv,TPE,33,-1.0,0.48328881459509443
A,Concentric rings (Low),t-SNE,DBSCAN,dbcv,TPE,34,-0.015234761593726637,0.48328881459509443
A,Concentric rings (Low),t-SNE,DBSCAN,dbcv,TPE,35,-1.0,0.48328881459509443
A,Concentric rings (Low),t-SNE,DBSCAN,dbcv,TPE,36,-1.0,0.48328881459509443
A,Concentric rings (Low),t-SNE,DBSCAN,dbcv,TPE,37,0.2736222330881367,0.48328881459509443
A,Concentric rings (Low),t-SNE,DBSCAN,dbcv,TPE,38,-1.0,0.48328881459509443
A,Concentric rings (Low),t-SNE,DBSCAN,dbcv,TPE,39,0.06135228836328027,0.48328881459509443
A,Concentric rings (Low),t-SNE,DBSCAN,dbcv,TPE,40,0.2514828336362193,0.48328881459509443
A,Concentric rings (Low),t-SNE,DBSCAN,dbcv,TPE,41,0.45447393173424766,0.48328881459509443
A,Concentric rings (Low),t-SNE,DBSCAN,dbcv,TPE,42,0.3135630423962714,0.48328881459509443
A,Concentric rings (Low),t-SNE,DBSCAN,dbcv,TPE,43,0.36260211567889117,0.48328881459509443
A,Concentric rings (Low),t-SNE,DBSCAN,dbcv,TPE,44,-1.0,0.48328881459509443
A,Concentric rings (Low),t-SNE,DBSCAN,dbcv,TPE,45,0.31503041344368976,0.48328881459509443
A,Concentric rings (Low),t-SNE,DBSCAN,dbcv,TPE,46,0.022885962985264983,0.48328881459509443
A,Concentric rings (Low),t-SNE,DBSCAN,dbcv,TPE,47,0.4085872511564109,0.48328881459509443
A,Concentric rings (Low),t-SNE,DBSCAN,dbcv,TPE,48,0.36260211567889117,0.48328881459509443
A,Concentric rings (Low),t-SNE,DBSCAN,dbcv,TPE,49,0.11663450593932173,0.48328881459509443
A,Concentric rings (Low),t-SNE,DBSCAN,dbcv,TPE,50,0.03390347809497332,0.48328881459509443
A,Concentric rings (Low),t-SNE,DBSCAN,dbcv,TPE,51,0.3398486498064449,0.48328881459509443
A,Concentric rings (Low),t-SNE,DBSCAN,dbcv,TPE,52,0.2829727424477676,0.48328881459509443
A,Concentric rings (Low),t-SNE,DBSCAN,dbcv,TPE,53,0.05745475823642088,0.48328881459509443
A,Concentric rings (Low),t-SNE,DBSCAN,dbcv,TPE,54,0.30892676462449536,0.48328881459509443
A,Concentric rings (Low),t-SNE,DBSCAN,dbcv,TPE,55,0.33782699415205175,0.48328881459509443
A,Concentric rings (Low),t-SNE,DBSCAN,dbcv,TPE,56,0.29192747056979795,0.48328881459509443
A,Concentric rings (Low),t-SNE,DBSCAN,dbcv,TPE,57,0.28821365066778026,0.48328881459509443
A,Concentric rings (Low),t-SNE,DBSCAN,dbcv,TPE,58,-1.0,0.48328881459509443
A,Concentric rings (Low),t-SNE,DBSCAN,dbcv,TPE,59,0.369133248266399,0.48328881459509443
A,Concentric rings (Low),t-SNE,DBSCAN,dbcv,TPE,60,0.2851719731989397,0.48328881459509443
A,Concentric rings (Low),t-SNE,DBSCAN,dbcv,TPE,61,0.43558400143541176,0.48328881459509443
A,Concentric rings (Low),t-SNE,DBSCAN,dbcv,TPE,62,0.4242490084088508,0.48328881459509443
A,Concentric rings (Low),t-SNE,DBSCAN,dbcv,TPE,63,0.4537987226740006,0.48328881459509443
A,Concentric rings (Low),t-SNE,DBSCAN,dbcv,TPE,64,0.40221753547800165,0.48328881459509443
A,Concentric rings (Low),t-SNE,DBSCAN,dbcv,TPE,65,0.31402796900708785,0.48328881459509443
A,Concentric rings (Low),t-SNE,DBSCAN,dbcv,TPE,66,-0.015404135610870444,0.48328881459509443
A,Concentric rings (Low),t-SNE,DBSCAN,dbcv,TPE,67,-1.0,0.48328881459509443
A,Concentric rings (Low),t-SNE,DBSCAN,dbcv,TPE,68,0.3815284491419514,0.48328881459509443
A,Concentric rings (Low),t-SNE,DBSCAN,dbcv,TPE,69,-1.0,0.48328881459509443
A,Concentric rings (Low),t-SNE,DBSCAN,dbcv,TPE,70,0.03390347809497332,0.48328881459509443
A,Concentric rings (Low),t-SNE,DBSCAN,dbcv,TPE,71,0.2871022155159252,0.48328881459509443
A,Concentric rings (Low),t-SNE,DBSCAN,dbcv,TPE,72,0.3914823916592404,0.48328881459509443
A,Concentric rings (Low),t-SNE,DBSCAN,dbcv,TPE,73,0.4552362823313306,0.48328881459509443
A,Concentric rings (Low),t-SNE,DBSCAN,dbcv,TPE,74,0.36260211567889117,0.48328881459509443
A,Concentric rings (Low),t-SNE,DBSCAN,dbcv,TPE,75,0.36260211567889117,0.48328881459509443
A,Concentric rings (Low),t-SNE,DBSCAN,dbcv,TPE,76,-1.0,0.48328881459509443
A,Concentric rings (Low),t-SNE,DBSCAN,dbcv,TPE,77,-1.0,0.48328881459509443
A,Concentric rings (Low),t-SNE,DBSCAN,dbcv,TPE,78,0.05745475823642088,0.48328881459509443
A,Concentric rings (Low),t-SNE,DBSCAN,dbcv,TPE,79,-1.0,0.48328881459509443
A,Concentric rings (Low),t-SNE,DBSCAN,dbcv,TPE,80,-1.0,0.48328881459509443
A,Concentric rings (Low),t-SNE,DBSCAN,dbcv,TPE,81,0.22372541238578011,0.48328881459509443
A,Concentric rings (Low),t-SNE,DBSCAN,dbcv,TPE,82,-1.0,0.48328881459509443
A,Concentric rings (Low),t-SNE,DBSCAN,dbcv,TPE,83,0.4424531429875717,0.48328881459509443
A,Concentric rings (Low),t-SNE,DBSCAN,dbcv,TPE,84,0.3442311861571918,0.48328881459509443
A,Concentric rings (Low),t-SNE,DBSCAN,dbcv,TPE,85,0.4090768120293087,0.48328881459509443
A,Concentric rings (Low),t-SNE,DBSCAN,dbcv,TPE,86,0.2043992329434187,0.48328881459509443
A,Concentric rings (Low),t-SNE,DBSCAN,dbcv,TPE,87,0.29371594449493466,0.48328881459509443
A,Concentric rings (Low),t-SNE,DBSCAN,dbcv,TPE,88,0.02203363109851844,0.48328881459509443
A,Concentric rings (Low),t-SNE,DBSCAN,dbcv,TPE,89,0.3908597839751304,0.48328881459509443
A,Concentric rings (Low),t-SNE,DBSCAN,dbcv,TPE,90,0.28878735397982425,0.48328881459509443
A,Concentric rings (Low),t-SNE,DBSCAN,dbcv,TPE,91,0.46467505848914625,0.48328881459509443
A,Concentric rings (Low),t-SNE,DBSCAN,dbcv,TPE,92,0.25812331020677604,0.48328881459509443
A,Concentric rings (Low),t-SNE,DBSCAN,dbcv,TPE,93,0.2392370919656856,0.48328881459509443
A,Concentric rings (Low),t-SNE,DBSCAN,dbcv,TPE,94,0.4312202841699267,0.48328881459509443
A,Concentric rings (Low),t-SNE,DBSCAN,dbcv,TPE,95,-1.0,0.48328881459509443
A,Concentric rings (Low),t-SNE,DBSCAN,dbcv,TPE,96,0.17539619750883276,0.48328881459509443
A,Concentric rings (Low),t-SNE,DBSCAN,dbcv,TPE,97,0.3019685486826046,0.48328881459509443
A,Concentric rings (Low),t-SNE,DBSCAN,dbcv,TPE,98,0.4177924328041193,0.48328881459509443
A,Concentric rings (Low),t-SNE,DBSCAN,dbcv,TPE,99,0.02203282042982735,0.48328881459509443
A,Concentric rings (Low),t-SNE,DBSCAN,dbcv,Random,0,0.25161622289933416,0.25161622289933416
A,Concentric rings (Low),t-SNE,DBSCAN,dbcv,Random,1,-1.0,0.25161622289933416
A,Concentric rings (Low),t-SNE,DBSCAN,dbcv,Random,2,-1.0,0.25161622289933416
A,Concentric rings (Low),t-SNE,DBSCAN,dbcv,Random,3,0.21559091046567577,0.25161622289933416
A,Concentric rings (Low),t-SNE,DBSCAN,dbcv,Random,4,0.2906103917268605,0.2906103917268605
A,Concentric rings (Low),t-SNE,DBSCAN,dbcv,Random,5,0.4656345745048284,0.4656345745048284
A,Concentric rings (Low),t-SNE,DBSCAN,dbcv,Random,6,-1.0,0.4656345745048284
A,Concentric rings (Low),t-SNE,DBSCAN,dbcv,Random,7,0.022885962985264983,0.4656345745048284
A,Concentric rings (Low),t-SNE,DBSCAN,dbcv,Random,8,-1.0,0.4656345745048284
A,Concentric rings (Low),t-SNE,DBSCAN,dbcv,Random,9,0.2814092400131773,0.4656345745048284
A,Concentric rings (Low),t-SNE,DBSCAN,dbcv,Random,10,-1.0,0.4656345745048284
A,Concentric rings (Low),t-SNE,DBSCAN,dbcv,Random,11,-1.0,0.4656345745048284
A,Concentric rings (Low),t-SNE,DBSCAN,dbcv,Random,12,0.01787388268657672,0.4656345745048284
A,Concentric rings (Low),t-SNE,DBSCAN,dbcv,Random,13,0.0649722390668864,0.4656345745048284
A,Concentric rings (Low),t-SNE,DBSCAN,dbcv,Random,14,-1.0,0.4656345745048284
A,Concentric rings (Low),t-SNE,DBSCAN,dbcv,Random,15,0.24070092743324967,0.4656345745048284
A,Concentric rings (Low),t-SNE,DBSCAN,dbcv,Random,16,-1.0,0.4656345745048284
A,Concentric rings (Low),t-SNE,DBSCAN,dbcv,Random,17,0.14111681417623123,0.4656345745048284
A,Concentric rings (Low),t-SNE,DBSCAN,dbcv,Random,18,-1.0,0.4656345745048284
A,Concentric rings (Low),t-SNE,DBSCAN,dbcv,Random,19,0.36260211567889117,0.4656345745048284
A,Concentric rings (Low),t-SNE,DBSCAN,dbcv,Random,20,0.36260211567889117,0.4656345745048284
A,Concentric rings (Low),t-SNE,DBSCAN,dbcv,Random,21,0.33860997387790714,0.4656345745048284
A,Concentric rings (Low),t-SNE,DBSCAN,dbcv,Random,22,-1.0,0.4656345745048284
A,Concentric rings (Low),t-SNE,DBSCAN,dbcv,Random,23,0.05745475823642088,0.4656345745048284
A,Concentric rings (Low),t-SNE,DBSCAN,dbcv,Random,24,-1.0,0.4656345745048284
A,Concentric rings (Low),t-SNE,DBSCAN,dbcv,Random,25,-1.0,0.4656345745048284
A,Concentric rings (Low),t-SNE,DBSCAN,dbcv,Random,26,0.2724287490708311,0.4656345745048284
A,Concentric rings (Low),t-SNE,DBSCAN,dbcv,Random,27,0.1797538200591914,0.4656345745048284
A,Concentric rings (Low),t-SNE,DBSCAN,dbcv,Random,28,0.05745475823642088,0.4656345745048284
A,Concentric rings (Low),t-SNE,DBSCAN,dbcv,Random,29,0.05745475823642088,0.4656345745048284
A,Concentric rings (Low),t-SNE,DBSCAN,dbcv,Random,30,0.18310615587578388,0.4656345745048284
A,Concentric rings (Low),t-SNE,DBSCAN,dbcv,Random,31,-1.0,0.4656345745048284
A,Concentric rings (Low),t-SNE,DBSCAN,dbcv,Random,32,-1.0,0.4656345745048284
A,Concentric rings (Low),t-SNE,DBSCAN,dbcv,Random,33,0.005488867763730358,0.4656345745048284
A,Concentric rings (Low),t-SNE,DBSCAN,dbcv,Random,34,-1.0,0.4656345745048284
A,Concentric rings (Low),t-SNE,DBSCAN,dbcv,Random,35,0.03390347809497332,0.4656345745048284
A,Concentric rings (Low),t-SNE,DBSCAN,dbcv,Random,36,0.31263061238490714,0.4656345745048284
A,Concentric rings (Low),t-SNE,DBSCAN,dbcv,Random,37,0.035024596538217365,0.4656345745048284
A,Concentric rings (Low),t-SNE,DBSCAN,dbcv,Random,38,-0.03209538037217927,0.4656345745048284
A,Concentric rings (Low),t-SNE,DBSCAN,dbcv,Random,39,-1.0,0.4656345745048284
A,Concentric rings (Low),t-SNE,DBSCAN,dbcv,Random,40,0.25161622289933416,0.4656345745048284
A,Concentric rings (Low),t-SNE,DBSCAN,dbcv,Random,41,0.4033866012831934,0.4656345745048284
A,Concentric rings (Low),t-SNE,DBSCAN,dbcv,Random,42,0.1377267443374203,0.4656345745048284
A,Concentric rings (Low),t-SNE,DBSCAN,dbcv,Random,43,0.2814092400131773,0.4656345745048284
A,Concentric rings (Low),t-SNE,DBSCAN,dbcv,Random,44,0.05745475823642088,0.4656345745048284
A,Concentric rings (Low),t-SNE,DBSCAN,dbcv,Random,45,0.3354962173358183,0.4656345745048284
A,Concentric rings (Low),t-SNE,DBSCAN,dbcv,Random,46,0.1870680170766827,0.4656345745048284
A,Concentric rings (Low),t-SNE,DBSCAN,dbcv,Random,47,-1.0,0.4656345745048284
A,Concentric rings (Low),t-SNE,DBSCAN,dbcv,Random,48,0.16436769880899504,0.4656345745048284
A,Concentric rings (Low),t-SNE,DBSCAN,dbcv,Random,49,0.05745475823642088,0.4656345745048284
A,Concentric rings (Low),t-SNE,DBSCAN,dbcv,Random,50,-1.0,0.4656345745048284
A,Concentric rings (Low),t-SNE,DBSCAN,dbcv,Random,51,-1.0,0.4656345745048284
A,Concentric rings (Low),t-SNE,DBSCAN,dbcv,Random,52,-1.0,0.4656345745048284
A,Concentric rings (Low),t-SNE,DBSCAN,dbcv,Random,53,0.05745475823642088,0.4656345745048284
A,Concentric rings (Low),t-SNE,DBSCAN,dbcv,Random,54,-1.0,0.4656345745048284
A,Concentric rings (Low),t-SNE,DBSCAN,dbcv,Random,55,-1.0,0.4656345745048284
A,Concentric rings (Low),t-SNE,DBSCAN,dbcv,Random,56,0.27431564371139106,0.4656345745048284
A,Concentric rings (Low),t-SNE,DBSCAN,dbcv,Random,57,0.05745475823642088,0.4656345745048284
A,Concentric rings (Low),t-SNE,DBSCAN,dbcv,Random,58,-1.0,0.4656345745048284
A,Concentric rings (Low),t-SNE,DBSCAN,dbcv,Random,59,0.27431564371139106,0.4656345745048284
A,Concentric rings (Low),t-SNE,DBSCAN,dbcv,Random,60,0.10486472797454582,0.4656345745048284
A,Concentric rings (Low),t-SNE,DBSCAN,dbcv,Random,61,-1.0,0.4656345745048284
A,Concentric rings (Low),t-SNE,DBSCAN,dbcv,Random,62,0.38593654097427116,0.4656345745048284
A,Concentric rings (Low),t-SNE,DBSCAN,dbcv,Random,63,-1.0,0.4656345745048284
A,Concentric rings (Low),t-SNE,DBSCAN,dbcv,Random,64,0.03390347809497332,0.4656345745048284
A,Concentric rings (Low),t-SNE,DBSCAN,dbcv,Random,65,-1.0,0.4656345745048284
A,Concentric rings (Low),t-SNE,DBSCAN,dbcv,Random,66,0.03477950231366372,0.4656345745048284
A,Concentric rings (Low),t-SNE,DBSCAN,dbcv,Random,67,0.341682206910143,0.4656345745048284
A,Concentric rings (Low),t-SNE,DBSCAN,dbcv,Random,68,-0.08166330642086808,0.4656345745048284
A,Concentric rings (Low),t-SNE,DBSCAN,dbcv,Random,69,0.05745475823642088,0.4656345745048284
A,Concentric rings (Low),t-SNE,DBSCAN,dbcv,Random,70,0.05864186091425552,0.4656345745048284
A,Concentric rings (Low),t-SNE,DBSCAN,dbcv,Random,71,0.3422408722601793,0.4656345745048284
A,Concentric rings (Low),t-SNE,DBSCAN,dbcv,Random,72,-1.0,0.4656345745048284
A,Concentric rings (Low),t-SNE,DBSCAN,dbcv,Random,73,-1.0,0.4656345745048284
A,Concentric rings (Low),t-SNE,DBSCAN,dbcv,Random,74,0.05745475823642088,0.4656345745048284
A,Concentric rings (Low),t-SNE,DBSCAN,dbcv,Random,75,-1.0,0.4656345745048284
A,Concentric rings (Low),t-SNE,DBSCAN,dbcv,Random,76,0.22963915965027862,0.4656345745048284
A,Concentric rings (Low),t-SNE,DBSCAN,dbcv,Random,77,0.16934879801291236,0.4656345745048284
A,Concentric rings (Low),t-SNE,DBSCAN,dbcv,Random,78,-1.0,0.4656345745048284
A,Concentric rings (Low),t-SNE,DBSCAN,dbcv,Random,79,-1.0,0.4656345745048284
A,Concentric rings (Low),t-SNE,DBSCAN,dbcv,Random,80,0.060436512948102726,0.4656345745048284
A,Concentric rings (Low),t-SNE,DBSCAN,dbcv,Random,81,0.08273931458474898,0.4656345745048284
A,Concentric rings (Low),t-SNE,DBSCAN,dbcv,Random,82,-1.0,0.4656345745048284
A,Concentric rings (Low),t-SNE,DBSCAN,dbcv,Random,83,-1.0,0.4656345745048284
A,Concentric rings (Low),t-SNE,DBSCAN,dbcv,Random,84,0.023310606126510133,0.4656345745048284
A,Concentric rings (Low),t-SNE,DBSCAN,dbcv,Random,85,-1.0,0.4656345745048284
A,Concentric rings (Low),t-SNE,DBSCAN,dbcv,Random,86,0.21960976817684463,0.4656345745048284
A,Concentric rings (Low),t-SNE,DBSCAN,dbcv,Random,87,-1.0,0.4656345745048284
A,Concentric rings (Low),t-SNE,DBSCAN,dbcv,Random,88,-1.0,0.4656345745048284
A,Concentric rings (Low),t-SNE,DBSCAN,dbcv,Random,89,-1.0,0.4656345745048284
A,Concentric rings (Low),t-SNE,DBSCAN,dbcv,Random,90,0.30777413457617936,0.4656345745048284
A,Concentric rings (Low),t-SNE,DBSCAN,dbcv,Random,91,0.03390347809497332,0.4656345745048284
A,Concentric rings (Low),t-SNE,DBSCAN,dbcv,Random,92,0.3369951843500969,0.4656345745048284
A,Concentric rings (Low),t-SNE,DBSCAN,dbcv,Random,93,-1.0,0.4656345745048284
A,Concentric rings (Low),t-SNE,DBSCAN,dbcv,Random,94,0.03390347809497332,0.4656345745048284
A,Concentric rings (Low),t-SNE,DBSCAN,dbcv,Random,95,-1.0,0.4656345745048284
A,Concentric rings (Low),t-SNE,DBSCAN,dbcv,Random,96,0.3387789615071692,0.4656345745048284
A,Concentric rings (Low),t-SNE,DBSCAN,dbcv,Random,97,0.05745475823642088,0.4656345745048284
A,Concentric rings (Low),t-SNE,DBSCAN,dbcv,Random,98,-1.0,0.4656345745048284
A,Concentric rings (Low),t-SNE,DBSCAN,dbcv,Random,99,-0.06493187282916296,0.4656345745048284
A,Concentric rings (Low),t-SNE,KMeans,dbcv,TPE,0,0.07634083440335274,0.07634083440335274
A,Concentric rings (Low),t-SNE,KMeans,dbcv,TPE,1,-0.05572502075339693,0.07634083440335274
A,Concentric rings (Low),t-SNE,KMeans,dbcv,TPE,2,-0.26004062779342096,0.07634083440335274
A,Concentric rings (Low),t-SNE,KMeans,dbcv,TPE,3,-0.19346309382105786,0.07634083440335274
A,Concentric rings (Low),t-SNE,KMeans,dbcv,TPE,4,-0.007338135096391904,0.07634083440335274
A,Concentric rings (Low),t-SNE,KMeans,dbcv,TPE,5,0.0009708570636934796,0.07634083440335274
A,Concentric rings (Low),t-SNE,KMeans,dbcv,TPE,6,-0.08489691286676954,0.07634083440335274
A,Concentric rings (Low),t-SNE,KMeans,dbcv,TPE,7,-0.10829522708032992,0.07634083440335274
A,Concentric rings (Low),t-SNE,KMeans,dbcv,TPE,8,-0.10718315897240879,0.07634083440335274
A,Concentric rings (Low),t-SNE,KMeans,dbcv,TPE,9,0.05954514439849429,0.07634083440335274
A,Concentric rings (Low),t-SNE,KMeans,dbcv,TPE,10,-0.254156261850035,0.07634083440335274
A,Concentric rings (Low),t-SNE,KMeans,dbcv,TPE,11,0.05954514439849429,0.07634083440335274
A,Concentric rings (Low),t-SNE,KMeans,dbcv,TPE,12,-0.010449797621491255,0.07634083440335274
A,Concentric rings (Low),t-SNE,KMeans,dbcv,TPE,13,-0.06742694153345238,0.07634083440335274
A,Concentric rings (Low),t-SNE,KMeans,dbcv,TPE,14,-0.25186470947312056,0.07634083440335274
A,Concentric rings (Low),t-SNE,KMeans,dbcv,TPE,15,-0.23702516188025213,0.07634083440335274
A,Concentric rings (Low),t-SNE,KMeans,dbcv,TPE,16,-0.1537967600646877,0.07634083440335274
A,Concentric rings (Low),t-SNE,KMeans,dbcv,TPE,17,-0.18509073635522463,0.07634083440335274
A,Concentric rings (Low),t-SNE,KMeans,dbcv,TPE,18,0.05954514439849429,0.07634083440335274
A,Concentric rings (Low),t-SNE,KMeans,dbcv,TPE,19,-0.047803974409844276,0.07634083440335274
A,Concentric rings (Low),t-SNE,KMeans,dbcv,TPE,20,-0.3324239849869504,0.07634083440335274
A,Concentric rings (Low),t-SNE,KMeans,dbcv,TPE,21,0.05954514439849429,0.07634083440335274
A,Concentric rings (Low),t-SNE,KMeans,dbcv,TPE,22,0.2160282574539463,0.2160282574539463
A,Concentric rings (Low),t-SNE,KMeans,dbcv,TPE,23,-0.3779387722641733,0.2160282574539463
A,Concentric rings (Low),t-SNE,KMeans,dbcv,TPE,24,0.05239241562222503,0.2160282574539463
A,Concentric rings (Low),t-SNE,KMeans,dbcv,TPE,25,-0.3337770232484102,0.2160282574539463
A,Concentric rings (Low),t-SNE,KMeans,dbcv,TPE,26,0.13414780228312528,0.2160282574539463
A,Concentric rings (Low),t-SNE,KMeans,dbcv,TPE,27,-0.22531580265554368,0.2160282574539463
A,Concentric rings (Low),t-SNE,KMeans,dbcv,TPE,28,-0.2910833755051434,0.2160282574539463
A,Concentric rings (Low),t-SNE,KMeans,dbcv,TPE,29,-0.025746879499951483,0.2160282574539463
A,Concentric rings (Low),t-SNE,KMeans,dbcv,TPE,30,-0.027392385373863418,0.2160282574539463
A,Concentric rings (Low),t-SNE,KMeans,dbcv,TPE,31,0.17447628190960204,0.2160282574539463
A,Concentric rings (Low),t-SNE,KMeans,dbcv,TPE,32,0.17447628190960204,0.2160282574539463
A,Concentric rings (Low),t-SNE,KMeans,dbcv,TPE,33,0.15217030008843127,0.2160282574539463
A,Concentric rings (Low),t-SNE,KMeans,dbcv,TPE,34,0.10311565446562455,0.2160282574539463
A,Concentric rings (Low),t-SNE,KMeans,dbcv,TPE,35,-0.31148646229277427,0.2160282574539463
A,Concentric rings (Low),t-SNE,KMeans,dbcv,TPE,36,-0.26821198387316725,0.2160282574539463
A,Concentric rings (Low),t-SNE,KMeans,dbcv,TPE,37,0.17140207602792198,0.2160282574539463
A,Concentric rings (Low),t-SNE,KMeans,dbcv,TPE,38,-0.25945262676615344,0.2160282574539463
A,Concentric rings (Low),t-SNE,KMeans,dbcv,TPE,39,-0.297065405295984,0.2160282574539463
A,Concentric rings (Low),t-SNE,KMeans,dbcv,TPE,40,-0.3672045864589107,0.2160282574539463
A,Concentric rings (Low),t-SNE,KMeans,dbcv,TPE,41,0.1640423411320428,0.2160282574539463
A,Concentric rings (Low),t-SNE,KMeans,dbcv,TPE,42,-0.07184162540620126,0.2160282574539463
A,Concentric rings (Low),t-SNE,KMeans,dbcv,TPE,43,0.08704135623762244,0.2160282574539463
A,Concentric rings (Low),t-SNE,KMeans,dbcv,TPE,44,0.010391799081702444,0.2160282574539463
A,Concentric rings (Low),t-SNE,KMeans,dbcv,TPE,45,0.05954514439849429,0.2160282574539463
A,Concentric rings (Low),t-SNE,KMeans,dbcv,TPE,46,0.17447628190960204,0.2160282574539463
A,Concentric rings (Low),t-SNE,KMeans,dbcv,TPE,47,-0.34071181625361113,0.2160282574539463
A,Concentric rings (Low),t-SNE,KMeans,dbcv,TPE,48,-0.2180054872211395,0.2160282574539463
A,Concentric rings (Low),t-SNE,KMeans,dbcv,TPE,49,-0.18245559391478308,0.2160282574539463
A,Concentric rings (Low),t-SNE,KMeans,dbcv,TPE,50,0.16722436016870448,0.2160282574539463
A,Concentric rings (Low),t-SNE,KMeans,dbcv,TPE,51,0.16754370895744589,0.2160282574539463
A,Concentric rings (Low),t-SNE,KMeans,dbcv,TPE,52,-0.09327786922930706,0.2160282574539463
A,Concentric rings (Low),t-SNE,KMeans,dbcv,TPE,53,-0.32691014765495424,0.2160282574539463
A,Concentric rings (Low),t-SNE,KMeans,dbcv,TPE,54,-0.07108456267975932,0.2160282574539463
A,Concentric rings (Low),t-SNE,KMeans,dbcv,TPE,55,0.09201894208210615,0.2160282574539463
A,Concentric rings (Low),t-SNE,KMeans,dbcv,TPE,56,0.05954514439849429,0.2160282574539463
A,Concentric rings (Low),t-SNE,KMeans,dbcv,TPE,57,0.16754370895744589,0.2160282574539463
A,Concentric rings (Low),t-SNE,KMeans,dbcv,TPE,58,0.029310033686231335,0.2160282574539463
A,Concentric rings (Low),t-SNE,KMeans,dbcv,TPE,59,-0.35221535410042376,0.2160282574539463
A,Concentric rings (Low),t-SNE,KMeans,dbcv,TPE,60,-0.1826877692481755,0.2160282574539463
A,Concentric rings (Low),t-SNE,KMeans,dbcv,TPE,61,0.17447628190960204,0.2160282574539463
A,Concentric rings (Low),t-SNE,KMeans,dbcv,TPE,62,0.10902024083859307,0.2160282574539463
A,Concentric rings (Low),t-SNE,KMeans,dbcv,TPE,63,0.05954514439849429,0.2160282574539463
A,Concentric rings (Low),t-SNE,KMeans,dbcv,TPE,64,0.10902024083859307,0.2160282574539463
A,Concentric rings (Low),t-SNE,KMeans,dbcv,TPE,65,-0.06539331814561443,0.2160282574539463
A,Concentric rings (Low),t-SNE,KMeans,dbcv,TPE,66,-0.22782832836462855,0.2160282574539463
A,Concentric rings (Low),t-SNE,KMeans,dbcv,TPE,67,0.05954514439849429,0.2160282574539463
A,Concentric rings (Low),t-SNE,KMeans,dbcv,TPE,68,0.11812752860339773,0.2160282574539463
A,Concentric rings (Low),t-SNE,KMeans,dbcv,TPE,69,-0.287626811658522,0.2160282574539463
A,Concentric rings (Low),t-SNE,KMeans,dbcv,TPE,70,0.13876785878292883,0.2160282574539463
A,Concentric rings (Low),t-SNE,KMeans,dbcv,TPE,71,0.17447628190960204,0.2160282574539463
A,Concentric rings (Low),t-SNE,KMeans,dbcv,TPE,72,-0.430275229074923,0.2160282574539463
A,Concentric rings (Low),t-SNE,KMeans,dbcv,TPE,73,-0.12091025781330943,0.2160282574539463
A,Concentric rings (Low),t-SNE,KMeans,dbcv,TPE,74,-0.03870584612398463,0.2160282574539463
A,Concentric rings (Low),t-SNE,KMeans,dbcv,TPE,75,0.1593245948769933,0.2160282574539463
A,Concentric rings (Low),t-SNE,KMeans,dbcv,TPE,76,-0.21962502115924257,0.2160282574539463
A,Concentric rings (Low),t-SNE,KMeans,dbcv,TPE,77,-0.6751971454306371,0.2160282574539463
A,Concentric rings (Low),t-SNE,KMeans,dbcv,TPE,78,-0.2436249301407138,0.2160282574539463
A,Concentric rings (Low),t-SNE,KMeans,dbcv,TPE,79,-0.3369250890287258,0.2160282574539463
A,Concentric rings (Low),t-SNE,KMeans,dbcv,TPE,80,0.09201894208210615,0.2160282574539463
A,Concentric rings (Low),t-SNE,KMeans,dbcv,TPE,81,-0.05408716817503734,0.2160282574539463
A,Concentric rings (Low),t-SNE,KMeans,dbcv,TPE,82,0.16754370895744589,0.2160282574539463
A,Concentric rings (Low),t-SNE,KMeans,dbcv,TPE,83,-0.1061536522932901,0.2160282574539463
A,Concentric rings (Low),t-SNE,KMeans,dbcv,TPE,84,0.05954514439849429,0.2160282574539463
A,Concentric rings (Low),t-SNE,KMeans,dbcv,TPE,85,0.09201894208210615,0.2160282574539463
A,Concentric rings (Low),t-SNE,KMeans,dbcv,TPE,86,0.0039088274243484974,0.2160282574539463
A,Concentric rings (Low),t-SNE,KMeans,dbcv,TPE,87,-0.40054794269988225,0.2160282574539463
A,Concentric rings (Low),t-SNE,KMeans,dbcv,TPE,88,0.05954514439849429,0.2160282574539463
A,Concentric rings (Low),t-SNE,KMeans,dbcv,TPE,89,0.1566463005570481,0.2160282574539463
A,Concentric rings (Low),t-SNE,KMeans,dbcv,TPE,90,-0.3781281599214978,0.2160282574539463
A,Concentric rings (Low),t-SNE,KMeans,dbcv,TPE,91,0.16754370895744589,0.2160282574539463
A,Concentric rings (Low),t-SNE,KMeans,dbcv,TPE,92,-0.04519360080255297,0.2160282574539463
A,Concentric rings (Low),t-SNE,KMeans,dbcv,TPE,93,-0.09327786922930706,0.2160282574539463
A,Concentric rings (Low),t-SNE,KMeans,dbcv,TPE,94,-0.430660077440987,0.2160282574539463
A,Concentric rings (Low),t-SNE,KMeans,dbcv,TPE,95,0.15128932742471585,0.2160282574539463
A,Concentric rings (Low),t-SNE,KMeans,dbcv,TPE,96,-0.28993046270068373,0.2160282574539463
A,Concentric rings (Low),t-SNE,KMeans,dbcv,TPE,97,-0.10026978586553448,0.2160282574539463
A,Concentric rings (Low),t-SNE,KMeans,dbcv,TPE,98,0.09201894208210615,0.2160282574539463
A,Concentric rings (Low),t-SNE,KMeans,dbcv,TPE,99,0.05954514439849429,0.2160282574539463
A,Concentric rings (Low),t-SNE,KMeans,dbcv,Random,0,0.07634083440335274,0.07634083440335274
A,Concentric rings (Low),t-SNE,KMeans,dbcv,Random,1,-0.05572502075339693,0.07634083440335274
A,Concentric rings (Low),t-SNE,KMeans,dbcv,Random,2,-0.26004062779342096,0.07634083440335274
A,Concentric rings (Low),t-SNE,KMeans,dbcv,Random,3,-0.19346309382105786,0.07634083440335274
A,Concentric rings (Low),t-SNE,KMeans,dbcv,Random,4,-0.007338135096391904,0.07634083440335274
A,Concentric rings (Low),t-SNE,KMeans,dbcv,Random,5,0.0009708570636934796,0.07634083440335274
A,Concentric rings (Low),t-SNE,KMeans,dbcv,Random,6,-0.08489691286676954,0.07634083440335274
A,Concentric rings (Low),t-SNE,KMeans,dbcv,Random,7,-0.10829522708032992,0.07634083440335274
A,Concentric rings (Low),t-SNE,KMeans,dbcv,Random,8,-0.10718315897240879,0.07634083440335274
A,Concentric rings (Low),t-SNE,KMeans,dbcv,Random,9,0.05954514439849429,0.07634083440335274
A,Concentric rings (Low),t-SNE,KMeans,dbcv,Random,10,0.05954514439849429,0.07634083440335274
A,Concentric rings (Low),t-SNE,KMeans,dbcv,Random,11,-0.342503137051809,0.07634083440335274
A,Concentric rings (Low),t-SNE,KMeans,dbcv,Random,12,0.0013739132135086591,0.07634083440335274
A,Concentric rings (Low),t-SNE,KMeans,dbcv,Random,13,-0.28599842835688144,0.07634083440335274
A,Concentric rings (Low),t-SNE,KMeans,dbcv,Random,14,-0.6059603267245208,0.07634083440335274
A,Concentric rings (Low),t-SNE,KMeans,dbcv,Random,15,-0.2509410829636461,0.07634083440335274
A,Concentric rings (Low),t-SNE,KMeans,dbcv,Random,16,-0.18701715580202516,0.07634083440335274
A,Concentric rings (Low),t-SNE,KMeans,dbcv,Random,17,-0.29351845612177363,0.07634083440335274
A,Concentric rings (Low),t-SNE,KMeans,dbcv,Random,18,0.09201894208210615,0.09201894208210615
A,Concentric rings (Low),t-SNE,KMeans,dbcv,Random,19,-0.3275689789467102,0.09201894208210615
A,Concentric rings (Low),t-SNE,KMeans,dbcv,Random,20,-0.08778330738807422,0.09201894208210615
A,Concentric rings (Low),t-SNE,KMeans,dbcv,Random,21,-0.2181332813338858,0.09201894208210615
A,Concentric rings (Low),t-SNE,KMeans,dbcv,Random,22,-0.05801590626878274,0.09201894208210615
A,Concentric rings (Low),t-SNE,KMeans,dbcv,Random,23,-0.1429420179636069,0.09201894208210615
A,Concentric rings (Low),t-SNE,KMeans,dbcv,Random,24,-0.12365724245643683,0.09201894208210615
A,Concentric rings (Low),t-SNE,KMeans,dbcv,Random,25,0.17447628190960204,0.17447628190960204
A,Concentric rings (Low),t-SNE,KMeans,dbcv,Random,26,-0.10251127382226366,0.17447628190960204
A,Concentric rings (Low),t-SNE,KMeans,dbcv,Random,27,0.05954514439849429,0.17447628190960204
A,Concentric rings (Low),t-SNE,KMeans,dbcv,Random,28,-0.016427398273454095,0.17447628190960204
A,Concentric rings (Low),t-SNE,KMeans,dbcv,Random,29,-0.32790350334353374,0.17447628190960204
A,Concentric rings (Low),t-SNE,KMeans,dbcv,Random,30,-0.12312353151267202,0.17447628190960204
A,Concentric rings (Low),t-SNE,KMeans,dbcv,Random,31,-0.17791696327636322,0.17447628190960204
A,Concentric rings (Low),t-SNE,KMeans,dbcv,Random,32,0.05954514439849429,0.17447628190960204
A,Concentric rings (Low),t-SNE,KMeans,dbcv,Random,33,0.10445333235665523,0.17447628190960204
A,Concentric rings (Low),t-SNE,KMeans,dbcv,Random,34,0.12804573114589274,0.17447628190960204
A,Concentric rings (Low),t-SNE,KMeans,dbcv,Random,35,0.1183637954493752,0.17447628190960204
A,Concentric rings (Low),t-SNE,KMeans,dbcv,Random,36,-0.18139692397077542,0.17447628190960204
A,Concentric rings (Low),t-SNE,KMeans,dbcv,Random,37,-0.0531101421874369,0.17447628190960204
A,Concentric rings (Low),t-SNE,KMeans,dbcv,Random,38,-0.3013691749641634,0.17447628190960204
A,Concentric rings (Low),t-SNE,KMeans,dbcv,Random,39,-0.22005618280886577,0.17447628190960204
A,Concentric rings (Low),t-SNE,KMeans,dbcv,Random,40,-0.17377282833567673,0.17447628190960204
A,Concentric rings (Low),t-SNE,KMeans,dbcv,Random,41,-0.10435038037469098,0.17447628190960204
A,Concentric rings (Low),t-SNE,KMeans,dbcv,Random,42,-0.01040232219196266,0.17447628190960204
A,Concentric rings (Low),t-SNE,KMeans,dbcv,Random,43,-0.0015922154889701562,0.17447628190960204
A,Concentric rings (Low),t-SNE,KMeans,dbcv,Random,44,-0.0517326027152525,0.17447628190960204
A,Concentric rings (Low),t-SNE,KMeans,dbcv,Random,45,-0.027667700191727804,0.17447628190960204
A,Concentric rings (Low),t-SNE,KMeans,dbcv,Random,46,-0.10368911293431576,0.17447628190960204
A,Concentric rings (Low),t-SNE,KMeans,dbcv,Random,47,-0.34192978767268,0.17447628190960204
A,Concentric rings (Low),t-SNE,KMeans,dbcv,Random,48,-0.09982948863192452,0.17447628190960204
A,Concentric rings (Low),t-SNE,KMeans,dbcv,Random,49,-0.04751813569449334,0.17447628190960204
A,Concentric rings (Low),t-SNE,KMeans,dbcv,Random,50,-0.091380996685167,0.17447628190960204
A,Concentric rings (Low),t-SNE,KMeans,dbcv,Random,51,-0.37915769984398834,0.17447628190960204
A,Concentric rings (Low),t-SNE,KMeans,dbcv,Random,52,-0.4228486514670952,0.17447628190960204
A,Concentric rings (Low),t-SNE,KMeans,dbcv,Random,53,-0.3759144048537803,0.17447628190960204
A,Concentric rings (Low),t-SNE,KMeans,dbcv,Random,54,-0.009570646230089866,0.17447628190960204
A,Concentric rings (Low),t-SNE,KMeans,dbcv,Random,55,-0.07561155568454585,0.17447628190960204
A,Concentric rings (Low),t-SNE,KMeans,dbcv,Random,56,-0.038514764781443195,0.17447628190960204
A,Concentric rings (Low),t-SNE,KMeans,dbcv,Random,57,-0.5132174597104824,0.17447628190960204
A,Concentric rings (Low),t-SNE,KMeans,dbcv,Random,58,-0.349847226527878,0.17447628190960204
A,Concentric rings (Low),t-SNE,KMeans,dbcv,Random,59,-0.0023233304074910532,0.17447628190960204
A,Concentric rings (Low),t-SNE,KMeans,dbcv,Random,60,0.1445431005383957,0.17447628190960204
A,Concentric rings (Low),t-SNE,KMeans,dbcv,Random,61,-0.43244336487971935,0.17447628190960204
A,Concentric rings (Low),t-SNE,KMeans,dbcv,Random,62,-0.36085032911797776,0.17447628190960204
A,Concentric rings (Low),t-SNE,KMeans,dbcv,Random,63,-0.029103983273905294,0.17447628190960204
A,Concentric rings (Low),t-SNE,KMeans,dbcv,Random,64,-0.21423731190746154,0.17447628190960204
A,Concentric rings (Low),t-SNE,KMeans,dbcv,Random,65,0.03043931914762017,0.17447628190960204
A,Concentric rings (Low),t-SNE,KMeans,dbcv,Random,66,-0.2997909700822322,0.17447628190960204
A,Concentric rings (Low),t-SNE,KMeans,dbcv,Random,67,-0.021972385530698513,0.17447628190960204
A,Concentric rings (Low),t-SNE,KMeans,dbcv,Random,68,0.1472360416920202,0.17447628190960204
A,Concentric rings (Low),t-SNE,KMeans,dbcv,Random,69,-0.10220278364323132,0.17447628190960204
A,Concentric rings (Low),t-SNE,KMeans,dbcv,Random,70,-0.2952675404895869,0.17447628190960204
A,Concentric rings (Low),t-SNE,KMeans,dbcv,Random,71,-0.08168255264035595,0.17447628190960204
A,Concentric rings (Low),t-SNE,KMeans,dbcv,Random,72,-0.17604047656330538,0.17447628190960204
A,Concentric rings (Low),t-SNE,KMeans,dbcv,Random,73,-0.21649039908789394,0.17447628190960204
A,Concentric rings (Low),t-SNE,KMeans,dbcv,Random,74,-0.3217001647098262,0.17447628190960204
A,Concentric rings (Low),t-SNE,KMeans,dbcv,Random,75,0.08863882498253897,0.17447628190960204
A,Concentric rings (Low),t-SNE,KMeans,dbcv,Random,76,-0.3312025563625181,0.17447628190960204
A,Concentric rings (Low),t-SNE,KMeans,dbcv,Random,77,-0.37854295038576613,0.17447628190960204
A,Concentric rings (Low),t-SNE,KMeans,dbcv,Random,78,0.08928268821450139,0.17447628190960204
A,Concentric rings (Low),t-SNE,KMeans,dbcv,Random,79,-0.7688356787970592,0.17447628190960204
A,Concentric rings (Low),t-SNE,KMeans,dbcv,Random,80,-0.38527049959086823,0.17447628190960204
A,Concentric rings (Low),t-SNE,KMeans,dbcv,Random,81,0.18876817604231047,0.18876817604231047
A,Concentric rings (Low),t-SNE,KMeans,dbcv,Random,82,-0.09610403151564233,0.18876817604231047
A,Concentric rings (Low),t-SNE,KMeans,dbcv,Random,83,-0.304068951609283,0.18876817604231047
A,Concentric rings (Low),t-SNE,KMeans,dbcv,Random,84,0.07816755015535658,0.18876817604231047
A,Concentric rings (Low),t-SNE,KMeans,dbcv,Random,85,-0.2681439053320985,0.18876817604231047
A,Concentric rings (Low),t-SNE,KMeans,dbcv,Random,86,-0.15094007374529061,0.18876817604231047
A,Concentric rings (Low),t-SNE,KMeans,dbcv,Random,87,-0.26494475740294465,0.18876817604231047
A,Concentric rings (Low),t-SNE,KMeans,dbcv,Random,88,-0.4564331529334062,0.18876817604231047
A,Concentric rings (Low),t-SNE,KMeans,dbcv,Random,89,-0.3748282300489034,0.18876817604231047
A,Concentric rings (Low),t-SNE,KMeans,dbcv,Random,90,-0.36207376902401656,0.18876817604231047
A,Concentric rings (Low),t-SNE,KMeans,dbcv,Random,91,-0.1765068070858858,0.18876817604231047
A,Concentric rings (Low),t-SNE,KMeans,dbcv,Random,92,-0.3772403798982821,0.18876817604231047
A,Concentric rings (Low),t-SNE,KMeans,dbcv,Random,93,-0.3491858842954082,0.18876817604231047
A,Concentric rings (Low),t-SNE,KMeans,dbcv,Random,94,-0.2937635321021962,0.18876817604231047
A,Concentric rings (Low),t-SNE,KMeans,dbcv,Random,95,-0.2762850750158356,0.18876817604231047
A,Concentric rings (Low),t-SNE,KMeans,dbcv,Random,96,0.05954514439849429,0.18876817604231047
A,Concentric rings (Low),t-SNE,KMeans,dbcv,Random,97,-0.5103352550384979,0.18876817604231047
A,Concentric rings (Low),t-SNE,KMeans,dbcv,Random,98,0.0028184626864123513,0.18876817604231047
A,Concentric rings (Low),t-SNE,KMeans,dbcv,Random,99,-0.08715999107783173,0.18876817604231047
A,Concentric rings (Low),PCA,HDBSCAN,dbcv,TPE,0,-1.0,-1.0
A,Concentric rings (Low),PCA,HDBSCAN,dbcv,TPE,1,0.28270496285252145,0.28270496285252145
A,Concentric rings (Low),PCA,HDBSCAN,dbcv,TPE,2,0.3712162674692723,0.3712162674692723
A,Concentric rings (Low),PCA,HDBSCAN,dbcv,TPE,3,0.29347310068108495,0.3712162674692723
A,Concentric rings (Low),PCA,HDBSCAN,dbcv,TPE,4,0.23746722917503715,0.3712162674692723
A,Concentric rings (Low),PCA,HDBSCAN,dbcv,TPE,5,-1.0,0.3712162674692723
A,Concentric rings (Low),PCA,HDBSCAN,dbcv,TPE,6,0.13962954595907634,0.3712162674692723
A,Concentric rings (Low),PCA,HDBSCAN,dbcv,TPE,7,0.34096617698675635,0.3712162674692723
A,Concentric rings (Low),PCA,HDBSCAN,dbcv,TPE,8,0.18232242086923842,0.3712162674692723
A,Concentric rings (Low),PCA,HDBSCAN,dbcv,TPE,9,0.15128970768738054,0.3712162674692723
A,Concentric rings (Low),PCA,HDBSCAN,dbcv,TPE,10,0.14139423756488984,0.3712162674692723
A,Concentric rings (Low),PCA,HDBSCAN,dbcv,TPE,11,0.324534221969353,0.3712162674692723
A,Concentric rings (Low),PCA,HDBSCAN,dbcv,TPE,12,0.4076832326218272,0.4076832326218272
A,Concentric rings (Low),PCA,HDBSCAN,dbcv,TPE,13,0.4076832326218272,0.4076832326218272
A,Concentric rings (Low),PCA,HDBSCAN,dbcv,TPE,14,0.3009829691344038,0.4076832326218272
A,Concentric rings (Low),PCA,HDBSCAN,dbcv,TPE,15,0.2385947392381821,0.4076832326218272
A,Concentric rings (Low),PCA,HDBSCAN,dbcv,TPE,16,0.4076832326218272,0.4076832326218272
A,Concentric rings (Low),PCA,HDBSCAN,dbcv,TPE,17,0.3396014570244495,0.4076832326218272
A,Concentric rings (Low),PCA,HDBSCAN,dbcv,TPE,18,0.3416136418724218,0.4076832326218272
A,Concentric rings (Low),PCA,HDBSCAN,dbcv,TPE,19,0.2430895744034838,0.4076832326218272
A,Concentric rings (Low),PCA,HDBSCAN,dbcv,TPE,20,0.14139423756488984,0.4076832326218272
A,Concentric rings (Low),PCA,HDBSCAN,dbcv,TPE,21,0.2862570694846581,0.4076832326218272
A,Concentric rings (Low),PCA,HDBSCAN,dbcv,TPE,22,0.23068998594022283,0.4076832326218272
A,Concentric rings (Low),PCA,HDBSCAN,dbcv,TPE,23,0.2800491176297192,0.4076832326218272
A,Concentric rings (Low),PCA,HDBSCAN,dbcv,TPE,24,0.43674748108308425,0.43674748108308425
A,Concentric rings (Low),PCA,HDBSCAN,dbcv,TPE,25,0.39118047613146656,0.43674748108308425
A,Concentric rings (Low),PCA,HDBSCAN,dbcv,TPE,26,0.27957881593455614,0.43674748108308425
A,Concentric rings (Low),PCA,HDBSCAN,dbcv,TPE,27,0.33033327820255987,0.43674748108308425
A,Concentric rings (Low),PCA,HDBSCAN,dbcv,TPE,28,0.21451878916595193,0.43674748108308425
A,Concentric rings (Low),PCA,HDBSCAN,dbcv,TPE,29,0.38550984049168235,0.43674748108308425
A,Concentric rings (Low),PCA,HDBSCAN,dbcv,TPE,30,0.30412787877280095,0.43674748108308425
A,Concentric rings (Low),PCA,HDBSCAN,dbcv,TPE,31,0.23068998594022283,0.43674748108308425
A,Concentric rings (Low),PCA,HDBSCAN,dbcv,TPE,32,0.4076832326218272,0.43674748108308425
A,Concentric rings (Low),PCA,HDBSCAN,dbcv,TPE,33,0.29636333028475387,0.43674748108308425
A,Concentric rings (Low),PCA,HDBSCAN,dbcv,TPE,34,0.31261241808773826,0.43674748108308425
A,Concentric rings (Low),PCA,HDBSCAN,dbcv,TPE,35,0.4146028462883976,0.43674748108308425
A,Concentric rings (Low),PCA,HDBSCAN,dbcv,TPE,36,0.4146028462883976,0.43674748108308425
A,Concentric rings (Low),PCA,HDBSCAN,dbcv,TPE,37,0.28406583280114484,0.43674748108308425
A,Concentric rings (Low),PCA,HDBSCAN,dbcv,TPE,38,0.38865563625326355,0.43674748108308425
A,Concentric rings (Low),PCA,HDBSCAN,dbcv,TPE,39,0.3235747876037449,0.43674748108308425
A,Concentric rings (Low),PCA,HDBSCAN,dbcv,TPE,40,0.28894784576796617,0.43674748108308425
A,Concentric rings (Low),PCA,HDBSCAN,dbcv,TPE,41,0.33583608742441046,0.43674748108308425
A,Concentric rings (Low),PCA,HDBSCAN,dbcv,TPE,42,0.381094537393101,0.43674748108308425
A,Concentric rings (Low),PCA,HDBSCAN,dbcv,TPE,43,0.39118047613146656,0.43674748108308425
A,Concentric rings (Low),PCA,HDBSCAN,dbcv,TPE,44,0.4146028462883976,0.43674748108308425
A,Concentric rings (Low),PCA,HDBSCAN,dbcv,TPE,45,0.4146028462883976,0.43674748108308425
A,Concentric rings (Low),PCA,HDBSCAN,dbcv,TPE,46,0.23746722917503715,0.43674748108308425
A,Concentric rings (Low),PCA,HDBSCAN,dbcv,TPE,47,0.291659671103753,0.43674748108308425
A,Concentric rings (Low),PCA,HDBSCAN,dbcv,TPE,48,0.35949435341597613,0.43674748108308425
A,Concentric rings (Low),PCA,HDBSCAN,dbcv,TPE,49,0.27957881593455614,0.43674748108308425
A,Concentric rings (Low),PCA,HDBSCAN,dbcv,TPE,50,0.28270496285252145,0.43674748108308425
A,Concentric rings (Low),PCA,HDBSCAN,dbcv,TPE,51,0.33583608742441046,0.43674748108308425
A,Concentric rings (Low),PCA,HDBSCAN,dbcv,TPE,52,0.42455977641918363,0.43674748108308425
A,Concentric rings (Low),PCA,HDBSCAN,dbcv,TPE,53,0.42455977641918363,0.43674748108308425
A,Concentric rings (Low),PCA,HDBSCAN,dbcv,TPE,54,0.42455977641918363,0.43674748108308425
A,Concentric rings (Low),PCA,HDBSCAN,dbcv,TPE,55,0.42629493589524337,0.43674748108308425
A,Concentric rings (Low),PCA,HDBSCAN,dbcv,TPE,56,0.22067327940386514,0.43674748108308425
A,Concentric rings (Low),PCA,HDBSCAN,dbcv,TPE,57,0.44389184648988755,0.44389184648988755
A,Concentric rings (Low),PCA,HDBSCAN,dbcv,TPE,58,0.44389184648988755,0.44389184648988755
A,Concentric rings (Low),PCA,HDBSCAN,dbcv,TPE,59,0.38627180654079046,0.44389184648988755
A,Concentric rings (Low),PCA,HDBSCAN,dbcv,TPE,60,0.44389184648988755,0.44389184648988755
A,Concentric rings (Low),PCA,HDBSCAN,dbcv,TPE,61,0.44389184648988755,0.44389184648988755
A,Concentric rings (Low),PCA,HDBSCAN,dbcv,TPE,62,0.44389184648988755,0.44389184648988755
A,Concentric rings (Low),PCA,HDBSCAN,dbcv,TPE,63,0.31062585917846136,0.44389184648988755
A,Concentric rings (Low),PCA,HDBSCAN,dbcv,TPE,64,0.44430288695708825,0.44430288695708825
A,Concentric rings (Low),PCA,HDBSCAN,dbcv,TPE,65,0.44430288695708825,0.44430288695708825
A,Concentric rings (Low),PCA,HDBSCAN,dbcv,TPE,66,0.31402041561095945,0.44430288695708825
A,Concentric rings (Low),PCA,HDBSCAN,dbcv,TPE,67,0.4796821441656949,0.4796821441656949
A,Concentric rings (Low),PCA,HDBSCAN,dbcv,TPE,68,0.45019073758279404,0.4796821441656949
A,Concentric rings (Low),PCA,HDBSCAN,dbcv,TPE,69,0.5127101957892829,0.5127101957892829
A,Concentric rings (Low),PCA,HDBSCAN,dbcv,TPE,70,0.4173954135261356,0.5127101957892829
A,Concentric rings (Low),PCA,HDBSCAN,dbcv,TPE,71,0.44080475005200875,0.5127101957892829
A,Concentric rings (Low),PCA,HDBSCAN,dbcv,TPE,72,0.4481687614812018,0.5127101957892829
A,Concentric rings (Low),PCA,HDBSCAN,dbcv,TPE,73,0.4481687614812018,0.5127101957892829
A,Concentric rings (Low),PCA,HDBSCAN,dbcv,TPE,74,0.4173954135261356,0.5127101957892829
A,Concentric rings (Low),PCA,HDBSCAN,dbcv,TPE,75,0.38480738364495887,0.5127101957892829
A,Concentric rings (Low),PCA,HDBSCAN,dbcv,TPE,76,0.40648385188493896,0.5127101957892829
A,Concentric rings (Low),PCA,HDBSCAN,dbcv,TPE,77,0.26989742932098354,0.5127101957892829
A,Concentric rings (Low),PCA,HDBSCAN,dbcv,TPE,78,0.35575007526395397,0.5127101957892829
A,Concentric rings (Low),PCA,HDBSCAN,dbcv,TPE,79,0.2714305352245546,0.5127101957892829
A,Concentric rings (Low),PCA,HDBSCAN,dbcv,TPE,80,0.27488358041979793,0.5127101957892829
A,Concentric rings (Low),PCA,HDBSCAN,dbcv,TPE,81,0.46180884179394543,0.5127101957892829
A,Concentric rings (Low),PCA,HDBSCAN,dbcv,TPE,82,0.39956088933891565,0.5127101957892829
A,Concentric rings (Low),PCA,HDBSCAN,dbcv,TPE,83,0.5127101957892829,0.5127101957892829
A,Concentric rings (Low),PCA,HDBSCAN,dbcv,TPE,84,0.5127101957892829,0.5127101957892829
A,Concentric rings (Low),PCA,HDBSCAN,dbcv,TPE,85,0.4481687614812018,0.5127101957892829
A,Concentric rings (Low),PCA,HDBSCAN,dbcv,TPE,86,0.33630162022769006,0.5127101957892829
A,Concentric rings (Low),PCA,HDBSCAN,dbcv,TPE,87,0.5103765114594768,0.5127101957892829
A,Concentric rings (Low),PCA,HDBSCAN,dbcv,TPE,88,0.46180884179394543,0.5127101957892829
A,Concentric rings (Low),PCA,HDBSCAN,dbcv,TPE,89,0.46180884179394543,0.5127101957892829
A,Concentric rings (Low),PCA,HDBSCAN,dbcv,TPE,90,0.46180884179394543,0.5127101957892829
A,Concentric rings (Low),PCA,HDBSCAN,dbcv,TPE,91,0.46180884179394543,0.5127101957892829
A,Concentric rings (Low),PCA,HDBSCAN,dbcv,TPE,92,0.46180884179394543,0.5127101957892829
A,Concentric rings (Low),PCA,HDBSCAN,dbcv,TPE,93,0.46180884179394543,0.5127101957892829
A,Concentric rings (Low),PCA,HDBSCAN,dbcv,TPE,94,0.36307617253139435,0.5127101957892829
A,Concentric rings (Low),PCA,HDBSCAN,dbcv,TPE,95,0.3712162674692723,0.5127101957892829
A,Concentric rings (Low),PCA,HDBSCAN,dbcv,TPE,96,0.3625757091832676,0.5127101957892829
A,Concentric rings (Low),PCA,HDBSCAN,dbcv,TPE,97,0.26989742932098354,0.5127101957892829
A,Concentric rings (Low),PCA,HDBSCAN,dbcv,TPE,98,0.14139423756488984,0.5127101957892829
A,Concentric rings (Low),PCA,HDBSCAN,dbcv,TPE,99,0.1906312121622259,0.5127101957892829
A,Concentric rings (Low),PCA,HDBSCAN,dbcv,Random,0,-1.0,-1.0
A,Concentric rings (Low),PCA,HDBSCAN,dbcv,Random,1,0.28270496285252145,0.28270496285252145
A,Concentric rings (Low),PCA,HDBSCAN,dbcv,Random,2,0.3712162674692723,0.3712162674692723
A,Concentric rings (Low),PCA,HDBSCAN,dbcv,Random,3,0.29347310068108495,0.3712162674692723
A,Concentric rings (Low),PCA,HDBSCAN,dbcv,Random,4,0.23746722917503715,0.3712162674692723
A,Concentric rings (Low),PCA,HDBSCAN,dbcv,Random,5,-1.0,0.3712162674692723
A,Concentric rings (Low),PCA,HDBSCAN,dbcv,Random,6,0.13962954595907634,0.3712162674692723
A,Concentric rings (Low),PCA,HDBSCAN,dbcv,Random,7,0.34096617698675635,0.3712162674692723
A,Concentric rings (Low),PCA,HDBSCAN,dbcv,Random,8,0.18232242086923842,0.3712162674692723
A,Concentric rings (Low),PCA,HDBSCAN,dbcv,Random,9,0.15128970768738054,0.3712162674692723
A,Concentric rings (Low),PCA,HDBSCAN,dbcv,Random,10,0.1906312121622259,0.3712162674692723
A,Concentric rings (Low),PCA,HDBSCAN,dbcv,Random,11,0.3805825556053071,0.3805825556053071
A,Concentric rings (Low),PCA,HDBSCAN,dbcv,Random,12,0.21451878916595193,0.3805825556053071
A,Concentric rings (Low),PCA,HDBSCAN,dbcv,Random,13,0.39118047613146656,0.39118047613146656
A,Concentric rings (Low),PCA,HDBSCAN,dbcv,Random,14,0.2662721088511172,0.39118047613146656
A,Concentric rings (Low),PCA,HDBSCAN,dbcv,Random,15,0.18947418275496236,0.39118047613146656
A,Concentric rings (Low),PCA,HDBSCAN,dbcv,Random,16,-1.0,0.39118047613146656
A,Concentric rings (Low),PCA,HDBSCAN,dbcv,Random,17,-1.0,0.39118047613146656
A,Concentric rings (Low),PCA,HDBSCAN,dbcv,Random,18,0.2926107342890834,0.39118047613146656
A,Concentric rings (Low),PCA,HDBSCAN,dbcv,Random,19,0.26682343218741833,0.39118047613146656
A,Concentric rings (Low),PCA,HDBSCAN,dbcv,Random,20,0.39118047613146656,0.39118047613146656
A,Concentric rings (Low),PCA,HDBSCAN,dbcv,Random,21,0.27397049635261256,0.39118047613146656
A,Concentric rings (Low),PCA,HDBSCAN,dbcv,Random,22,0.27957881593455614,0.39118047613146656
A,Concentric rings (Low),PCA,HDBSCAN,dbcv,Random,23,0.18232242086923842,0.39118047613146656
A,Concentric rings (Low),PCA,HDBSCAN,dbcv,Random,24,0.18947418275496236,0.39118047613146656
A,Concentric rings (Low),PCA,HDBSCAN,dbcv,Random,25,-1.0,0.39118047613146656
A,Concentric rings (Low),PCA,HDBSCAN,dbcv,Random,26,-1.0,0.39118047613146656
A,Concentric rings (Low),PCA,HDBSCAN,dbcv,Random,27,-1.0,0.39118047613146656
A,Concentric rings (Low),PCA,HDBSCAN,dbcv,Random,28,0.2707715472592371,0.39118047613146656
A,Concentric rings (Low),PCA,HDBSCAN,dbcv,Random,29,0.4796821441656949,0.4796821441656949
A,Concentric rings (Low),PCA,HDBSCAN,dbcv,Random,30,0.14028821158844842,0.4796821441656949
A,Concentric rings (Low),PCA,HDBSCAN,dbcv,Random,31,0.2430895744034838,0.4796821441656949
A,Concentric rings (Low),PCA,HDBSCAN,dbcv,Random,32,0.22633165674970426,0.4796821441656949
A,Concentric rings (Low),PCA,HDBSCAN,dbcv,Random,33,0.28406583280114484,0.4796821441656949
A,Concentric rings (Low),PCA,HDBSCAN,dbcv,Random,34,-1.0,0.4796821441656949
A,Concentric rings (Low),PCA,HDBSCAN,dbcv,Random,35,0.18947418275496236,0.4796821441656949
A,Concentric rings (Low),PCA,HDBSCAN,dbcv,Random,36,0.3156446099735797,0.4796821441656949
A,Concentric rings (Low),PCA,HDBSCAN,dbcv,Random,37,0.26624480844235937,0.4796821441656949
A,Concentric rings (Low),PCA,HDBSCAN,dbcv,Random,38,0.2662721088511172,0.4796821441656949
A,Concentric rings (Low),PCA,HDBSCAN,dbcv,Random,39,0.20220030657399246,0.4796821441656949
A,Concentric rings (Low),PCA,HDBSCAN,dbcv,Random,40,0.28894784576796617,0.4796821441656949
A,Concentric rings (Low),PCA,HDBSCAN,dbcv,Random,41,0.24559095068643727,0.4796821441656949
A,Concentric rings (Low),PCA,HDBSCAN,dbcv,Random,42,0.23068998594022283,0.4796821441656949
A,Concentric rings (Low),PCA,HDBSCAN,dbcv,Random,43,0.28894784576796617,0.4796821441656949
A,Concentric rings (Low),PCA,HDBSCAN,dbcv,Random,44,0.24832927607823158,0.4796821441656949
A,Concentric rings (Low),PCA,HDBSCAN,dbcv,Random,45,0.24738698742744158,0.4796821441656949
A,Concentric rings (Low),PCA,HDBSCAN,dbcv,Random,46,0.28270496285252145,0.4796821441656949
A,Concentric rings (Low),PCA,HDBSCAN,dbcv,Random,47,0.15568888433247272,0.4796821441656949
A,Concentric rings (Low),PCA,HDBSCAN,dbcv,Random,48,0.3009829691344038,0.4796821441656949
A,Concentric rings (Low),PCA,HDBSCAN,dbcv,Random,49,0.4173954135261356,0.4796821441656949
A,Concentric rings (Low),PCA,HDBSCAN,dbcv,Random,50,0.381094537393101,0.4796821441656949
A,Concentric rings (Low),PCA,HDBSCAN,dbcv,Random,51,0.3116223470022485,0.4796821441656949
A,Concentric rings (Low),PCA,HDBSCAN,dbcv,Random,52,0.25068046875137817,0.4796821441656949
A,Concentric rings (Low),PCA,HDBSCAN,dbcv,Random,53,0.26624480844235937,0.4796821441656949
A,Concentric rings (Low),PCA,HDBSCAN,dbcv,Random,54,0.24559095068643727,0.4796821441656949
A,Concentric rings (Low),PCA,HDBSCAN,dbcv,Random,55,0.23236729991501792,0.4796821441656949
A,Concentric rings (Low),PCA,HDBSCAN,dbcv,Random,56,-1.0,0.4796821441656949
A,Concentric rings (Low),PCA,HDBSCAN,dbcv,Random,57,0.24191551574713394,0.4796821441656949
A,Concentric rings (Low),PCA,HDBSCAN,dbcv,Random,58,0.18947418275496236,0.4796821441656949
A,Concentric rings (Low),PCA,HDBSCAN,dbcv,Random,59,0.25404210422238255,0.4796821441656949
A,Concentric rings (Low),PCA,HDBSCAN,dbcv,Random,60,-1.0,0.4796821441656949
A,Concentric rings (Low),PCA,HDBSCAN,dbcv,Random,61,0.2926107342890834,0.4796821441656949
A,Concentric rings (Low),PCA,HDBSCAN,dbcv,Random,62,0.2862570694846581,0.4796821441656949
A,Concentric rings (Low),PCA,HDBSCAN,dbcv,Random,63,-1.0,0.4796821441656949
A,Concentric rings (Low),PCA,HDBSCAN,dbcv,Random,64,0.41482280200954186,0.4796821441656949
A,Concentric rings (Low),PCA,HDBSCAN,dbcv,Random,65,0.13962954595907634,0.4796821441656949
A,Concentric rings (Low),PCA,HDBSCAN,dbcv,Random,66,0.23068998594022283,0.4796821441656949
A,Concentric rings (Low),PCA,HDBSCAN,dbcv,Random,67,0.20471087354374942,0.4796821441656949
A,Concentric rings (Low),PCA,HDBSCAN,dbcv,Random,68,0.23746722917503715,0.4796821441656949
A,Concentric rings (Low),PCA,HDBSCAN,dbcv,Random,69,-1.0,0.4796821441656949
A,Concentric rings (Low),PCA,HDBSCAN,dbcv,Random,70,0.14028821158844842,0.4796821441656949
A,Concentric rings (Low),PCA,HDBSCAN,dbcv,Random,71,0.15128970768738054,0.4796821441656949
A,Concentric rings (Low),PCA,HDBSCAN,dbcv,Random,72,0.25424831780389917,0.4796821441656949
A,Concentric rings (Low),PCA,HDBSCAN,dbcv,Random,73,0.3028998183333052,0.4796821441656949
A,Concentric rings (Low),PCA,HDBSCAN,dbcv,Random,74,0.28382260555265026,0.4796821441656949
A,Concentric rings (Low),PCA,HDBSCAN,dbcv,Random,75,0.13962954595907634,0.4796821441656949
A,Concentric rings (Low),PCA,HDBSCAN,dbcv,Random,76,0.39118047613146656,0.4796821441656949
A,Concentric rings (Low),PCA,HDBSCAN,dbcv,Random,77,0.14028821158844842,0.4796821441656949
A,Concentric rings (Low),PCA,HDBSCAN,dbcv,Random,78,0.21451878916595193,0.4796821441656949
A,Concentric rings (Low),PCA,HDBSCAN,dbcv,Random,79,0.3101726369244424,0.4796821441656949
A,Concentric rings (Low),PCA,HDBSCAN,dbcv,Random,80,0.28894784576796617,0.4796821441656949
A,Concentric rings (Low),PCA,HDBSCAN,dbcv,Random,81,0.17618187565207497,0.4796821441656949
A,Concentric rings (Low),PCA,HDBSCAN,dbcv,Random,82,0.28406583280114484,0.4796821441656949
A,Concentric rings (Low),PCA,HDBSCAN,dbcv,Random,83,0.23236729991501792,0.4796821441656949
A,Concentric rings (Low),PCA,HDBSCAN,dbcv,Random,84,0.40996796455891094,0.4796821441656949
A,Concentric rings (Low),PCA,HDBSCAN,dbcv,Random,85,0.14139423756488984,0.4796821441656949
A,Concentric rings (Low),PCA,HDBSCAN,dbcv,Random,86,0.13962954595907634,0.4796821441656949
A,Concentric rings (Low),PCA,HDBSCAN,dbcv,Random,87,0.18947418275496236,0.4796821441656949
A,Concentric rings (Low),PCA,HDBSCAN,dbcv,Random,88,0.28566347931522906,0.4796821441656949
A,Concentric rings (Low),PCA,HDBSCAN,dbcv,Random,89,0.1906312121622259,0.4796821441656949
A,Concentric rings (Low),PCA,HDBSCAN,dbcv,Random,90,0.2926107342890834,0.4796821441656949
A,Concentric rings (Low),PCA,HDBSCAN,dbcv,Random,91,-1.0,0.4796821441656949
A,Concentric rings (Low),PCA,HDBSCAN,dbcv,Random,92,0.27957881593455614,0.4796821441656949
A,Concentric rings (Low),PCA,HDBSCAN,dbcv,Random,93,0.25404210422238255,0.4796821441656949
A,Concentric rings (Low),PCA,HDBSCAN,dbcv,Random,94,0.25068046875137817,0.4796821441656949
A,Concentric rings (Low),PCA,HDBSCAN,dbcv,Random,95,0.291659671103753,0.4796821441656949
A,Concentric rings (Low),PCA,HDBSCAN,dbcv,Random,96,0.28894784576796617,0.4796821441656949
A,Concentric rings (Low),PCA,HDBSCAN,dbcv,Random,97,0.2430895744034838,0.4796821441656949
A,Concentric rings (Low),PCA,HDBSCAN,dbcv,Random,98,-1.0,0.4796821441656949
A,Concentric rings (Low),PCA,HDBSCAN,dbcv,Random,99,0.21451878916595193,0.4796821441656949
A,Concentric rings (Low),PCA,DBSCAN,dbcv,TPE,0,-1.0,-1.0
A,Concentric rings (Low),PCA,DBSCAN,dbcv,TPE,1,-1.0,-1.0
A,Concentric rings (Low),PCA,DBSCAN,dbcv,TPE,2,-1.0,-1.0
A,Concentric rings (Low),PCA,DBSCAN,dbcv,TPE,3,-1.0,-1.0
A,Concentric rings (Low),PCA,DBSCAN,dbcv,TPE,4,-1.0,-1.0
A,Concentric rings (Low),PCA,DBSCAN,dbcv,TPE,5,-1.0,-1.0
A,Concentric rings (Low),PCA,DBSCAN,dbcv,TPE,6,-1.0,-1.0
A,Concentric rings (Low),PCA,DBSCAN,dbcv,TPE,7,-1.0,-1.0
A,Concentric rings (Low),PCA,DBSCAN,dbcv,TPE,8,-1.0,-1.0
A,Concentric rings (Low),PCA,DBSCAN,dbcv,TPE,9,-1.0,-1.0
A,Concentric rings (Low),PCA,DBSCAN,dbcv,TPE,10,-1.0,-1.0
A,Concentric rings (Low),PCA,DBSCAN,dbcv,TPE,11,-1.0,-1.0
A,Concentric rings (Low),PCA,DBSCAN,dbcv,TPE,12,-1.0,-1.0
A,Concentric rings (Low),PCA,DBSCAN,dbcv,TPE,13,-1.0,-1.0
A,Concentric rings (Low),PCA,DBSCAN,dbcv,TPE,14,-1.0,-1.0
A,Concentric rings (Low),PCA,DBSCAN,dbcv,TPE,15,-1.0,-1.0
A,Concentric rings (Low),PCA,DBSCAN,dbcv,TPE,16,-1.0,-1.0
A,Concentric rings (Low),PCA,DBSCAN,dbcv,TPE,17,-1.0,-1.0
A,Concentric rings (Low),PCA,DBSCAN,dbcv,TPE,18,-1.0,-1.0
A,Concentric rings (Low),PCA,DBSCAN,dbcv,TPE,19,-1.0,-1.0
A,Concentric rings (Low),PCA,DBSCAN,dbcv,TPE,20,-1.0,-1.0
A,Concentric rings (Low),PCA,DBSCAN,dbcv,TPE,21,-1.0,-1.0
A,Concentric rings (Low),PCA,DBSCAN,dbcv,TPE,22,-1.0,-1.0
A,Concentric rings (Low),PCA,DBSCAN,dbcv,TPE,23,-1.0,-1.0
A,Concentric rings (Low),PCA,DBSCAN,dbcv,TPE,24,-1.0,-1.0
A,Concentric rings (Low),PCA,DBSCAN,dbcv,TPE,25,-1.0,-1.0
A,Concentric rings (Low),PCA,DBSCAN,dbcv,TPE,26,-1.0,-1.0
A,Concentric rings (Low),PCA,DBSCAN,dbcv,TPE,27,-1.0,-1.0
A,Concentric rings (Low),PCA,DBSCAN,dbcv,TPE,28,-1.0,-1.0
A,Concentric rings (Low),PCA,DBSCAN,dbcv,TPE,29,-0.11924706130580051,-0.11924706130580051
A,Concentric rings (Low),PCA,DBSCAN,dbcv,TPE,30,-1.0,-0.11924706130580051
A,Concentric rings (Low),PCA,DBSCAN,dbcv,TPE,31,-1.0,-0.11924706130580051
A,Concentric rings (Low),PCA,DBSCAN,dbcv,TPE,32,-1.0,-0.11924706130580051
A,Concentric rings (Low),PCA,DBSCAN,dbcv,TPE,33,-1.0,-0.11924706130580051
A,Concentric rings (Low),PCA,DBSCAN,dbcv,TPE,34,-1.0,-0.11924706130580051
A,Concentric rings (Low),PCA,DBSCAN,dbcv,TPE,35,-0.28993046270068373,-0.11924706130580051
A,Concentric rings (Low),PCA,DBSCAN,dbcv,TPE,36,-0.09602564785936907,-0.09602564785936907
A,Concentric rings (Low),PCA,DBSCAN,dbcv,TPE,37,-0.11924706130580051,-0.09602564785936907
A,Concentric rings (Low),PCA,DBSCAN,dbcv,TPE,38,-0.06906848946518913,-0.06906848946518913
A,Concentric rings (Low),PCA,DBSCAN,dbcv,TPE,39,-1.0,-0.06906848946518913
A,Concentric rings (Low),PCA,DBSCAN,dbcv,TPE,40,-1.0,-0.06906848946518913
A,Concentric rings (Low),PCA,DBSCAN,dbcv,TPE,41,-1.0,-0.06906848946518913
A,Concentric rings (Low),PCA,DBSCAN,dbcv,TPE,42,0.2594073212804686,0.2594073212804686
A,Concentric rings (Low),PCA,DBSCAN,dbcv,TPE,43,-1.0,0.2594073212804686
A,Concentric rings (Low),PCA,DBSCAN,dbcv,TPE,44,-1.0,0.2594073212804686
A,Concentric rings (Low),PCA,DBSCAN,dbcv,TPE,45,-1.0,0.2594073212804686
A,Concentric rings (Low),PCA,DBSCAN,dbcv,TPE,46,0.07634082128941835,0.2594073212804686
A,Concentric rings (Low),PCA,DBSCAN,dbcv,TPE,47,-1.0,0.2594073212804686
A,Concentric rings (Low),PCA,DBSCAN,dbcv,TPE,48,-1.0,0.2594073212804686
A,Concentric rings (Low),PCA,DBSCAN,dbcv,TPE,49,-0.1909558329843015,0.2594073212804686
A,Concentric rings (Low),PCA,DBSCAN,dbcv,TPE,50,-1.0,0.2594073212804686
A,Concentric rings (Low),PCA,DBSCAN,dbcv,TPE,51,-1.0,0.2594073212804686
A,Concentric rings (Low),PCA,DBSCAN,dbcv,TPE,52,-1.0,0.2594073212804686
A,Concentric rings (Low),PCA,DBSCAN,dbcv,TPE,53,0.06020201776003846,0.2594073212804686
A,Concentric rings (Low),PCA,DBSCAN,dbcv,TPE,54,0.19589432412017554,0.2594073212804686
A,Concentric rings (Low),PCA,DBSCAN,dbcv,TPE,55,-1.0,0.2594073212804686
A,Concentric rings (Low),PCA,DBSCAN,dbcv,TPE,56,-1.0,0.2594073212804686
A,Concentric rings (Low),PCA,DBSCAN,dbcv,TPE,57,-1.0,0.2594073212804686
A,Concentric rings (Low),PCA,DBSCAN,dbcv,TPE,58,-1.0,0.2594073212804686
A,Concentric rings (Low),PCA,DBSCAN,dbcv,TPE,59,-0.28399833670582186,0.2594073212804686
A,Concentric rings (Low),PCA,DBSCAN,dbcv,TPE,60,-1.0,0.2594073212804686
A,Concentric rings (Low),PCA,DBSCAN,dbcv,TPE,61,-1.0,0.2594073212804686
A,Concentric rings (Low),PCA,DBSCAN,dbcv,TPE,62,0.01558414123768296,0.2594073212804686
A,Concentric rings (Low),PCA,DBSCAN,dbcv,TPE,63,-1.0,0.2594073212804686
A,Concentric rings (Low),PCA,DBSCAN,dbcv,TPE,64,-1.0,0.2594073212804686
A,Concentric rings (Low),PCA,DBSCAN,dbcv,TPE,65,-0.05026051280038358,0.2594073212804686
A,Concentric rings (Low),PCA,DBSCAN,dbcv,TPE,66,-1.0,0.2594073212804686
A,Concentric rings (Low),PCA,DBSCAN,dbcv,TPE,67,-1.0,0.2594073212804686
A,Concentric rings (Low),PCA,DBSCAN,dbcv,TPE,68,-1.0,0.2594073212804686
A,Concentric rings (Low),PCA,DBSCAN,dbcv,TPE,69,-1.0,0.2594073212804686
A,Concentric rings (Low),PCA,DBSCAN,dbcv,TPE,70,-1.0,0.2594073212804686
A,Concentric rings (Low),PCA,DBSCAN,dbcv,TPE,71,-0.06838089895339158,0.2594073212804686
A,Concentric rings (Low),PCA,DBSCAN,dbcv,TPE,72,-1.0,0.2594073212804686
A,Concentric rings (Low),PCA,DBSCAN,dbcv,TPE,73,0.003931430613604847,0.2594073212804686
A,Concentric rings (Low),PCA,DBSCAN,dbcv,TPE,74,-1.0,0.2594073212804686
A,Concentric rings (Low),PCA,DBSCAN,dbcv,TPE,75,-1.0,0.2594073212804686
A,Concentric rings (Low),PCA,DBSCAN,dbcv,TPE,76,0.25125725808188215,0.2594073212804686
A,Concentric rings (Low),PCA,DBSCAN,dbcv,TPE,77,0.3561137164765839,0.3561137164765839
A,Concentric rings (Low),PCA,DBSCAN,dbcv,TPE,78,-1.0,0.3561137164765839
A,Concentric rings (Low),PCA,DBSCAN,dbcv,TPE,79,0.25125725808188215,0.3561137164765839
A,Concentric rings (Low),PCA,DBSCAN,dbcv,TPE,80,0.333166504685791,0.3561137164765839
A,Concentric rings (Low),PCA,DBSCAN,dbcv,TPE,81,0.17188939632559708,0.3561137164765839
A,Concentric rings (Low),PCA,DBSCAN,dbcv,TPE,82,0.36605499540872916,0.36605499540872916
A,Concentric rings (Low),PCA,DBSCAN,dbcv,TPE,83,0.2592496676994866,0.36605499540872916
A,Concentric rings (Low),PCA,DBSCAN,dbcv,TPE,84,0.13720245347203952,0.36605499540872916
A,Concentric rings (Low),PCA,DBSCAN,dbcv,TPE,85,-1.0,0.36605499540872916
A,Concentric rings (Low),PCA,DBSCAN,dbcv,TPE,86,0.16245144089129962,0.36605499540872916
A,Concentric rings (Low),PCA,DBSCAN,dbcv,TPE,87,0.30727272036976977,0.36605499540872916
A,Concentric rings (Low),PCA,DBSCAN,dbcv,TPE,88,0.29471554424156987,0.36605499540872916
A,Concentric rings (Low),PCA,DBSCAN,dbcv,TPE,89,0.33193502961204624,0.36605499540872916
A,Concentric rings (Low),PCA,DBSCAN,dbcv,TPE,90,0.3013688573215187,0.36605499540872916
A,Concentric rings (Low),PCA,DBSCAN,dbcv,TPE,91,0.24342173248716736,0.36605499540872916
A,Concentric rings (Low),PCA,DBSCAN,dbcv,TPE,92,-1.0,0.36605499540872916
A,Concentric rings (Low),PCA,DBSCAN,dbcv,TPE,93,0.3424092742490369,0.36605499540872916
A,Concentric rings (Low),PCA,DBSCAN,dbcv,TPE,94,0.24300073909143433,0.36605499540872916
A,Concentric rings (Low),PCA,DBSCAN,dbcv,TPE,95,0.2314829495796774,0.36605499540872916
A,Concentric rings (Low),PCA,DBSCAN,dbcv,TPE,96,-1.0,0.36605499540872916
A,Concentric rings (Low),PCA,DBSCAN,dbcv,TPE,97,0.37063707946031854,0.37063707946031854
A,Concentric rings (Low),PCA,DBSCAN,dbcv,TPE,98,-1.0,0.37063707946031854
A,Concentric rings (Low),PCA,DBSCAN,dbcv,TPE,99,0.4057730006361794,0.4057730006361794
A,Concentric rings (Low),PCA,DBSCAN,dbcv,Random,0,-1.0,-1.0
A,Concentric rings (Low),PCA,DBSCAN,dbcv,Random,1,-1.0,-1.0
A,Concentric rings (Low),PCA,DBSCAN,dbcv,Random,2,-1.0,-1.0
A,Concentric rings (Low),PCA,DBSCAN,dbcv,Random,3,-1.0,-1.0
A,Concentric rings (Low),PCA,DBSCAN,dbcv,Random,4,-1.0,-1.0
A,Concentric rings (Low),PCA,DBSCAN,dbcv,Random,5,-1.0,-1.0
A,Concentric rings (Low),PCA,DBSCAN,dbcv,Random,6,-1.0,-1.0
A,Concentric rings (Low),PCA,DBSCAN,dbcv,Random,7,-1.0,-1.0
A,Concentric rings (Low),PCA,DBSCAN,dbcv,Random,8,-1.0,-1.0
A,Concentric rings (Low),PCA,DBSCAN,dbcv,Random,9,-1.0,-1.0
A,Concentric rings (Low),PCA,DBSCAN,dbcv,Random,10,-1.0,-1.0
A,Concentric rings (Low),PCA,DBSCAN,dbcv,Random,11,-1.0,-1.0
A,Concentric rings (Low),PCA,DBSCAN,dbcv,Random,12,-1.0,-1.0
A,Concentric rings (Low),PCA,DBSCAN,dbcv,Random,13,-1.0,-1.0
A,Concentric rings (Low),PCA,DBSCAN,dbcv,Random,14,-1.0,-1.0
A,Concentric rings (Low),PCA,DBSCAN,dbcv,Random,15,-1.0,-1.0
A,Concentric rings (Low),PCA,DBSCAN,dbcv,Random,16,-1.0,-1.0
A,Concentric rings (Low),PCA,DBSCAN,dbcv,Random,17,-1.0,-1.0
A,Concentric rings (Low),PCA,DBSCAN,dbcv,Random,18,-1.0,-1.0
A,Concentric rings (Low),PCA,DBSCAN,dbcv,Random,19,-1.0,-1.0
A,Concentric rings (Low),PCA,DBSCAN,dbcv,Random,20,-1.0,-1.0
A,Concentric rings (Low),PCA,DBSCAN,dbcv,Random,21,-1.0,-1.0
A,Concentric rings (Low),PCA,DBSCAN,dbcv,Random,22,-1.0,-1.0
A,Concentric rings (Low),PCA,DBSCAN,dbcv,Random,23,-1.0,-1.0
A,Concentric rings (Low),PCA,DBSCAN,dbcv,Random,24,-1.0,-1.0
A,Concentric rings (Low),PCA,DBSCAN,dbcv,Random,25,-1.0,-1.0
A,Concentric rings (Low),PCA,DBSCAN,dbcv,Random,26,-1.0,-1.0
A,Concentric rings (Low),PCA,DBSCAN,dbcv,Random,27,-1.0,-1.0
A,Concentric rings (Low),PCA,DBSCAN,dbcv,Random,28,-1.0,-1.0
A,Concentric rings (Low),PCA,DBSCAN,dbcv,Random,29,0.27586432667828886,0.27586432667828886
A,Concentric rings (Low),PCA,DBSCAN,dbcv,Random,30,-1.0,0.27586432667828886
A,Concentric rings (Low),PCA,DBSCAN,dbcv,Random,31,-1.0,0.27586432667828886
A,Concentric rings (Low),PCA,DBSCAN,dbcv,Random,32,-1.0,0.27586432667828886
A,Concentric rings (Low),PCA,DBSCAN,dbcv,Random,33,-1.0,0.27586432667828886
A,Concentric rings (Low),PCA,DBSCAN,dbcv,Random,34,0.22631684844842942,0.27586432667828886
A,Concentric rings (Low),PCA,DBSCAN,dbcv,Random,35,-1.0,0.27586432667828886
A,Concentric rings (Low),PCA,DBSCAN,dbcv,Random,36,-1.0,0.27586432667828886
A,Concentric rings (Low),PCA,DBSCAN,dbcv,Random,37,-1.0,0.27586432667828886
A,Concentric rings (Low),PCA,DBSCAN,dbcv,Random,38,-1.0,0.27586432667828886
A,Concentric rings (Low),PCA,DBSCAN,dbcv,Random,39,-1.0,0.27586432667828886
A,Concentric rings (Low),PCA,DBSCAN,dbcv,Random,40,-1.0,0.27586432667828886
A,Concentric rings (Low),PCA,DBSCAN,dbcv,Random,41,-1.0,0.27586432667828886
A,Concentric rings (Low),PCA,DBSCAN,dbcv,Random,42,-1.0,0.27586432667828886
A,Concentric rings (Low),PCA,DBSCAN,dbcv,Random,43,-1.0,0.27586432667828886
A,Concentric rings (Low),PCA,DBSCAN,dbcv,Random,44,-1.0,0.27586432667828886
A,Concentric rings (Low),PCA,DBSCAN,dbcv,Random,45,-1.0,0.27586432667828886
A,Concentric rings (Low),PCA,DBSCAN,dbcv,Random,46,-1.0,0.27586432667828886
A,Concentric rings (Low),PCA,DBSCAN,dbcv,Random,47,-1.0,0.27586432667828886
A,Concentric rings (Low),PCA,DBSCAN,dbcv,Random,48,-1.0,0.27586432667828886
A,Concentric rings (Low),PCA,DBSCAN,dbcv,Random,49,0.23758052848054667,0.27586432667828886
A,Concentric rings (Low),PCA,DBSCAN,dbcv,Random,50,-1.0,0.27586432667828886
A,Concentric rings (Low),PCA,DBSCAN,dbcv,Random,51,-1.0,0.27586432667828886
A,Concentric rings (Low),PCA,DBSCAN,dbcv,Random,52,-1.0,0.27586432667828886
A,Concentric rings (Low),PCA,DBSCAN,dbcv,Random,53,-1.0,0.27586432667828886
A,Concentric rings (Low),PCA,DBSCAN,dbcv,Random,54,-1.0,0.27586432667828886
A,Concentric rings (Low),PCA,DBSCAN,dbcv,Random,55,-1.0,0.27586432667828886
A,Concentric rings (Low),PCA,DBSCAN,dbcv,Random,56,-1.0,0.27586432667828886
A,Concentric rings (Low),PCA,DBSCAN,dbcv,Random,57,-1.0,0.27586432667828886
A,Concentric rings (Low),PCA,DBSCAN,dbcv,Random,58,-1.0,0.27586432667828886
A,Concentric rings (Low),PCA,DBSCAN,dbcv,Random,59,-1.0,0.27586432667828886
A,Concentric rings (Low),PCA,DBSCAN,dbcv,Random,60,-1.0,0.27586432667828886
A,Concentric rings (Low),PCA,DBSCAN,dbcv,Random,61,-1.0,0.27586432667828886
A,Concentric rings (Low),PCA,DBSCAN,dbcv,Random,62,-1.0,0.27586432667828886
A,Concentric rings (Low),PCA,DBSCAN,dbcv,Random,63,-1.0,0.27586432667828886
A,Concentric rings (Low),PCA,DBSCAN,dbcv,Random,64,-1.0,0.27586432667828886
A,Concentric rings (Low),PCA,DBSCAN,dbcv,Random,65,-1.0,0.27586432667828886
A,Concentric rings (Low),PCA,DBSCAN,dbcv,Random,66,-1.0,0.27586432667828886
A,Concentric rings (Low),PCA,DBSCAN,dbcv,Random,67,-1.0,0.27586432667828886
A,Concentric rings (Low),PCA,DBSCAN,dbcv,Random,68,-1.0,0.27586432667828886
A,Concentric rings (Low),PCA,DBSCAN,dbcv,Random,69,-1.0,0.27586432667828886
A,Concentric rings (Low),PCA,DBSCAN,dbcv,Random,70,-1.0,0.27586432667828886
A,Concentric rings (Low),PCA,DBSCAN,dbcv,Random,71,-1.0,0.27586432667828886
A,Concentric rings (Low),PCA,DBSCAN,dbcv,Random,72,-1.0,0.27586432667828886
A,Concentric rings (Low),PCA,DBSCAN,dbcv,Random,73,-1.0,0.27586432667828886
A,Concentric rings (Low),PCA,DBSCAN,dbcv,Random,74,0.29196793115339603,0.29196793115339603
A,Concentric rings (Low),PCA,DBSCAN,dbcv,Random,75,-1.0,0.29196793115339603
A,Concentric rings (Low),PCA,DBSCAN,dbcv,Random,76,-1.0,0.29196793115339603
A,Concentric rings (Low),PCA,DBSCAN,dbcv,Random,77,-1.0,0.29196793115339603
A,Concentric rings (Low),PCA,DBSCAN,dbcv,Random,78,-1.0,0.29196793115339603
A,Concentric rings (Low),PCA,DBSCAN,dbcv,Random,79,-1.0,0.29196793115339603
A,Concentric rings (Low),PCA,DBSCAN,dbcv,Random,80,-1.0,0.29196793115339603
A,Concentric rings (Low),PCA,DBSCAN,dbcv,Random,81,-1.0,0.29196793115339603
A,Concentric rings (Low),PCA,DBSCAN,dbcv,Random,82,-0.06838089895339158,0.29196793115339603
A,Concentric rings (Low),PCA,DBSCAN,dbcv,Random,83,-1.0,0.29196793115339603
A,Concentric rings (Low),PCA,DBSCAN,dbcv,Random,84,0.3015773930642859,0.3015773930642859
A,Concentric rings (Low),PCA,DBSCAN,dbcv,Random,85,-1.0,0.3015773930642859
A,Concentric rings (Low),PCA,DBSCAN,dbcv,Random,86,-1.0,0.3015773930642859
A,Concentric rings (Low),PCA,DBSCAN,dbcv,Random,87,-1.0,0.3015773930642859
A,Concentric rings (Low),PCA,DBSCAN,dbcv,Random,88,-1.0,0.3015773930642859
A,Concentric rings (Low),PCA,DBSCAN,dbcv,Random,89,-1.0,0.3015773930642859
A,Concentric rings (Low),PCA,DBSCAN,dbcv,Random,90,-1.0,0.3015773930642859
A,Concentric rings (Low),PCA,DBSCAN,dbcv,Random,91,-1.0,0.3015773930642859
A,Concentric rings (Low),PCA,DBSCAN,dbcv,Random,92,-1.0,0.3015773930642859
A,Concentric rings (Low),PCA,DBSCAN,dbcv,Random,93,-1.0,0.3015773930642859
A,Concentric rings (Low),PCA,DBSCAN,dbcv,Random,94,-1.0,0.3015773930642859
A,Concentric rings (Low),PCA,DBSCAN,dbcv,Random,95,0.0670765373671745,0.3015773930642859
A,Concentric rings (Low),PCA,DBSCAN,dbcv,Random,96,-1.0,0.3015773930642859
A,Concentric rings (Low),PCA,DBSCAN,dbcv,Random,97,-1.0,0.3015773930642859
A,Concentric rings (Low),PCA,DBSCAN,dbcv,Random,98,-1.0,0.3015773930642859
A,Concentric rings (Low),PCA,DBSCAN,dbcv,Random,99,-1.0,0.3015773930642859
A,Concentric rings (Low),PCA,KMeans,dbcv,TPE,0,-0.4886721050159162,-0.4886721050159162
A,Concentric rings (Low),PCA,KMeans,dbcv,TPE,1,-0.26159883903051595,-0.26159883903051595
A,Concentric rings (Low),PCA,KMeans,dbcv,TPE,2,-0.22822946557332902,-0.22822946557332902
A,Concentric rings (Low),PCA,KMeans,dbcv,TPE,3,-0.4140170956950224,-0.22822946557332902
A,Concentric rings (Low),PCA,KMeans,dbcv,TPE,4,-0.697117412089711,-0.22822946557332902
A,Concentric rings (Low),PCA,KMeans,dbcv,TPE,5,-0.697117412089711,-0.22822946557332902
A,Concentric rings (Low),PCA,KMeans,dbcv,TPE,6,-0.7362188641127199,-0.22822946557332902
A,Concentric rings (Low),PCA,KMeans,dbcv,TPE,7,-0.17031360719386543,-0.17031360719386543
A,Concentric rings (Low),PCA,KMeans,dbcv,TPE,8,-0.4140170956950224,-0.17031360719386543
A,Concentric rings (Low),PCA,KMeans,dbcv,TPE,9,-0.4095006765405117,-0.17031360719386543
A,Concentric rings (Low),PCA,KMeans,dbcv,TPE,10,-0.26159883903051595,-0.17031360719386543
A,Concentric rings (Low),PCA,KMeans,dbcv,TPE,11,-0.20494941872126368,-0.17031360719386543
A,Concentric rings (Low),PCA,KMeans,dbcv,TPE,12,-0.20494941872126368,-0.17031360719386543
A,Concentric rings (Low),PCA,KMeans,dbcv,TPE,13,-0.20494941872126368,-0.17031360719386543
A,Concentric rings (Low),PCA,KMeans,dbcv,TPE,14,-0.4398095030570596,-0.17031360719386543
A,Concentric rings (Low),PCA,KMeans,dbcv,TPE,15,-0.17031360719386543,-0.17031360719386543
A,Concentric rings (Low),PCA,KMeans,dbcv,TPE,16,-0.26159883903051595,-0.17031360719386543
A,Concentric rings (Low),PCA,KMeans,dbcv,TPE,17,-0.36691672097890066,-0.17031360719386543
A,Concentric rings (Low),PCA,KMeans,dbcv,TPE,18,-0.17031360719386543,-0.17031360719386543
A,Concentric rings (Low),PCA,KMeans,dbcv,TPE,19,-0.22822946557332902,-0.17031360719386543
A,Concentric rings (Low),PCA,KMeans,dbcv,TPE,20,-0.17031360719386543,-0.17031360719386543
A,Concentric rings (Low),PCA,KMeans,dbcv,TPE,21,-0.17031360719386543,-0.17031360719386543
A,Concentric rings (Low),PCA,KMeans,dbcv,TPE,22,-0.22822946557332902,-0.17031360719386543
A,Concentric rings (Low),PCA,KMeans,dbcv,TPE,23,-0.17031360719386543,-0.17031360719386543
A,Concentric rings (Low),PCA,KMeans,dbcv,TPE,24,-0.4095006765405117,-0.17031360719386543
A,Concentric rings (Low),PCA,KMeans,dbcv,TPE,25,-0.17031360719386543,-0.17031360719386543
A,Concentric rings (Low),PCA,KMeans,dbcv,TPE,26,-0.26159883903051595,-0.17031360719386543
A,Concentric rings (Low),PCA,KMeans,dbcv,TPE,27,-0.20494941872126368,-0.17031360719386543
A,Concentric rings (Low),PCA,KMeans,dbcv,TPE,28,-0.4095006765405117,-0.17031360719386543
A,Concentric rings (Low),PCA,KMeans,dbcv,TPE,29,-0.4886721050159162,-0.17031360719386543
A,Concentric rings (Low),PCA,KMeans,dbcv,TPE,30,-0.22822946557332902,-0.17031360719386543
A,Concentric rings (Low),PCA,KMeans,dbcv,TPE,31,-0.17031360719386543,-0.17031360719386543
A,Concentric rings (Low),PCA,KMeans,dbcv,TPE,32,-0.26159883903051595,-0.17031360719386543
A,Concentric rings (Low),PCA,KMeans,dbcv,TPE,33,-0.17031360719386543,-0.17031360719386543
A,Concentric rings (Low),PCA,KMeans,dbcv,TPE,34,-0.20494941872126368,-0.17031360719386543
A,Concentric rings (Low),PCA,KMeans,dbcv,TPE,35,-0.26159883903051595,-0.17031360719386543
A,Concentric rings (Low),PCA,KMeans,dbcv,TPE,36,-0.17031360719386543,-0.17031360719386543
A,Concentric rings (Low),PCA,KMeans,dbcv,TPE,37,-0.22822946557332902,-0.17031360719386543
A,Concentric rings (Low),PCA,KMeans,dbcv,TPE,38,-0.4140170956950224,-0.17031360719386543
A,Concentric rings (Low),PCA,KMeans,dbcv,TPE,39,-0.20494941872126368,-0.17031360719386543
A,Concentric rings (Low),PCA,KMeans,dbcv,TPE,40,-0.26159883903051595,-0.17031360719386543
A,Concentric rings (Low),PCA,KMeans,dbcv,TPE,41,-0.17031360719386543,-0.17031360719386543
A,Concentric rings (Low),PCA,KMeans,dbcv,TPE,42,-0.17031360719386543,-0.17031360719386543
A,Concentric rings (Low),PCA,KMeans,dbcv,TPE,43,-0.11419038175572832,-0.11419038175572832
A,Concentric rings (Low),PCA,KMeans,dbcv,TPE,44,-0.11419038175572832,-0.11419038175572832
A,Concentric rings (Low),PCA,KMeans,dbcv,TPE,45,-0.11419038175572832,-0.11419038175572832
A,Concentric rings (Low),PCA,KMeans,dbcv,TPE,46,-0.11419038175572832,-0.11419038175572832
A,Concentric rings (Low),PCA,KMeans,dbcv,TPE,47,-0.697117412089711,-0.11419038175572832
A,Concentric rings (Low),PCA,KMeans,dbcv,TPE,48,-0.11419038175572832,-0.11419038175572832
A,Concentric rings (Low),PCA,KMeans,dbcv,TPE,49,-0.11419038175572832,-0.11419038175572832
A,Concentric rings (Low),PCA,KMeans,dbcv,TPE,50,-0.11419038175572832,-0.11419038175572832
A,Concentric rings (Low),PCA,KMeans,dbcv,TPE,51,-0.11419038175572832,-0.11419038175572832
A,Concentric rings (Low),PCA,KMeans,dbcv,TPE,52,-0.15017945721243425,-0.11419038175572832
A,Concentric rings (Low),PCA,KMeans,dbcv,TPE,53,-0.7043345548382194,-0.11419038175572832
A,Concentric rings (Low),PCA,KMeans,dbcv,TPE,54,-0.11419038175572832,-0.11419038175572832
A,Concentric rings (Low),PCA,KMeans,dbcv,TPE,55,-0.15017945721243425,-0.11419038175572832
A,Concentric rings (Low),PCA,KMeans,dbcv,TPE,56,-0.7043345548382194,-0.11419038175572832
A,Concentric rings (Low),PCA,KMeans,dbcv,TPE,57,-0.15017945721243425,-0.11419038175572832
A,Concentric rings (Low),PCA,KMeans,dbcv,TPE,58,-0.697117412089711,-0.11419038175572832
A,Concentric rings (Low),PCA,KMeans,dbcv,TPE,59,-0.4886721050159162,-0.11419038175572832
A,Concentric rings (Low),PCA,KMeans,dbcv,TPE,60,-0.7043345548382194,-0.11419038175572832
A,Concentric rings (Low),PCA,KMeans,dbcv,TPE,61,-0.11419038175572832,-0.11419038175572832
A,Concentric rings (Low),PCA,KMeans,dbcv,TPE,62,-0.697117412089711,-0.11419038175572832
A,Concentric rings (Low),PCA,KMeans,dbcv,TPE,63,-0.11419038175572832,-0.11419038175572832
A,Concentric rings (Low),PCA,KMeans,dbcv,TPE,64,-0.15017945721243425,-0.11419038175572832
A,Concentric rings (Low),PCA,KMeans,dbcv,TPE,65,-0.11419038175572832,-0.11419038175572832
A,Concentric rings (Low),PCA,KMeans,dbcv,TPE,66,-0.4886721050159162,-0.11419038175572832
A,Concentric rings (Low),PCA,KMeans,dbcv,TPE,67,-0.697117412089711,-0.11419038175572832
A,Concentric rings (Low),PCA,KMeans,dbcv,TPE,68,-0.7362188641127199,-0.11419038175572832
A,Concentric rings (Low),PCA,KMeans,dbcv,TPE,69,-0.36691672097890066,-0.11419038175572832
A,Concentric rings (Low),PCA,KMeans,dbcv,TPE,70,-0.15017945721243425,-0.11419038175572832
A,Concentric rings (Low),PCA,KMeans,dbcv,TPE,71,-0.11419038175572832,-0.11419038175572832
A,Concentric rings (Low),PCA,KMeans,dbcv,TPE,72,-0.11419038175572832,-0.11419038175572832
A,Concentric rings (Low),PCA,KMeans,dbcv,TPE,73,-0.697117412089711,-0.11419038175572832
A,Concentric rings (Low),PCA,KMeans,dbcv,TPE,74,-0.11419038175572832,-0.11419038175572832
A,Concentric rings (Low),PCA,KMeans,dbcv,TPE,75,-0.15017945721243425,-0.11419038175572832
A,Concentric rings (Low),PCA,KMeans,dbcv,TPE,76,-0.697117412089711,-0.11419038175572832
A,Concentric rings (Low),PCA,KMeans,dbcv,TPE,77,-0.11419038175572832,-0.11419038175572832
A,Concentric rings (Low),PCA,KMeans,dbcv,TPE,78,-0.4886721050159162,-0.11419038175572832
A,Concentric rings (Low),PCA,KMeans,dbcv,TPE,79,-0.7043345548382194,-0.11419038175572832
A,Concentric rings (Low),PCA,KMeans,dbcv,TPE,80,-0.15017945721243425,-0.11419038175572832
A,Concentric rings (Low),PCA,KMeans,dbcv,TPE,81,-0.11419038175572832,-0.11419038175572832
A,Concentric rings (Low),PCA,KMeans,dbcv,TPE,82,-0.11419038175572832,-0.11419038175572832
A,Concentric rings (Low),PCA,KMeans,dbcv,TPE,83,-0.697117412089711,-0.11419038175572832
A,Concentric rings (Low),PCA,KMeans,dbcv,TPE,84,-0.11419038175572832,-0.11419038175572832
A,Concentric rings (Low),PCA,KMeans,dbcv,TPE,85,-0.15017945721243425,-0.11419038175572832
A,Concentric rings (Low),PCA,KMeans,dbcv,TPE,86,-0.697117412089711,-0.11419038175572832
A,Concentric rings (Low),PCA,KMeans,dbcv,TPE,87,-0.11419038175572832,-0.11419038175572832
A,Concentric rings (Low),PCA,KMeans,dbcv,TPE,88,-0.15017945721243425,-0.11419038175572832
A,Concentric rings (Low),PCA,KMeans,dbcv,TPE,89,-0.697117412089711,-0.11419038175572832
A,Concentric rings (Low),PCA,KMeans,dbcv,TPE,90,-0.7043345548382194,-0.11419038175572832
A,Concentric rings (Low),PCA,KMeans,dbcv,TPE,91,-0.11419038175572832,-0.11419038175572832
A,Concentric rings (Low),PCA,KMeans,dbcv,TPE,92,-0.11419038175572832,-0.11419038175572832
A,Concentric rings (Low),PCA,KMeans,dbcv,TPE,93,-0.15017945721243425,-0.11419038175572832
A,Concentric rings (Low),PCA,KMeans,dbcv,TPE,94,-0.11419038175572832,-0.11419038175572832
A,Concentric rings (Low),PCA,KMeans,dbcv,TPE,95,-0.697117412089711,-0.11419038175572832
A,Concentric rings (Low),PCA,KMeans,dbcv,TPE,96,-0.4886721050159162,-0.11419038175572832
A,Concentric rings (Low),PCA,KMeans,dbcv,TPE,97,-0.11419038175572832,-0.11419038175572832
A,Concentric rings (Low),PCA,KMeans,dbcv,TPE,98,-0.15017945721243425,-0.11419038175572832
A,Concentric rings (Low),PCA,KMeans,dbcv,TPE,99,-0.697117412089711,-0.11419038175572832
A,Concentric rings (Low),PCA,KMeans,dbcv,Random,0,-0.4886721050159162,-0.4886721050159162
A,Concentric rings (Low),PCA,KMeans,dbcv,Random,1,-0.26159883903051595,-0.26159883903051595
A,Concentric rings (Low),PCA,KMeans,dbcv,Random,2,-0.22822946557332902,-0.22822946557332902
A,Concentric rings (Low),PCA,KMeans,dbcv,Random,3,-0.4140170956950224,-0.22822946557332902
A,Concentric rings (Low),PCA,KMeans,dbcv,Random,4,-0.697117412089711,-0.22822946557332902
A,Concentric rings (Low),PCA,KMeans,dbcv,Random,5,-0.697117412089711,-0.22822946557332902
A,Concentric rings (Low),PCA,KMeans,dbcv,Random,6,-0.7362188641127199,-0.22822946557332902
A,Concentric rings (Low),PCA,KMeans,dbcv,Random,7,-0.17031360719386543,-0.17031360719386543
A,Concentric rings (Low),PCA,KMeans,dbcv,Random,8,-0.4140170956950224,-0.17031360719386543
A,Concentric rings (Low),PCA,KMeans,dbcv,Random,9,-0.4095006765405117,-0.17031360719386543
A,Concentric rings (Low),PCA,KMeans,dbcv,Random,10,-0.7362188641127199,-0.17031360719386543
A,Concentric rings (Low),PCA,KMeans,dbcv,Random,11,-0.26159883903051595,-0.17031360719386543
A,Concentric rings (Low),PCA,KMeans,dbcv,Random,12,-0.20494941872126368,-0.17031360719386543
A,Concentric rings (Low),PCA,KMeans,dbcv,Random,13,-0.697117412089711,-0.17031360719386543
A,Concentric rings (Low),PCA,KMeans,dbcv,Random,14,-0.697117412089711,-0.17031360719386543
A,Concentric rings (Low),PCA,KMeans,dbcv,Random,15,-0.697117412089711,-0.17031360719386543
A,Concentric rings (Low),PCA,KMeans,dbcv,Random,16,-0.15017945721243425,-0.15017945721243425
A,Concentric rings (Low),PCA,KMeans,dbcv,Random,17,-0.4398095030570596,-0.15017945721243425
A,Concentric rings (Low),PCA,KMeans,dbcv,Random,18,-0.36691672097890066,-0.15017945721243425
A,Concentric rings (Low),PCA,KMeans,dbcv,Random,19,-0.15017945721243425,-0.15017945721243425
A,Concentric rings (Low),PCA,KMeans,dbcv,Random,20,-0.4140170956950224,-0.15017945721243425
A,Concentric rings (Low),PCA,KMeans,dbcv,Random,21,-0.7043345548382194,-0.15017945721243425
A,Concentric rings (Low),PCA,KMeans,dbcv,Random,22,-0.15017945721243425,-0.15017945721243425
A,Concentric rings (Low),PCA,KMeans,dbcv,Random,23,-0.4886721050159162,-0.15017945721243425
A,Concentric rings (Low),PCA,KMeans,dbcv,Random,24,-0.36691672097890066,-0.15017945721243425
A,Concentric rings (Low),PCA,KMeans,dbcv,Random,25,-0.22822946557332902,-0.15017945721243425
A,Concentric rings (Low),PCA,KMeans,dbcv,Random,26,-0.697117412089711,-0.15017945721243425
A,Concentric rings (Low),PCA,KMeans,dbcv,Random,27,-0.4398095030570596,-0.15017945721243425
A,Concentric rings (Low),PCA,KMeans,dbcv,Random,28,-0.4140170956950224,-0.15017945721243425
A,Concentric rings (Low),PCA,KMeans,dbcv,Random,29,-0.7362188641127199,-0.15017945721243425
A,Concentric rings (Low),PCA,KMeans,dbcv,Random,30,-0.4140170956950224,-0.15017945721243425
A,Concentric rings (Low),PCA,KMeans,dbcv,Random,31,-0.697117412089711,-0.15017945721243425
A,Concentric rings (Low),PCA,KMeans,dbcv,Random,32,-0.7362188641127199,-0.15017945721243425
A,Concentric rings (Low),PCA,KMeans,dbcv,Random,33,-0.26159883903051595,-0.15017945721243425
A,Concentric rings (Low),PCA,KMeans,dbcv,Random,34,-0.26159883903051595,-0.15017945721243425
A,Concentric rings (Low),PCA,KMeans,dbcv,Random,35,-0.20494941872126368,-0.15017945721243425
A,Concentric rings (Low),PCA,KMeans,dbcv,Random,36,-0.15017945721243425,-0.15017945721243425
A,Concentric rings (Low),PCA,KMeans,dbcv,Random,37,-0.7043345548382194,-0.15017945721243425
A,Concentric rings (Low),PCA,KMeans,dbcv,Random,38,-0.4095006765405117,-0.15017945721243425
A,Concentric rings (Low),PCA,KMeans,dbcv,Random,39,-0.36691672097890066,-0.15017945721243425
A,Concentric rings (Low),PCA,KMeans,dbcv,Random,40,-0.7043345548382194,-0.15017945721243425
A,Concentric rings (Low),PCA,KMeans,dbcv,Random,41,-0.36691672097890066,-0.15017945721243425
A,Concentric rings (Low),PCA,KMeans,dbcv,Random,42,-0.7362188641127199,-0.15017945721243425
A,Concentric rings (Low),PCA,KMeans,dbcv,Random,43,-0.17031360719386543,-0.15017945721243425
A,Concentric rings (Low),PCA,KMeans,dbcv,Random,44,-0.11419038175572832,-0.11419038175572832
A,Concentric rings (Low),PCA,KMeans,dbcv,Random,45,-0.4095006765405117,-0.11419038175572832
A,Concentric rings (Low),PCA,KMeans,dbcv,Random,46,-0.15017945721243425,-0.11419038175572832
A,Concentric rings (Low),PCA,KMeans,dbcv,Random,47,-0.4398095030570596,-0.11419038175572832
A,Concentric rings (Low),PCA,KMeans,dbcv,Random,48,-0.4398095030570596,-0.11419038175572832
A,Concentric rings (Low),PCA,KMeans,dbcv,Random,49,-0.697117412089711,-0.11419038175572832
A,Concentric rings (Low),PCA,KMeans,dbcv,Random,50,-0.26159883903051595,-0.11419038175572832
A,Concentric rings (Low),PCA,KMeans,dbcv,Random,51,-0.22822946557332902,-0.11419038175572832
A,Concentric rings (Low),PCA,KMeans,dbcv,Random,52,-0.26159883903051595,-0.11419038175572832
A,Concentric rings (Low),PCA,KMeans,dbcv,Random,53,-0.17031360719386543,-0.11419038175572832
A,Concentric rings (Low),PCA,KMeans,dbcv,Random,54,-0.4140170956950224,-0.11419038175572832
A,Concentric rings (Low),PCA,KMeans,dbcv,Random,55,-0.17031360719386543,-0.11419038175572832
A,Concentric rings (Low),PCA,KMeans,dbcv,Random,56,-0.7043345548382194,-0.11419038175572832
A,Concentric rings (Low),PCA,KMeans,dbcv,Random,57,-0.697117412089711,-0.11419038175572832
A,Concentric rings (Low),PCA,KMeans,dbcv,Random,58,-0.7362188641127199,-0.11419038175572832
A,Concentric rings (Low),PCA,KMeans,dbcv,Random,59,-0.15017945721243425,-0.11419038175572832
A,Concentric rings (Low),PCA,KMeans,dbcv,Random,60,-0.4886721050159162,-0.11419038175572832
A,Concentric rings (Low),PCA,KMeans,dbcv,Random,61,-0.11419038175572832,-0.11419038175572832
A,Concentric rings (Low),PCA,KMeans,dbcv,Random,62,-0.20494941872126368,-0.11419038175572832
A,Concentric rings (Low),PCA,KMeans,dbcv,Random,63,-0.15017945721243425,-0.11419038175572832
A,Concentric rings (Low),PCA,KMeans,dbcv,Random,64,-0.11419038175572832,-0.11419038175572832
A,Concentric rings (Low),PCA,KMeans,dbcv,Random,65,-0.4398095030570596,-0.11419038175572832
A,Concentric rings (Low),PCA,KMeans,dbcv,Random,66,-0.7043345548382194,-0.11419038175572832
A,Concentric rings (Low),PCA,KMeans,dbcv,Random,67,-0.20494941872126368,-0.11419038175572832
A,Concentric rings (Low),PCA,KMeans,dbcv,Random,68,-0.7043345548382194,-0.11419038175572832
A,Concentric rings (Low),PCA,KMeans,dbcv,Random,69,-0.26159883903051595,-0.11419038175572832
A,Concentric rings (Low),PCA,KMeans,dbcv,Random,70,-0.22822946557332902,-0.11419038175572832
A,Concentric rings (Low),PCA,KMeans,dbcv,Random,71,-0.697117412089711,-0.11419038175572832
A,Concentric rings (Low),PCA,KMeans,dbcv,Random,72,-0.7362188641127199,-0.11419038175572832
A,Concentric rings (Low),PCA,KMeans,dbcv,Random,73,-0.20494941872126368,-0.11419038175572832
A,Concentric rings (Low),PCA,KMeans,dbcv,Random,74,-0.4095006765405117,-0.11419038175572832
A,Concentric rings (Low),PCA,KMeans,dbcv,Random,75,-0.22822946557332902,-0.11419038175572832
A,Concentric rings (Low),PCA,KMeans,dbcv,Random,76,-0.22822946557332902,-0.11419038175572832
A,Concentric rings (Low),PCA,KMeans,dbcv,Random,77,-0.7043345548382194,-0.11419038175572832
A,Concentric rings (Low),PCA,KMeans,dbcv,Random,78,-0.4886721050159162,-0.11419038175572832
A,Concentric rings (Low),PCA,KMeans,dbcv,Random,79,-0.7043345548382194,-0.11419038175572832
A,Concentric rings (Low),PCA,KMeans,dbcv,Random,80,-0.17031360719386543,-0.11419038175572832
A,Concentric rings (Low),PCA,KMeans,dbcv,Random,81,-0.4140170956950224,-0.11419038175572832
A,Concentric rings (Low),PCA,KMeans,dbcv,Random,82,-0.15017945721243425,-0.11419038175572832
A,Concentric rings (Low),PCA,KMeans,dbcv,Random,83,-0.7362188641127199,-0.11419038175572832
A,Concentric rings (Low),PCA,KMeans,dbcv,Random,84,-0.15017945721243425,-0.11419038175572832
A,Concentric rings (Low),PCA,KMeans,dbcv,Random,85,-0.15017945721243425,-0.11419038175572832
A,Concentric rings (Low),PCA,KMeans,dbcv,Random,86,-0.22822946557332902,-0.11419038175572832
A,Concentric rings (Low),PCA,KMeans,dbcv,Random,87,-0.4140170956950224,-0.11419038175572832
A,Concentric rings (Low),PCA,KMeans,dbcv,Random,88,-0.17031360719386543,-0.11419038175572832
A,Concentric rings (Low),PCA,KMeans,dbcv,Random,89,-0.36691672097890066,-0.11419038175572832
A,Concentric rings (Low),PCA,KMeans,dbcv,Random,90,-0.7043345548382194,-0.11419038175572832
A,Concentric rings (Low),PCA,KMeans,dbcv,Random,91,-0.4095006765405117,-0.11419038175572832
A,Concentric rings (Low),PCA,KMeans,dbcv,Random,92,-0.22822946557332902,-0.11419038175572832
A,Concentric rings (Low),PCA,KMeans,dbcv,Random,93,-0.4398095030570596,-0.11419038175572832
A,Concentric rings (Low),PCA,KMeans,dbcv,Random,94,-0.22822946557332902,-0.11419038175572832
A,Concentric rings (Low),PCA,KMeans,dbcv,Random,95,-0.36691672097890066,-0.11419038175572832
A,Concentric rings (Low),PCA,KMeans,dbcv,Random,96,-0.4398095030570596,-0.11419038175572832
A,Concentric rings (Low),PCA,KMeans,dbcv,Random,97,-0.4886721050159162,-0.11419038175572832
A,Concentric rings (Low),PCA,KMeans,dbcv,Random,98,-0.7362188641127199,-0.11419038175572832
A,Concentric rings (Low),PCA,KMeans,dbcv,Random,99,-0.7043345548382194,-0.11419038175572832
A,Concentric rings (Low),MDS,HDBSCAN,dbcv,TPE,0,-1.0,-1.0
A,Concentric rings (Low),MDS,HDBSCAN,dbcv,TPE,1,0.28270496285252145,0.28270496285252145
A,Concentric rings (Low),MDS,HDBSCAN,dbcv,TPE,2,0.3219320024342728,0.3219320024342728
A,Concentric rings (Low),MDS,HDBSCAN,dbcv,TPE,3,0.30534889786375513,0.3219320024342728
A,Concentric rings (Low),MDS,HDBSCAN,dbcv,TPE,4,0.23746722917503715,0.3219320024342728
A,Concentric rings (Low),MDS,HDBSCAN,dbcv,TPE,5,-1.0,0.3219320024342728
A,Concentric rings (Low),MDS,HDBSCAN,dbcv,TPE,6,0.1009953186299356,0.3219320024342728
A,Concentric rings (Low),MDS,HDBSCAN,dbcv,TPE,7,0.3431618735926413,0.3431618735926413
A,Concentric rings (Low),MDS,HDBSCAN,dbcv,TPE,8,0.18305739714575714,0.3431618735926413
A,Concentric rings (Low),MDS,HDBSCAN,dbcv,TPE,9,0.220954268743427,0.3431618735926413
A,Concentric rings (Low),MDS,HDBSCAN,dbcv,TPE,10,0.18779166545359766,0.3431618735926413
A,Concentric rings (Low),MDS,HDBSCAN,dbcv,TPE,11,0.35599700826070335,0.35599700826070335
A,Concentric rings (Low),MDS,HDBSCAN,dbcv,TPE,12,0.3893858072883576,0.3893858072883576
A,Concentric rings (Low),MDS,HDBSCAN,dbcv,TPE,13,0.31087354397174494,0.3893858072883576
A,Concentric rings (Low),MDS,HDBSCAN,dbcv,TPE,14,0.2852772321385893,0.3893858072883576
A,Concentric rings (Low),MDS,HDBSCAN,dbcv,TPE,15,0.29480883728298213,0.3893858072883576
A,Concentric rings (Low),MDS,HDBSCAN,dbcv,TPE,16,0.15028000719500795,0.3893858072883576
A,Concentric rings (Low),MDS,HDBSCAN,dbcv,TPE,17,0.2909016189567124,0.3893858072883576
A,Concentric rings (Low),MDS,HDBSCAN,dbcv,TPE,18,0.37834585494983497,0.3893858072883576
A,Concentric rings (Low),MDS,HDBSCAN,dbcv,TPE,19,0.3773137351223249,0.3893858072883576
A,Concentric rings (Low),MDS,HDBSCAN,dbcv,TPE,20,0.2476336236857481,0.3893858072883576
A,Concentric rings (Low),MDS,HDBSCAN,dbcv,TPE,21,0.4191312774544814,0.4191312774544814
A,Concentric rings (Low),MDS,HDBSCAN,dbcv,TPE,22,0.3537127277702337,0.4191312774544814
A,Concentric rings (Low),MDS,HDBSCAN,dbcv,TPE,23,0.31053213599907203,0.4191312774544814
A,Concentric rings (Low),MDS,HDBSCAN,dbcv,TPE,24,0.423105545545781,0.423105545545781
A,Concentric rings (Low),MDS,HDBSCAN,dbcv,TPE,25,0.3024489601410826,0.423105545545781
A,Concentric rings (Low),MDS,HDBSCAN,dbcv,TPE,26,0.2460405246836369,0.423105545545781
A,Concentric rings (Low),MDS,HDBSCAN,dbcv,TPE,27,0.34749245100149256,0.423105545545781
A,Concentric rings (Low),MDS,HDBSCAN,dbcv,TPE,28,0.41668026527746127,0.423105545545781
A,Concentric rings (Low),MDS,HDBSCAN,dbcv,TPE,29,0.301664462801628,0.423105545545781
A,Concentric rings (Low),MDS,HDBSCAN,dbcv,TPE,30,0.41553376464459935,0.423105545545781
A,Concentric rings (Low),MDS,HDBSCAN,dbcv,TPE,31,0.3862448431953812,0.423105545545781
A,Concentric rings (Low),MDS,HDBSCAN,dbcv,TPE,32,0.4248603915582624,0.4248603915582624
A,Concentric rings (Low),MDS,HDBSCAN,dbcv,TPE,33,0.4293542921537147,0.4293542921537147
A,Concentric rings (Low),MDS,HDBSCAN,dbcv,TPE,34,0.4266819420074035,0.4293542921537147
A,Concentric rings (Low),MDS,HDBSCAN,dbcv,TPE,35,0.39118047613146656,0.4293542921537147
A,Concentric rings (Low),MDS,HDBSCAN,dbcv,TPE,36,0.4042613119837794,0.4293542921537147
A,Concentric rings (Low),MDS,HDBSCAN,dbcv,TPE,37,0.23746722917503715,0.4293542921537147
A,Concentric rings (Low),MDS,HDBSCAN,dbcv,TPE,38,0.3860059319561564,0.4293542921537147
A,Concentric rings (Low),MDS,HDBSCAN,dbcv,TPE,39,0.2430895744034838,0.4293542921537147
A,Concentric rings (Low),MDS,HDBSCAN,dbcv,TPE,40,0.27957881593455614,0.4293542921537147
A,Concentric rings (Low),MDS,HDBSCAN,dbcv,TPE,41,0.41302606877559345,0.4293542921537147
A,Concentric rings (Low),MDS,HDBSCAN,dbcv,TPE,42,0.33583608742441046,0.4293542921537147
A,Concentric rings (Low),MDS,HDBSCAN,dbcv,TPE,43,0.44293344495630965,0.44293344495630965
A,Concentric rings (Low),MDS,HDBSCAN,dbcv,TPE,44,0.4296129784465465,0.44293344495630965
A,Concentric rings (Low),MDS,HDBSCAN,dbcv,TPE,45,0.5133810364235447,0.5133810364235447
A,Concentric rings (Low),MDS,HDBSCAN,dbcv,TPE,46,0.2737217245479822,0.5133810364235447
A,Concentric rings (Low),MDS,HDBSCAN,dbcv,TPE,47,0.27571808909502027,0.5133810364235447
A,Concentric rings (Low),MDS,HDBSCAN,dbcv,TPE,48,0.5375699697188583,0.5375699697188583
A,Concentric rings (Low),MDS,HDBSCAN,dbcv,TPE,49,0.4641645673777556,0.5375699697188583
A,Concentric rings (Low),MDS,HDBSCAN,dbcv,TPE,50,0.4756967192259651,0.5375699697188583
A,Concentric rings (Low),MDS,HDBSCAN,dbcv,TPE,51,0.43863272249386265,0.5375699697188583
A,Concentric rings (Low),MDS,HDBSCAN,dbcv,TPE,52,0.42263704094831195,0.5375699697188583
A,Concentric rings (Low),MDS,HDBSCAN,dbcv,TPE,53,0.3500822675234971,0.5375699697188583
A,Concentric rings (Low),MDS,HDBSCAN,dbcv,TPE,54,0.3129065776045972,0.5375699697188583
A,Concentric rings (Low),MDS,HDBSCAN,dbcv,TPE,55,0.35244498276519,0.5375699697188583
A,Concentric rings (Low),MDS,HDBSCAN,dbcv,TPE,56,0.12222094296918685,0.5375699697188583
A,Concentric rings (Low),MDS,HDBSCAN,dbcv,TPE,57,0.30626007941865374,0.5375699697188583
A,Concentric rings (Low),MDS,HDBSCAN,dbcv,TPE,58,0.3027289189444788,0.5375699697188583
A,Concentric rings (Low),MDS,HDBSCAN,dbcv,TPE,59,0.28373986365733433,0.5375699697188583
A,Concentric rings (Low),MDS,HDBSCAN,dbcv,TPE,60,0.2454394237142082,0.5375699697188583
A,Concentric rings (Low),MDS,HDBSCAN,dbcv,TPE,61,0.31853168106764057,0.5375699697188583
A,Concentric rings (Low),MDS,HDBSCAN,dbcv,TPE,62,0.45850112720384073,0.5375699697188583
A,Concentric rings (Low),MDS,HDBSCAN,dbcv,TPE,63,0.3896765143835321,0.5375699697188583
A,Concentric rings (Low),MDS,HDBSCAN,dbcv,TPE,64,0.4966656964070716,0.5375699697188583
A,Concentric rings (Low),MDS,HDBSCAN,dbcv,TPE,65,0.3677552575273383,0.5375699697188583
A,Concentric rings (Low),MDS,HDBSCAN,dbcv,TPE,66,0.3266349351109321,0.5375699697188583
A,Concentric rings (Low),MDS,HDBSCAN,dbcv,TPE,67,0.35276750241572946,0.5375699697188583
A,Concentric rings (Low),MDS,HDBSCAN,dbcv,TPE,68,0.3490919510210181,0.5375699697188583
A,Concentric rings (Low),MDS,HDBSCAN,dbcv,TPE,69,0.2896010192892546,0.5375699697188583
A,Concentric rings (Low),MDS,HDBSCAN,dbcv,TPE,70,0.33429768452259345,0.5375699697188583
A,Concentric rings (Low),MDS,HDBSCAN,dbcv,TPE,71,0.4970890861278924,0.5375699697188583
A,Concentric rings (Low),MDS,HDBSCAN,dbcv,TPE,72,0.44508186104411324,0.5375699697188583
A,Concentric rings (Low),MDS,HDBSCAN,dbcv,TPE,73,0.49184425800559844,0.5375699697188583
A,Concentric rings (Low),MDS,HDBSCAN,dbcv,TPE,74,0.2478076437658861,0.5375699697188583
A,Concentric rings (Low),MDS,HDBSCAN,dbcv,TPE,75,0.2646084354594531,0.5375699697188583
A,Concentric rings (Low),MDS,HDBSCAN,dbcv,TPE,76,0.28490740075016824,0.5375699697188583
A,Concentric rings (Low),MDS,HDBSCAN,dbcv,TPE,77,0.42999447331558815,0.5375699697188583
A,Concentric rings (Low),MDS,HDBSCAN,dbcv,TPE,78,0.1429043429584138,0.5375699697188583
A,Concentric rings (Low),MDS,HDBSCAN,dbcv,TPE,79,0.23288441035873314,0.5375699697188583
A,Concentric rings (Low),MDS,HDBSCAN,dbcv,TPE,80,0.2662721088511172,0.5375699697188583
A,Concentric rings (Low),MDS,HDBSCAN,dbcv,TPE,81,0.43772318596648596,0.5375699697188583
A,Concentric rings (Low),MDS,HDBSCAN,dbcv,TPE,82,0.4403453363850079,0.5375699697188583
A,Concentric rings (Low),MDS,HDBSCAN,dbcv,TPE,83,0.36277274748135585,0.5375699697188583
A,Concentric rings (Low),MDS,HDBSCAN,dbcv,TPE,84,0.28439101175067794,0.5375699697188583
A,Concentric rings (Low),MDS,HDBSCAN,dbcv,TPE,85,0.21210148869148662,0.5375699697188583
A,Concentric rings (Low),MDS,HDBSCAN,dbcv,TPE,86,0.32388974501510137,0.5375699697188583
A,Concentric rings (Low),MDS,HDBSCAN,dbcv,TPE,87,0.43519445443661964,0.5375699697188583
A,Concentric rings (Low),MDS,HDBSCAN,dbcv,TPE,88,0.2478076437658861,0.5375699697188583
A,Concentric rings (Low),MDS,HDBSCAN,dbcv,TPE,89,0.4081132905194696,0.5375699697188583
A,Concentric rings (Low),MDS,HDBSCAN,dbcv,TPE,90,0.4446796027538899,0.5375699697188583
A,Concentric rings (Low),MDS,HDBSCAN,dbcv,TPE,91,0.4569563158119584,0.5375699697188583
A,Concentric rings (Low),MDS,HDBSCAN,dbcv,TPE,92,0.5235628517979545,0.5375699697188583
A,Concentric rings (Low),MDS,HDBSCAN,dbcv,TPE,93,0.3480771169564122,0.5375699697188583
A,Concentric rings (Low),MDS,HDBSCAN,dbcv,TPE,94,0.36356724443990246,0.5375699697188583
A,Concentric rings (Low),MDS,HDBSCAN,dbcv,TPE,95,0.4767660092818453,0.5375699697188583
A,Concentric rings (Low),MDS,HDBSCAN,dbcv,TPE,96,0.32915469675053,0.5375699697188583
A,Concentric rings (Low),MDS,HDBSCAN,dbcv,TPE,97,0.4393628058845868,0.5375699697188583
A,Concentric rings (Low),MDS,HDBSCAN,dbcv,TPE,98,0.34096617698675635,0.5375699697188583
A,Concentric rings (Low),MDS,HDBSCAN,dbcv,TPE,99,0.46170468587968244,0.5375699697188583
A,Concentric rings (Low),MDS,HDBSCAN,dbcv,Random,0,-1.0,-1.0
A,Concentric rings (Low),MDS,HDBSCAN,dbcv,Random,1,0.28270496285252145,0.28270496285252145
A,Concentric rings (Low),MDS,HDBSCAN,dbcv,Random,2,0.2598196376586833,0.28270496285252145
A,Concentric rings (Low),MDS,HDBSCAN,dbcv,Random,3,0.30534889786375513,0.30534889786375513
A,Concentric rings (Low),MDS,HDBSCAN,dbcv,Random,4,0.23683206441772234,0.30534889786375513
A,Concentric rings (Low),MDS,HDBSCAN,dbcv,Random,5,-1.0,0.30534889786375513
A,Concentric rings (Low),MDS,HDBSCAN,dbcv,Random,6,0.13962954595907634,0.30534889786375513
A,Concentric rings (Low),MDS,HDBSCAN,dbcv,Random,7,0.29640843981639015,0.30534889786375513
A,Concentric rings (Low),MDS,HDBSCAN,dbcv,Random,8,0.22676231732026308,0.30534889786375513
A,Concentric rings (Low),MDS,HDBSCAN,dbcv,Random,9,0.15128970768738054,0.30534889786375513
A,Concentric rings (Low),MDS,HDBSCAN,dbcv,Random,10,0.15035129909117007,0.30534889786375513
A,Concentric rings (Low),MDS,HDBSCAN,dbcv,Random,11,0.3658513547340805,0.3658513547340805
A,Concentric rings (Low),MDS,HDBSCAN,dbcv,Random,12,0.21451878916595193,0.3658513547340805
A,Concentric rings (Low),MDS,HDBSCAN,dbcv,Random,13,0.4139736103491586,0.4139736103491586
A,Concentric rings (Low),MDS,HDBSCAN,dbcv,Random,14,0.16809427725058118,0.4139736103491586
A,Concentric rings (Low),MDS,HDBSCAN,dbcv,Random,15,0.1421826533609571,0.4139736103491586
A,Concentric rings (Low),MDS,HDBSCAN,dbcv,Random,16,-1.0,0.4139736103491586
A,Concentric rings (Low),MDS,HDBSCAN,dbcv,Random,17,-1.0,0.4139736103491586
A,Concentric rings (Low),MDS,HDBSCAN,dbcv,Random,18,0.2936009106061831,0.4139736103491586
A,Concentric rings (Low),MDS,HDBSCAN,dbcv,Random,19,0.2723715732738614,0.4139736103491586
A,Concentric rings (Low),MDS,HDBSCAN,dbcv,Random,20,0.3928621719216168,0.4139736103491586
A,Concentric rings (Low),MDS,HDBSCAN,dbcv,Random,21,0.27886499232015227,0.4139736103491586
A,Concentric rings (Low),MDS,HDBSCAN,dbcv,Random,22,0.27957881593455614,0.4139736103491586
A,Concentric rings (Low),MDS,HDBSCAN,dbcv,Random,23,0.18264560745961544,0.4139736103491586
A,Concentric rings (Low),MDS,HDBSCAN,dbcv,Random,24,0.15968167397227828,0.4139736103491586
A,Concentric rings (Low),MDS,HDBSCAN,dbcv,Random,25,-1.0,0.4139736103491586
A,Concentric rings (Low),MDS,HDBSCAN,dbcv,Random,26,-1.0,0.4139736103491586
A,Concentric rings (Low),MDS,HDBSCAN,dbcv,Random,27,-1.0,0.4139736103491586
A,Concentric rings (Low),MDS,HDBSCAN,dbcv,Random,28,0.30363906203437896,0.4139736103491586
A,Concentric rings (Low),MDS,HDBSCAN,dbcv,Random,29,0.4838401685682388,0.4838401685682388
A,Concentric rings (Low),MDS,HDBSCAN,dbcv,Random,30,0.14028821158844842,0.4838401685682388
A,Concentric rings (Low),MDS,HDBSCAN,dbcv,Random,31,0.21433828321870146,0.4838401685682388
A,Concentric rings (Low),MDS,HDBSCAN,dbcv,Random,32,0.24523416324953115,0.4838401685682388
A,Concentric rings (Low),MDS,HDBSCAN,dbcv,Random,33,0.28726143733256326,0.4838401685682388
A,Concentric rings (Low),MDS,HDBSCAN,dbcv,Random,34,-1.0,0.4838401685682388
A,Concentric rings (Low),MDS,HDBSCAN,dbcv,Random,35,0.18947418275496236,0.4838401685682388
A,Concentric rings (Low),MDS,HDBSCAN,dbcv,Random,36,0.3156446099735797,0.4838401685682388
A,Concentric rings (Low),MDS,HDBSCAN,dbcv,Random,37,0.27012755904243724,0.4838401685682388
A,Concentric rings (Low),MDS,HDBSCAN,dbcv,Random,38,0.2662721088511172,0.4838401685682388
A,Concentric rings (Low),MDS,HDBSCAN,dbcv,Random,39,0.20220030657399246,0.4838401685682388
A,Concentric rings (Low),MDS,HDBSCAN,dbcv,Random,40,0.28894784576796617,0.4838401685682388
A,Concentric rings (Low),MDS,HDBSCAN,dbcv,Random,41,0.2158537458308837,0.4838401685682388
A,Concentric rings (Low),MDS,HDBSCAN,dbcv,Random,42,0.2430895744034838,0.4838401685682388
A,Concentric rings (Low),MDS,HDBSCAN,dbcv,Random,43,0.28894784576796617,0.4838401685682388
A,Concentric rings (Low),MDS,HDBSCAN,dbcv,Random,44,0.22067327940386514,0.4838401685682388
A,Concentric rings (Low),MDS,HDBSCAN,dbcv,Random,45,0.24738698742744158,0.4838401685682388
A,Concentric rings (Low),MDS,HDBSCAN,dbcv,Random,46,0.28270496285252145,0.4838401685682388
A,Concentric rings (Low),MDS,HDBSCAN,dbcv,Random,47,0.15568888433247272,0.4838401685682388
A,Concentric rings (Low),MDS,HDBSCAN,dbcv,Random,48,0.1755929173480329,0.4838401685682388
A,Concentric rings (Low),MDS,HDBSCAN,dbcv,Random,49,0.5095443622308691,0.5095443622308691
A,Concentric rings (Low),MDS,HDBSCAN,dbcv,Random,50,0.381094537393101,0.5095443622308691
A,Concentric rings (Low),MDS,HDBSCAN,dbcv,Random,51,0.31610524247268074,0.5095443622308691
A,Concentric rings (Low),MDS,HDBSCAN,dbcv,Random,52,0.14028821158844842,0.5095443622308691
A,Concentric rings (Low),MDS,HDBSCAN,dbcv,Random,53,0.26680663800883114,0.5095443622308691
A,Concentric rings (Low),MDS,HDBSCAN,dbcv,Random,54,0.2065294775856381,0.5095443622308691
A,Concentric rings (Low),MDS,HDBSCAN,dbcv,Random,55,0.05828400076677551,0.5095443622308691
A,Concentric rings (Low),MDS,HDBSCAN,dbcv,Random,56,0.1845613389068085,0.5095443622308691
A,Concentric rings (Low),MDS,HDBSCAN,dbcv,Random,57,0.24191551574713394,0.5095443622308691
A,Concentric rings (Low),MDS,HDBSCAN,dbcv,Random,58,0.1421826533609571,0.5095443622308691
A,Concentric rings (Low),MDS,HDBSCAN,dbcv,Random,59,0.25404210422238255,0.5095443622308691
A,Concentric rings (Low),MDS,HDBSCAN,dbcv,Random,60,-1.0,0.5095443622308691
A,Concentric rings (Low),MDS,HDBSCAN,dbcv,Random,61,0.2454394237142082,0.5095443622308691
A,Concentric rings (Low),MDS,HDBSCAN,dbcv,Random,62,0.3024942985558708,0.5095443622308691
A,Concentric rings (Low),MDS,HDBSCAN,dbcv,Random,63,-1.0,0.5095443622308691
A,Concentric rings (Low),MDS,HDBSCAN,dbcv,Random,64,0.42393744475304873,0.5095443622308691
A,Concentric rings (Low),MDS,HDBSCAN,dbcv,Random,65,0.13962954595907634,0.5095443622308691
A,Concentric rings (Low),MDS,HDBSCAN,dbcv,Random,66,0.2536909912019582,0.5095443622308691
A,Concentric rings (Low),MDS,HDBSCAN,dbcv,Random,67,0.20471087354374942,0.5095443622308691
A,Concentric rings (Low),MDS,HDBSCAN,dbcv,Random,68,0.23683206441772234,0.5095443622308691
A,Concentric rings (Low),MDS,HDBSCAN,dbcv,Random,69,-1.0,0.5095443622308691
A,Concentric rings (Low),MDS,HDBSCAN,dbcv,Random,70,0.14028821158844842,0.5095443622308691
A,Concentric rings (Low),MDS,HDBSCAN,dbcv,Random,71,0.12552430625299155,0.5095443622308691
A,Concentric rings (Low),MDS,HDBSCAN,dbcv,Random,72,0.2166255124565254,0.5095443622308691
A,Concentric rings (Low),MDS,HDBSCAN,dbcv,Random,73,0.30561270787640743,0.5095443622308691
A,Concentric rings (Low),MDS,HDBSCAN,dbcv,Random,74,0.35893789877197185,0.5095443622308691
A,Concentric rings (Low),MDS,HDBSCAN,dbcv,Random,75,0.1421826533609571,0.5095443622308691
A,Concentric rings (Low),MDS,HDBSCAN,dbcv,Random,76,0.34790106914000146,0.5095443622308691
A,Concentric rings (Low),MDS,HDBSCAN,dbcv,Random,77,0.08403784736231074,0.5095443622308691
A,Concentric rings (Low),MDS,HDBSCAN,dbcv,Random,78,0.21451878916595193,0.5095443622308691
A,Concentric rings (Low),MDS,HDBSCAN,dbcv,Random,79,0.31072650847910044,0.5095443622308691
A,Concentric rings (Low),MDS,HDBSCAN,dbcv,Random,80,0.28894784576796617,0.5095443622308691
A,Concentric rings (Low),MDS,HDBSCAN,dbcv,Random,81,0.17618187565207497,0.5095443622308691
A,Concentric rings (Low),MDS,HDBSCAN,dbcv,Random,82,0.28406583280114484,0.5095443622308691
A,Concentric rings (Low),MDS,HDBSCAN,dbcv,Random,83,0.28303196307751843,0.5095443622308691
A,Concentric rings (Low),MDS,HDBSCAN,dbcv,Random,84,0.41992490382402237,0.5095443622308691
A,Concentric rings (Low),MDS,HDBSCAN,dbcv,Random,85,0.1535813155809868,0.5095443622308691
A,Concentric rings (Low),MDS,HDBSCAN,dbcv,Random,86,0.1920897076373146,0.5095443622308691
A,Concentric rings (Low),MDS,HDBSCAN,dbcv,Random,87,0.18947418275496236,0.5095443622308691
A,Concentric rings (Low),MDS,HDBSCAN,dbcv,Random,88,0.28566347931522906,0.5095443622308691
A,Concentric rings (Low),MDS,HDBSCAN,dbcv,Random,89,0.1906312121622259,0.5095443622308691
A,Concentric rings (Low),MDS,HDBSCAN,dbcv,Random,90,0.2936009106061831,0.5095443622308691
A,Concentric rings (Low),MDS,HDBSCAN,dbcv,Random,91,-1.0,0.5095443622308691
A,Concentric rings (Low),MDS,HDBSCAN,dbcv,Random,92,0.28019030276122814,0.5095443622308691
A,Concentric rings (Low),MDS,HDBSCAN,dbcv,Random,93,0.25404210422238255,0.5095443622308691
A,Concentric rings (Low),MDS,HDBSCAN,dbcv,Random,94,0.15389581755496398,0.5095443622308691
A,Concentric rings (Low),MDS,HDBSCAN,dbcv,Random,95,0.291659671103753,0.5095443622308691
A,Concentric rings (Low),MDS,HDBSCAN,dbcv,Random,96,0.28894784576796617,0.5095443622308691
A,Concentric rings (Low),MDS,HDBSCAN,dbcv,Random,97,0.22633291360807772,0.5095443622308691
A,Concentric rings (Low),MDS,HDBSCAN,dbcv,Random,98,-1.0,0.5095443622308691
A,Concentric rings (Low),MDS,HDBSCAN,dbcv,Random,99,0.21451878916595193,0.5095443622308691
A,Concentric rings (Low),MDS,DBSCAN,dbcv,TPE,0,-1.0,-1.0
A,Concentric rings (Low),MDS,DBSCAN,dbcv,TPE,1,-1.0,-1.0
A,Concentric rings (Low),MDS,DBSCAN,dbcv,TPE,2,-1.0,-1.0
A,Concentric rings (Low),MDS,DBSCAN,dbcv,TPE,3,-1.0,-1.0
A,Concentric rings (Low),MDS,DBSCAN,dbcv,TPE,4,-1.0,-1.0
A,Concentric rings (Low),MDS,DBSCAN,dbcv,TPE,5,-1.0,-1.0
A,Concentric rings (Low),MDS,DBSCAN,dbcv,TPE,6,-1.0,-1.0
A,Concentric rings (Low),MDS,DBSCAN,dbcv,TPE,7,-1.0,-1.0
A,Concentric rings (Low),MDS,DBSCAN,dbcv,TPE,8,-1.0,-1.0
A,Concentric rings (Low),MDS,DBSCAN,dbcv,TPE,9,-1.0,-1.0
A,Concentric rings (Low),MDS,DBSCAN,dbcv,TPE,10,-1.0,-1.0
A,Concentric rings (Low),MDS,DBSCAN,dbcv,TPE,11,-1.0,-1.0
A,Concentric rings (Low),MDS,DBSCAN,dbcv,TPE,12,-1.0,-1.0
A,Concentric rings (Low),MDS,DBSCAN,dbcv,TPE,13,-1.0,-1.0
A,Concentric rings (Low),MDS,DBSCAN,dbcv,TPE,14,-1.0,-1.0
A,Concentric rings (Low),MDS,DBSCAN,dbcv,TPE,15,-1.0,-1.0
A,Concentric rings (Low),MDS,DBSCAN,dbcv,TPE,16,-1.0,-1.0
A,Concentric rings (Low),MDS,DBSCAN,dbcv,TPE,17,-1.0,-1.0
A,Concentric rings (Low),MDS,DBSCAN,dbcv,TPE,18,-1.0,-1.0
A,Concentric rings (Low),MDS,DBSCAN,dbcv,TPE,19,-1.0,-1.0
A,Concentric rings (Low),MDS,DBSCAN,dbcv,TPE,20,-1.0,-1.0
A,Concentric rings (Low),MDS,DBSCAN,dbcv,TPE,21,-1.0,-1.0
A,Concentric rings (Low),MDS,DBSCAN,dbcv,TPE,22,-1.0,-1.0
A,Concentric rings (Low),MDS,DBSCAN,dbcv,TPE,23,-1.0,-1.0
A,Concentric rings (Low),MDS,DBSCAN,dbcv,TPE,24,-1.0,-1.0
A,Concentric rings (Low),MDS,DBSCAN,dbcv,TPE,25,-1.0,-1.0
A,Concentric rings (Low),MDS,DBSCAN,dbcv,TPE,26,-1.0,-1.0
A,Concentric rings (Low),MDS,DBSCAN,dbcv,TPE,27,-1.0,-1.0
A,Concentric rings (Low),MDS,DBSCAN,dbcv,TPE,28,-1.0,-1.0
A,Concentric rings (Low),MDS,DBSCAN,dbcv,TPE,29,-0.11924706130580051,-0.11924706130580051
A,Concentric rings (Low),MDS,DBSCAN,dbcv,TPE,30,-1.0,-0.11924706130580051
A,Concentric rings (Low),MDS,DBSCAN,dbcv,TPE,31,-1.0,-0.11924706130580051
A,Concentric rings (Low),MDS,DBSCAN,dbcv,TPE,32,-1.0,-0.11924706130580051
A,Concentric rings (Low),MDS,DBSCAN,dbcv,TPE,33,-1.0,-0.11924706130580051
A,Concentric rings (Low),MDS,DBSCAN,dbcv,TPE,34,-1.0,-0.11924706130580051
A,Concentric rings (Low),MDS,DBSCAN,dbcv,TPE,35,-0.28993046270068373,-0.11924706130580051
A,Concentric rings (Low),MDS,DBSCAN,dbcv,TPE,36,-0.09602564785936907,-0.09602564785936907
A,Concentric rings (Low),MDS,DBSCAN,dbcv,TPE,37,-0.11924706130580051,-0.09602564785936907
A,Concentric rings (Low),MDS,DBSCAN,dbcv,TPE,38,-0.06906848946518913,-0.06906848946518913
A,Concentric rings (Low),MDS,DBSCAN,dbcv,TPE,39,-1.0,-0.06906848946518913
A,Concentric rings (Low),MDS,DBSCAN,dbcv,TPE,40,-1.0,-0.06906848946518913
A,Concentric rings (Low),MDS,DBSCAN,dbcv,TPE,41,-1.0,-0.06906848946518913
A,Concentric rings (Low),MDS,DBSCAN,dbcv,TPE,42,0.2594073212804686,0.2594073212804686
A,Concentric rings (Low),MDS,DBSCAN,dbcv,TPE,43,-1.0,0.2594073212804686
A,Concentric rings (Low),MDS,DBSCAN,dbcv,TPE,44,-1.0,0.2594073212804686
A,Concentric rings (Low),MDS,DBSCAN,dbcv,TPE,45,-1.0,0.2594073212804686
A,Concentric rings (Low),MDS,DBSCAN,dbcv,TPE,46,-0.03760100761098015,0.2594073212804686
A,Concentric rings (Low),MDS,DBSCAN,dbcv,TPE,47,-1.0,0.2594073212804686
A,Concentric rings (Low),MDS,DBSCAN,dbcv,TPE,48,-1.0,0.2594073212804686
A,Concentric rings (Low),MDS,DBSCAN,dbcv,TPE,49,-0.1909558329843015,0.2594073212804686
A,Concentric rings (Low),MDS,DBSCAN,dbcv,TPE,50,-1.0,0.2594073212804686
A,Concentric rings (Low),MDS,DBSCAN,dbcv,TPE,51,-1.0,0.2594073212804686
A,Concentric rings (Low),MDS,DBSCAN,dbcv,TPE,52,-1.0,0.2594073212804686
A,Concentric rings (Low),MDS,DBSCAN,dbcv,TPE,53,0.06020201776003846,0.2594073212804686
A,Concentric rings (Low),MDS,DBSCAN,dbcv,TPE,54,0.19589432412017554,0.2594073212804686
A,Concentric rings (Low),MDS,DBSCAN,dbcv,TPE,55,-1.0,0.2594073212804686
A,Concentric rings (Low),MDS,DBSCAN,dbcv,TPE,56,-1.0,0.2594073212804686
A,Concentric rings (Low),MDS,DBSCAN,dbcv,TPE,57,-1.0,0.2594073212804686
A,Concentric rings (Low),MDS,DBSCAN,dbcv,TPE,58,-1.0,0.2594073212804686
A,Concentric rings (Low),MDS,DBSCAN,dbcv,TPE,59,-0.28399833670582186,0.2594073212804686
A,Concentric rings (Low),MDS,DBSCAN,dbcv,TPE,60,-1.0,0.2594073212804686
A,Concentric rings (Low),MDS,DBSCAN,dbcv,TPE,61,-1.0,0.2594073212804686
A,Concentric rings (Low),MDS,DBSCAN,dbcv,TPE,62,0.01558414123768296,0.2594073212804686
A,Concentric rings (Low),MDS,DBSCAN,dbcv,TPE,63,-1.0,0.2594073212804686
A,Concentric rings (Low),MDS,DBSCAN,dbcv,TPE,64,-1.0,0.2594073212804686
A,Concentric rings (Low),MDS,DBSCAN,dbcv,TPE,65,-0.05026051280038358,0.2594073212804686
A,Concentric rings (Low),MDS,DBSCAN,dbcv,TPE,66,-1.0,0.2594073212804686
A,Concentric rings (Low),MDS,DBSCAN,dbcv,TPE,67,-1.0,0.2594073212804686
A,Concentric rings (Low),MDS,DBSCAN,dbcv,TPE,68,-1.0,0.2594073212804686
A,Concentric rings (Low),MDS,DBSCAN,dbcv,TPE,69,-1.0,0.2594073212804686
A,Concentric rings (Low),MDS,DBSCAN,dbcv,TPE,70,-1.0,0.2594073212804686
A,Concentric rings (Low),MDS,DBSCAN,dbcv,TPE,71,-0.06838089895339158,0.2594073212804686
A,Concentric rings (Low),MDS,DBSCAN,dbcv,TPE,72,-1.0,0.2594073212804686
A,Concentric rings (Low),MDS,DBSCAN,dbcv,TPE,73,0.003931430613604847,0.2594073212804686
A,Concentric rings (Low),MDS,DBSCAN,dbcv,TPE,74,-1.0,0.2594073212804686
A,Concentric rings (Low),MDS,DBSCAN,dbcv,TPE,75,-1.0,0.2594073212804686
A,Concentric rings (Low),MDS,DBSCAN,dbcv,TPE,76,0.25125725808188215,0.2594073212804686
A,Concentric rings (Low),MDS,DBSCAN,dbcv,TPE,77,0.3561137164765839,0.3561137164765839
A,Concentric rings (Low),MDS,DBSCAN,dbcv,TPE,78,-1.0,0.3561137164765839
A,Concentric rings (Low),MDS,DBSCAN,dbcv,TPE,79,0.25125725808188215,0.3561137164765839
A,Concentric rings (Low),MDS,DBSCAN,dbcv,TPE,80,0.333166504685791,0.3561137164765839
A,Concentric rings (Low),MDS,DBSCAN,dbcv,TPE,81,0.25904453709210523,0.3561137164765839
A,Concentric rings (Low),MDS,DBSCAN,dbcv,TPE,82,0.3647114714637893,0.3647114714637893
A,Concentric rings (Low),MDS,DBSCAN,dbcv,TPE,83,-1.0,0.3647114714637893
A,Concentric rings (Low),MDS,DBSCAN,dbcv,TPE,84,0.25969649737564604,0.3647114714637893
A,Concentric rings (Low),MDS,DBSCAN,dbcv,TPE,85,0.26447582744666226,0.3647114714637893
A,Concentric rings (Low),MDS,DBSCAN,dbcv,TPE,86,0.3494909099643071,0.3647114714637893
A,Concentric rings (Low),MDS,DBSCAN,dbcv,TPE,87,-1.0,0.3647114714637893
A,Concentric rings (Low),MDS,DBSCAN,dbcv,TPE,88,0.25125725808188215,0.3647114714637893
A,Concentric rings (Low),MDS,DBSCAN,dbcv,TPE,89,-1.0,0.3647114714637893
A,Concentric rings (Low),MDS,DBSCAN,dbcv,TPE,90,-1.0,0.3647114714637893
A,Concentric rings (Low),MDS,DBSCAN,dbcv,TPE,91,0.3523419985294386,0.3647114714637893
A,Concentric rings (Low),MDS,DBSCAN,dbcv,TPE,92,0.26075395044500643,0.3647114714637893
A,Concentric rings (Low),MDS,DBSCAN,dbcv,TPE,93,-1.0,0.3647114714637893
A,Concentric rings (Low),MDS,DBSCAN,dbcv,TPE,94,-1.0,0.3647114714637893
A,Concentric rings (Low),MDS,DBSCAN,dbcv,TPE,95,0.3052759472553609,0.3647114714637893
A,Concentric rings (Low),MDS,DBSCAN,dbcv,TPE,96,-1.0,0.3647114714637893
A,Concentric rings (Low),MDS,DBSCAN,dbcv,TPE,97,0.27324415022182186,0.3647114714637893
A,Concentric rings (Low),MDS,DBSCAN,dbcv,TPE,98,0.31105739917748865,0.3647114714637893
A,Concentric rings (Low),MDS,DBSCAN,dbcv,TPE,99,0.2537093993346207,0.3647114714637893
A,Concentric rings (Low),MDS,DBSCAN,dbcv,Random,0,-1.0,-1.0
A,Concentric rings (Low),MDS,DBSCAN,dbcv,Random,1,-1.0,-1.0
A,Concentric rings (Low),MDS,DBSCAN,dbcv,Random,2,-1.0,-1.0
A,Concentric rings (Low),MDS,DBSCAN,dbcv,Random,3,-1.0,-1.0
A,Concentric rings (Low),MDS,DBSCAN,dbcv,Random,4,-1.0,-1.0
A,Concentric rings (Low),MDS,DBSCAN,dbcv,Random,5,-1.0,-1.0
A,Concentric rings (Low),MDS,DBSCAN,dbcv,Random,6,-1.0,-1.0
A,Concentric rings (Low),MDS,DBSCAN,dbcv,Random,7,-1.0,-1.0
A,Concentric rings (Low),MDS,DBSCAN,dbcv,Random,8,-1.0,-1.0
A,Concentric rings (Low),MDS,DBSCAN,dbcv,Random,9,-1.0,-1.0
A,Concentric rings (Low),MDS,DBSCAN,dbcv,Random,10,-1.0,-1.0
A,Concentric rings (Low),MDS,DBSCAN,dbcv,Random,11,-1.0,-1.0
A,Concentric rings (Low),MDS,DBSCAN,dbcv,Random,12,-1.0,-1.0
A,Concentric rings (Low),MDS,DBSCAN,dbcv,Random,13,-1.0,-1.0
A,Concentric rings (Low),MDS,DBSCAN,dbcv,Random,14,-1.0,-1.0
A,Concentric rings (Low),MDS,DBSCAN,dbcv,Random,15,-1.0,-1.0
A,Concentric rings (Low),MDS,DBSCAN,dbcv,Random,16,-1.0,-1.0
A,Concentric rings (Low),MDS,DBSCAN,dbcv,Random,17,-1.0,-1.0
A,Concentric rings (Low),MDS,DBSCAN,dbcv,Random,18,-1.0,-1.0
A,Concentric rings (Low),MDS,DBSCAN,dbcv,Random,19,-1.0,-1.0
A,Concentric rings (Low),MDS,DBSCAN,dbcv,Random,20,-1.0,-1.0
A,Concentric rings (Low),MDS,DBSCAN,dbcv,Random,21,-1.0,-1.0
A,Concentric rings (Low),MDS,DBSCAN,dbcv,Random,22,-1.0,-1.0
A,Concentric rings (Low),MDS,DBSCAN,dbcv,Random,23,-1.0,-1.0
A,Concentric rings (Low),MDS,DBSCAN,dbcv,Random,24,-1.0,-1.0
A,Concentric rings (Low),MDS,DBSCAN,dbcv,Random,25,-1.0,-1.0
A,Concentric rings (Low),MDS,DBSCAN,dbcv,Random,26,-1.0,-1.0
A,Concentric rings (Low),MDS,DBSCAN,dbcv,Random,27,-1.0,-1.0
A,Concentric rings (Low),MDS,DBSCAN,dbcv,Random,28,-1.0,-1.0
A,Concentric rings (Low),MDS,DBSCAN,dbcv,Random,29,0.27586432667828886,0.27586432667828886
A,Concentric rings (Low),MDS,DBSCAN,dbcv,Random,30,-1.0,0.27586432667828886
A,Concentric rings (Low),MDS,DBSCAN,dbcv,Random,31,-1.0,0.27586432667828886
A,Concentric rings (Low),MDS,DBSCAN,dbcv,Random,32,-1.0,0.27586432667828886
A,Concentric rings (Low),MDS,DBSCAN,dbcv,Random,33,-1.0,0.27586432667828886
A,Concentric rings (Low),MDS,DBSCAN,dbcv,Random,34,0.22631684844842942,0.27586432667828886
A,Concentric rings (Low),MDS,DBSCAN,dbcv,Random,35,-1.0,0.27586432667828886
A,Concentric rings (Low),MDS,DBSCAN,dbcv,Random,36,-1.0,0.27586432667828886
A,Concentric rings (Low),MDS,DBSCAN,dbcv,Random,37,-1.0,0.27586432667828886
A,Concentric rings (Low),MDS,DBSCAN,dbcv,Random,38,-1.0,0.27586432667828886
A,Concentric rings (Low),MDS,DBSCAN,dbcv,Random,39,-1.0,0.27586432667828886
A,Concentric rings (Low),MDS,DBSCAN,dbcv,Random,40,-1.0,0.27586432667828886
A,Concentric rings (Low),MDS,DBSCAN,dbcv,Random,41,-1.0,0.27586432667828886
A,Concentric rings (Low),MDS,DBSCAN,dbcv,Random,42,-1.0,0.27586432667828886
A,Concentric rings (Low),MDS,DBSCAN,dbcv,Random,43,-1.0,0.27586432667828886
A,Concentric rings (Low),MDS,DBSCAN,dbcv,Random,44,-1.0,0.27586432667828886
A,Concentric rings (Low),MDS,DBSCAN,dbcv,Random,45,-1.0,0.27586432667828886
A,Concentric rings (Low),MDS,DBSCAN,dbcv,Random,46,-1.0,0.27586432667828886
A,Concentric rings (Low),MDS,DBSCAN,dbcv,Random,47,-1.0,0.27586432667828886
A,Concentric rings (Low),MDS,DBSCAN,dbcv,Random,48,-1.0,0.27586432667828886
A,Concentric rings (Low),MDS,DBSCAN,dbcv,Random,49,0.2196544251526881,0.27586432667828886
A,Concentric rings (Low),MDS,DBSCAN,dbcv,Random,50,-1.0,0.27586432667828886
A,Concentric rings (Low),MDS,DBSCAN,dbcv,Random,51,-1.0,0.27586432667828886
A,Concentric rings (Low),MDS,DBSCAN,dbcv,Random,52,-1.0,0.27586432667828886
A,Concentric rings (Low),MDS,DBSCAN,dbcv,Random,53,-1.0,0.27586432667828886
A,Concentric rings (Low),MDS,DBSCAN,dbcv,Random,54,-1.0,0.27586432667828886
A,Concentric rings (Low),MDS,DBSCAN,dbcv,Random,55,-1.0,0.27586432667828886
A,Concentric rings (Low),MDS,DBSCAN,dbcv,Random,56,-1.0,0.27586432667828886
A,Concentric rings (Low),MDS,DBSCAN,dbcv,Random,57,-1.0,0.27586432667828886
A,Concentric rings (Low),MDS,DBSCAN,dbcv,Random,58,-1.0,0.27586432667828886
A,Concentric rings (Low),MDS,DBSCAN,dbcv,Random,59,-1.0,0.27586432667828886
A,Concentric rings (Low),MDS,DBSCAN,dbcv,Random,60,-1.0,0.27586432667828886
A,Concentric rings (Low),MDS,DBSCAN,dbcv,Random,61,-1.0,0.27586432667828886
A,Concentric rings (Low),MDS,DBSCAN,dbcv,Random,62,-1.0,0.27586432667828886
A,Concentric rings (Low),MDS,DBSCAN,dbcv,Random,63,-1.0,0.27586432667828886
A,Concentric rings (Low),MDS,DBSCAN,dbcv,Random,64,-1.0,0.27586432667828886
A,Concentric rings (Low),MDS,DBSCAN,dbcv,Random,65,-1.0,0.27586432667828886
A,Concentric rings (Low),MDS,DBSCAN,dbcv,Random,66,-1.0,0.27586432667828886
A,Concentric rings (Low),MDS,DBSCAN,dbcv,Random,67,-1.0,0.27586432667828886
A,Concentric rings (Low),MDS,DBSCAN,dbcv,Random,68,-1.0,0.27586432667828886
A,Concentric rings (Low),MDS,DBSCAN,dbcv,Random,69,-1.0,0.27586432667828886
A,Concentric rings (Low),MDS,DBSCAN,dbcv,Random,70,-1.0,0.27586432667828886
A,Concentric rings (Low),MDS,DBSCAN,dbcv,Random,71,-1.0,0.27586432667828886
A,Concentric rings (Low),MDS,DBSCAN,dbcv,Random,72,-1.0,0.27586432667828886
A,Concentric rings (Low),MDS,DBSCAN,dbcv,Random,73,-1.0,0.27586432667828886
A,Concentric rings (Low),MDS,DBSCAN,dbcv,Random,74,0.3074047088892831,0.3074047088892831
A,Concentric rings (Low),MDS,DBSCAN,dbcv,Random,75,-1.0,0.3074047088892831
A,Concentric rings (Low),MDS,DBSCAN,dbcv,Random,76,-1.0,0.3074047088892831
A,Concentric rings (Low),MDS,DBSCAN,dbcv,Random,77,-1.0,0.3074047088892831
A,Concentric rings (Low),MDS,DBSCAN,dbcv,Random,78,-1.0,0.3074047088892831
A,Concentric rings (Low),MDS,DBSCAN,dbcv,Random,79,-1.0,0.3074047088892831
A,Concentric rings (Low),MDS,DBSCAN,dbcv,Random,80,-1.0,0.3074047088892831
A,Concentric rings (Low),MDS,DBSCAN,dbcv,Random,81,-1.0,0.3074047088892831
A,Concentric rings (Low),MDS,DBSCAN,dbcv,Random,82,-0.06838089895339158,0.3074047088892831
A,Concentric rings (Low),MDS,DBSCAN,dbcv,Random,83,-1.0,0.3074047088892831
A,Concentric rings (Low),MDS,DBSCAN,dbcv,Random,84,0.3015773930642859,0.3074047088892831
A,Concentric rings (Low),MDS,DBSCAN,dbcv,Random,85,-1.0,0.3074047088892831
A,Concentric rings (Low),MDS,DBSCAN,dbcv,Random,86,-1.0,0.3074047088892831
A,Concentric rings (Low),MDS,DBSCAN,dbcv,Random,87,-1.0,0.3074047088892831
A,Concentric rings (Low),MDS,DBSCAN,dbcv,Random,88,-1.0,0.3074047088892831
A,Concentric rings (Low),MDS,DBSCAN,dbcv,Random,89,-1.0,0.3074047088892831
A,Concentric rings (Low),MDS,DBSCAN,dbcv,Random,90,-1.0,0.3074047088892831
A,Concentric rings (Low),MDS,DBSCAN,dbcv,Random,91,-1.0,0.3074047088892831
A,Concentric rings (Low),MDS,DBSCAN,dbcv,Random,92,-1.0,0.3074047088892831
A,Concentric rings (Low),MDS,DBSCAN,dbcv,Random,93,-1.0,0.3074047088892831
A,Concentric rings (Low),MDS,DBSCAN,dbcv,Random,94,-1.0,0.3074047088892831
A,Concentric rings (Low),MDS,DBSCAN,dbcv,Random,95,0.0670765373671745,0.3074047088892831
A,Concentric rings (Low),MDS,DBSCAN,dbcv,Random,96,-1.0,0.3074047088892831
A,Concentric rings (Low),MDS,DBSCAN,dbcv,Random,97,-1.0,0.3074047088892831
A,Concentric rings (Low),MDS,DBSCAN,dbcv,Random,98,-1.0,0.3074047088892831
A,Concentric rings (Low),MDS,DBSCAN,dbcv,Random,99,-1.0,0.3074047088892831
A,Concentric rings (Low),MDS,KMeans,dbcv,TPE,0,-0.4886721050159162,-0.4886721050159162
A,Concentric rings (Low),MDS,KMeans,dbcv,TPE,1,-0.19663328711481404,-0.19663328711481404
A,Concentric rings (Low),MDS,KMeans,dbcv,TPE,2,-0.42440967869713997,-0.19663328711481404
A,Concentric rings (Low),MDS,KMeans,dbcv,TPE,3,-0.4140170956950224,-0.19663328711481404
A,Concentric rings (Low),MDS,KMeans,dbcv,TPE,4,-0.697117412089711,-0.19663328711481404
A,Concentric rings (Low),MDS,KMeans,dbcv,TPE,5,-0.697117412089711,-0.19663328711481404
A,Concentric rings (Low),MDS,KMeans,dbcv,TPE,6,-0.7362188641127199,-0.19663328711481404
A,Concentric rings (Low),MDS,KMeans,dbcv,TPE,7,-0.17031360719386543,-0.17031360719386543
A,Concentric rings (Low),MDS,KMeans,dbcv,TPE,8,-0.39831204425534394,-0.17031360719386543
A,Concentric rings (Low),MDS,KMeans,dbcv,TPE,9,-0.38496219477784166,-0.17031360719386543
A,Concentric rings (Low),MDS,KMeans,dbcv,TPE,10,-0.302920745618181,-0.17031360719386543
A,Concentric rings (Low),MDS,KMeans,dbcv,TPE,11,-0.26159883903051595,-0.17031360719386543
A,Concentric rings (Low),MDS,KMeans,dbcv,TPE,12,-0.22789409053899562,-0.17031360719386543
A,Concentric rings (Low),MDS,KMeans,dbcv,TPE,13,-0.17031360719386543,-0.17031360719386543
A,Concentric rings (Low),MDS,KMeans,dbcv,TPE,14,-0.20494941872126368,-0.17031360719386543
A,Concentric rings (Low),MDS,KMeans,dbcv,TPE,15,-0.4398095030570596,-0.17031360719386543
A,Concentric rings (Low),MDS,KMeans,dbcv,TPE,16,-0.20494941872126368,-0.17031360719386543
A,Concentric rings (Low),MDS,KMeans,dbcv,TPE,17,-0.36691672097890066,-0.17031360719386543
A,Concentric rings (Low),MDS,KMeans,dbcv,TPE,18,-0.3764414517696489,-0.17031360719386543
A,Concentric rings (Low),MDS,KMeans,dbcv,TPE,19,-0.42440967869713997,-0.17031360719386543
A,Concentric rings (Low),MDS,KMeans,dbcv,TPE,20,-0.3021782493350786,-0.17031360719386543
A,Concentric rings (Low),MDS,KMeans,dbcv,TPE,21,-0.19663328711481404,-0.17031360719386543
A,Concentric rings (Low),MDS,KMeans,dbcv,TPE,22,-0.27218370727087665,-0.17031360719386543
A,Concentric rings (Low),MDS,KMeans,dbcv,TPE,23,-0.22822946557332902,-0.17031360719386543
A,Concentric rings (Low),MDS,KMeans,dbcv,TPE,24,-0.2858675578596287,-0.17031360719386543
A,Concentric rings (Low),MDS,KMeans,dbcv,TPE,25,-0.36992624277134956,-0.17031360719386543
A,Concentric rings (Low),MDS,KMeans,dbcv,TPE,26,-0.46013350403456726,-0.17031360719386543
A,Concentric rings (Low),MDS,KMeans,dbcv,TPE,27,-0.3021782493350786,-0.17031360719386543
A,Concentric rings (Low),MDS,KMeans,dbcv,TPE,28,-0.46013350403456726,-0.17031360719386543
A,Concentric rings (Low),MDS,KMeans,dbcv,TPE,29,-0.15534895599082654,-0.15534895599082654
A,Concentric rings (Low),MDS,KMeans,dbcv,TPE,30,-0.27524251889786727,-0.15534895599082654
A,Concentric rings (Low),MDS,KMeans,dbcv,TPE,31,-0.26159883903051595,-0.15534895599082654
A,Concentric rings (Low),MDS,KMeans,dbcv,TPE,32,-0.20494941872126368,-0.15534895599082654
A,Concentric rings (Low),MDS,KMeans,dbcv,TPE,33,-0.22201935401339018,-0.15534895599082654
A,Concentric rings (Low),MDS,KMeans,dbcv,TPE,34,-0.3764414517696489,-0.15534895599082654
A,Concentric rings (Low),MDS,KMeans,dbcv,TPE,35,-0.22822946557332902,-0.15534895599082654
A,Concentric rings (Low),MDS,KMeans,dbcv,TPE,36,-0.40619152170368733,-0.15534895599082654
A,Concentric rings (Low),MDS,KMeans,dbcv,TPE,37,-0.189210314823916,-0.15534895599082654
A,Concentric rings (Low),MDS,KMeans,dbcv,TPE,38,-0.11419038175572832,-0.11419038175572832
A,Concentric rings (Low),MDS,KMeans,dbcv,TPE,39,-0.7362188641127199,-0.11419038175572832
A,Concentric rings (Low),MDS,KMeans,dbcv,TPE,40,-0.189210314823916,-0.11419038175572832
A,Concentric rings (Low),MDS,KMeans,dbcv,TPE,41,-0.5817250970194309,-0.11419038175572832
A,Concentric rings (Low),MDS,KMeans,dbcv,TPE,42,-0.7043345548382194,-0.11419038175572832
A,Concentric rings (Low),MDS,KMeans,dbcv,TPE,43,-0.455305623648253,-0.11419038175572832
A,Concentric rings (Low),MDS,KMeans,dbcv,TPE,44,-0.11419038175572832,-0.11419038175572832
A,Concentric rings (Low),MDS,KMeans,dbcv,TPE,45,-0.697117412089711,-0.11419038175572832
A,Concentric rings (Low),MDS,KMeans,dbcv,TPE,46,-0.11419038175572832,-0.11419038175572832
A,Concentric rings (Low),MDS,KMeans,dbcv,TPE,47,-0.15017945721243425,-0.11419038175572832
A,Concentric rings (Low),MDS,KMeans,dbcv,TPE,48,-0.11419038175572832,-0.11419038175572832
A,Concentric rings (Low),MDS,KMeans,dbcv,TPE,49,-0.11419038175572832,-0.11419038175572832
A,Concentric rings (Low),MDS,KMeans,dbcv,TPE,50,-0.11419038175572832,-0.11419038175572832
A,Concentric rings (Low),MDS,KMeans,dbcv,TPE,51,-0.11419038175572832,-0.11419038175572832
A,Concentric rings (Low),MDS,KMeans,dbcv,TPE,52,-0.11419038175572832,-0.11419038175572832
A,Concentric rings (Low),MDS,KMeans,dbcv,TPE,53,-0.697117412089711,-0.11419038175572832
A,Concentric rings (Low),MDS,KMeans,dbcv,TPE,54,-0.7043345548382194,-0.11419038175572832
A,Concentric rings (Low),MDS,KMeans,dbcv,TPE,55,-0.3350537213843211,-0.11419038175572832
A,Concentric rings (Low),MDS,KMeans,dbcv,TPE,56,-0.697117412089711,-0.11419038175572832
A,Concentric rings (Low),MDS,KMeans,dbcv,TPE,57,-0.11419038175572832,-0.11419038175572832
A,Concentric rings (Low),MDS,KMeans,dbcv,TPE,58,-0.7043345548382194,-0.11419038175572832
A,Concentric rings (Low),MDS,KMeans,dbcv,TPE,59,-0.189210314823916,-0.11419038175572832
A,Concentric rings (Low),MDS,KMeans,dbcv,TPE,60,-0.36691672097890066,-0.11419038175572832
A,Concentric rings (Low),MDS,KMeans,dbcv,TPE,61,-0.11419038175572832,-0.11419038175572832
A,Concentric rings (Low),MDS,KMeans,dbcv,TPE,62,-0.11419038175572832,-0.11419038175572832
A,Concentric rings (Low),MDS,KMeans,dbcv,TPE,63,-0.697117412089711,-0.11419038175572832
A,Concentric rings (Low),MDS,KMeans,dbcv,TPE,64,-0.189210314823916,-0.11419038175572832
A,Concentric rings (Low),MDS,KMeans,dbcv,TPE,65,-0.11419038175572832,-0.11419038175572832
A,Concentric rings (Low),MDS,KMeans,dbcv,TPE,66,-0.7043345548382194,-0.11419038175572832
A,Concentric rings (Low),MDS,KMeans,dbcv,TPE,67,-0.697117412089711,-0.11419038175572832
A,Concentric rings (Low),MDS,KMeans,dbcv,TPE,68,-0.4886721050159162,-0.11419038175572832
A,Concentric rings (Low),MDS,KMeans,dbcv,TPE,69,-0.11419038175572832,-0.11419038175572832
A,Concentric rings (Low),MDS,KMeans,dbcv,TPE,70,-0.15017945721243425,-0.11419038175572832
A,Concentric rings (Low),MDS,KMeans,dbcv,TPE,71,-0.11419038175572832,-0.11419038175572832
A,Concentric rings (Low),MDS,KMeans,dbcv,TPE,72,-0.697117412089711,-0.11419038175572832
A,Concentric rings (Low),MDS,KMeans,dbcv,TPE,73,-0.11419038175572832,-0.11419038175572832
A,Concentric rings (Low),MDS,KMeans,dbcv,TPE,74,-0.15017945721243425,-0.11419038175572832
A,Concentric rings (Low),MDS,KMeans,dbcv,TPE,75,-0.697117412089711,-0.11419038175572832
A,Concentric rings (Low),MDS,KMeans,dbcv,TPE,76,-0.11419038175572832,-0.11419038175572832
A,Concentric rings (Low),MDS,KMeans,dbcv,TPE,77,-0.15017945721243425,-0.11419038175572832
A,Concentric rings (Low),MDS,KMeans,dbcv,TPE,78,-0.6698693922643076,-0.11419038175572832
A,Concentric rings (Low),MDS,KMeans,dbcv,TPE,79,-0.4886721050159162,-0.11419038175572832
A,Concentric rings (Low),MDS,KMeans,dbcv,TPE,80,-0.11419038175572832,-0.11419038175572832
A,Concentric rings (Low),MDS,KMeans,dbcv,TPE,81,-0.11419038175572832,-0.11419038175572832
A,Concentric rings (Low),MDS,KMeans,dbcv,TPE,82,-0.697117412089711,-0.11419038175572832
A,Concentric rings (Low),MDS,KMeans,dbcv,TPE,83,-0.189210314823916,-0.11419038175572832
A,Concentric rings (Low),MDS,KMeans,dbcv,TPE,84,-0.11419038175572832,-0.11419038175572832
A,Concentric rings (Low),MDS,KMeans,dbcv,TPE,85,-0.697117412089711,-0.11419038175572832
A,Concentric rings (Low),MDS,KMeans,dbcv,TPE,86,-0.11419038175572832,-0.11419038175572832
A,Concentric rings (Low),MDS,KMeans,dbcv,TPE,87,-0.4886721050159162,-0.11419038175572832
A,Concentric rings (Low),MDS,KMeans,dbcv,TPE,88,-0.189210314823916,-0.11419038175572832
A,Concentric rings (Low),MDS,KMeans,dbcv,TPE,89,-0.697117412089711,-0.11419038175572832
A,Concentric rings (Low),MDS,KMeans,dbcv,TPE,90,-0.11419038175572832,-0.11419038175572832
A,Concentric rings (Low),MDS,KMeans,dbcv,TPE,91,-0.11419038175572832,-0.11419038175572832
A,Concentric rings (Low),MDS,KMeans,dbcv,TPE,92,-0.11419038175572832,-0.11419038175572832
A,Concentric rings (Low),MDS,KMeans,dbcv,TPE,93,-0.189210314823916,-0.11419038175572832
A,Concentric rings (Low),MDS,KMeans,dbcv,TPE,94,-0.697117412089711,-0.11419038175572832
A,Concentric rings (Low),MDS,KMeans,dbcv,TPE,95,-0.11419038175572832,-0.11419038175572832
A,Concentric rings (Low),MDS,KMeans,dbcv,TPE,96,-0.189210314823916,-0.11419038175572832
A,Concentric rings (Low),MDS,KMeans,dbcv,TPE,97,-0.7043345548382194,-0.11419038175572832
A,Concentric rings (Low),MDS,KMeans,dbcv,TPE,98,-0.11419038175572832,-0.11419038175572832
A,Concentric rings (Low),MDS,KMeans,dbcv,TPE,99,-0.697117412089711,-0.11419038175572832
A,Concentric rings (Low),MDS,KMeans,dbcv,Random,0,-0.4530986059763531,-0.4530986059763531
A,Concentric rings (Low),MDS,KMeans,dbcv,Random,1,-0.2928990900145281,-0.2928990900145281
A,Concentric rings (Low),MDS,KMeans,dbcv,Random,2,-0.22822946557332902,-0.22822946557332902
A,Concentric rings (Low),MDS,KMeans,dbcv,Random,3,-0.4140170956950224,-0.22822946557332902
A,Concentric rings (Low),MDS,KMeans,dbcv,Random,4,-0.697117412089711,-0.22822946557332902
A,Concentric rings (Low),MDS,KMeans,dbcv,Random,5,-0.697117412089711,-0.22822946557332902
A,Concentric rings (Low),MDS,KMeans,dbcv,Random,6,-0.7362188641127199,-0.22822946557332902
A,Concentric rings (Low),MDS,KMeans,dbcv,Random,7,-0.17031360719386543,-0.17031360719386543
A,Concentric rings (Low),MDS,KMeans,dbcv,Random,8,-0.41907762909649254,-0.17031360719386543
A,Concentric rings (Low),MDS,KMeans,dbcv,Random,9,-0.38439006571224754,-0.17031360719386543
A,Concentric rings (Low),MDS,KMeans,dbcv,Random,10,-0.7362188641127199,-0.17031360719386543
A,Concentric rings (Low),MDS,KMeans,dbcv,Random,11,-0.26159883903051595,-0.17031360719386543
A,Concentric rings (Low),MDS,KMeans,dbcv,Random,12,-0.3276110966840681,-0.17031360719386543
A,Concentric rings (Low),MDS,KMeans,dbcv,Random,13,-0.7040009983244618,-0.17031360719386543
A,Concentric rings (Low),MDS,KMeans,dbcv,Random,14,-0.697117412089711,-0.17031360719386543
A,Concentric rings (Low),MDS,KMeans,dbcv,Random,15,-0.697117412089711,-0.17031360719386543
A,Concentric rings (Low),MDS,KMeans,dbcv,Random,16,-0.16067337237895968,-0.16067337237895968
A,Concentric rings (Low),MDS,KMeans,dbcv,Random,17,-0.4398095030570596,-0.16067337237895968
A,Concentric rings (Low),MDS,KMeans,dbcv,Random,18,-0.36691672097890066,-0.16067337237895968
A,Concentric rings (Low),MDS,KMeans,dbcv,Random,19,-0.189210314823916,-0.16067337237895968
A,Concentric rings (Low),MDS,KMeans,dbcv,Random,20,-0.354489225421802,-0.16067337237895968
A,Concentric rings (Low),MDS,KMeans,dbcv,Random,21,-0.7043345548382194,-0.16067337237895968
A,Concentric rings (Low),MDS,KMeans,dbcv,Random,22,-0.189210314823916,-0.16067337237895968
A,Concentric rings (Low),MDS,KMeans,dbcv,Random,23,-0.4886721050159162,-0.16067337237895968
A,Concentric rings (Low),MDS,KMeans,dbcv,Random,24,-0.36691672097890066,-0.16067337237895968
A,Concentric rings (Low),MDS,KMeans,dbcv,Random,25,-0.22822946557332902,-0.16067337237895968
A,Concentric rings (Low),MDS,KMeans,dbcv,Random,26,-0.697117412089711,-0.16067337237895968
A,Concentric rings (Low),MDS,KMeans,dbcv,Random,27,-0.4398095030570596,-0.16067337237895968
A,Concentric rings (Low),MDS,KMeans,dbcv,Random,28,-0.4421418761394621,-0.16067337237895968
A,Concentric rings (Low),MDS,KMeans,dbcv,Random,29,-0.7362188641127199,-0.16067337237895968
A,Concentric rings (Low),MDS,KMeans,dbcv,Random,30,-0.4140170956950224,-0.16067337237895968
A,Concentric rings (Low),MDS,KMeans,dbcv,Random,31,-0.697117412089711,-0.16067337237895968
A,Concentric rings (Low),MDS,KMeans,dbcv,Random,32,-0.7362188641127199,-0.16067337237895968
A,Concentric rings (Low),MDS,KMeans,dbcv,Random,33,-0.19663328711481404,-0.16067337237895968
A,Concentric rings (Low),MDS,KMeans,dbcv,Random,34,-0.26159883903051595,-0.16067337237895968
A,Concentric rings (Low),MDS,KMeans,dbcv,Random,35,-0.36992624277134956,-0.16067337237895968
A,Concentric rings (Low),MDS,KMeans,dbcv,Random,36,-0.15017945721243425,-0.15017945721243425
A,Concentric rings (Low),MDS,KMeans,dbcv,Random,37,-0.7043345548382194,-0.15017945721243425
A,Concentric rings (Low),MDS,KMeans,dbcv,Random,38,-0.4922251954399574,-0.15017945721243425
A,Concentric rings (Low),MDS,KMeans,dbcv,Random,39,-0.36691672097890066,-0.15017945721243425
A,Concentric rings (Low),MDS,KMeans,dbcv,Random,40,-0.7082294969823053,-0.15017945721243425
A,Concentric rings (Low),MDS,KMeans,dbcv,Random,41,-0.36691672097890066,-0.15017945721243425
A,Concentric rings (Low),MDS,KMeans,dbcv,Random,42,-0.7362188641127199,-0.15017945721243425
A,Concentric rings (Low),MDS,KMeans,dbcv,Random,43,-0.3021782493350786,-0.15017945721243425
A,Concentric rings (Low),MDS,KMeans,dbcv,Random,44,-0.11419038175572832,-0.11419038175572832
A,Concentric rings (Low),MDS,KMeans,dbcv,Random,45,-0.38496219477784166,-0.11419038175572832
A,Concentric rings (Low),MDS,KMeans,dbcv,Random,46,-0.15017945721243425,-0.11419038175572832
A,Concentric rings (Low),MDS,KMeans,dbcv,Random,47,-0.4398095030570596,-0.11419038175572832
A,Concentric rings (Low),MDS,KMeans,dbcv,Random,48,-0.4398095030570596,-0.11419038175572832
A,Concentric rings (Low),MDS,KMeans,dbcv,Random,49,-0.697117412089711,-0.11419038175572832
A,Concentric rings (Low),MDS,KMeans,dbcv,Random,50,-0.26159883903051595,-0.11419038175572832
A,Concentric rings (Low),MDS,KMeans,dbcv,Random,51,-0.42440967869713997,-0.11419038175572832
A,Concentric rings (Low),MDS,KMeans,dbcv,Random,52,-0.19663328711481404,-0.11419038175572832
A,Concentric rings (Low),MDS,KMeans,dbcv,Random,53,-0.20820745162214063,-0.11419038175572832
A,Concentric rings (Low),MDS,KMeans,dbcv,Random,54,-0.35954975882327217,-0.11419038175572832
A,Concentric rings (Low),MDS,KMeans,dbcv,Random,55,-0.17907804627055468,-0.11419038175572832
A,Concentric rings (Low),MDS,KMeans,dbcv,Random,56,-0.7043345548382194,-0.11419038175572832
A,Concentric rings (Low),MDS,KMeans,dbcv,Random,57,-0.697117412089711,-0.11419038175572832
A,Concentric rings (Low),MDS,KMeans,dbcv,Random,58,-0.7362188641127199,-0.11419038175572832
A,Concentric rings (Low),MDS,KMeans,dbcv,Random,59,-0.189210314823916,-0.11419038175572832
A,Concentric rings (Low),MDS,KMeans,dbcv,Random,60,-0.4886721050159162,-0.11419038175572832
A,Concentric rings (Low),MDS,KMeans,dbcv,Random,61,-0.11419038175572832,-0.11419038175572832
A,Concentric rings (Low),MDS,KMeans,dbcv,Random,62,-0.36992624277134956,-0.11419038175572832
A,Concentric rings (Low),MDS,KMeans,dbcv,Random,63,-0.189210314823916,-0.11419038175572832
A,Concentric rings (Low),MDS,KMeans,dbcv,Random,64,-0.11419038175572832,-0.11419038175572832
A,Concentric rings (Low),MDS,KMeans,dbcv,Random,65,-0.4398095030570596,-0.11419038175572832
A,Concentric rings (Low),MDS,KMeans,dbcv,Random,66,-0.7043345548382194,-0.11419038175572832
A,Concentric rings (Low),MDS,KMeans,dbcv,Random,67,-0.36992624277134956,-0.11419038175572832
A,Concentric rings (Low),MDS,KMeans,dbcv,Random,68,-0.7043345548382194,-0.11419038175572832
A,Concentric rings (Low),MDS,KMeans,dbcv,Random,69,-0.19663328711481404,-0.11419038175572832
A,Concentric rings (Low),MDS,KMeans,dbcv,Random,70,-0.42440967869713997,-0.11419038175572832
A,Concentric rings (Low),MDS,KMeans,dbcv,Random,71,-0.697117412089711,-0.11419038175572832
A,Concentric rings (Low),MDS,KMeans,dbcv,Random,72,-0.7362188641127199,-0.11419038175572832
A,Concentric rings (Low),MDS,KMeans,dbcv,Random,73,-0.36992624277134956,-0.11419038175572832
A,Concentric rings (Low),MDS,KMeans,dbcv,Random,74,-0.46013350403456726,-0.11419038175572832
A,Concentric rings (Low),MDS,KMeans,dbcv,Random,75,-0.41111733283400725,-0.11419038175572832
A,Concentric rings (Low),MDS,KMeans,dbcv,Random,76,-0.39074834777439654,-0.11419038175572832
A,Concentric rings (Low),MDS,KMeans,dbcv,Random,77,-0.7043345548382194,-0.11419038175572832
A,Concentric rings (Low),MDS,KMeans,dbcv,Random,78,-0.46354411088493414,-0.11419038175572832
A,Concentric rings (Low),MDS,KMeans,dbcv,Random,79,-0.7043345548382194,-0.11419038175572832
A,Concentric rings (Low),MDS,KMeans,dbcv,Random,80,-0.17031360719386543,-0.11419038175572832
A,Concentric rings (Low),MDS,KMeans,dbcv,Random,81,-0.4564959776998496,-0.11419038175572832
A,Concentric rings (Low),MDS,KMeans,dbcv,Random,82,-0.15017945721243425,-0.11419038175572832
A,Concentric rings (Low),MDS,KMeans,dbcv,Random,83,-0.7362188641127199,-0.11419038175572832
A,Concentric rings (Low),MDS,KMeans,dbcv,Random,84,-0.189210314823916,-0.11419038175572832
A,Concentric rings (Low),MDS,KMeans,dbcv,Random,85,-0.15017945721243425,-0.11419038175572832
A,Concentric rings (Low),MDS,KMeans,dbcv,Random,86,-0.14659993138151126,-0.11419038175572832
A,Concentric rings (Low),MDS,KMeans,dbcv,Random,87,-0.354489225421802,-0.11419038175572832
A,Concentric rings (Low),MDS,KMeans,dbcv,Random,88,-0.24714651491169098,-0.11419038175572832
A,Concentric rings (Low),MDS,KMeans,dbcv,Random,89,-0.36691672097890066,-0.11419038175572832
A,Concentric rings (Low),MDS,KMeans,dbcv,Random,90,-0.7043345548382194,-0.11419038175572832
A,Concentric rings (Low),MDS,KMeans,dbcv,Random,91,-0.4095006765405117,-0.11419038175572832
A,Concentric rings (Low),MDS,KMeans,dbcv,Random,92,-0.14659993138151126,-0.11419038175572832
A,Concentric rings (Low),MDS,KMeans,dbcv,Random,93,-0.43646318044907356,-0.11419038175572832
A,Concentric rings (Low),MDS,KMeans,dbcv,Random,94,-0.22822946557332902,-0.11419038175572832
A,Concentric rings (Low),MDS,KMeans,dbcv,Random,95,-0.36691672097890066,-0.11419038175572832
A,Concentric rings (Low),MDS,KMeans,dbcv,Random,96,-0.43646318044907356,-0.11419038175572832
A,Concentric rings (Low),MDS,KMeans,dbcv,Random,97,-0.4886721050159162,-0.11419038175572832
A,Concentric rings (Low),MDS,KMeans,dbcv,Random,98,-0.7362188641127199,-0.11419038175572832
A,Concentric rings (Low),MDS,KMeans,dbcv,Random,99,-0.7043345548382194,-0.11419038175572832
B,Wine quality (Low),UMAP,-,tnc,TPE,0,0.9320292864749734,0.9320292864749734
B,Wine quality (Low),UMAP,-,tnc,TPE,1,0.9316017039403621,0.9320292864749734
B,Wine quality (Low),UMAP,-,tnc,TPE,2,0.9319355697550586,0.9320292864749734
B,Wine quality (Low),UMAP,-,tnc,TPE,3,0.9293597444089456,0.9320292864749734
B,Wine quality (Low),UMAP,-,tnc,TPE,4,0.9311823216187434,0.9320292864749734
B,Wine quality (Low),UMAP,-,tnc,TPE,5,0.9212514376996804,0.9320292864749734
B,Wine quality (Low),UMAP,-,tnc,TPE,6,0.9351264110756123,0.9351264110756123
B,Wine quality (Low),UMAP,-,tnc,TPE,7,0.9361717784877529,0.9361717784877529
B,Wine quality (Low),UMAP,-,tnc,TPE,8,0.9350212992545262,0.9361717784877529
B,Wine quality (Low),UMAP,-,tnc,TPE,9,0.9357165069222577,0.9361717784877529
B,Wine quality (Low),UMAP,-,tnc,TPE,10,0.9329465388711395,0.9361717784877529
B,Wine quality (Low),UMAP,-,tnc,TPE,11,0.9342926517571883,0.9361717784877529
B,Wine quality (Low),UMAP,-,tnc,TPE,12,0.9351419595314164,0.9361717784877529
B,Wine quality (Low),UMAP,-,tnc,TPE,13,0.9317894568690095,0.9361717784877529
B,Wine quality (Low),UMAP,-,tnc,TPE,14,0.9314353567625133,0.9361717784877529
B,Wine quality (Low),UMAP,-,tnc,TPE,15,0.9358745473908413,0.9361717784877529
B,Wine quality (Low),UMAP,-,tnc,TPE,16,0.9321856230031949,0.9361717784877529
B,Wine quality (Low),UMAP,-,tnc,TPE,17,0.9336713525026625,0.9361717784877529
B,Wine quality (Low),UMAP,-,tnc,TPE,18,0.93179797657082,0.9361717784877529
B,Wine quality (Low),UMAP,-,tnc,TPE,19,0.93094898828541,0.9361717784877529
B,Wine quality (Low),UMAP,-,tnc,TPE,20,0.9324940362087326,0.9361717784877529
B,Wine quality (Low),UMAP,-,tnc,TPE,21,0.9317340788072417,0.9361717784877529
B,Wine quality (Low),UMAP,-,tnc,TPE,22,0.93121214057508,0.9361717784877529
B,Wine quality (Low),UMAP,-,tnc,TPE,23,0.9362079872204473,0.9362079872204473
B,Wine quality (Low),UMAP,-,tnc,TPE,24,0.9344562300319488,0.9362079872204473
B,Wine quality (Low),UMAP,-,tnc,TPE,25,0.9319859424920129,0.9362079872204473
B,Wine quality (Low),UMAP,-,tnc,TPE,26,0.933370607028754,0.9362079872204473
B,Wine quality (Low),UMAP,-,tnc,TPE,27,0.9308339723109691,0.9362079872204473
B,Wine quality (Low),UMAP,-,tnc,TPE,28,0.9316596379126731,0.9362079872204473
B,Wine quality (Low),UMAP,-,tnc,TPE,29,0.9333532481363154,0.9362079872204473
B,Wine quality (Low),UMAP,-,tnc,TPE,30,0.9270318423855166,0.9362079872204473
B,Wine quality (Low),UMAP,-,tnc,TPE,31,0.9310654952076678,0.9362079872204473
B,Wine quality (Low),UMAP,-,tnc,TPE,32,0.9309701810436635,0.9362079872204473
B,Wine quality (Low),UMAP,-,tnc,TPE,33,0.9359988285410011,0.9362079872204473
B,Wine quality (Low),UMAP,-,tnc,TPE,34,0.9330364217252396,0.9362079872204473
B,Wine quality (Low),UMAP,-,tnc,TPE,35,0.9319474973375932,0.9362079872204473
B,Wine quality (Low),UMAP,-,tnc,TPE,36,0.9348955271565496,0.9362079872204473
B,Wine quality (Low),UMAP,-,tnc,TPE,37,0.9292384451544196,0.9362079872204473
B,Wine quality (Low),UMAP,-,tnc,TPE,38,0.9106463258785942,0.9362079872204473
B,Wine quality (Low),UMAP,-,tnc,TPE,39,0.93350607028754,0.9362079872204473
B,Wine quality (Low),UMAP,-,tnc,TPE,40,0.9341079872204472,0.9362079872204473
B,Wine quality (Low),UMAP,-,tnc,TPE,41,0.9353168264110756,0.9362079872204473
B,Wine quality (Low),UMAP,-,tnc,TPE,42,0.9341521831735891,0.9362079872204473
B,Wine quality (Low),UMAP,-,tnc,TPE,43,0.9340477103301384,0.9362079872204473
B,Wine quality (Low),UMAP,-,tnc,TPE,44,0.9340719914802982,0.9362079872204473
B,Wine quality (Low),UMAP,-,tnc,TPE,45,0.9326209797657082,0.9362079872204473
B,Wine quality (Low),UMAP,-,tnc,TPE,46,0.9318807241746538,0.9362079872204473
B,Wine quality (Low),UMAP,-,tnc,TPE,47,0.9273533546325878,0.9362079872204473
B,Wine quality (Low),UMAP,-,tnc,TPE,48,0.9289659211927583,0.9362079872204473
B,Wine quality (Low),UMAP,-,tnc,TPE,49,0.9288668796592119,0.9362079872204473
B,Wine quality (Low),UMAP,-,tnc,TPE,50,0.9329072417465388,0.9362079872204473
B,Wine quality (Low),UMAP,-,tnc,TPE,51,0.9341033013844515,0.9362079872204473
B,Wine quality (Low),UMAP,-,tnc,TPE,52,0.934934611288605,0.9362079872204473
B,Wine quality (Low),UMAP,-,tnc,TPE,53,0.9333435569755059,0.9362079872204473
B,Wine quality (Low),UMAP,-,tnc,TPE,54,0.9321480298189563,0.9362079872204473
B,Wine quality (Low),UMAP,-,tnc,TPE,55,0.9344310969116081,0.9362079872204473
B,Wine quality (Low),UMAP,-,tnc,TPE,56,0.9281903088391905,0.9362079872204473
B,Wine quality (Low),UMAP,-,tnc,TPE,57,0.9338750798722044,0.9362079872204473
B,Wine quality (Low),UMAP,-,tnc,TPE,58,0.931983280085197,0.9362079872204473
B,Wine quality (Low),UMAP,-,tnc,TPE,59,0.9333417465388711,0.9362079872204473
B,Wine quality (Low),UMAP,-,tnc,TPE,60,0.9310794462193823,0.9362079872204473
B,Wine quality (Low),UMAP,-,tnc,TPE,61,0.9322906283280086,0.9362079872204473
B,Wine quality (Low),UMAP,-,tnc,TPE,62,0.9363084132055378,0.9363084132055378
B,Wine quality (Low),UMAP,-,tnc,TPE,63,0.9323194888178914,0.9363084132055378
B,Wine quality (Low),UMAP,-,tnc,TPE,64,0.9306964856230031,0.9363084132055378
B,Wine quality (Low),UMAP,-,tnc,TPE,65,0.9304401490947817,0.9363084132055378
B,Wine quality (Low),UMAP,-,tnc,TPE,66,0.9348793397231097,0.9363084132055378
B,Wine quality (Low),UMAP,-,tnc,TPE,67,0.9289946751863685,0.9363084132055378
B,Wine quality (Low),UMAP,-,tnc,TPE,68,0.9319225772097977,0.9363084132055378
B,Wine quality (Low),UMAP,-,tnc,TPE,69,0.933315867944622,0.9363084132055378
B,Wine quality (Low),UMAP,-,tnc,TPE,70,0.9354050053248136,0.9363084132055378
B,Wine quality (Low),UMAP,-,tnc,TPE,71,0.9354464323748668,0.9363084132055378
B,Wine quality (Low),UMAP,-,tnc,TPE,72,0.9356975505857295,0.9363084132055378
B,Wine quality (Low),UMAP,-,tnc,TPE,73,0.931467731629393,0.9363084132055378
B,Wine quality (Low),UMAP,-,tnc,TPE,74,0.93205303514377,0.9363084132055378
B,Wine quality (Low),UMAP,-,tnc,TPE,75,0.9331846645367412,0.9363084132055378
B,Wine quality (Low),UMAP,-,tnc,TPE,76,0.9315670926517572,0.9363084132055378
B,Wine quality (Low),UMAP,-,tnc,TPE,77,0.9316817891373802,0.9363084132055378
B,Wine quality (Low),UMAP,-,tnc,TPE,78,0.9336927582534611,0.9363084132055378
B,Wine quality (Low),UMAP,-,tnc,TPE,79,0.9328595314164005,0.9363084132055378
B,Wine quality (Low),UMAP,-,tnc,TPE,80,0.9361741214057508,0.9363084132055378
B,Wine quality (Low),UMAP,-,tnc,TPE,81,0.9292257720979766,0.9363084132055378
B,Wine quality (Low),UMAP,-,tnc,TPE,82,0.9330648562300319,0.9363084132055378
B,Wine quality (Low),UMAP,-,tnc,TPE,83,0.9319757188498403,0.9363084132055378
B,Wine quality (Low),UMAP,-,tnc,TPE,84,0.9283775292864751,0.9363084132055378
B,Wine quality (Low),UMAP,-,tnc,TPE,85,0.9312482428115016,0.9363084132055378
B,Wine quality (Low),UMAP,-,tnc,TPE,86,0.9338480298189563,0.9363084132055378
B,Wine quality (Low),UMAP,-,tnc,TPE,87,0.9351992545260917,0.9363084132055378
B,Wine quality (Low),UMAP,-,tnc,TPE,88,0.9318618743343983,0.9363084132055378
B,Wine quality (Low),UMAP,-,tnc,TPE,89,0.9333808306709264,0.9363084132055378
B,Wine quality (Low),UMAP,-,tnc,TPE,90,0.9346054313099041,0.9363084132055378
B,Wine quality (Low),UMAP,-,tnc,TPE,91,0.934407774227902,0.9363084132055378
B,Wine quality (Low),UMAP,-,tnc,TPE,92,0.9338189563365282,0.9363084132055378
B,Wine quality (Low),UMAP,-,tnc,TPE,93,0.9364522896698615,0.9364522896698615
B,Wine quality (Low),UMAP,-,tnc,TPE,94,0.9352003194888179,0.9364522896698615
B,Wine quality (Low),UMAP,-,tnc,TPE,95,0.9332335463258787,0.9364522896698615
B,Wine quality (Low),UMAP,-,tnc,TPE,96,0.9318729499467518,0.9364522896698615
B,Wine quality (Low),UMAP,-,tnc,TPE,97,0.9301715654952076,0.9364522896698615
B,Wine quality (Low),UMAP,-,tnc,TPE,98,0.9304490947816827,0.9364522896698615
B,Wine quality (Low),UMAP,-,tnc,TPE,99,0.9348842385516507,0.9364522896698615
B,Wine quality (Low),UMAP,-,tnc,Random,0,0.9319997870074548,0.9319997870074548
B,Wine quality (Low),UMAP,-,tnc,Random,1,0.9324609158679447,0.9324609158679447
B,Wine quality (Low),UMAP,-,tnc,Random,2,0.9308480298189563,0.9324609158679447
B,Wine quality (Low),UMAP,-,tnc,Random,3,0.9225067092651758,0.9324609158679447
B,Wine quality (Low),UMAP,-,tnc,Random,4,0.9313756123535677,0.9324609158679447
B,Wine quality (Low),UMAP,-,tnc,Random,5,0.918864536741214,0.9324609158679447
B,Wine quality (Low),UMAP,-,tnc,Random,6,0.9342228966986156,0.9342228966986156
B,Wine quality (Low),UMAP,-,tnc,Random,7,0.9332164004259851,0.9342228966986156
B,Wine quality (Low),UMAP,-,tnc,Random,8,0.9347857294994675,0.9347857294994675
B,Wine quality (Low),UMAP,-,tnc,Random,9,0.9340294994675187,0.9347857294994675
B,Wine quality (Low),UMAP,-,tnc,Random,10,0.9313610223642174,0.9347857294994675
B,Wine quality (Low),UMAP,-,tnc,Random,11,0.9338638977635783,0.9347857294994675
B,Wine quality (Low),UMAP,-,tnc,Random,12,0.92964696485623,0.9347857294994675
B,Wine quality (Low),UMAP,-,tnc,Random,13,0.9295350372736955,0.9347857294994675
B,Wine quality (Low),UMAP,-,tnc,Random,14,0.9315998935037274,0.9347857294994675
B,Wine quality (Low),UMAP,-,tnc,Random,15,0.933640042598509,0.9347857294994675
B,Wine quality (Low),UMAP,-,tnc,Random,16,0.9261074547390841,0.9347857294994675
B,Wine quality (Low),UMAP,-,tnc,Random,17,0.930524813631523,0.9347857294994675
B,Wine quality (Low),UMAP,-,tnc,Random,18,0.9333058572949946,0.9347857294994675
B,Wine quality (Low),UMAP,-,tnc,Random,19,0.934854739084132,0.934854739084132
B,Wine quality (Low),UMAP,-,tnc,Random,20,0.9323965921192758,0.934854739084132
B,Wine quality (Low),UMAP,-,tnc,Random,21,0.9253504792332268,0.934854739084132
B,Wine quality (Low),UMAP,-,tnc,Random,22,0.933710969116081,0.934854739084132
B,Wine quality (Low),UMAP,-,tnc,Random,23,0.935661980830671,0.935661980830671
B,Wine quality (Low),UMAP,-,tnc,Random,24,0.931775505857295,0.935661980830671
B,Wine quality (Low),UMAP,-,tnc,Random,25,0.9284748668796592,0.935661980830671
B,Wine quality (Low),UMAP,-,tnc,Random,26,0.9278177848775293,0.935661980830671
B,Wine quality (Low),UMAP,-,tnc,Random,27,0.9262203407880725,0.935661980830671
B,Wine quality (Low),UMAP,-,tnc,Random,28,0.9287763578274761,0.935661980830671
B,Wine quality (Low),UMAP,-,tnc,Random,29,0.9279478168264111,0.935661980830671
B,Wine quality (Low),UMAP,-,tnc,Random,30,0.9324361022364218,0.935661980830671
B,Wine quality (Low),UMAP,-,tnc,Random,31,0.9332333333333334,0.935661980830671
B,Wine quality (Low),UMAP,-,tnc,Random,32,0.933330564430245,0.935661980830671
B,Wine quality (Low),UMAP,-,tnc,Random,33,0.9273702875399361,0.935661980830671
B,Wine quality (Low),UMAP,-,tnc,Random,34,0.9281788072417465,0.935661980830671
B,Wine quality (Low),UMAP,-,tnc,Random,35,0.933019275825346,0.935661980830671
B,Wine quality (Low),UMAP,-,tnc,Random,36,0.9190476038338659,0.935661980830671
B,Wine quality (Low),UMAP,-,tnc,Random,37,0.9305595314164004,0.935661980830671
B,Wine quality (Low),UMAP,-,tnc,Random,38,0.9309671991480297,0.935661980830671
B,Wine quality (Low),UMAP,-,tnc,Random,39,0.9342861554845581,0.935661980830671
B,Wine quality (Low),UMAP,-,tnc,Random,40,0.9291483493077741,0.935661980830671
B,Wine quality (Low),UMAP,-,tnc,Random,41,0.9330867944621939,0.935661980830671
B,Wine quality (Low),UMAP,-,tnc,Random,42,0.9325430244941428,0.935661980830671
B,Wine quality (Low),UMAP,-,tnc,Random,43,0.9311043663471779,0.935661980830671
B,Wine quality (Low),UMAP,-,tnc,Random,44,0.9312535676251331,0.935661980830671
B,Wine quality (Low),UMAP,-,tnc,Random,45,0.9273889243876465,0.935661980830671
B,Wine quality (Low),UMAP,-,tnc,Random,46,0.9309082002129925,0.935661980830671
B,Wine quality (Low),UMAP,-,tnc,Random,47,0.9344005324813631,0.935661980830671
B,Wine quality (Low),UMAP,-,tnc,Random,48,0.9283816826411075,0.935661980830671
B,Wine quality (Low),UMAP,-,tnc,Random,49,0.9230512247071353,0.935661980830671
B,Wine quality (Low),UMAP,-,tnc,Random,50,0.9252989350372737,0.935661980830671
B,Wine quality (Low),UMAP,-,tnc,Random,51,0.9308958466453674,0.935661980830671
B,Wine quality (Low),UMAP,-,tnc,Random,52,0.9319143769968051,0.935661980830671
B,Wine quality (Low),UMAP,-,tnc,Random,53,0.9325579339723109,0.935661980830671
B,Wine quality (Low),UMAP,-,tnc,Random,54,0.9280869009584665,0.935661980830671
B,Wine quality (Low),UMAP,-,tnc,Random,55,0.9330316293929712,0.935661980830671
B,Wine quality (Low),UMAP,-,tnc,Random,56,0.9275304579339724,0.935661980830671
B,Wine quality (Low),UMAP,-,tnc,Random,57,0.9334284345047923,0.935661980830671
B,Wine quality (Low),UMAP,-,tnc,Random,58,0.9305477103301385,0.935661980830671
B,Wine quality (Low),UMAP,-,tnc,Random,59,0.9324532481363152,0.935661980830671
B,Wine quality (Low),UMAP,-,tnc,Random,60,0.9307298189563364,0.935661980830671
B,Wine quality (Low),UMAP,-,tnc,Random,61,0.9335801916932908,0.935661980830671
B,Wine quality (Low),UMAP,-,tnc,Random,62,0.9353148029818956,0.935661980830671
B,Wine quality (Low),UMAP,-,tnc,Random,63,0.9305689030883919,0.935661980830671
B,Wine quality (Low),UMAP,-,tnc,Random,64,0.9174637912673056,0.935661980830671
B,Wine quality (Low),UMAP,-,tnc,Random,65,0.9309073482428114,0.935661980830671
B,Wine quality (Low),UMAP,-,tnc,Random,66,0.9295192758253461,0.935661980830671
B,Wine quality (Low),UMAP,-,tnc,Random,67,0.9324990415335462,0.935661980830671
B,Wine quality (Low),UMAP,-,tnc,Random,68,0.9313612353567624,0.935661980830671
B,Wine quality (Low),UMAP,-,tnc,Random,69,0.9319666666666666,0.935661980830671
B,Wine quality (Low),UMAP,-,tnc,Random,70,0.9313153354632588,0.935661980830671
B,Wine quality (Low),UMAP,-,tnc,Random,71,0.932931416400426,0.935661980830671
B,Wine quality (Low),UMAP,-,tnc,Random,72,0.933520447284345,0.935661980830671
B,Wine quality (Low),UMAP,-,tnc,Random,73,0.932978061767838,0.935661980830671
B,Wine quality (Low),UMAP,-,tnc,Random,74,0.9276111821086263,0.935661980830671
B,Wine quality (Low),UMAP,-,tnc,Random,75,0.9312598509052183,0.935661980830671
B,Wine quality (Low),UMAP,-,tnc,Random,76,0.9310637912673057,0.935661980830671
B,Wine quality (Low),UMAP,-,tnc,Random,77,0.9336642172523962,0.935661980830671
B,Wine quality (Low),UMAP,-,tnc,Random,78,0.9306971246006389,0.935661980830671
B,Wine quality (Low),UMAP,-,tnc,Random,79,0.9334171458998934,0.935661980830671
B,Wine quality (Low),UMAP,-,tnc,Random,80,0.933891054313099,0.935661980830671
B,Wine quality (Low),UMAP,-,tnc,Random,81,0.9316055378061768,0.935661980830671
B,Wine quality (Low),UMAP,-,tnc,Random,82,0.9308703940362089,0.935661980830671
B,Wine quality (Low),UMAP,-,tnc,Random,83,0.9345288604898829,0.935661980830671
B,Wine quality (Low),UMAP,-,tnc,Random,84,0.9265597444089457,0.935661980830671
B,Wine quality (Low),UMAP,-,tnc,Random,85,0.9320054313099041,0.935661980830671
B,Wine quality (Low),UMAP,-,tnc,Random,86,0.9352297124600639,0.935661980830671
B,Wine quality (Low),UMAP,-,tnc,Random,87,0.9345202342917998,0.935661980830671
B,Wine quality (Low),UMAP,-,tnc,Random,88,0.9326479233226836,0.935661980830671
B,Wine quality (Low),UMAP,-,tnc,Random,89,0.9312834930777423,0.935661980830671
B,Wine quality (Low),UMAP,-,tnc,Random,90,0.9327548455804047,0.935661980830671
B,Wine quality (Low),UMAP,-,tnc,Random,91,0.9269177848775292,0.935661980830671
B,Wine quality (Low),UMAP,-,tnc,Random,92,0.9346340788072418,0.935661980830671
B,Wine quality (Low),UMAP,-,tnc,Random,93,0.9298289669861555,0.935661980830671
B,Wine quality (Low),UMAP,-,tnc,Random,94,0.9339762513312035,0.935661980830671
B,Wine quality (Low),UMAP,-,tnc,Random,95,0.9298661341853036,0.935661980830671
B,Wine quality (Low),UMAP,-,tnc,Random,96,0.9317546325878594,0.935661980830671
B,Wine quality (Low),UMAP,-,tnc,Random,97,0.9365348242811501,0.9365348242811501
B,Wine quality (Low),UMAP,-,tnc,Random,98,0.9291219382321619,0.9365348242811501
B,Wine quality (Low),UMAP,-,tnc,Random,99,0.9277891373801918,0.9365348242811501
B,Wine quality (Low),t-SNE,-,tnc,TPE,0,0.9286390841320553,0.9286390841320553
B,Wine quality (Low),t-SNE,-,tnc,TPE,1,0.9335483493077741,0.9335483493077741
B,Wine quality (Low),t-SNE,-,tnc,TPE,2,0.9275304579339723,0.9335483493077741
B,Wine quality (Low),t-SNE,-,tnc,TPE,3,0.9163645367412141,0.9335483493077741
B,Wine quality (Low),t-SNE,-,tnc,TPE,4,0.9345202342917998,0.9345202342917998
B,Wine quality (Low),t-SNE,-,tnc,TPE,5,0.9130363152289669,0.9345202342917998
B,Wine quality (Low),t-SNE,-,tnc,TPE,6,0.9299642172523962,0.9345202342917998
B,Wine quality (Low),t-SNE,-,tnc,TPE,7,0.9263846645367412,0.9345202342917998
B,Wine quality (Low),t-SNE,-,tnc,TPE,8,0.9315728434504792,0.9345202342917998
B,Wine quality (Low),t-SNE,-,tnc,TPE,9,0.9343490947816826,0.9345202342917998
B,Wine quality (Low),t-SNE,-,tnc,TPE,10,0.9395943556975506,0.9395943556975506
B,Wine quality (Low),t-SNE,-,tnc,TPE,11,0.9394140575079872,0.9395943556975506
B,Wine quality (Low),t-SNE,-,tnc,TPE,12,0.9384306709265176,0.9395943556975506
B,Wine quality (Low),t-SNE,-,tnc,TPE,13,0.9393554845580405,0.9395943556975506
B,Wine quality (Low),t-SNE,-,tnc,TPE,14,0.9328197018104367,0.9395943556975506
B,Wine quality (Low),t-SNE,-,tnc,TPE,15,0.9338915867944622,0.9395943556975506
B,Wine quality (Low),t-SNE,-,tnc,TPE,16,0.9293367412140576,0.9395943556975506
B,Wine quality (Low),t-SNE,-,tnc,TPE,17,0.939774334398296,0.939774334398296
B,Wine quality (Low),t-SNE,-,tnc,TPE,18,0.9356923322683706,0.939774334398296
B,Wine quality (Low),t-SNE,-,tnc,TPE,19,0.9328422790202344,0.939774334398296
B,Wine quality (Low),t-SNE,-,tnc,TPE,20,0.9317767838125666,0.939774334398296
B,Wine quality (Low),t-SNE,-,tnc,TPE,21,0.9354190628328009,0.939774334398296
B,Wine quality (Low),t-SNE,-,tnc,TPE,22,0.9367764643237486,0.939774334398296
B,Wine quality (Low),t-SNE,-,tnc,TPE,23,0.9358007454739083,0.939774334398296
B,Wine quality (Low),t-SNE,-,tnc,TPE,24,0.9385067092651758,0.939774334398296
B,Wine quality (Low),t-SNE,-,tnc,TPE,25,0.9371525026624068,0.939774334398296
B,Wine quality (Low),t-SNE,-,tnc,TPE,26,0.9347168264110757,0.939774334398296
B,Wine quality (Low),t-SNE,-,tnc,TPE,27,0.9370798722044729,0.939774334398296
B,Wine quality (Low),t-SNE,-,tnc,TPE,28,0.9395791267305644,0.939774334398296
B,Wine quality (Low),t-SNE,-,tnc,TPE,29,0.9343748668796592,0.939774334398296
B,Wine quality (Low),t-SNE,-,tnc,TPE,30,0.9364652822151225,0.939774334398296
B,Wine quality (Low),t-SNE,-,tnc,TPE,31,0.9382371671991481,0.939774334398296
B,Wine quality (Low),t-SNE,-,tnc,TPE,32,0.9360181043663471,0.939774334398296
B,Wine quality (Low),t-SNE,-,tnc,TPE,33,0.9357982960596379,0.939774334398296
B,Wine quality (Low),t-SNE,-,tnc,TPE,34,0.9313255591054312,0.939774334398296
B,Wine quality (Low),t-SNE,-,tnc,TPE,35,0.9326637912673057,0.939774334398296
B,Wine quality (Low),t-SNE,-,tnc,TPE,36,0.933542385516507,0.939774334398296
B,Wine quality (Low),t-SNE,-,tnc,TPE,37,0.9339861554845581,0.939774334398296
B,Wine quality (Low),t-SNE,-,tnc,TPE,38,0.932854206602769,0.939774334398296
B,Wine quality (Low),t-SNE,-,tnc,TPE,39,0.925158785942492,0.939774334398296
B,Wine quality (Low),t-SNE,-,tnc,TPE,40,0.9290561235356762,0.939774334398296
B,Wine quality (Low),t-SNE,-,tnc,TPE,41,0.938863684771033,0.939774334398296
B,Wine quality (Low),t-SNE,-,tnc,TPE,42,0.9419856230031949,0.9419856230031949
B,Wine quality (Low),t-SNE,-,tnc,TPE,43,0.9368693290734824,0.9419856230031949
B,Wine quality (Low),t-SNE,-,tnc,TPE,44,0.9397477103301384,0.9419856230031949
B,Wine quality (Low),t-SNE,-,tnc,TPE,45,0.935074334398296,0.9419856230031949
B,Wine quality (Low),t-SNE,-,tnc,TPE,46,0.9424774227902023,0.9424774227902023
B,Wine quality (Low),t-SNE,-,tnc,TPE,47,0.9412781682641107,0.9424774227902023
B,Wine quality (Low),t-SNE,-,tnc,TPE,48,0.941323642172524,0.9424774227902023
B,Wine quality (Low),t-SNE,-,tnc,TPE,49,0.9369662406815762,0.9424774227902023
B,Wine quality (Low),t-SNE,-,tnc,TPE,50,0.9364521831735888,0.9424774227902023
B,Wine quality (Low),t-SNE,-,tnc,TPE,51,0.9361533546325878,0.9424774227902023
B,Wine quality (Low),t-SNE,-,tnc,TPE,52,0.9336464323748668,0.9424774227902023
B,Wine quality (Low),t-SNE,-,tnc,TPE,53,0.9377986155484558,0.9424774227902023
B,Wine quality (Low),t-SNE,-,tnc,TPE,54,0.9412623003194889,0.9424774227902023
B,Wine quality (Low),t-SNE,-,tnc,TPE,55,0.9393170394036209,0.9424774227902023
B,Wine quality (Low),t-SNE,-,tnc,TPE,56,0.93970404685836,0.9424774227902023
B,Wine quality (Low),t-SNE,-,tnc,TPE,57,0.9383464323748669,0.9424774227902023
B,Wine quality (Low),t-SNE,-,tnc,TPE,58,0.9393083067092652,0.9424774227902023
B,Wine quality (Low),t-SNE,-,tnc,TPE,59,0.9323328008519702,0.9424774227902023
B,Wine quality (Low),t-SNE,-,tnc,TPE,60,0.9332673056443025,0.9424774227902023
B,Wine quality (Low),t-SNE,-,tnc,TPE,61,0.9411593184238551,0.9424774227902023
B,Wine quality (Low),t-SNE,-,tnc,TPE,62,0.9376397231096911,0.9424774227902023
B,Wine quality (Low),t-SNE,-,tnc,TPE,63,0.9377333333333333,0.9424774227902023
B,Wine quality (Low),t-SNE,-,tnc,TPE,64,0.9369869009584666,0.9424774227902023
B,Wine quality (Low),t-SNE,-,tnc,TPE,65,0.9369519701810436,0.9424774227902023
B,Wine quality (Low),t-SNE,-,tnc,TPE,66,0.9413116080937167,0.9424774227902023
B,Wine quality (Low),t-SNE,-,tnc,TPE,67,0.9378945686900959,0.9424774227902023
B,Wine quality (Low),t-SNE,-,tnc,TPE,68,0.9295904153354633,0.9424774227902023
B,Wine quality (Low),t-SNE,-,tnc,TPE,69,0.938240362087327,0.9424774227902023
B,Wine quality (Low),t-SNE,-,tnc,TPE,70,0.9372052183173589,0.9424774227902023
B,Wine quality (Low),t-SNE,-,tnc,TPE,71,0.9362018104366348,0.9424774227902023
B,Wine quality (Low),t-SNE,-,tnc,TPE,72,0.9364509052183173,0.9424774227902023
B,Wine quality (Low),t-SNE,-,tnc,TPE,73,0.9336271565495207,0.9424774227902023
B,Wine quality (Low),t-SNE,-,tnc,TPE,74,0.9396744408945688,0.9424774227902023
B,Wine quality (Low),t-SNE,-,tnc,TPE,75,0.931054739084132,0.9424774227902023
B,Wine quality (Low),t-SNE,-,tnc,TPE,76,0.9414960596379127,0.9424774227902023
B,Wine quality (Low),t-SNE,-,tnc,TPE,77,0.9391854100106497,0.9424774227902023
B,Wine quality (Low),t-SNE,-,tnc,TPE,78,0.9386333333333334,0.9424774227902023
B,Wine quality (Low),t-SNE,-,tnc,TPE,79,0.93765505857295,0.9424774227902023
B,Wine quality (Low),t-SNE,-,tnc,TPE,80,0.9380625133120342,0.9424774227902023
B,Wine quality (Low),t-SNE,-,tnc,TPE,81,0.9375326943556975,0.9424774227902023
B,Wine quality (Low),t-SNE,-,tnc,TPE,82,0.9394906283280084,0.9424774227902023
B,Wine quality (Low),t-SNE,-,tnc,TPE,83,0.9396659211927583,0.9424774227902023
B,Wine quality (Low),t-SNE,-,tnc,TPE,84,0.9381216187433441,0.9424774227902023
B,Wine quality (Low),t-SNE,-,tnc,TPE,85,0.9396942492012781,0.9424774227902023
B,Wine quality (Low),t-SNE,-,tnc,TPE,86,0.9401270500532481,0.9424774227902023
B,Wine quality (Low),t-SNE,-,tnc,TPE,87,0.9398826411075613,0.9424774227902023
B,Wine quality (Low),t-SNE,-,tnc,TPE,88,0.9355648562300319,0.9424774227902023
B,Wine quality (Low),t-SNE,-,tnc,TPE,89,0.9371214057507986,0.9424774227902023
B,Wine quality (Low),t-SNE,-,tnc,TPE,90,0.939291054313099,0.9424774227902023
B,Wine quality (Low),t-SNE,-,tnc,TPE,91,0.9394843450479233,0.9424774227902023
B,Wine quality (Low),t-SNE,-,tnc,TPE,92,0.9417809371671991,0.9424774227902023
B,Wine quality (Low),t-SNE,-,tnc,TPE,93,0.9387323748668797,0.9424774227902023
B,Wine quality (Low),t-SNE,-,tnc,TPE,94,0.9397551650692225,0.9424774227902023
B,Wine quality (Low),t-SNE,-,tnc,TPE,95,0.9425924387646433,0.9425924387646433
B,Wine quality (Low),t-SNE,-,tnc,TPE,96,0.9415648562300319,0.9425924387646433
B,Wine quality (Low),t-SNE,-,tnc,TPE,97,0.9409251331203408,0.9425924387646433
B,Wine quality (Low),t-SNE,-,tnc,TPE,98,0.9399223642172524,0.9425924387646433
B,Wine quality (Low),t-SNE,-,tnc,TPE,99,0.9377397231096911,0.9425924387646433
B,Wine quality (Low),t-SNE,-,tnc,Random,0,0.9286390841320553,0.9286390841320553
B,Wine quality (Low),t-SNE,-,tnc,Random,1,0.9335483493077741,0.9335483493077741
B,Wine quality (Low),t-SNE,-,tnc,Random,2,0.9275304579339723,0.9335483493077741
B,Wine quality (Low),t-SNE,-,tnc,Random,3,0.9163645367412141,0.9335483493077741
B,Wine quality (Low),t-SNE,-,tnc,Random,4,0.9345202342917998,0.9345202342917998
B,Wine quality (Low),t-SNE,-,tnc,Random,5,0.9130363152289669,0.9345202342917998
B,Wine quality (Low),t-SNE,-,tnc,Random,6,0.9299642172523962,0.9345202342917998
B,Wine quality (Low),t-SNE,-,tnc,Random,7,0.9263846645367412,0.9345202342917998
B,Wine quality (Low),t-SNE,-,tnc,Random,8,0.9315728434504792,0.9345202342917998
B,Wine quality (Low),t-SNE,-,tnc,Random,9,0.9343490947816826,0.9345202342917998
B,Wine quality (Low),t-SNE,-,tnc,Random,10,0.9354467518636846,0.9354467518636846
B,Wine quality (Low),t-SNE,-,tnc,Random,11,0.9310990415335464,0.9354467518636846
B,Wine quality (Low),t-SNE,-,tnc,Random,12,0.9312010649627263,0.9354467518636846
B,Wine quality (Low),t-SNE,-,tnc,Random,13,0.9291912673056443,0.9354467518636846
B,Wine quality (Low),t-SNE,-,tnc,Random,14,0.9368356762513312,0.9368356762513312
B,Wine quality (Low),t-SNE,-,tnc,Random,15,0.936311821086262,0.9368356762513312
B,Wine quality (Low),t-SNE,-,tnc,Random,16,0.9184435569755058,0.9368356762513312
B,Wine quality (Low),t-SNE,-,tnc,Random,17,0.9302905218317359,0.9368356762513312
B,Wine quality (Low),t-SNE,-,tnc,Random,18,0.9358527156549521,0.9368356762513312
B,Wine quality (Low),t-SNE,-,tnc,Random,19,0.9294113951011715,0.9368356762513312
B,Wine quality (Low),t-SNE,-,tnc,Random,20,0.9290989350372737,0.9368356762513312
B,Wine quality (Low),t-SNE,-,tnc,Random,21,0.9199890308839191,0.9368356762513312
B,Wine quality (Low),t-SNE,-,tnc,Random,22,0.9272992545260916,0.9368356762513312
B,Wine quality (Low),t-SNE,-,tnc,Random,23,0.9288362087326945,0.9368356762513312
B,Wine quality (Low),t-SNE,-,tnc,Random,24,0.9302930777422791,0.9368356762513312
B,Wine quality (Low),t-SNE,-,tnc,Random,25,0.930726517571885,0.9368356762513312
B,Wine quality (Low),t-SNE,-,tnc,Random,26,0.9313387646432374,0.9368356762513312
B,Wine quality (Low),t-SNE,-,tnc,Random,27,0.9308209797657082,0.9368356762513312
B,Wine quality (Low),t-SNE,-,tnc,Random,28,0.9244930777422791,0.9368356762513312
B,Wine quality (Low),t-SNE,-,tnc,Random,29,0.9166505857294995,0.9368356762513312
B,Wine quality (Low),t-SNE,-,tnc,Random,30,0.9260790202342919,0.9368356762513312
B,Wine quality (Low),t-SNE,-,tnc,Random,31,0.9281528221512247,0.9368356762513312
B,Wine quality (Low),t-SNE,-,tnc,Random,32,0.9302267305644303,0.9368356762513312
B,Wine quality (Low),t-SNE,-,tnc,Random,33,0.9262733759318426,0.9368356762513312
B,Wine quality (Low),t-SNE,-,tnc,Random,34,0.9165526091586795,0.9368356762513312
B,Wine quality (Low),t-SNE,-,tnc,Random,35,0.9363255591054314,0.9368356762513312
B,Wine quality (Low),t-SNE,-,tnc,Random,36,0.9096875399361022,0.9368356762513312
B,Wine quality (Low),t-SNE,-,tnc,Random,37,0.9353084132055378,0.9368356762513312
B,Wine quality (Low),t-SNE,-,tnc,Random,38,0.937872949946752,0.937872949946752
B,Wine quality (Low),t-SNE,-,tnc,Random,39,0.9371909478168263,0.937872949946752
B,Wine quality (Low),t-SNE,-,tnc,Random,40,0.9324071352502663,0.937872949946752
B,Wine quality (Low),t-SNE,-,tnc,Random,41,0.9360428115015975,0.937872949946752
B,Wine quality (Low),t-SNE,-,tnc,Random,42,0.9266959531416401,0.937872949946752
B,Wine quality (Low),t-SNE,-,tnc,Random,43,0.9312981895633652,0.937872949946752
B,Wine quality (Low),t-SNE,-,tnc,Random,44,0.9388784877529286,0.9388784877529286
B,Wine quality (Low),t-SNE,-,tnc,Random,45,0.923368583599574,0.9388784877529286
B,Wine quality (Low),t-SNE,-,tnc,Random,46,0.9310857294994676,0.9388784877529286
B,Wine quality (Low),t-SNE,-,tnc,Random,47,0.9330956336528222,0.9388784877529286
B,Wine quality (Low),t-SNE,-,tnc,Random,48,0.9310761448349307,0.9388784877529286
B,Wine quality (Low),t-SNE,-,tnc,Random,49,0.9196456869009585,0.9388784877529286
B,Wine quality (Low),t-SNE,-,tnc,Random,50,0.919576677316294,0.9388784877529286
B,Wine quality (Low),t-SNE,-,tnc,Random,51,0.9293261980830672,0.9388784877529286
B,Wine quality (Low),t-SNE,-,tnc,Random,52,0.9370703940362086,0.9388784877529286
B,Wine quality (Low),t-SNE,-,tnc,Random,53,0.9315034078807243,0.9388784877529286
B,Wine quality (Low),t-SNE,-,tnc,Random,54,0.933989350372737,0.9388784877529286
B,Wine quality (Low),t-SNE,-,tnc,Random,55,0.9346693290734824,0.9388784877529286
B,Wine quality (Low),t-SNE,-,tnc,Random,56,0.9336610223642172,0.9388784877529286
B,Wine quality (Low),t-SNE,-,tnc,Random,57,0.9247421725239617,0.9388784877529286
B,Wine quality (Low),t-SNE,-,tnc,Random,58,0.935887326943557,0.9388784877529286
B,Wine quality (Low),t-SNE,-,tnc,Random,59,0.9333170394036209,0.9388784877529286
B,Wine quality (Low),t-SNE,-,tnc,Random,60,0.9306740149094783,0.9388784877529286
B,Wine quality (Low),t-SNE,-,tnc,Random,61,0.9355201277955272,0.9388784877529286
B,Wine quality (Low),t-SNE,-,tnc,Random,62,0.928991054313099,0.9388784877529286
B,Wine quality (Low),t-SNE,-,tnc,Random,63,0.9374351437699681,0.9388784877529286
B,Wine quality (Low),t-SNE,-,tnc,Random,64,0.9135389776357827,0.9388784877529286
B,Wine quality (Low),t-SNE,-,tnc,Random,65,0.9343237486687965,0.9388784877529286
B,Wine quality (Low),t-SNE,-,tnc,Random,66,0.9272927582534611,0.9388784877529286
B,Wine quality (Low),t-SNE,-,tnc,Random,67,0.9355897763578275,0.9388784877529286
B,Wine quality (Low),t-SNE,-,tnc,Random,68,0.9359749733759318,0.9388784877529286
B,Wine quality (Low),t-SNE,-,tnc,Random,69,0.9209976570820021,0.9388784877529286
B,Wine quality (Low),t-SNE,-,tnc,Random,70,0.9306949946751863,0.9388784877529286
B,Wine quality (Low),t-SNE,-,tnc,Random,71,0.9324402555910544,0.9388784877529286
B,Wine quality (Low),t-SNE,-,tnc,Random,72,0.9370586794462193,0.9388784877529286
B,Wine quality (Low),t-SNE,-,tnc,Random,73,0.9334613418530351,0.9388784877529286
B,Wine quality (Low),t-SNE,-,tnc,Random,74,0.9241943556975506,0.9388784877529286
B,Wine quality (Low),t-SNE,-,tnc,Random,75,0.9381677316293929,0.9388784877529286
B,Wine quality (Low),t-SNE,-,tnc,Random,76,0.9191822151224707,0.9388784877529286
B,Wine quality (Low),t-SNE,-,tnc,Random,77,0.9345520766773163,0.9388784877529286
B,Wine quality (Low),t-SNE,-,tnc,Random,78,0.9266035143769968,0.9388784877529286
B,Wine quality (Low),t-SNE,-,tnc,Random,79,0.9254870074547391,0.9388784877529286
B,Wine quality (Low),t-SNE,-,tnc,Random,80,0.9285169329073482,0.9388784877529286
B,Wine quality (Low),t-SNE,-,tnc,Random,81,0.9263003194888177,0.9388784877529286
B,Wine quality (Low),t-SNE,-,tnc,Random,82,0.9209635782747604,0.9388784877529286
B,Wine quality (Low),t-SNE,-,tnc,Random,83,0.9327184238551651,0.9388784877529286
B,Wine quality (Low),t-SNE,-,tnc,Random,84,0.9201242811501598,0.9388784877529286
B,Wine quality (Low),t-SNE,-,tnc,Random,85,0.939127050053248,0.939127050053248
B,Wine quality (Low),t-SNE,-,tnc,Random,86,0.9352396166134185,0.939127050053248
B,Wine quality (Low),t-SNE,-,tnc,Random,87,0.9351900958466454,0.939127050053248
B,Wine quality (Low),t-SNE,-,tnc,Random,88,0.9255658146964857,0.939127050053248
B,Wine quality (Low),t-SNE,-,tnc,Random,89,0.9379937167199148,0.939127050053248
B,Wine quality (Low),t-SNE,-,tnc,Random,90,0.9380112886048988,0.939127050053248
B,Wine quality (Low),t-SNE,-,tnc,Random,91,0.9347236421725239,0.939127050053248
B,Wine quality (Low),t-SNE,-,tnc,Random,92,0.9304382321618743,0.939127050053248
B,Wine quality (Low),t-SNE,-,tnc,Random,93,0.9340076677316294,0.939127050053248
B,Wine quality (Low),t-SNE,-,tnc,Random,94,0.9290860489882854,0.939127050053248
B,Wine quality (Low),t-SNE,-,tnc,Random,95,0.9232973375931842,0.939127050053248
B,Wine quality (Low),t-SNE,-,tnc,Random,96,0.9325456869009585,0.939127050053248
B,Wine quality (Low),t-SNE,-,tnc,Random,97,0.9289534611288606,0.939127050053248
B,Wine quality (Low),t-SNE,-,tnc,Random,98,0.9302686900958466,0.939127050053248
B,Wine quality (Low),t-SNE,-,tnc,Random,99,0.9320878594249201,0.939127050053248
B,Wine quality (Low),MDS,-,tnc,TPE,0,0.9082652822151225,0.9082652822151225
B,Wine quality (Low),MDS,-,tnc,TPE,1,0.9083336528221513,0.9083336528221513
B,Wine quality (Low),MDS,-,tnc,TPE,2,0.9091355697550585,0.9091355697550585
B,Wine quality (Low),MDS,-,tnc,TPE,3,0.9079142705005325,0.9091355697550585
B,Wine quality (Low),MDS,-,tnc,TPE,4,0.9079240681576144,0.9091355697550585
B,Wine quality (Low),MDS,-,tnc,TPE,5,0.9088361022364218,0.9091355697550585
B,Wine quality (Low),MDS,-,tnc,TPE,6,0.9027185303514378,0.9091355697550585
B,Wine quality (Low),MDS,-,tnc,TPE,7,0.9084532481363152,0.9091355697550585
B,Wine quality (Low),MDS,-,tnc,TPE,8,0.9083025559105432,0.9091355697550585
B,Wine quality (Low),MDS,-,tnc,TPE,9,0.9053236421725239,0.9091355697550585
B,Wine quality (Low),MDS,-,tnc,TPE,10,0.9080217252396166,0.9091355697550585
B,Wine quality (Low),MDS,-,tnc,TPE,11,0.9126479233226836,0.9126479233226836
B,Wine quality (Low),MDS,-,tnc,TPE,12,0.9083788072417466,0.9126479233226836
B,Wine quality (Low),MDS,-,tnc,TPE,13,0.9080541001064962,0.9126479233226836
B,Wine quality (Low),MDS,-,tnc,TPE,14,0.9075198083067093,0.9126479233226836
B,Wine quality (Low),MDS,-,tnc,TPE,15,0.9073053248136316,0.9126479233226836
B,Wine quality (Low),MDS,-,tnc,TPE,16,0.9069101171458998,0.9126479233226836
B,Wine quality (Low),MDS,-,tnc,TPE,17,0.9085500532481363,0.9126479233226836
B,Wine quality (Low),MDS,-,tnc,TPE,18,0.908386155484558,0.9126479233226836
B,Wine quality (Low),MDS,-,tnc,TPE,19,0.9085274760383387,0.9126479233226836
B,Wine quality (Low),MDS,-,tnc,TPE,20,0.9095238551650693,0.9126479233226836
B,Wine quality (Low),MDS,-,tnc,TPE,21,0.9074796592119276,0.9126479233226836
B,Wine quality (Low),MDS,-,tnc,TPE,22,0.9087250266240682,0.9126479233226836
B,Wine quality (Low),MDS,-,tnc,TPE,23,0.9076511182108626,0.9126479233226836
B,Wine quality (Low),MDS,-,tnc,TPE,24,0.9072512247071353,0.9126479233226836
B,Wine quality (Low),MDS,-,tnc,TPE,25,0.9102911608093716,0.9126479233226836
B,Wine quality (Low),MDS,-,tnc,TPE,26,0.91050202342918,0.9126479233226836
B,Wine quality (Low),MDS,-,tnc,TPE,27,0.9105335463258786,0.9126479233226836
B,Wine quality (Low),MDS,-,tnc,TPE,28,0.9090088391906284,0.9126479233226836
B,Wine quality (Low),MDS,-,tnc,TPE,29,0.9083335463258786,0.9126479233226836
B,Wine quality (Low),MDS,-,tnc,TPE,30,0.9099731629392971,0.9126479233226836
B,Wine quality (Low),MDS,-,tnc,TPE,31,0.9091883919062833,0.9126479233226836
B,Wine quality (Low),MDS,-,tnc,TPE,32,0.908574653887114,0.9126479233226836
B,Wine quality (Low),MDS,-,tnc,TPE,33,0.9090783812566561,0.9126479233226836
B,Wine quality (Low),MDS,-,tnc,TPE,34,0.9068630457933973,0.9126479233226836
B,Wine quality (Low),MDS,-,tnc,TPE,35,0.9075952076677316,0.9126479233226836
B,Wine quality (Low),MDS,-,tnc,TPE,36,0.9084718849840255,0.9126479233226836
B,Wine quality (Low),MDS,-,tnc,TPE,37,0.9093340788072417,0.9126479233226836
B,Wine quality (Low),MDS,-,tnc,TPE,38,0.9069176783812567,0.9126479233226836
B,Wine quality (Low),MDS,-,tnc,TPE,39,0.9074113951011715,0.9126479233226836
B,Wine quality (Low),MDS,-,tnc,TPE,40,0.9108269435569756,0.9126479233226836
B,Wine quality (Low),MDS,-,tnc,TPE,41,0.9096197018104366,0.9126479233226836
B,Wine quality (Low),MDS,-,tnc,TPE,42,0.9076543130990415,0.9126479233226836
B,Wine quality (Low),MDS,-,tnc,TPE,43,0.908782428115016,0.9126479233226836
B,Wine quality (Low),MDS,-,tnc,TPE,44,0.9112736954206603,0.9126479233226836
B,Wine quality (Low),MDS,-,tnc,TPE,45,0.9080984025559106,0.9126479233226836
B,Wine quality (Low),MDS,-,tnc,TPE,46,0.9097769968051118,0.9126479233226836
B,Wine quality (Low),MDS,-,tnc,TPE,47,0.9104842385516507,0.9126479233226836
B,Wine quality (Low),MDS,-,tnc,TPE,48,0.9081010649627264,0.9126479233226836
B,Wine quality (Low),MDS,-,tnc,TPE,49,0.9085633652822152,0.9126479233226836
B,Wine quality (Low),MDS,-,tnc,TPE,50,0.9087988285410011,0.9126479233226836
B,Wine quality (Low),MDS,-,tnc,TPE,51,0.9108529286474973,0.9126479233226836
B,Wine quality (Low),MDS,-,tnc,TPE,52,0.9087581469648562,0.9126479233226836
B,Wine quality (Low),MDS,-,tnc,TPE,53,0.9086179978700746,0.9126479233226836
B,Wine quality (Low),MDS,-,tnc,TPE,54,0.9092052183173589,0.9126479233226836
B,Wine quality (Low),MDS,-,tnc,TPE,55,0.9075076677316294,0.9126479233226836
B,Wine quality (Low),MDS,-,tnc,TPE,56,0.9070038338658146,0.9126479233226836
B,Wine quality (Low),MDS,-,tnc,TPE,57,0.9071843450479233,0.9126479233226836
B,Wine quality (Low),MDS,-,tnc,TPE,58,0.9084374866879659,0.9126479233226836
B,Wine quality (Low),MDS,-,tnc,TPE,59,0.9100476038338658,0.9126479233226836
B,Wine quality (Low),MDS,-,tnc,TPE,60,0.9092766773162939,0.9126479233226836
B,Wine quality (Low),MDS,-,tnc,TPE,61,0.9050932907348243,0.9126479233226836
B,Wine quality (Low),MDS,-,tnc,TPE,62,0.9083390841320553,0.9126479233226836
B,Wine quality (Low),MDS,-,tnc,TPE,63,0.9098455804046859,0.9126479233226836
B,Wine quality (Low),MDS,-,tnc,TPE,64,0.9081470713525027,0.9126479233226836
B,Wine quality (Low),MDS,-,tnc,TPE,65,0.9073189563365283,0.9126479233226836
B,Wine quality (Low),MDS,-,tnc,TPE,66,0.9081866879659212,0.9126479233226836
B,Wine quality (Low),MDS,-,tnc,TPE,67,0.9081007454739085,0.9126479233226836
B,Wine quality (Low),MDS,-,tnc,TPE,68,0.9114301384451544,0.9126479233226836
B,Wine quality (Low),MDS,-,tnc,TPE,69,0.9062806176783813,0.9126479233226836
B,Wine quality (Low),MDS,-,tnc,TPE,70,0.909970287539936,0.9126479233226836
B,Wine quality (Low),MDS,-,tnc,TPE,71,0.9105356762513312,0.9126479233226836
B,Wine quality (Low),MDS,-,tnc,TPE,72,0.9076775292864749,0.9126479233226836
B,Wine quality (Low),MDS,-,tnc,TPE,73,0.910005218317359,0.9126479233226836
B,Wine quality (Low),MDS,-,tnc,TPE,74,0.9077867944621938,0.9126479233226836
B,Wine quality (Low),MDS,-,tnc,TPE,75,0.910503727369542,0.9126479233226836
B,Wine quality (Low),MDS,-,tnc,TPE,76,0.9078239616613419,0.9126479233226836
B,Wine quality (Low),MDS,-,tnc,TPE,77,0.9077252396166136,0.9126479233226836
B,Wine quality (Low),MDS,-,tnc,TPE,78,0.9079663471778487,0.9126479233226836
B,Wine quality (Low),MDS,-,tnc,TPE,79,0.90725505857295,0.9126479233226836
B,Wine quality (Low),MDS,-,tnc,TPE,80,0.908020766773163,0.9126479233226836
B,Wine quality (Low),MDS,-,tnc,TPE,81,0.909319062832801,0.9126479233226836
B,Wine quality (Low),MDS,-,tnc,TPE,82,0.9082306709265175,0.9126479233226836
B,Wine quality (Low),MDS,-,tnc,TPE,83,0.9114176783812566,0.9126479233226836
B,Wine quality (Low),MDS,-,tnc,TPE,84,0.9086024494142705,0.9126479233226836
B,Wine quality (Low),MDS,-,tnc,TPE,85,0.9084332268370607,0.9126479233226836
B,Wine quality (Low),MDS,-,tnc,TPE,86,0.9053294994675187,0.9126479233226836
B,Wine quality (Low),MDS,-,tnc,TPE,87,0.9098394036208732,0.9126479233226836
B,Wine quality (Low),MDS,-,tnc,TPE,88,0.9095839190628328,0.9126479233226836
B,Wine quality (Low),MDS,-,tnc,TPE,89,0.9072899893503727,0.9126479233226836
B,Wine quality (Low),MDS,-,tnc,TPE,90,0.9084695420660278,0.9126479233226836
B,Wine quality (Low),MDS,-,tnc,TPE,91,0.9083329073482428,0.9126479233226836
B,Wine quality (Low),MDS,-,tnc,TPE,92,0.9075946751863685,0.9126479233226836
B,Wine quality (Low),MDS,-,tnc,TPE,93,0.9082338658146965,0.9126479233226836
B,Wine quality (Low),MDS,-,tnc,TPE,94,0.9113406815761449,0.9126479233226836
B,Wine quality (Low),MDS,-,tnc,TPE,95,0.9081242811501598,0.9126479233226836
B,Wine quality (Low),MDS,-,tnc,TPE,96,0.9049937167199149,0.9126479233226836
B,Wine quality (Low),MDS,-,tnc,TPE,97,0.9078320553780618,0.9126479233226836
B,Wine quality (Low),MDS,-,tnc,TPE,98,0.9073601703940362,0.9126479233226836
B,Wine quality (Low),MDS,-,tnc,TPE,99,0.9085455804046858,0.9126479233226836
B,Wine quality (Low),MDS,-,tnc,Random,0,0.9081602768903088,0.9081602768903088
B,Wine quality (Low),MDS,-,tnc,Random,1,0.9099843450479232,0.9099843450479232
B,Wine quality (Low),MDS,-,tnc,Random,2,0.9077534611288605,0.9099843450479232
B,Wine quality (Low),MDS,-,tnc,Random,3,0.9078318423855165,0.9099843450479232
B,Wine quality (Low),MDS,-,tnc,Random,4,0.9086888178913739,0.9099843450479232
B,Wine quality (Low),MDS,-,tnc,Random,5,0.90744898828541,0.9099843450479232
B,Wine quality (Low),MDS,-,tnc,Random,6,0.9111936102236422,0.9111936102236422
B,Wine quality (Low),MDS,-,tnc,Random,7,0.9103425985090521,0.9111936102236422
B,Wine quality (Low),MDS,-,tnc,Random,8,0.9068304579339724,0.9111936102236422
B,Wine quality (Low),MDS,-,tnc,Random,9,0.9090675186368476,0.9111936102236422
B,Wine quality (Low),MDS,-,tnc,Random,10,0.9093747603833866,0.9111936102236422
B,Wine quality (Low),MDS,-,tnc,Random,11,0.9065178913738019,0.9111936102236422
B,Wine quality (Low),MDS,-,tnc,Random,12,0.9078946751863686,0.9111936102236422
B,Wine quality (Low),MDS,-,tnc,Random,13,0.9080825346112886,0.9111936102236422
B,Wine quality (Low),MDS,-,tnc,Random,14,0.9078063897763579,0.9111936102236422
B,Wine quality (Low),MDS,-,tnc,Random,15,0.9068828541001065,0.9111936102236422
B,Wine quality (Low),MDS,-,tnc,Random,16,0.9084974440894569,0.9111936102236422
B,Wine quality (Low),MDS,-,tnc,Random,17,0.9071079872204473,0.9111936102236422
B,Wine quality (Low),MDS,-,tnc,Random,18,0.9107566560170393,0.9111936102236422
B,Wine quality (Low),MDS,-,tnc,Random,19,0.9084046858359958,0.9111936102236422
B,Wine quality (Low),MDS,-,tnc,Random,20,0.908327689030884,0.9111936102236422
B,Wine quality (Low),MDS,-,tnc,Random,21,0.9071144834930778,0.9111936102236422
B,Wine quality (Low),MDS,-,tnc,Random,22,0.9078597444089456,0.9111936102236422
B,Wine quality (Low),MDS,-,tnc,Random,23,0.9049287539936102,0.9111936102236422
B,Wine quality (Low),MDS,-,tnc,Random,24,0.910844089456869,0.9111936102236422
B,Wine quality (Low),MDS,-,tnc,Random,25,0.9099035143769968,0.9111936102236422
B,Wine quality (Low),MDS,-,tnc,Random,26,0.9054438764643238,0.9111936102236422
B,Wine quality (Low),MDS,-,tnc,Random,27,0.9097453674121405,0.9111936102236422
B,Wine quality (Low),MDS,-,tnc,Random,28,0.9080072417465389,0.9111936102236422
B,Wine quality (Low),MDS,-,tnc,Random,29,0.9106181043663473,0.9111936102236422
B,Wine quality (Low),MDS,-,tnc,Random,30,0.9058055378061769,0.9111936102236422
B,Wine quality (Low),MDS,-,tnc,Random,31,0.9080953141640042,0.9111936102236422
B,Wine quality (Low),MDS,-,tnc,Random,32,0.9078871139510117,0.9111936102236422
B,Wine quality (Low),MDS,-,tnc,Random,33,0.9080776357827476,0.9111936102236422
B,Wine quality (Low),MDS,-,tnc,Random,34,0.908765708200213,0.9111936102236422
B,Wine quality (Low),MDS,-,tnc,Random,35,0.9096757188498403,0.9111936102236422
B,Wine quality (Low),MDS,-,tnc,Random,36,0.9075185303514377,0.9111936102236422
B,Wine quality (Low),MDS,-,tnc,Random,37,0.9084043663471779,0.9111936102236422
B,Wine quality (Low),MDS,-,tnc,Random,38,0.9088116080937167,0.9111936102236422
B,Wine quality (Low),MDS,-,tnc,Random,39,0.9094194888178914,0.9111936102236422
B,Wine quality (Low),MDS,-,tnc,Random,40,0.9068529286474973,0.9111936102236422
B,Wine quality (Low),MDS,-,tnc,Random,41,0.9085953141640043,0.9111936102236422
B,Wine quality (Low),MDS,-,tnc,Random,42,0.9074318423855166,0.9111936102236422
B,Wine quality (Low),MDS,-,tnc,Random,43,0.9099661341853035,0.9111936102236422
B,Wine quality (Low),MDS,-,tnc,Random,44,0.9083517571884985,0.9111936102236422
B,Wine quality (Low),MDS,-,tnc,Random,45,0.9072572949946752,0.9111936102236422
B,Wine quality (Low),MDS,-,tnc,Random,46,0.9076001064962727,0.9111936102236422
B,Wine quality (Low),MDS,-,tnc,Random,47,0.9087778487752928,0.9111936102236422
B,Wine quality (Low),MDS,-,tnc,Random,48,0.911316400425985,0.911316400425985
B,Wine quality (Low),MDS,-,tnc,Random,49,0.9075323748668797,0.911316400425985
B,Wine quality (Low),MDS,-,tnc,Random,50,0.9082416400425986,0.911316400425985
B,Wine quality (Low),MDS,-,tnc,Random,51,0.9054116080937167,0.911316400425985
B,Wine quality (Low),MDS,-,tnc,Random,52,0.9084172523961662,0.911316400425985
B,Wine quality (Low),MDS,-,tnc,Random,53,0.9080822151224708,0.911316400425985
B,Wine quality (Low),MDS,-,tnc,Random,54,0.9071003194888179,0.911316400425985
B,Wine quality (Low),MDS,-,tnc,Random,55,0.9083250266240681,0.911316400425985
B,Wine quality (Low),MDS,-,tnc,Random,56,0.9074482428115016,0.911316400425985
B,Wine quality (Low),MDS,-,tnc,Random,57,0.9077236421725239,0.911316400425985
B,Wine quality (Low),MDS,-,tnc,Random,58,0.9105757188498403,0.911316400425985
B,Wine quality (Low),MDS,-,tnc,Random,59,0.9070965921192757,0.911316400425985
B,Wine quality (Low),MDS,-,tnc,Random,60,0.9089341853035144,0.911316400425985
B,Wine quality (Low),MDS,-,tnc,Random,61,0.9072103301384452,0.911316400425985
B,Wine quality (Low),MDS,-,tnc,Random,62,0.9086220447284346,0.911316400425985
B,Wine quality (Low),MDS,-,tnc,Random,63,0.907758785942492,0.911316400425985
B,Wine quality (Low),MDS,-,tnc,Random,64,0.906948136315229,0.911316400425985
B,Wine quality (Low),MDS,-,tnc,Random,65,0.9103720979765708,0.911316400425985
B,Wine quality (Low),MDS,-,tnc,Random,66,0.9082182108626199,0.911316400425985
B,Wine quality (Low),MDS,-,tnc,Random,67,0.9096495207667732,0.911316400425985
B,Wine quality (Low),MDS,-,tnc,Random,68,0.9083678381256655,0.911316400425985
B,Wine quality (Low),MDS,-,tnc,Random,69,0.9105068157614483,0.911316400425985
B,Wine quality (Low),MDS,-,tnc,Random,70,0.9072843450479233,0.911316400425985
B,Wine quality (Low),MDS,-,tnc,Random,71,0.9071869009584665,0.911316400425985
B,Wine quality (Low),MDS,-,tnc,Random,72,0.9058416400425986,0.911316400425985
B,Wine quality (Low),MDS,-,tnc,Random,73,0.9092021299254527,0.911316400425985
B,Wine quality (Low),MDS,-,tnc,Random,74,0.9074267305644301,0.911316400425985
B,Wine quality (Low),MDS,-,tnc,Random,75,0.9076347177848776,0.911316400425985
B,Wine quality (Low),MDS,-,tnc,Random,76,0.9089335463258785,0.911316400425985
B,Wine quality (Low),MDS,-,tnc,Random,77,0.9077073482428114,0.911316400425985
B,Wine quality (Low),MDS,-,tnc,Random,78,0.9087353567625134,0.911316400425985
B,Wine quality (Low),MDS,-,tnc,Random,79,0.9079471778487753,0.911316400425985
B,Wine quality (Low),MDS,-,tnc,Random,80,0.9092381256656017,0.911316400425985
B,Wine quality (Low),MDS,-,tnc,Random,81,0.9099811501597443,0.911316400425985
B,Wine quality (Low),MDS,-,tnc,Random,82,0.9044453674121407,0.911316400425985
B,Wine quality (Low),MDS,-,tnc,Random,83,0.9098482428115016,0.911316400425985
B,Wine quality (Low),MDS,-,tnc,Random,84,0.9079268370607029,0.911316400425985
B,Wine quality (Low),MDS,-,tnc,Random,85,0.9091247071352502,0.911316400425985
B,Wine quality (Low),MDS,-,tnc,Random,86,0.9094683706070288,0.911316400425985
B,Wine quality (Low),MDS,-,tnc,Random,87,0.9097581469648561,0.911316400425985
B,Wine quality (Low),MDS,-,tnc,Random,88,0.9081859424920128,0.911316400425985
B,Wine quality (Low),MDS,-,tnc,Random,89,0.9073878594249202,0.911316400425985
B,Wine quality (Low),MDS,-,tnc,Random,90,0.9084597444089456,0.911316400425985
B,Wine quality (Low),MDS,-,tnc,Random,91,0.9088135250266242,0.911316400425985
B,Wine quality (Low),MDS,-,tnc,Random,92,0.9088432374866879,0.911316400425985
B,Wine quality (Low),MDS,-,tnc,Random,93,0.9070013844515443,0.911316400425985
B,Wine quality (Low),MDS,-,tnc,Random,94,0.9087796592119276,0.911316400425985
B,Wine quality (Low),MDS,-,tnc,Random,95,0.906160489882854,0.911316400425985
B,Wine quality (Low),MDS,-,tnc,Random,96,0.9082336528221513,0.911316400425985
B,Wine quality (Low),MDS,-,tnc,Random,97,0.9097894568690097,0.911316400425985
B,Wine quality (Low),MDS,-,tnc,Random,98,0.9090036208732694,0.911316400425985
B,Wine quality (Low),MDS,-,tnc,Random,99,0.9046730564430245,0.911316400425985
B,Digits (Low),UMAP,-,tnc,TPE,0,0.9449647497337593,0.9449647497337593
B,Digits (Low),UMAP,-,tnc,TPE,1,0.9401651757188498,0.9449647497337593
B,Digits (Low),UMAP,-,tnc,TPE,2,0.9396686900958466,0.9449647497337593
B,Digits (Low),UMAP,-,tnc,TPE,3,0.9353802981895634,0.9449647497337593
B,Digits (Low),UMAP,-,tnc,TPE,4,0.9442793397231097,0.9449647497337593
B,Digits (Low),UMAP,-,tnc,TPE,5,0.9319642172523961,0.9449647497337593
B,Digits (Low),UMAP,-,tnc,TPE,6,0.9444479233226837,0.9449647497337593
B,Digits (Low),UMAP,-,tnc,TPE,7,0.9394822151224709,0.9449647497337593
B,Digits (Low),UMAP,-,tnc,TPE,8,0.9443823216187434,0.9449647497337593
B,Digits (Low),UMAP,-,tnc,TPE,9,0.9392030883919062,0.9449647497337593
B,Digits (Low),UMAP,-,tnc,TPE,10,0.9426640042598509,0.9449647497337593
B,Digits (Low),UMAP,-,tnc,TPE,11,0.9434994675186368,0.9449647497337593
B,Digits (Low),UMAP,-,tnc,TPE,12,0.9454269435569755,0.9454269435569755
B,Digits (Low),UMAP,-,tnc,TPE,13,0.9455667731629394,0.9455667731629394
B,Digits (Low),UMAP,-,tnc,TPE,14,0.9465353567625134,0.9465353567625134
B,Digits (Low),UMAP,-,tnc,TPE,15,0.9447326943556975,0.9465353567625134
B,Digits (Low),UMAP,-,tnc,TPE,16,0.9458614483493077,0.9465353567625134
B,Digits (Low),UMAP,-,tnc,TPE,17,0.9439406815761449,0.9465353567625134
B,Digits (Low),UMAP,-,tnc,TPE,18,0.9448137380191693,0.9465353567625134
B,Digits (Low),UMAP,-,tnc,TPE,19,0.944972310969116,0.9465353567625134
B,Digits (Low),UMAP,-,tnc,TPE,20,0.943849840255591,0.9465353567625134
B,Digits (Low),UMAP,-,tnc,TPE,21,0.9420418530351439,0.9465353567625134
B,Digits (Low),UMAP,-,tnc,TPE,22,0.9404944621938232,0.9465353567625134
B,Digits (Low),UMAP,-,tnc,TPE,23,0.9463757188498403,0.9465353567625134
B,Digits (Low),UMAP,-,tnc,TPE,24,0.9443625133120341,0.9465353567625134
B,Digits (Low),UMAP,-,tnc,TPE,25,0.9461375931842386,0.9465353567625134
B,Digits (Low),UMAP,-,tnc,TPE,26,0.9444084132055378,0.9465353567625134
B,Digits (Low),UMAP,-,tnc,TPE,27,0.9447667731629392,0.9465353567625134
B,Digits (Low),UMAP,-,tnc,TPE,28,0.9445407880724175,0.9465353567625134
B,Digits (Low),UMAP,-,tnc,TPE,29,0.9462949946751864,0.9465353567625134
B,Digits (Low),UMAP,-,tnc,TPE,30,0.9461132055378061,0.9465353567625134
B,Digits (Low),UMAP,-,tnc,TPE,31,0.9423487752928648,0.9465353567625134
B,Digits (Low),UMAP,-,tnc,TPE,32,0.9363729499467519,0.9465353567625134
B,Digits (Low),UMAP,-,tnc,TPE,33,0.9446218317358892,0.9465353567625134
B,Digits (Low),UMAP,-,tnc,TPE,34,0.935893077742279,0.9465353567625134
B,Digits (Low),UMAP,-,tnc,TPE,35,0.9443264110756123,0.9465353567625134
B,Digits (Low),UMAP,-,tnc,TPE,36,0.9441633652822151,0.9465353567625134
B,Digits (Low),UMAP,-,tnc,TPE,37,0.9408959531416401,0.9465353567625134
B,Digits (Low),UMAP,-,tnc,TPE,38,0.9376943556975506,0.9465353567625134
B,Digits (Low),UMAP,-,tnc,TPE,39,0.9486093716719914,0.9486093716719914
B,Digits (Low),UMAP,-,tnc,TPE,40,0.9465198083067092,0.9486093716719914
B,Digits (Low),UMAP,-,tnc,TPE,41,0.9450558040468584,0.9486093716719914
B,Digits (Low),UMAP,-,tnc,TPE,42,0.9444888178913738,0.9486093716719914
B,Digits (Low),UMAP,-,tnc,TPE,43,0.9455268370607028,0.9486093716719914
B,Digits (Low),UMAP,-,tnc,TPE,44,0.9456291799787007,0.9486093716719914
B,Digits (Low),UMAP,-,tnc,TPE,45,0.9378581469648561,0.9486093716719914
B,Digits (Low),UMAP,-,tnc,TPE,46,0.9438104366347178,0.9486093716719914
B,Digits (Low),UMAP,-,tnc,TPE,47,0.9434029818956338,0.9486093716719914
B,Digits (Low),UMAP,-,tnc,TPE,48,0.9455720979765708,0.9486093716719914
B,Digits (Low),UMAP,-,tnc,TPE,49,0.9390027689030884,0.9486093716719914
B,Digits (Low),UMAP,-,tnc,TPE,50,0.941967412140575,0.9486093716719914
B,Digits (Low),UMAP,-,tnc,TPE,51,0.9389556975505857,0.9486093716719914
B,Digits (Low),UMAP,-,tnc,TPE,52,0.9431182108626198,0.9486093716719914
B,Digits (Low),UMAP,-,tnc,TPE,53,0.9438699680511182,0.9486093716719914
B,Digits (Low),UMAP,-,tnc,TPE,54,0.9430369542066028,0.9486093716719914
B,Digits (Low),UMAP,-,tnc,TPE,55,0.9436345047923322,0.9486093716719914
B,Digits (Low),UMAP,-,tnc,TPE,56,0.944852183173589,0.9486093716719914
B,Digits (Low),UMAP,-,tnc,TPE,57,0.9445019169329074,0.9486093716719914
B,Digits (Low),UMAP,-,tnc,TPE,58,0.9428888178913738,0.9486093716719914
B,Digits (Low),UMAP,-,tnc,TPE,59,0.9437150159744409,0.9486093716719914
B,Digits (Low),UMAP,-,tnc,TPE,60,0.9459441959531416,0.9486093716719914
B,Digits (Low),UMAP,-,tnc,TPE,61,0.9454486687965922,0.9486093716719914
B,Digits (Low),UMAP,-,tnc,TPE,62,0.9428762513312035,0.9486093716719914
B,Digits (Low),UMAP,-,tnc,TPE,63,0.9447780617678381,0.9486093716719914
B,Digits (Low),UMAP,-,tnc,TPE,64,0.9442358892438765,0.9486093716719914
B,Digits (Low),UMAP,-,tnc,TPE,65,0.9404354632587859,0.9486093716719914
B,Digits (Low),UMAP,-,tnc,TPE,66,0.9387100106496272,0.9486093716719914
B,Digits (Low),UMAP,-,tnc,TPE,67,0.9381691160809371,0.9486093716719914
B,Digits (Low),UMAP,-,tnc,TPE,68,0.9375882854100107,0.9486093716719914
B,Digits (Low),UMAP,-,tnc,TPE,69,0.9445650692225772,0.9486093716719914
B,Digits (Low),UMAP,-,tnc,TPE,70,0.9435507987220448,0.9486093716719914
B,Digits (Low),UMAP,-,tnc,TPE,71,0.9456328008519702,0.9486093716719914
B,Digits (Low),UMAP,-,tnc,TPE,72,0.9408517571884983,0.9486093716719914
B,Digits (Low),UMAP,-,tnc,TPE,73,0.944533439829606,0.9486093716719914
B,Digits (Low),UMAP,-,tnc,TPE,74,0.9448903088391907,0.9486093716719914
B,Digits (Low),UMAP,-,tnc,TPE,75,0.9461713525026624,0.9486093716719914
B,Digits (Low),UMAP,-,tnc,TPE,76,0.9424903088391906,0.9486093716719914
B,Digits (Low),UMAP,-,tnc,TPE,77,0.9430631522896699,0.9486093716719914
B,Digits (Low),UMAP,-,tnc,TPE,78,0.944387326943557,0.9486093716719914
B,Digits (Low),UMAP,-,tnc,TPE,79,0.9453973375931842,0.9486093716719914
B,Digits (Low),UMAP,-,tnc,TPE,80,0.9458993610223643,0.9486093716719914
B,Digits (Low),UMAP,-,tnc,TPE,81,0.9437005324813632,0.9486093716719914
B,Digits (Low),UMAP,-,tnc,TPE,82,0.9459953141640043,0.9486093716719914
B,Digits (Low),UMAP,-,tnc,TPE,83,0.944730564430245,0.9486093716719914
B,Digits (Low),UMAP,-,tnc,TPE,84,0.9428782747603834,0.9486093716719914
B,Digits (Low),UMAP,-,tnc,TPE,85,0.945889030883919,0.9486093716719914
B,Digits (Low),UMAP,-,tnc,TPE,86,0.9437761448349307,0.9486093716719914
B,Digits (Low),UMAP,-,tnc,TPE,87,0.943651863684771,0.9486093716719914
B,Digits (Low),UMAP,-,tnc,TPE,88,0.9400777422790203,0.9486093716719914
B,Digits (Low),UMAP,-,tnc,TPE,89,0.943431416400426,0.9486093716719914
B,Digits (Low),UMAP,-,tnc,TPE,90,0.9451197018104367,0.9486093716719914
B,Digits (Low),UMAP,-,tnc,TPE,91,0.9463003194888179,0.9486093716719914
B,Digits (Low),UMAP,-,tnc,TPE,92,0.9453254526091588,0.9486093716719914
B,Digits (Low),UMAP,-,tnc,TPE,93,0.9450703940362087,0.9486093716719914
B,Digits (Low),UMAP,-,tnc,TPE,94,0.9442511182108626,0.9486093716719914
B,Digits (Low),UMAP,-,tnc,TPE,95,0.9458480298189563,0.9486093716719914
B,Digits (Low),UMAP,-,tnc,TPE,96,0.9446915867944622,0.9486093716719914
B,Digits (Low),UMAP,-,tnc,TPE,97,0.9453429179978701,0.9486093716719914
B,Digits (Low),UMAP,-,tnc,TPE,98,0.9433822151224707,0.9486093716719914
B,Digits (Low),UMAP,-,tnc,TPE,99,0.9401966986155486,0.9486093716719914
B,Digits (Low),UMAP,-,tnc,Random,0,0.9441602768903088,0.9441602768903088
B,Digits (Low),UMAP,-,tnc,Random,1,0.9427370607028754,0.9441602768903088
B,Digits (Low),UMAP,-,tnc,Random,2,0.9359798722044729,0.9441602768903088
B,Digits (Low),UMAP,-,tnc,Random,3,0.9307050053248136,0.9441602768903088
B,Digits (Low),UMAP,-,tnc,Random,4,0.9449927582534611,0.9449927582534611
B,Digits (Low),UMAP,-,tnc,Random,5,0.9275422790202341,0.9449927582534611
B,Digits (Low),UMAP,-,tnc,Random,6,0.9456686900958466,0.9456686900958466
B,Digits (Low),UMAP,-,tnc,Random,7,0.9393758253461129,0.9456686900958466
B,Digits (Low),UMAP,-,tnc,Random,8,0.9460372736954206,0.9460372736954206
B,Digits (Low),UMAP,-,tnc,Random,9,0.9460452609158679,0.9460452609158679
B,Digits (Low),UMAP,-,tnc,Random,10,0.938303194888179,0.9460452609158679
B,Digits (Low),UMAP,-,tnc,Random,11,0.9427742279020235,0.9460452609158679
B,Digits (Low),UMAP,-,tnc,Random,12,0.9451398296059639,0.9460452609158679
B,Digits (Low),UMAP,-,tnc,Random,13,0.9432555910543132,0.9460452609158679
B,Digits (Low),UMAP,-,tnc,Random,14,0.9428526091586794,0.9460452609158679
B,Digits (Low),UMAP,-,tnc,Random,15,0.938289350372737,0.9460452609158679
B,Digits (Low),UMAP,-,tnc,Random,16,0.9344010649627263,0.9460452609158679
B,Digits (Low),UMAP,-,tnc,Random,17,0.9380217252396166,0.9460452609158679
B,Digits (Low),UMAP,-,tnc,Random,18,0.9449127795527157,0.9460452609158679
B,Digits (Low),UMAP,-,tnc,Random,19,0.9465111821086262,0.9465111821086262
B,Digits (Low),UMAP,-,tnc,Random,20,0.9359026624068156,0.9465111821086262
B,Digits (Low),UMAP,-,tnc,Random,21,0.9317683706070288,0.9465111821086262
B,Digits (Low),UMAP,-,tnc,Random,22,0.9427279020234292,0.9465111821086262
B,Digits (Low),UMAP,-,tnc,Random,23,0.9443008519701811,0.9465111821086262
B,Digits (Low),UMAP,-,tnc,Random,24,0.939531416400426,0.9465111821086262
B,Digits (Low),UMAP,-,tnc,Random,25,0.9434329073482428,0.9465111821086262
B,Digits (Low),UMAP,-,tnc,Random,26,0.9434733759318423,0.9465111821086262
B,Digits (Low),UMAP,-,tnc,Random,27,0.9447405750798723,0.9465111821086262
B,Digits (Low),UMAP,-,tnc,Random,28,0.9352989350372738,0.9465111821086262
B,Digits (Low),UMAP,-,tnc,Random,29,0.9335431309904153,0.9465111821086262
B,Digits (Low),UMAP,-,tnc,Random,30,0.943089669861555,0.9465111821086262
B,Digits (Low),UMAP,-,tnc,Random,31,0.9456399361022364,0.9465111821086262
B,Digits (Low),UMAP,-,tnc,Random,32,0.9427143769968052,0.9465111821086262
B,Digits (Low),UMAP,-,tnc,Random,33,0.9420001064962726,0.9465111821086262
B,Digits (Low),UMAP,-,tnc,Random,34,0.9395026624068158,0.9465111821086262
B,Digits (Low),UMAP,-,tnc,Random,35,0.9446833865814697,0.9465111821086262
B,Digits (Low),UMAP,-,tnc,Random,36,0.923130244941427,0.9465111821086262
B,Digits (Low),UMAP,-,tnc,Random,37,0.9449838125665602,0.9465111821086262
B,Digits (Low),UMAP,-,tnc,Random,38,0.9450145899893504,0.9465111821086262
B,Digits (Low),UMAP,-,tnc,Random,39,0.9449673056443024,0.9465111821086262
B,Digits (Low),UMAP,-,tnc,Random,40,0.9465832800851971,0.9465832800851971
B,Digits (Low),UMAP,-,tnc,Random,41,0.9445058572949946,0.9465832800851971
B,Digits (Low),UMAP,-,tnc,Random,42,0.9436378061767838,0.9465832800851971
B,Digits (Low),UMAP,-,tnc,Random,43,0.9388975505857295,0.9465832800851971
B,Digits (Low),UMAP,-,tnc,Random,44,0.9454759318423855,0.9465832800851971
B,Digits (Low),UMAP,-,tnc,Random,45,0.9378202342917998,0.9465832800851971
B,Digits (Low),UMAP,-,tnc,Random,46,0.9479058572949947,0.9479058572949947
B,Digits (Low),UMAP,-,tnc,Random,47,0.9454995740149095,0.9479058572949947
B,Digits (Low),UMAP,-,tnc,Random,48,0.9456202342917998,0.9479058572949947
B,Digits (Low),UMAP,-,tnc,Random,49,0.9321391906283281,0.9479058572949947
B,Digits (Low),UMAP,-,tnc,Random,50,0.9358965921192758,0.9479058572949947
B,Digits (Low),UMAP,-,tnc,Random,51,0.945236634717785,0.9479058572949947
B,Digits (Low),UMAP,-,tnc,Random,52,0.9464817891373802,0.9479058572949947
B,Digits (Low),UMAP,-,tnc,Random,53,0.945176357827476,0.9479058572949947
B,Digits (Low),UMAP,-,tnc,Random,54,0.9402271565495208,0.9479058572949947
B,Digits (Low),UMAP,-,tnc,Random,55,0.9426160809371672,0.9479058572949947
B,Digits (Low),UMAP,-,tnc,Random,56,0.9438246006389776,0.9479058572949947
B,Digits (Low),UMAP,-,tnc,Random,57,0.9457945686900957,0.9479058572949947
B,Digits (Low),UMAP,-,tnc,Random,58,0.9456995740149094,0.9479058572949947
B,Digits (Low),UMAP,-,tnc,Random,59,0.9457896698615549,0.9479058572949947
B,Digits (Low),UMAP,-,tnc,Random,60,0.9439695420660278,0.9479058572949947
B,Digits (Low),UMAP,-,tnc,Random,61,0.9415686900958466,0.9479058572949947
B,Digits (Low),UMAP,-,tnc,Random,62,0.9446100106496272,0.9479058572949947
B,Digits (Low),UMAP,-,tnc,Random,63,0.9447631522896698,0.9479058572949947
B,Digits (Low),UMAP,-,tnc,Random,64,0.9267544195953141,0.9479058572949947
B,Digits (Low),UMAP,-,tnc,Random,65,0.9438452609158678,0.9479058572949947
B,Digits (Low),UMAP,-,tnc,Random,66,0.9362427050053248,0.9479058572949947
B,Digits (Low),UMAP,-,tnc,Random,67,0.9463874334398297,0.9479058572949947
B,Digits (Low),UMAP,-,tnc,Random,68,0.9384502662406816,0.9479058572949947
B,Digits (Low),UMAP,-,tnc,Random,69,0.9446341853035144,0.9479058572949947
B,Digits (Low),UMAP,-,tnc,Random,70,0.9449886048988285,0.9479058572949947
B,Digits (Low),UMAP,-,tnc,Random,71,0.9465973375931842,0.9479058572949947
B,Digits (Low),UMAP,-,tnc,Random,72,0.9417527156549521,0.9479058572949947
B,Digits (Low),UMAP,-,tnc,Random,73,0.9454996805111822,0.9479058572949947
B,Digits (Low),UMAP,-,tnc,Random,74,0.9295693290734824,0.9479058572949947
B,Digits (Low),UMAP,-,tnc,Random,75,0.9454173588924387,0.9479058572949947
B,Digits (Low),UMAP,-,tnc,Random,76,0.93955101171459,0.9479058572949947
B,Digits (Low),UMAP,-,tnc,Random,77,0.9456850905218317,0.9479058572949947
B,Digits (Low),UMAP,-,tnc,Random,78,0.9447535676251332,0.9479058572949947
B,Digits (Low),UMAP,-,tnc,Random,79,0.9456421725239617,0.9479058572949947
B,Digits (Low),UMAP,-,tnc,Random,80,0.9452964856230032,0.9479058572949947
B,Digits (Low),UMAP,-,tnc,Random,81,0.9459006389776359,0.9479058572949947
B,Digits (Low),UMAP,-,tnc,Random,82,0.9374221512247072,0.9479058572949947
B,Digits (Low),UMAP,-,tnc,Random,83,0.9394569755058573,0.9479058572949947
B,Digits (Low),UMAP,-,tnc,Random,84,0.9352406815761448,0.9479058572949947
B,Digits (Low),UMAP,-,tnc,Random,85,0.9414392971246006,0.9479058572949947
B,Digits (Low),UMAP,-,tnc,Random,86,0.9418384451544195,0.9479058572949947
B,Digits (Low),UMAP,-,tnc,Random,87,0.9453500532481364,0.9479058572949947
B,Digits (Low),UMAP,-,tnc,Random,88,0.9452239616613418,0.9479058572949947
B,Digits (Low),UMAP,-,tnc,Random,89,0.9454043663471778,0.9479058572949947
B,Digits (Low),UMAP,-,tnc,Random,90,0.9445086261980831,0.9479058572949947
B,Digits (Low),UMAP,-,tnc,Random,91,0.9442341853035143,0.9479058572949947
B,Digits (Low),UMAP,-,tnc,Random,92,0.9443800851970181,0.9479058572949947
B,Digits (Low),UMAP,-,tnc,Random,93,0.9413648562300319,0.9479058572949947
B,Digits (Low),UMAP,-,tnc,Random,94,0.9436725239616613,0.9479058572949947
B,Digits (Low),UMAP,-,tnc,Random,95,0.9355687965921193,0.9479058572949947
B,Digits (Low),UMAP,-,tnc,Random,96,0.9394041533546327,0.9479058572949947
B,Digits (Low),UMAP,-,tnc,Random,97,0.9432996805111822,0.9479058572949947
B,Digits (Low),UMAP,-,tnc,Random,98,0.9435172523961661,0.9479058572949947
B,Digits (Low),UMAP,-,tnc,Random,99,0.9449166134185303,0.9479058572949947
B,Digits (Low),t-SNE,-,tnc,TPE,0,0.9403979765708199,0.9403979765708199
B,Digits (Low),t-SNE,-,tnc,TPE,1,0.9320571884984026,0.9403979765708199
B,Digits (Low),t-SNE,-,tnc,TPE,2,0.9430478168264111,0.9430478168264111
B,Digits (Low),t-SNE,-,tnc,TPE,3,0.9340021299254526,0.9430478168264111
B,Digits (Low),t-SNE,-,tnc,TPE,4,0.9422505857294995,0.9430478168264111
B,Digits (Low),t-SNE,-,tnc,TPE,5,0.928289350372737,0.9430478168264111
B,Digits (Low),t-SNE,-,tnc,TPE,6,0.934202875399361,0.9430478168264111
B,Digits (Low),t-SNE,-,tnc,TPE,7,0.9453232161874334,0.9453232161874334
B,Digits (Low),t-SNE,-,tnc,TPE,8,0.9382402555910543,0.9453232161874334
B,Digits (Low),t-SNE,-,tnc,TPE,9,0.940744089456869,0.9453232161874334
B,Digits (Low),t-SNE,-,tnc,TPE,10,0.9429240681576145,0.9453232161874334
B,Digits (Low),t-SNE,-,tnc,TPE,11,0.9453447284345049,0.9453447284345049
B,Digits (Low),t-SNE,-,tnc,TPE,12,0.9433776357827477,0.9453447284345049
B,Digits (Low),t-SNE,-,tnc,TPE,13,0.9410646432374867,0.9453447284345049
B,Digits (Low),t-SNE,-,tnc,TPE,14,0.9445029818956336,0.9453447284345049
B,Digits (Low),t-SNE,-,tnc,TPE,15,0.9445669861554846,0.9453447284345049
B,Digits (Low),t-SNE,-,tnc,TPE,16,0.9415788072417466,0.9453447284345049
B,Digits (Low),t-SNE,-,tnc,TPE,17,0.9417105431309905,0.9453447284345049
B,Digits (Low),t-SNE,-,tnc,TPE,18,0.9400392971246008,0.9453447284345049
B,Digits (Low),t-SNE,-,tnc,TPE,19,0.940253887113951,0.9453447284345049
B,Digits (Low),t-SNE,-,tnc,TPE,20,0.9423183173588925,0.9453447284345049
B,Digits (Low),t-SNE,-,tnc,TPE,21,0.9411848775292866,0.9453447284345049
B,Digits (Low),t-SNE,-,tnc,TPE,22,0.9436539936102236,0.9453447284345049
B,Digits (Low),t-SNE,-,tnc,TPE,23,0.943891373801917,0.9453447284345049
B,Digits (Low),t-SNE,-,tnc,TPE,24,0.9426365282215121,0.9453447284345049
B,Digits (Low),t-SNE,-,tnc,TPE,25,0.9242768903088392,0.9453447284345049
B,Digits (Low),t-SNE,-,tnc,TPE,26,0.9469345047923322,0.9469345047923322
B,Digits (Low),t-SNE,-,tnc,TPE,27,0.9395707135250266,0.9469345047923322
B,Digits (Low),t-SNE,-,tnc,TPE,28,0.9397788072417466,0.9469345047923322
B,Digits (Low),t-SNE,-,tnc,TPE,29,0.9379257720979766,0.9469345047923322
B,Digits (Low),t-SNE,-,tnc,TPE,30,0.9435595314164005,0.9469345047923322
B,Digits (Low),t-SNE,-,tnc,TPE,31,0.9449996805111822,0.9469345047923322
B,Digits (Low),t-SNE,-,tnc,TPE,32,0.9433164004259851,0.9469345047923322
B,Digits (Low),t-SNE,-,tnc,TPE,33,0.9473831735889244,0.9473831735889244
B,Digits (Low),t-SNE,-,tnc,TPE,34,0.9403091586794462,0.9473831735889244
B,Digits (Low),t-SNE,-,tnc,TPE,35,0.9439127795527157,0.9473831735889244
B,Digits (Low),t-SNE,-,tnc,TPE,36,0.9438202342917997,0.9473831735889244
B,Digits (Low),t-SNE,-,tnc,TPE,37,0.9423522896698615,0.9473831735889244
B,Digits (Low),t-SNE,-,tnc,TPE,38,0.9337228966986156,0.9473831735889244
B,Digits (Low),t-SNE,-,tnc,TPE,39,0.942195101171459,0.9473831735889244
B,Digits (Low),t-SNE,-,tnc,TPE,40,0.9371730564430245,0.9473831735889244
B,Digits (Low),t-SNE,-,tnc,TPE,41,0.947078381256656,0.9473831735889244
B,Digits (Low),t-SNE,-,tnc,TPE,42,0.9371139510117146,0.9473831735889244
B,Digits (Low),t-SNE,-,tnc,TPE,43,0.9409176783812567,0.9473831735889244
B,Digits (Low),t-SNE,-,tnc,TPE,44,0.9436394036208733,0.9473831735889244
B,Digits (Low),t-SNE,-,tnc,TPE,45,0.9427747603833866,0.9473831735889244
B,Digits (Low),t-SNE,-,tnc,TPE,46,0.9422319488817892,0.9473831735889244
B,Digits (Low),t-SNE,-,tnc,TPE,47,0.939909478168264,0.9473831735889244
B,Digits (Low),t-SNE,-,tnc,TPE,48,0.9451283280085196,0.9473831735889244
B,Digits (Low),t-SNE,-,tnc,TPE,49,0.9423673056443025,0.9473831735889244
B,Digits (Low),t-SNE,-,tnc,TPE,50,0.9484107561235356,0.9484107561235356
B,Digits (Low),t-SNE,-,tnc,TPE,51,0.9469464323748669,0.9484107561235356
B,Digits (Low),t-SNE,-,tnc,TPE,52,0.9462337593184238,0.9484107561235356
B,Digits (Low),t-SNE,-,tnc,TPE,53,0.9419600638977637,0.9484107561235356
B,Digits (Low),t-SNE,-,tnc,TPE,54,0.9459200212992546,0.9484107561235356
B,Digits (Low),t-SNE,-,tnc,TPE,55,0.9454290734824282,0.9484107561235356
B,Digits (Low),t-SNE,-,tnc,TPE,56,0.9474682641107561,0.9484107561235356
B,Digits (Low),t-SNE,-,tnc,TPE,57,0.9459548455804047,0.9484107561235356
B,Digits (Low),t-SNE,-,tnc,TPE,58,0.9464070287539936,0.9484107561235356
B,Digits (Low),t-SNE,-,tnc,TPE,59,0.9460958466453675,0.9484107561235356
B,Digits (Low),t-SNE,-,tnc,TPE,60,0.9430059637912673,0.9484107561235356
B,Digits (Low),t-SNE,-,tnc,TPE,61,0.9386647497337595,0.9484107561235356
B,Digits (Low),t-SNE,-,tnc,TPE,62,0.9452986155484557,0.9484107561235356
B,Digits (Low),t-SNE,-,tnc,TPE,63,0.9420192758253461,0.9484107561235356
B,Digits (Low),t-SNE,-,tnc,TPE,64,0.9461545260915869,0.9484107561235356
B,Digits (Low),t-SNE,-,tnc,TPE,65,0.9469291799787007,0.9484107561235356
B,Digits (Low),t-SNE,-,tnc,TPE,66,0.9439043663471778,0.9484107561235356
B,Digits (Low),t-SNE,-,tnc,TPE,67,0.9467593184238552,0.9484107561235356
B,Digits (Low),t-SNE,-,tnc,TPE,68,0.9419719914802981,0.9484107561235356
B,Digits (Low),t-SNE,-,tnc,TPE,69,0.9432449414270501,0.9484107561235356
B,Digits (Low),t-SNE,-,tnc,TPE,70,0.9439054313099042,0.9484107561235356
B,Digits (Low),t-SNE,-,tnc,TPE,71,0.9463866879659212,0.9484107561235356
B,Digits (Low),t-SNE,-,tnc,TPE,72,0.945575505857295,0.9484107561235356
B,Digits (Low),t-SNE,-,tnc,TPE,73,0.9444385516506922,0.9484107561235356
B,Digits (Low),t-SNE,-,tnc,TPE,74,0.9413666666666667,0.9484107561235356
B,Digits (Low),t-SNE,-,tnc,TPE,75,0.9414905218317359,0.9484107561235356
B,Digits (Low),t-SNE,-,tnc,TPE,76,0.9436847710330138,0.9484107561235356
B,Digits (Low),t-SNE,-,tnc,TPE,77,0.9381041533546326,0.9484107561235356
B,Digits (Low),t-SNE,-,tnc,TPE,78,0.9416173588924388,0.9484107561235356
B,Digits (Low),t-SNE,-,tnc,TPE,79,0.9414593184238551,0.9484107561235356
B,Digits (Low),t-SNE,-,tnc,TPE,80,0.9460743343982961,0.9484107561235356
B,Digits (Low),t-SNE,-,tnc,TPE,81,0.9454638977635783,0.9484107561235356
B,Digits (Low),t-SNE,-,tnc,TPE,82,0.9442899893503728,0.9484107561235356
B,Digits (Low),t-SNE,-,tnc,TPE,83,0.9463626198083067,0.9484107561235356
B,Digits (Low),t-SNE,-,tnc,TPE,84,0.9402128860489882,0.9484107561235356
B,Digits (Low),t-SNE,-,tnc,TPE,85,0.9475675186368477,0.9484107561235356
B,Digits (Low),t-SNE,-,tnc,TPE,86,0.9438450479233227,0.9484107561235356
B,Digits (Low),t-SNE,-,tnc,TPE,87,0.9479794462193823,0.9484107561235356
B,Digits (Low),t-SNE,-,tnc,TPE,88,0.9423574014909478,0.9484107561235356
B,Digits (Low),t-SNE,-,tnc,TPE,89,0.9432794462193823,0.9484107561235356
B,Digits (Low),t-SNE,-,tnc,TPE,90,0.9409700745473908,0.9484107561235356
B,Digits (Low),t-SNE,-,tnc,TPE,91,0.9471998935037274,0.9484107561235356
B,Digits (Low),t-SNE,-,tnc,TPE,92,0.9421851970181043,0.9484107561235356
B,Digits (Low),t-SNE,-,tnc,TPE,93,0.945181256656017,0.9484107561235356
B,Digits (Low),t-SNE,-,tnc,TPE,94,0.9411769968051118,0.9484107561235356
B,Digits (Low),t-SNE,-,tnc,TPE,95,0.9443616613418531,0.9484107561235356
B,Digits (Low),t-SNE,-,tnc,TPE,96,0.9441251331203409,0.9484107561235356
B,Digits (Low),t-SNE,-,tnc,TPE,97,0.9442100106496273,0.9484107561235356
B,Digits (Low),t-SNE,-,tnc,TPE,98,0.9468470713525028,0.9484107561235356
B,Digits (Low),t-SNE,-,tnc,TPE,99,0.9463283280085197,0.9484107561235356
B,Digits (Low),t-SNE,-,tnc,Random,0,0.9403979765708199,0.9403979765708199
B,Digits (Low),t-SNE,-,tnc,Random,1,0.9320571884984026,0.9403979765708199
B,Digits (Low),t-SNE,-,tnc,Random,2,0.9430478168264111,0.9430478168264111
B,Digits (Low),t-SNE,-,tnc,Random,3,0.9340021299254526,0.9430478168264111
B,Digits (Low),t-SNE,-,tnc,Random,4,0.9422505857294995,0.9430478168264111
B,Digits (Low),t-SNE,-,tnc,Random,5,0.928289350372737,0.9430478168264111
B,Digits (Low),t-SNE,-,tnc,Random,6,0.934202875399361,0.9430478168264111
B,Digits (Low),t-SNE,-,tnc,Random,7,0.9453232161874334,0.9453232161874334
B,Digits (Low),t-SNE,-,tnc,Random,8,0.9382402555910543,0.9453232161874334
B,Digits (Low),t-SNE,-,tnc,Random,9,0.940744089456869,0.9453232161874334
B,Digits (Low),t-SNE,-,tnc,Random,10,0.944078700745474,0.9453232161874334
B,Digits (Low),t-SNE,-,tnc,Random,11,0.9438833865814695,0.9453232161874334
B,Digits (Low),t-SNE,-,tnc,Random,12,0.9398678381256655,0.9453232161874334
B,Digits (Low),t-SNE,-,tnc,Random,13,0.9404241746538871,0.9453232161874334
B,Digits (Low),t-SNE,-,tnc,Random,14,0.9385249201277955,0.9453232161874334
B,Digits (Low),t-SNE,-,tnc,Random,15,0.9439369542066027,0.9453232161874334
B,Digits (Low),t-SNE,-,tnc,Random,16,0.934547284345048,0.9453232161874334
B,Digits (Low),t-SNE,-,tnc,Random,17,0.9370483493077743,0.9453232161874334
B,Digits (Low),t-SNE,-,tnc,Random,18,0.9408915867944623,0.9453232161874334
B,Digits (Low),t-SNE,-,tnc,Random,19,0.9295847710330138,0.9453232161874334
B,Digits (Low),t-SNE,-,tnc,Random,20,0.9401614483493079,0.9453232161874334
B,Digits (Low),t-SNE,-,tnc,Random,21,0.9320428115015975,0.9453232161874334
B,Digits (Low),t-SNE,-,tnc,Random,22,0.9415845580404686,0.9453232161874334
B,Digits (Low),t-SNE,-,tnc,Random,23,0.9450283280085197,0.9453232161874334
B,Digits (Low),t-SNE,-,tnc,Random,24,0.9465230031948882,0.9465230031948882
B,Digits (Low),t-SNE,-,tnc,Random,25,0.9278779552715655,0.9465230031948882
B,Digits (Low),t-SNE,-,tnc,Random,26,0.9288843450479233,0.9465230031948882
B,Digits (Low),t-SNE,-,tnc,Random,27,0.9372260915867945,0.9465230031948882
B,Digits (Low),t-SNE,-,tnc,Random,28,0.9390454739084133,0.9465230031948882
B,Digits (Low),t-SNE,-,tnc,Random,29,0.9393575079872204,0.9465230031948882
B,Digits (Low),t-SNE,-,tnc,Random,30,0.9390753993610224,0.9465230031948882
B,Digits (Low),t-SNE,-,tnc,Random,31,0.9395142705005324,0.9465230031948882
B,Digits (Low),t-SNE,-,tnc,Random,32,0.939529392971246,0.9465230031948882
B,Digits (Low),t-SNE,-,tnc,Random,33,0.9390666666666667,0.9465230031948882
B,Digits (Low),t-SNE,-,tnc,Random,34,0.9342017039403621,0.9465230031948882
B,Digits (Low),t-SNE,-,tnc,Random,35,0.9400104366347177,0.9465230031948882
B,Digits (Low),t-SNE,-,tnc,Random,36,0.9304064962726304,0.9465230031948882
B,Digits (Low),t-SNE,-,tnc,Random,37,0.9454725239616614,0.9465230031948882
B,Digits (Low),t-SNE,-,tnc,Random,38,0.9471085197018105,0.9471085197018105
B,Digits (Low),t-SNE,-,tnc,Random,39,0.9461479233226837,0.9471085197018105
B,Digits (Low),t-SNE,-,tnc,Random,40,0.9469603833865815,0.9471085197018105
B,Digits (Low),t-SNE,-,tnc,Random,41,0.9418337593184238,0.9471085197018105
B,Digits (Low),t-SNE,-,tnc,Random,42,0.9358671991480298,0.9471085197018105
B,Digits (Low),t-SNE,-,tnc,Random,43,0.9256516506922257,0.9471085197018105
B,Digits (Low),t-SNE,-,tnc,Random,44,0.9467037273695421,0.9471085197018105
B,Digits (Low),t-SNE,-,tnc,Random,45,0.9405464323748669,0.9471085197018105
B,Digits (Low),t-SNE,-,tnc,Random,46,0.9367325878594248,0.9471085197018105
B,Digits (Low),t-SNE,-,tnc,Random,47,0.9442769968051119,0.9471085197018105
B,Digits (Low),t-SNE,-,tnc,Random,48,0.938609797657082,0.9471085197018105
B,Digits (Low),t-SNE,-,tnc,Random,49,0.9359025559105432,0.9471085197018105
B,Digits (Low),t-SNE,-,tnc,Random,50,0.9321670926517571,0.9471085197018105
B,Digits (Low),t-SNE,-,tnc,Random,51,0.9463453674121405,0.9471085197018105
B,Digits (Low),t-SNE,-,tnc,Random,52,0.9455043663471778,0.9471085197018105
B,Digits (Low),t-SNE,-,tnc,Random,53,0.9436162939297124,0.9471085197018105
B,Digits (Low),t-SNE,-,tnc,Random,54,0.945766879659212,0.9471085197018105
B,Digits (Low),t-SNE,-,tnc,Random,55,0.9458635782747604,0.9471085197018105
B,Digits (Low),t-SNE,-,tnc,Random,56,0.9341749733759319,0.9471085197018105
B,Digits (Low),t-SNE,-,tnc,Random,57,0.9371617678381257,0.9471085197018105
B,Digits (Low),t-SNE,-,tnc,Random,58,0.9426479233226838,0.9471085197018105
B,Digits (Low),t-SNE,-,tnc,Random,59,0.9351634717784877,0.9471085197018105
B,Digits (Low),t-SNE,-,tnc,Random,60,0.942331416400426,0.9471085197018105
B,Digits (Low),t-SNE,-,tnc,Random,61,0.9417422790202343,0.9471085197018105
B,Digits (Low),t-SNE,-,tnc,Random,62,0.9402484558040469,0.9471085197018105
B,Digits (Low),t-SNE,-,tnc,Random,63,0.9306012779552715,0.9471085197018105
B,Digits (Low),t-SNE,-,tnc,Random,64,0.9205974440894569,0.9471085197018105
B,Digits (Low),t-SNE,-,tnc,Random,65,0.9429502662406817,0.9471085197018105
B,Digits (Low),t-SNE,-,tnc,Random,66,0.939359957401491,0.9471085197018105
B,Digits (Low),t-SNE,-,tnc,Random,67,0.9330353567625134,0.9471085197018105
B,Digits (Low),t-SNE,-,tnc,Random,68,0.9426345047923322,0.9471085197018105
B,Digits (Low),t-SNE,-,tnc,Random,69,0.9416838125665602,0.9471085197018105
B,Digits (Low),t-SNE,-,tnc,Random,70,0.9424676251331203,0.9471085197018105
B,Digits (Low),t-SNE,-,tnc,Random,71,0.9420994675186368,0.9471085197018105
B,Digits (Low),t-SNE,-,tnc,Random,72,0.9448710330138446,0.9471085197018105
B,Digits (Low),t-SNE,-,tnc,Random,73,0.942466027689031,0.9471085197018105
B,Digits (Low),t-SNE,-,tnc,Random,74,0.9325004259850906,0.9471085197018105
B,Digits (Low),t-SNE,-,tnc,Random,75,0.9411594249201278,0.9471085197018105
B,Digits (Low),t-SNE,-,tnc,Random,76,0.9404308839190627,0.9471085197018105
B,Digits (Low),t-SNE,-,tnc,Random,77,0.9377719914802982,0.9471085197018105
B,Digits (Low),t-SNE,-,tnc,Random,78,0.943855591054313,0.9471085197018105
B,Digits (Low),t-SNE,-,tnc,Random,79,0.9423400425985091,0.9471085197018105
B,Digits (Low),t-SNE,-,tnc,Random,80,0.9386514376996806,0.9471085197018105
B,Digits (Low),t-SNE,-,tnc,Random,81,0.9414338658146966,0.9471085197018105
B,Digits (Low),t-SNE,-,tnc,Random,82,0.9371445154419595,0.9471085197018105
B,Digits (Low),t-SNE,-,tnc,Random,83,0.9454244941427049,0.9471085197018105
B,Digits (Low),t-SNE,-,tnc,Random,84,0.9345396166134186,0.9471085197018105
B,Digits (Low),t-SNE,-,tnc,Random,85,0.9461966986155486,0.9471085197018105
B,Digits (Low),t-SNE,-,tnc,Random,86,0.9399226837060703,0.9471085197018105
B,Digits (Low),t-SNE,-,tnc,Random,87,0.933808945686901,0.9471085197018105
B,Digits (Low),t-SNE,-,tnc,Random,88,0.9412544195953142,0.9471085197018105
B,Digits (Low),t-SNE,-,tnc,Random,89,0.9490723109691162,0.9490723109691162
B,Digits (Low),t-SNE,-,tnc,Random,90,0.9425048988285409,0.9490723109691162
B,Digits (Low),t-SNE,-,tnc,Random,91,0.9336896698615549,0.9490723109691162
B,Digits (Low),t-SNE,-,tnc,Random,92,0.9418773162939298,0.9490723109691162
B,Digits (Low),t-SNE,-,tnc,Random,93,0.9445494142705004,0.9490723109691162
B,Digits (Low),t-SNE,-,tnc,Random,94,0.9395272630457934,0.9490723109691162
B,Digits (Low),t-SNE,-,tnc,Random,95,0.9377813631522897,0.9490723109691162
B,Digits (Low),t-SNE,-,tnc,Random,96,0.9353031948881789,0.9490723109691162
B,Digits (Low),t-SNE,-,tnc,Random,97,0.9430979765708201,0.9490723109691162
B,Digits (Low),t-SNE,-,tnc,Random,98,0.9428845580404686,0.9490723109691162
B,Digits (Low),t-SNE,-,tnc,Random,99,0.9386243876464324,0.9490723109691162
B,Digits (Low),MDS,-,tnc,TPE,0,0.9105889243876464,0.9105889243876464
B,Digits (Low),MDS,-,tnc,TPE,1,0.9116326943556976,0.9116326943556976
B,Digits (Low),MDS,-,tnc,TPE,2,0.9147284345047924,0.9147284345047924
B,Digits (Low),MDS,-,tnc,TPE,3,0.9150410010649627,0.9150410010649627
B,Digits (Low),MDS,-,tnc,TPE,4,0.9110239616613418,0.9150410010649627
B,Digits (Low),MDS,-,tnc,TPE,5,0.9138376996805111,0.9150410010649627
B,Digits (Low),MDS,-,tnc,TPE,6,0.914639510117146,0.9150410010649627
B,Digits (Low),MDS,-,tnc,TPE,7,0.9141627263045793,0.9150410010649627
B,Digits (Low),MDS,-,tnc,TPE,8,0.9164505857294993,0.9164505857294993
B,Digits (Low),MDS,-,tnc,TPE,9,0.909031416400426,0.9164505857294993
B,Digits (Low),MDS,-,tnc,TPE,10,0.9159312034078807,0.9164505857294993
B,Digits (Low),MDS,-,tnc,TPE,11,0.915064856230032,0.9164505857294993
B,Digits (Low),MDS,-,tnc,TPE,12,0.9145831735889244,0.9164505857294993
B,Digits (Low),MDS,-,tnc,TPE,13,0.9144930777422791,0.9164505857294993
B,Digits (Low),MDS,-,tnc,TPE,14,0.9148860489882854,0.9164505857294993
B,Digits (Low),MDS,-,tnc,TPE,15,0.9155658146964856,0.9164505857294993
B,Digits (Low),MDS,-,tnc,TPE,16,0.9098318423855165,0.9164505857294993
B,Digits (Low),MDS,-,tnc,TPE,17,0.912042385516507,0.9164505857294993
B,Digits (Low),MDS,-,tnc,TPE,18,0.9113841320553779,0.9164505857294993
B,Digits (Low),MDS,-,tnc,TPE,19,0.9098473908413206,0.9164505857294993
B,Digits (Low),MDS,-,tnc,TPE,20,0.9129021299254526,0.9164505857294993
B,Digits (Low),MDS,-,tnc,TPE,21,0.911222470713525,0.9164505857294993
B,Digits (Low),MDS,-,tnc,TPE,22,0.9150969116080938,0.9164505857294993
B,Digits (Low),MDS,-,tnc,TPE,23,0.9154358892438765,0.9164505857294993
B,Digits (Low),MDS,-,tnc,TPE,24,0.9116122470713526,0.9164505857294993
B,Digits (Low),MDS,-,tnc,TPE,25,0.9164132055378063,0.9164505857294993
B,Digits (Low),MDS,-,tnc,TPE,26,0.9021986155484558,0.9164505857294993
B,Digits (Low),MDS,-,tnc,TPE,27,0.9152421725239617,0.9164505857294993
B,Digits (Low),MDS,-,tnc,TPE,28,0.916634291799787,0.916634291799787
B,Digits (Low),MDS,-,tnc,TPE,29,0.9157416400425985,0.916634291799787
B,Digits (Low),MDS,-,tnc,TPE,30,0.9030826411075612,0.916634291799787
B,Digits (Low),MDS,-,tnc,TPE,31,0.9135708200212993,0.916634291799787
B,Digits (Low),MDS,-,tnc,TPE,32,0.9131762513312034,0.916634291799787
B,Digits (Low),MDS,-,tnc,TPE,33,0.9112006389776358,0.916634291799787
B,Digits (Low),MDS,-,tnc,TPE,34,0.9150389776357828,0.916634291799787
B,Digits (Low),MDS,-,tnc,TPE,35,0.9069390841320554,0.916634291799787
B,Digits (Low),MDS,-,tnc,TPE,36,0.9128974440894568,0.916634291799787
B,Digits (Low),MDS,-,tnc,TPE,37,0.9097711395101171,0.916634291799787
B,Digits (Low),MDS,-,tnc,TPE,38,0.9117829605963791,0.916634291799787
B,Digits (Low),MDS,-,tnc,TPE,39,0.915725346112886,0.916634291799787
B,Digits (Low),MDS,-,tnc,TPE,40,0.9135936102236422,0.916634291799787
B,Digits (Low),MDS,-,tnc,TPE,41,0.9132179978700745,0.916634291799787
B,Digits (Low),MDS,-,tnc,TPE,42,0.9139993610223642,0.916634291799787
B,Digits (Low),MDS,-,tnc,TPE,43,0.9153482428115016,0.916634291799787
B,Digits (Low),MDS,-,tnc,TPE,44,0.9118956336528222,0.916634291799787
B,Digits (Low),MDS,-,tnc,TPE,45,0.9126472843450479,0.916634291799787
B,Digits (Low),MDS,-,tnc,TPE,46,0.9122439829605964,0.916634291799787
B,Digits (Low),MDS,-,tnc,TPE,47,0.9127259850905218,0.916634291799787
B,Digits (Low),MDS,-,tnc,TPE,48,0.9112014909478168,0.916634291799787
B,Digits (Low),MDS,-,tnc,TPE,49,0.9162359957401491,0.916634291799787
B,Digits (Low),MDS,-,tnc,TPE,50,0.915661980830671,0.916634291799787
B,Digits (Low),MDS,-,tnc,TPE,51,0.9112291799787007,0.916634291799787
B,Digits (Low),MDS,-,tnc,TPE,52,0.9130839190628328,0.916634291799787
B,Digits (Low),MDS,-,tnc,TPE,53,0.9112066027689032,0.916634291799787
B,Digits (Low),MDS,-,tnc,TPE,54,0.9151177848775294,0.916634291799787
B,Digits (Low),MDS,-,tnc,TPE,55,0.9109127795527157,0.916634291799787
B,Digits (Low),MDS,-,tnc,TPE,56,0.9108418530351438,0.916634291799787
B,Digits (Low),MDS,-,tnc,TPE,57,0.9097306709265176,0.916634291799787
B,Digits (Low),MDS,-,tnc,TPE,58,0.9130076677316293,0.916634291799787
B,Digits (Low),MDS,-,tnc,TPE,59,0.9125225772097977,0.916634291799787
B,Digits (Low),MDS,-,tnc,TPE,60,0.9132144834930778,0.916634291799787
B,Digits (Low),MDS,-,tnc,TPE,61,0.9123728434504792,0.916634291799787
B,Digits (Low),MDS,-,tnc,TPE,62,0.9146894568690096,0.916634291799787
B,Digits (Low),MDS,-,tnc,TPE,63,0.9158280085197017,0.916634291799787
B,Digits (Low),MDS,-,tnc,TPE,64,0.9143376996805112,0.916634291799787
B,Digits (Low),MDS,-,tnc,TPE,65,0.9143975505857296,0.916634291799787
B,Digits (Low),MDS,-,tnc,TPE,66,0.9167783812566559,0.9167783812566559
B,Digits (Low),MDS,-,tnc,TPE,67,0.913123642172524,0.9167783812566559
B,Digits (Low),MDS,-,tnc,TPE,68,0.916827689030884,0.916827689030884
B,Digits (Low),MDS,-,tnc,TPE,69,0.9130963791267307,0.916827689030884
B,Digits (Low),MDS,-,tnc,TPE,70,0.9154553780617678,0.916827689030884
B,Digits (Low),MDS,-,tnc,TPE,71,0.9118880724174654,0.916827689030884
B,Digits (Low),MDS,-,tnc,TPE,72,0.909676357827476,0.916827689030884
B,Digits (Low),MDS,-,tnc,TPE,73,0.9135937167199149,0.916827689030884
B,Digits (Low),MDS,-,tnc,TPE,74,0.9094797657082002,0.916827689030884
B,Digits (Low),MDS,-,tnc,TPE,75,0.9122482428115016,0.916827689030884
B,Digits (Low),MDS,-,tnc,TPE,76,0.9088338658146964,0.916827689030884
B,Digits (Low),MDS,-,tnc,TPE,77,0.9130651757188499,0.916827689030884
B,Digits (Low),MDS,-,tnc,TPE,78,0.9097795527156549,0.916827689030884
B,Digits (Low),MDS,-,tnc,TPE,79,0.9147144834930778,0.916827689030884
B,Digits (Low),MDS,-,tnc,TPE,80,0.9111321618743342,0.916827689030884
B,Digits (Low),MDS,-,tnc,TPE,81,0.9110621938232163,0.916827689030884
B,Digits (Low),MDS,-,tnc,TPE,82,0.9127484558040468,0.916827689030884
B,Digits (Low),MDS,-,tnc,TPE,83,0.9121511182108627,0.916827689030884
B,Digits (Low),MDS,-,tnc,TPE,84,0.9132357827476039,0.916827689030884
B,Digits (Low),MDS,-,tnc,TPE,85,0.9071172523961661,0.916827689030884
B,Digits (Low),MDS,-,tnc,TPE,86,0.912006389776358,0.916827689030884
B,Digits (Low),MDS,-,tnc,TPE,87,0.9161380191693291,0.916827689030884
B,Digits (Low),MDS,-,tnc,TPE,88,0.9150809371671992,0.916827689030884
B,Digits (Low),MDS,-,tnc,TPE,89,0.9140915867944621,0.916827689030884
B,Digits (Low),MDS,-,tnc,TPE,90,0.9122916932907348,0.916827689030884
B,Digits (Low),MDS,-,tnc,TPE,91,0.9100507987220448,0.916827689030884
B,Digits (Low),MDS,-,tnc,TPE,92,0.9119974440894569,0.916827689030884
B,Digits (Low),MDS,-,tnc,TPE,93,0.9127796592119275,0.916827689030884
B,Digits (Low),MDS,-,tnc,TPE,94,0.9099864749733759,0.916827689030884
B,Digits (Low),MDS,-,tnc,TPE,95,0.913844089456869,0.916827689030884
B,Digits (Low),MDS,-,tnc,TPE,96,0.9106014909478168,0.916827689030884
B,Digits (Low),MDS,-,tnc,TPE,97,0.9142466453674121,0.916827689030884
B,Digits (Low),MDS,-,tnc,TPE,98,0.9084991480298189,0.916827689030884
B,Digits (Low),MDS,-,tnc,TPE,99,0.9128487752928647,0.916827689030884
B,Digits (Low),MDS,-,tnc,Random,0,0.9123028753993611,0.9123028753993611
B,Digits (Low),MDS,-,tnc,Random,1,0.9159615548455804,0.9159615548455804
B,Digits (Low),MDS,-,tnc,Random,2,0.9076907348242812,0.9159615548455804
B,Digits (Low),MDS,-,tnc,Random,3,0.9139696485623003,0.9159615548455804
B,Digits (Low),MDS,-,tnc,Random,4,0.9173777422790204,0.9173777422790204
B,Digits (Low),MDS,-,tnc,Random,5,0.917371458998935,0.9173777422790204
B,Digits (Low),MDS,-,tnc,Random,6,0.9124570820021299,0.9173777422790204
B,Digits (Low),MDS,-,tnc,Random,7,0.9109341853035144,0.9173777422790204
B,Digits (Low),MDS,-,tnc,Random,8,0.9137165069222577,0.9173777422790204
B,Digits (Low),MDS,-,tnc,Random,9,0.91550202342918,0.9173777422790204
B,Digits (Low),MDS,-,tnc,Random,10,0.9111143769968051,0.9173777422790204
B,Digits (Low),MDS,-,tnc,Random,11,0.9128697550585729,0.9173777422790204
B,Digits (Low),MDS,-,tnc,Random,12,0.9065352502662407,0.9173777422790204
B,Digits (Low),MDS,-,tnc,Random,13,0.9106820021299256,0.9173777422790204
B,Digits (Low),MDS,-,tnc,Random,14,0.9113167199148029,0.9173777422790204
B,Digits (Low),MDS,-,tnc,Random,15,0.9115953141640043,0.9173777422790204
B,Digits (Low),MDS,-,tnc,Random,16,0.9045988285410012,0.9173777422790204
B,Digits (Low),MDS,-,tnc,Random,17,0.9091397231096912,0.9173777422790204
B,Digits (Low),MDS,-,tnc,Random,18,0.9147715654952078,0.9173777422790204
B,Digits (Low),MDS,-,tnc,Random,19,0.9145029818956336,0.9173777422790204
B,Digits (Low),MDS,-,tnc,Random,20,0.9084176783812566,0.9173777422790204
B,Digits (Low),MDS,-,tnc,Random,21,0.9094335463258787,0.9173777422790204
B,Digits (Low),MDS,-,tnc,Random,22,0.908907774227902,0.9173777422790204
B,Digits (Low),MDS,-,tnc,Random,23,0.9119638977635783,0.9173777422790204
B,Digits (Low),MDS,-,tnc,Random,24,0.9175907348242811,0.9175907348242811
B,Digits (Low),MDS,-,tnc,Random,25,0.9084058572949947,0.9175907348242811
B,Digits (Low),MDS,-,tnc,Random,26,0.9160152289669862,0.9175907348242811
B,Digits (Low),MDS,-,tnc,Random,27,0.914788178913738,0.9175907348242811
B,Digits (Low),MDS,-,tnc,Random,28,0.9106415335463258,0.9175907348242811
B,Digits (Low),MDS,-,tnc,Random,29,0.9133563365282216,0.9175907348242811
B,Digits (Low),MDS,-,tnc,Random,30,0.898788498402556,0.9175907348242811
B,Digits (Low),MDS,-,tnc,Random,31,0.9093953141640043,0.9175907348242811
B,Digits (Low),MDS,-,tnc,Random,32,0.9076714589989352,0.9175907348242811
B,Digits (Low),MDS,-,tnc,Random,33,0.9138050053248137,0.9175907348242811
B,Digits (Low),MDS,-,tnc,Random,34,0.913920766773163,0.9175907348242811
B,Digits (Low),MDS,-,tnc,Random,35,0.9132592119275826,0.9175907348242811
B,Digits (Low),MDS,-,tnc,Random,36,0.9156248136315229,0.9175907348242811
B,Digits (Low),MDS,-,tnc,Random,37,0.9138485623003195,0.9175907348242811
B,Digits (Low),MDS,-,tnc,Random,38,0.9114270500532482,0.9175907348242811
B,Digits (Low),MDS,-,tnc,Random,39,0.916986155484558,0.9175907348242811
B,Digits (Low),MDS,-,tnc,Random,40,0.9147438764643238,0.9175907348242811
B,Digits (Low),MDS,-,tnc,Random,41,0.9167610223642173,0.9175907348242811
B,Digits (Low),MDS,-,tnc,Random,42,0.9131428115015975,0.9175907348242811
B,Digits (Low),MDS,-,tnc,Random,43,0.9078309904153354,0.9175907348242811
B,Digits (Low),MDS,-,tnc,Random,44,0.9166486687965921,0.9175907348242811
B,Digits (Low),MDS,-,tnc,Random,45,0.9124543130990416,0.9175907348242811
B,Digits (Low),MDS,-,tnc,Random,46,0.9112211927582534,0.9175907348242811
B,Digits (Low),MDS,-,tnc,Random,47,0.9157182108626198,0.9175907348242811
B,Digits (Low),MDS,-,tnc,Random,48,0.9130261980830672,0.9175907348242811
B,Digits (Low),MDS,-,tnc,Random,49,0.9135205537806177,0.9175907348242811
B,Digits (Low),MDS,-,tnc,Random,50,0.9160784877529287,0.9175907348242811
B,Digits (Low),MDS,-,tnc,Random,51,0.9056753993610224,0.9175907348242811
B,Digits (Low),MDS,-,tnc,Random,52,0.9109428115015974,0.9175907348242811
B,Digits (Low),MDS,-,tnc,Random,53,0.9114056443024494,0.9175907348242811
B,Digits (Low),MDS,-,tnc,Random,54,0.9138050053248137,0.9175907348242811
B,Digits (Low),MDS,-,tnc,Random,55,0.9156554845580405,0.9175907348242811
B,Digits (Low),MDS,-,tnc,Random,56,0.9156592119275825,0.9175907348242811
B,Digits (Low),MDS,-,tnc,Random,57,0.9119110756123536,0.9175907348242811
B,Digits (Low),MDS,-,tnc,Random,58,0.9163063897763578,0.9175907348242811
B,Digits (Low),MDS,-,tnc,Random,59,0.9099796592119276,0.9175907348242811
B,Digits (Low),MDS,-,tnc,Random,60,0.9133054313099042,0.9175907348242811
B,Digits (Low),MDS,-,tnc,Random,61,0.9171982960596379,0.9175907348242811
B,Digits (Low),MDS,-,tnc,Random,62,0.9102041533546326,0.9175907348242811
B,Digits (Low),MDS,-,tnc,Random,63,0.9081559105431309,0.9175907348242811
B,Digits (Low),MDS,-,tnc,Random,64,0.9117247071352503,0.9175907348242811
B,Digits (Low),MDS,-,tnc,Random,65,0.9151922257720979,0.9175907348242811
B,Digits (Low),MDS,-,tnc,Random,66,0.913059637912673,0.9175907348242811
B,Digits (Low),MDS,-,tnc,Random,67,0.9143440894568691,0.9175907348242811
B,Digits (Low),MDS,-,tnc,Random,68,0.9142696485623003,0.9175907348242811
B,Digits (Low),MDS,-,tnc,Random,69,0.9105515441959532,0.9175907348242811
B,Digits (Low),MDS,-,tnc,Random,70,0.9137808306709265,0.9175907348242811
B,Digits (Low),MDS,-,tnc,Random,71,0.9155923322683706,0.9175907348242811
B,Digits (Low),MDS,-,tnc,Random,72,0.9116427050053248,0.9175907348242811
B,Digits (Low),MDS,-,tnc,Random,73,0.9126753993610224,0.9175907348242811
B,Digits (Low),MDS,-,tnc,Random,74,0.9127200212992546,0.9175907348242811
B,Digits (Low),MDS,-,tnc,Random,75,0.9111302449414271,0.9175907348242811
B,Digits (Low),MDS,-,tnc,Random,76,0.9120711395101171,0.9175907348242811
B,Digits (Low),MDS,-,tnc,Random,77,0.9141353567625132,0.9175907348242811
B,Digits (Low),MDS,-,tnc,Random,78,0.9133453674121406,0.9175907348242811
B,Digits (Low),MDS,-,tnc,Random,79,0.9130273695420661,0.9175907348242811
B,Digits (Low),MDS,-,tnc,Random,80,0.9099051118210864,0.9175907348242811
B,Digits (Low),MDS,-,tnc,Random,81,0.9131407880724175,0.9175907348242811
B,Digits (Low),MDS,-,tnc,Random,82,0.9158405750798722,0.9175907348242811
B,Digits (Low),MDS,-,tnc,Random,83,0.9096365282215122,0.9175907348242811
B,Digits (Low),MDS,-,tnc,Random,84,0.9097895633652822,0.9175907348242811
B,Digits (Low),MDS,-,tnc,Random,85,0.9132043663471778,0.9175907348242811
B,Digits (Low),MDS,-,tnc,Random,86,0.9105696485623003,0.9175907348242811
B,Digits (Low),MDS,-,tnc,Random,87,0.9096257720979766,0.9175907348242811
B,Digits (Low),MDS,-,tnc,Random,88,0.9094418530351438,0.9175907348242811
B,Digits (Low),MDS,-,tnc,Random,89,0.9145347177848775,0.9175907348242811
B,Digits (Low),MDS,-,tnc,Random,90,0.9133849840255591,0.9175907348242811
B,Digits (Low),MDS,-,tnc,Random,91,0.9133876464323749,0.9175907348242811
B,Digits (Low),MDS,-,tnc,Random,92,0.908268583599574,0.9175907348242811
B,Digits (Low),MDS,-,tnc,Random,93,0.9141188498402556,0.9175907348242811
B,Digits (Low),MDS,-,tnc,Random,94,0.9115186368477104,0.9175907348242811
B,Digits (Low),MDS,-,tnc,Random,95,0.9155145899893504,0.9175907348242811
B,Digits (Low),MDS,-,tnc,Random,96,0.9156671991480299,0.9175907348242811
B,Digits (Low),MDS,-,tnc,Random,97,0.9156485623003194,0.9175907348242811
B,Digits (Low),MDS,-,tnc,Random,98,0.9132893503727371,0.9175907348242811
B,Digits (Low),MDS,-,tnc,Random,99,0.9126436634717785,0.9175907348242811
B,Breast cancer (Low),UMAP,-,tnc,TPE,0,0.9238551650692227,0.9238551650692227
B,Breast cancer (Low),UMAP,-,tnc,TPE,1,0.9240244941427049,0.9240244941427049
B,Breast cancer (Low),UMAP,-,tnc,TPE,2,0.9232026624068158,0.9240244941427049
B,Breast cancer (Low),UMAP,-,tnc,TPE,3,0.921936315228967,0.9240244941427049
B,Breast cancer (Low),UMAP,-,tnc,TPE,4,0.9235586794462194,0.9240244941427049
B,Breast cancer (Low),UMAP,-,tnc,TPE,5,0.9184103301384452,0.9240244941427049
B,Breast cancer (Low),UMAP,-,tnc,TPE,6,0.9244860489882855,0.9244860489882855
B,Breast cancer (Low),UMAP,-,tnc,TPE,7,0.9242359957401491,0.9244860489882855
B,Breast cancer (Low),UMAP,-,tnc,TPE,8,0.927115548455804,0.927115548455804
B,Breast cancer (Low),UMAP,-,tnc,TPE,9,0.9257161874334399,0.927115548455804
B,Breast cancer (Low),UMAP,-,tnc,TPE,10,0.9240602768903088,0.927115548455804
B,Breast cancer (Low),UMAP,-,tnc,TPE,11,0.9270282215122472,0.927115548455804
B,Breast cancer (Low),UMAP,-,tnc,TPE,12,0.9259904153354632,0.927115548455804
B,Breast cancer (Low),UMAP,-,tnc,TPE,13,0.9267580404685837,0.927115548455804
B,Breast cancer (Low),UMAP,-,tnc,TPE,14,0.9230320553780618,0.927115548455804
B,Breast cancer (Low),UMAP,-,tnc,TPE,15,0.924673162939297,0.927115548455804
B,Breast cancer (Low),UMAP,-,tnc,TPE,16,0.9259162939297125,0.927115548455804
B,Breast cancer (Low),UMAP,-,tnc,TPE,17,0.9237989350372737,0.927115548455804
B,Breast cancer (Low),UMAP,-,tnc,TPE,18,0.9267123535676252,0.927115548455804
B,Breast cancer (Low),UMAP,-,tnc,TPE,19,0.9245644302449414,0.927115548455804
B,Breast cancer (Low),UMAP,-,tnc,TPE,20,0.9254161874334398,0.927115548455804
B,Breast cancer (Low),UMAP,-,tnc,TPE,21,0.9244952076677317,0.927115548455804
B,Breast cancer (Low),UMAP,-,tnc,TPE,22,0.9251415335463258,0.927115548455804
B,Breast cancer (Low),UMAP,-,tnc,TPE,23,0.9257062832800852,0.927115548455804
B,Breast cancer (Low),UMAP,-,tnc,TPE,24,0.9246613418530352,0.927115548455804
B,Breast cancer (Low),UMAP,-,tnc,TPE,25,0.9252756123535677,0.927115548455804
B,Breast cancer (Low),UMAP,-,tnc,TPE,26,0.9258170394036209,0.927115548455804
B,Breast cancer (Low),UMAP,-,tnc,TPE,27,0.9249538871139511,0.927115548455804
B,Breast cancer (Low),UMAP,-,tnc,TPE,28,0.9249453674121405,0.927115548455804
B,Breast cancer (Low),UMAP,-,tnc,TPE,29,0.9249457933972312,0.927115548455804
B,Breast cancer (Low),UMAP,-,tnc,TPE,30,0.9232944621938233,0.927115548455804
B,Breast cancer (Low),UMAP,-,tnc,TPE,31,0.9263494142705007,0.927115548455804
B,Breast cancer (Low),UMAP,-,tnc,TPE,32,0.9248871139510118,0.927115548455804
B,Breast cancer (Low),UMAP,-,tnc,TPE,33,0.9234859424920128,0.927115548455804
B,Breast cancer (Low),UMAP,-,tnc,TPE,34,0.9256673056443024,0.927115548455804
B,Breast cancer (Low),UMAP,-,tnc,TPE,35,0.9240326943556976,0.927115548455804
B,Breast cancer (Low),UMAP,-,tnc,TPE,36,0.9245209797657082,0.927115548455804
B,Breast cancer (Low),UMAP,-,tnc,TPE,37,0.9239198083067093,0.927115548455804
B,Breast cancer (Low),UMAP,-,tnc,TPE,38,0.9222796592119276,0.927115548455804
B,Breast cancer (Low),UMAP,-,tnc,TPE,39,0.9243609158679447,0.927115548455804
B,Breast cancer (Low),UMAP,-,tnc,TPE,40,0.9253560170394036,0.927115548455804
B,Breast cancer (Low),UMAP,-,tnc,TPE,41,0.9261088391906283,0.927115548455804
B,Breast cancer (Low),UMAP,-,tnc,TPE,42,0.9261237486687965,0.927115548455804
B,Breast cancer (Low),UMAP,-,tnc,TPE,43,0.926089350372737,0.927115548455804
B,Breast cancer (Low),UMAP,-,tnc,TPE,44,0.9279780617678381,0.9279780617678381
B,Breast cancer (Low),UMAP,-,tnc,TPE,45,0.9252334398296059,0.9279780617678381
B,Breast cancer (Low),UMAP,-,tnc,TPE,46,0.9247201277955271,0.9279780617678381
B,Breast cancer (Low),UMAP,-,tnc,TPE,47,0.922737167199148,0.9279780617678381
B,Breast cancer (Low),UMAP,-,tnc,TPE,48,0.9263581469648563,0.9279780617678381
B,Breast cancer (Low),UMAP,-,tnc,TPE,49,0.9257581469648561,0.9279780617678381
B,Breast cancer (Low),UMAP,-,tnc,TPE,50,0.9213185303514377,0.9279780617678381
B,Breast cancer (Low),UMAP,-,tnc,TPE,51,0.9254924387646432,0.9279780617678381
B,Breast cancer (Low),UMAP,-,tnc,TPE,52,0.92615303514377,0.9279780617678381
B,Breast cancer (Low),UMAP,-,tnc,TPE,53,0.9242666666666666,0.9279780617678381
B,Breast cancer (Low),UMAP,-,tnc,TPE,54,0.9264609158679447,0.9279780617678381
B,Breast cancer (Low),UMAP,-,tnc,TPE,55,0.92475303514377,0.9279780617678381
B,Breast cancer (Low),UMAP,-,tnc,TPE,56,0.9240600638977636,0.9279780617678381
B,Breast cancer (Low),UMAP,-,tnc,TPE,57,0.9239035143769967,0.9279780617678381
B,Breast cancer (Low),UMAP,-,tnc,TPE,58,0.9233104366347178,0.9279780617678381
B,Breast cancer (Low),UMAP,-,tnc,TPE,59,0.924661661341853,0.9279780617678381
B,Breast cancer (Low),UMAP,-,tnc,TPE,60,0.9256769968051117,0.9279780617678381
B,Breast cancer (Low),UMAP,-,tnc,TPE,61,0.9235227902023428,0.9279780617678381
B,Breast cancer (Low),UMAP,-,tnc,TPE,62,0.9235328008519702,0.9279780617678381
B,Breast cancer (Low),UMAP,-,tnc,TPE,63,0.9238117145899893,0.9279780617678381
B,Breast cancer (Low),UMAP,-,tnc,TPE,64,0.9247100106496273,0.9279780617678381
B,Breast cancer (Low),UMAP,-,tnc,TPE,65,0.9243784877529286,0.9279780617678381
B,Breast cancer (Low),UMAP,-,tnc,TPE,66,0.924823322683706,0.9279780617678381
B,Breast cancer (Low),UMAP,-,tnc,TPE,67,0.9233055378061767,0.9279780617678381
B,Breast cancer (Low),UMAP,-,tnc,TPE,68,0.924907774227902,0.9279780617678381
B,Breast cancer (Low),UMAP,-,tnc,TPE,69,0.9235088391906283,0.9279780617678381
B,Breast cancer (Low),UMAP,-,tnc,TPE,70,0.9252368477103301,0.9279780617678381
B,Breast cancer (Low),UMAP,-,tnc,TPE,71,0.9252258785942493,0.9279780617678381
B,Breast cancer (Low),UMAP,-,tnc,TPE,72,0.9256474973375932,0.9279780617678381
B,Breast cancer (Low),UMAP,-,tnc,TPE,73,0.9253992545260916,0.9279780617678381
B,Breast cancer (Low),UMAP,-,tnc,TPE,74,0.9249553780617679,0.9279780617678381
B,Breast cancer (Low),UMAP,-,tnc,TPE,75,0.9260823216187433,0.9279780617678381
B,Breast cancer (Low),UMAP,-,tnc,TPE,76,0.9240554845580404,0.9279780617678381
B,Breast cancer (Low),UMAP,-,tnc,TPE,77,0.9254913738019168,0.9279780617678381
B,Breast cancer (Low),UMAP,-,tnc,TPE,78,0.9255890308839191,0.9279780617678381
B,Breast cancer (Low),UMAP,-,tnc,TPE,79,0.9258676251331204,0.9279780617678381
B,Breast cancer (Low),UMAP,-,tnc,TPE,80,0.924655910543131,0.9279780617678381
B,Breast cancer (Low),UMAP,-,tnc,TPE,81,0.9267487752928647,0.9279780617678381
B,Breast cancer (Low),UMAP,-,tnc,TPE,82,0.9245464323748669,0.9279780617678381
B,Breast cancer (Low),UMAP,-,tnc,TPE,83,0.9252980830670926,0.9279780617678381
B,Breast cancer (Low),UMAP,-,tnc,TPE,84,0.9246875399361021,0.9279780617678381
B,Breast cancer (Low),UMAP,-,tnc,TPE,85,0.9262686900958467,0.9279780617678381
B,Breast cancer (Low),UMAP,-,tnc,TPE,86,0.9258673056443025,0.9279780617678381
B,Breast cancer (Low),UMAP,-,tnc,TPE,87,0.9241698615548455,0.9279780617678381
B,Breast cancer (Low),UMAP,-,tnc,TPE,88,0.9252997870074549,0.9279780617678381
B,Breast cancer (Low),UMAP,-,tnc,TPE,89,0.9248742279020234,0.9279780617678381
B,Breast cancer (Low),UMAP,-,tnc,TPE,90,0.9260038338658148,0.9279780617678381
B,Breast cancer (Low),UMAP,-,tnc,TPE,91,0.9257707135250266,0.9279780617678381
B,Breast cancer (Low),UMAP,-,tnc,TPE,92,0.9260340788072416,0.9279780617678381
B,Breast cancer (Low),UMAP,-,tnc,TPE,93,0.9254192758253461,0.9279780617678381
B,Breast cancer (Low),UMAP,-,tnc,TPE,94,0.9250320553780618,0.9279780617678381
B,Breast cancer (Low),UMAP,-,tnc,TPE,95,0.9247275825346113,0.9279780617678381
B,Breast cancer (Low),UMAP,-,tnc,TPE,96,0.9256227902023428,0.9279780617678381
B,Breast cancer (Low),UMAP,-,tnc,TPE,97,0.9247862619808307,0.9279780617678381
B,Breast cancer (Low),UMAP,-,tnc,TPE,98,0.9245173588924388,0.9279780617678381
B,Breast cancer (Low),UMAP,-,tnc,TPE,99,0.9250247071352502,0.9279780617678381
B,Breast cancer (Low),UMAP,-,tnc,Random,0,0.923584451544196,0.923584451544196
B,Breast cancer (Low),UMAP,-,tnc,Random,1,0.9230696485623002,0.923584451544196
B,Breast cancer (Low),UMAP,-,tnc,Random,2,0.9221256656017038,0.923584451544196
B,Breast cancer (Low),UMAP,-,tnc,Random,3,0.9227549520766773,0.923584451544196
B,Breast cancer (Low),UMAP,-,tnc,Random,4,0.9248434504792333,0.9248434504792333
B,Breast cancer (Low),UMAP,-,tnc,Random,5,0.9190112886048989,0.9248434504792333
B,Breast cancer (Low),UMAP,-,tnc,Random,6,0.9250866879659212,0.9250866879659212
B,Breast cancer (Low),UMAP,-,tnc,Random,7,0.9256350372736954,0.9256350372736954
B,Breast cancer (Low),UMAP,-,tnc,Random,8,0.9244552715654952,0.9256350372736954
B,Breast cancer (Low),UMAP,-,tnc,Random,9,0.9254357827476039,0.9256350372736954
B,Breast cancer (Low),UMAP,-,tnc,Random,10,0.9254157614483494,0.9256350372736954
B,Breast cancer (Low),UMAP,-,tnc,Random,11,0.9250847710330139,0.9256350372736954
B,Breast cancer (Low),UMAP,-,tnc,Random,12,0.9248128860489883,0.9256350372736954
B,Breast cancer (Low),UMAP,-,tnc,Random,13,0.9258958466453675,0.9258958466453675
B,Breast cancer (Low),UMAP,-,tnc,Random,14,0.9250821086261981,0.9258958466453675
B,Breast cancer (Low),UMAP,-,tnc,Random,15,0.9242675186368478,0.9258958466453675
B,Breast cancer (Low),UMAP,-,tnc,Random,16,0.9215673056443024,0.9258958466453675
B,Breast cancer (Low),UMAP,-,tnc,Random,17,0.9230094781682641,0.9258958466453675
B,Breast cancer (Low),UMAP,-,tnc,Random,18,0.9242607028753994,0.9258958466453675
B,Breast cancer (Low),UMAP,-,tnc,Random,19,0.9241395101171459,0.9258958466453675
B,Breast cancer (Low),UMAP,-,tnc,Random,20,0.9239404685835996,0.9258958466453675
B,Breast cancer (Low),UMAP,-,tnc,Random,21,0.9231802981895634,0.9258958466453675
B,Breast cancer (Low),UMAP,-,tnc,Random,22,0.9240394036208732,0.9258958466453675
B,Breast cancer (Low),UMAP,-,tnc,Random,23,0.9254872204472844,0.9258958466453675
B,Breast cancer (Low),UMAP,-,tnc,Random,24,0.9251839190628328,0.9258958466453675
B,Breast cancer (Low),UMAP,-,tnc,Random,25,0.923287007454739,0.9258958466453675
B,Breast cancer (Low),UMAP,-,tnc,Random,26,0.923073482428115,0.9258958466453675
B,Breast cancer (Low),UMAP,-,tnc,Random,27,0.9224420660276891,0.9258958466453675
B,Breast cancer (Low),UMAP,-,tnc,Random,28,0.9218982960596379,0.9258958466453675
B,Breast cancer (Low),UMAP,-,tnc,Random,29,0.9191504792332268,0.9258958466453675
B,Breast cancer (Low),UMAP,-,tnc,Random,30,0.9264966986155485,0.9264966986155485
B,Breast cancer (Low),UMAP,-,tnc,Random,31,0.9256392971246006,0.9264966986155485
B,Breast cancer (Low),UMAP,-,tnc,Random,32,0.9258769968051118,0.9264966986155485
B,Breast cancer (Low),UMAP,-,tnc,Random,33,0.9228406815761449,0.9264966986155485
B,Breast cancer (Low),UMAP,-,tnc,Random,34,0.9235527156549521,0.9264966986155485
B,Breast cancer (Low),UMAP,-,tnc,Random,35,0.9252593184238551,0.9264966986155485
B,Breast cancer (Low),UMAP,-,tnc,Random,36,0.918730564430245,0.9264966986155485
B,Breast cancer (Low),UMAP,-,tnc,Random,37,0.9237534611288605,0.9264966986155485
B,Breast cancer (Low),UMAP,-,tnc,Random,38,0.9241875399361023,0.9264966986155485
B,Breast cancer (Low),UMAP,-,tnc,Random,39,0.9221019169329073,0.9264966986155485
B,Breast cancer (Low),UMAP,-,tnc,Random,40,0.923558466453674,0.9264966986155485
B,Breast cancer (Low),UMAP,-,tnc,Random,41,0.9235201277955272,0.9264966986155485
B,Breast cancer (Low),UMAP,-,tnc,Random,42,0.924209797657082,0.9264966986155485
B,Breast cancer (Low),UMAP,-,tnc,Random,43,0.9239649627263047,0.9264966986155485
B,Breast cancer (Low),UMAP,-,tnc,Random,44,0.9226960596379128,0.9264966986155485
B,Breast cancer (Low),UMAP,-,tnc,Random,45,0.9236586794462194,0.9264966986155485
B,Breast cancer (Low),UMAP,-,tnc,Random,46,0.9241537806176784,0.9264966986155485
B,Breast cancer (Low),UMAP,-,tnc,Random,47,0.9247653887113951,0.9264966986155485
B,Breast cancer (Low),UMAP,-,tnc,Random,48,0.9264633652822151,0.9264966986155485
B,Breast cancer (Low),UMAP,-,tnc,Random,49,0.9140227902023429,0.9264966986155485
B,Breast cancer (Low),UMAP,-,tnc,Random,50,0.920805218317359,0.9264966986155485
B,Breast cancer (Low),UMAP,-,tnc,Random,51,0.9251018104366349,0.9264966986155485
B,Breast cancer (Low),UMAP,-,tnc,Random,52,0.9231965921192758,0.9264966986155485
B,Breast cancer (Low),UMAP,-,tnc,Random,53,0.9242264110756124,0.9264966986155485
B,Breast cancer (Low),UMAP,-,tnc,Random,54,0.9215751863684771,0.9264966986155485
B,Breast cancer (Low),UMAP,-,tnc,Random,55,0.9235264110756123,0.9264966986155485
B,Breast cancer (Low),UMAP,-,tnc,Random,56,0.9244150159744409,0.9264966986155485
B,Breast cancer (Low),UMAP,-,tnc,Random,57,0.9243392971246005,0.9264966986155485
B,Breast cancer (Low),UMAP,-,tnc,Random,58,0.9248767838125667,0.9264966986155485
B,Breast cancer (Low),UMAP,-,tnc,Random,59,0.9245446219382322,0.9264966986155485
B,Breast cancer (Low),UMAP,-,tnc,Random,60,0.9225545260915868,0.9264966986155485
B,Breast cancer (Low),UMAP,-,tnc,Random,61,0.9240446219382322,0.9264966986155485
B,Breast cancer (Low),UMAP,-,tnc,Random,62,0.9252089456869009,0.9264966986155485
B,Breast cancer (Low),UMAP,-,tnc,Random,63,0.9234273695420661,0.9264966986155485
B,Breast cancer (Low),UMAP,-,tnc,Random,64,0.9162257720979765,0.9264966986155485
B,Breast cancer (Low),UMAP,-,tnc,Random,65,0.9249833865814696,0.9264966986155485
B,Breast cancer (Low),UMAP,-,tnc,Random,66,0.9220405750798721,0.9264966986155485
B,Breast cancer (Low),UMAP,-,tnc,Random,67,0.9249077742279019,0.9264966986155485
B,Breast cancer (Low),UMAP,-,tnc,Random,68,0.9249854100106496,0.9264966986155485
B,Breast cancer (Low),UMAP,-,tnc,Random,69,0.9243274760383386,0.9264966986155485
B,Breast cancer (Low),UMAP,-,tnc,Random,70,0.9248035143769968,0.9264966986155485
B,Breast cancer (Low),UMAP,-,tnc,Random,71,0.9260453674121407,0.9264966986155485
B,Breast cancer (Low),UMAP,-,tnc,Random,72,0.9233943556975506,0.9264966986155485
B,Breast cancer (Low),UMAP,-,tnc,Random,73,0.9247415335463258,0.9264966986155485
B,Breast cancer (Low),UMAP,-,tnc,Random,74,0.9204139510117146,0.9264966986155485
B,Breast cancer (Low),UMAP,-,tnc,Random,75,0.9251759318423856,0.9264966986155485
B,Breast cancer (Low),UMAP,-,tnc,Random,76,0.9243484558040469,0.9264966986155485
B,Breast cancer (Low),UMAP,-,tnc,Random,77,0.9240635782747604,0.9264966986155485
B,Breast cancer (Low),UMAP,-,tnc,Random,78,0.9233210862619807,0.9264966986155485
B,Breast cancer (Low),UMAP,-,tnc,Random,79,0.9255398296059638,0.9264966986155485
B,Breast cancer (Low),UMAP,-,tnc,Random,80,0.9262368477103302,0.9264966986155485
B,Breast cancer (Low),UMAP,-,tnc,Random,81,0.9247507987220447,0.9264966986155485
B,Breast cancer (Low),UMAP,-,tnc,Random,82,0.922116400425985,0.9264966986155485
B,Breast cancer (Low),UMAP,-,tnc,Random,83,0.9246805111821087,0.9264966986155485
B,Breast cancer (Low),UMAP,-,tnc,Random,84,0.9181277955271565,0.9264966986155485
B,Breast cancer (Low),UMAP,-,tnc,Random,85,0.9250260915867946,0.9264966986155485
B,Breast cancer (Low),UMAP,-,tnc,Random,86,0.9249457933972312,0.9264966986155485
B,Breast cancer (Low),UMAP,-,tnc,Random,87,0.9248790202342918,0.9264966986155485
B,Breast cancer (Low),UMAP,-,tnc,Random,88,0.9263414270500533,0.9264966986155485
B,Breast cancer (Low),UMAP,-,tnc,Random,89,0.9237752928647497,0.9264966986155485
B,Breast cancer (Low),UMAP,-,tnc,Random,90,0.9259094781682642,0.9264966986155485
B,Breast cancer (Low),UMAP,-,tnc,Random,91,0.9235160809371672,0.9264966986155485
B,Breast cancer (Low),UMAP,-,tnc,Random,92,0.924819595314164,0.9264966986155485
B,Breast cancer (Low),UMAP,-,tnc,Random,93,0.92474494142705,0.9264966986155485
B,Breast cancer (Low),UMAP,-,tnc,Random,94,0.9253656017039403,0.9264966986155485
B,Breast cancer (Low),UMAP,-,tnc,Random,95,0.9235736954206604,0.9264966986155485
B,Breast cancer (Low),UMAP,-,tnc,Random,96,0.922695101171459,0.9264966986155485
B,Breast cancer (Low),UMAP,-,tnc,Random,97,0.926279233226837,0.9264966986155485
B,Breast cancer (Low),UMAP,-,tnc,Random,98,0.9238751863684771,0.9264966986155485
B,Breast cancer (Low),UMAP,-,tnc,Random,99,0.9240821086261981,0.9264966986155485
B,Breast cancer (Low),t-SNE,-,tnc,TPE,0,0.9215329073482428,0.9215329073482428
B,Breast cancer (Low),t-SNE,-,tnc,TPE,1,0.9202578274760383,0.9215329073482428
B,Breast cancer (Low),t-SNE,-,tnc,TPE,2,0.9159710330138444,0.9215329073482428
B,Breast cancer (Low),t-SNE,-,tnc,TPE,3,0.9109493077742279,0.9215329073482428
B,Breast cancer (Low),t-SNE,-,tnc,TPE,4,0.9204736954206603,0.9215329073482428
B,Breast cancer (Low),t-SNE,-,tnc,TPE,5,0.9019975505857295,0.9215329073482428
B,Breast cancer (Low),t-SNE,-,tnc,TPE,6,0.9322739084132056,0.9322739084132056
B,Breast cancer (Low),t-SNE,-,tnc,TPE,7,0.9103290734824281,0.9322739084132056
B,Breast cancer (Low),t-SNE,-,tnc,TPE,8,0.9188732694355698,0.9322739084132056
B,Breast cancer (Low),t-SNE,-,tnc,TPE,9,0.9236148029818958,0.9322739084132056
B,Breast cancer (Low),t-SNE,-,tnc,TPE,10,0.9342614483493079,0.9342614483493079
B,Breast cancer (Low),t-SNE,-,tnc,TPE,11,0.9316003194888178,0.9342614483493079
B,Breast cancer (Low),t-SNE,-,tnc,TPE,12,0.9271897763578274,0.9342614483493079
B,Breast cancer (Low),t-SNE,-,tnc,TPE,13,0.9375292864749734,0.9375292864749734
B,Breast cancer (Low),t-SNE,-,tnc,TPE,14,0.9264846645367412,0.9375292864749734
B,Breast cancer (Low),t-SNE,-,tnc,TPE,15,0.9353825346112887,0.9375292864749734
B,Breast cancer (Low),t-SNE,-,tnc,TPE,16,0.9287395101171461,0.9375292864749734
B,Breast cancer (Low),t-SNE,-,tnc,TPE,17,0.9344811501597444,0.9375292864749734
B,Breast cancer (Low),t-SNE,-,tnc,TPE,18,0.9163154419595314,0.9375292864749734
B,Breast cancer (Low),t-SNE,-,tnc,TPE,19,0.9295798722044727,0.9375292864749734
B,Breast cancer (Low),t-SNE,-,tnc,TPE,20,0.9271929712460065,0.9375292864749734
B,Breast cancer (Low),t-SNE,-,tnc,TPE,21,0.9276332268370606,0.9375292864749734
B,Breast cancer (Low),t-SNE,-,tnc,TPE,22,0.9243433439829607,0.9375292864749734
B,Breast cancer (Low),t-SNE,-,tnc,TPE,23,0.9114651757188499,0.9375292864749734
B,Breast cancer (Low),t-SNE,-,tnc,TPE,24,0.926942066027689,0.9375292864749734
B,Breast cancer (Low),t-SNE,-,tnc,TPE,25,0.9263307774227902,0.9375292864749734
B,Breast cancer (Low),t-SNE,-,tnc,TPE,26,0.9184849840255591,0.9375292864749734
B,Breast cancer (Low),t-SNE,-,tnc,TPE,27,0.9356932907348243,0.9375292864749734
B,Breast cancer (Low),t-SNE,-,tnc,TPE,28,0.9336122470713525,0.9375292864749734
B,Breast cancer (Low),t-SNE,-,tnc,TPE,29,0.9315879659211928,0.9375292864749734
B,Breast cancer (Low),t-SNE,-,tnc,TPE,30,0.931806922257721,0.9375292864749734
B,Breast cancer (Low),t-SNE,-,tnc,TPE,31,0.9204072417465389,0.9375292864749734
B,Breast cancer (Low),t-SNE,-,tnc,TPE,32,0.9219439829605963,0.9375292864749734
B,Breast cancer (Low),t-SNE,-,tnc,TPE,33,0.9201512247071353,0.9375292864749734
B,Breast cancer (Low),t-SNE,-,tnc,TPE,34,0.9255872204472844,0.9375292864749734
B,Breast cancer (Low),t-SNE,-,tnc,TPE,35,0.929122470713525,0.9375292864749734
B,Breast cancer (Low),t-SNE,-,tnc,TPE,36,0.9297909478168264,0.9375292864749734
B,Breast cancer (Low),t-SNE,-,tnc,TPE,37,0.9307545260915868,0.9375292864749734
B,Breast cancer (Low),t-SNE,-,tnc,TPE,38,0.9305177848775293,0.9375292864749734
B,Breast cancer (Low),t-SNE,-,tnc,TPE,39,0.9242579339723109,0.9375292864749734
B,Breast cancer (Low),t-SNE,-,tnc,TPE,40,0.9275001064962727,0.9375292864749734
B,Breast cancer (Low),t-SNE,-,tnc,TPE,41,0.9332379126730563,0.9375292864749734
B,Breast cancer (Low),t-SNE,-,tnc,TPE,42,0.9321842385516507,0.9375292864749734
B,Breast cancer (Low),t-SNE,-,tnc,TPE,43,0.9296851970181044,0.9375292864749734
B,Breast cancer (Low),t-SNE,-,tnc,TPE,44,0.9275470713525027,0.9375292864749734
B,Breast cancer (Low),t-SNE,-,tnc,TPE,45,0.9234499467518638,0.9375292864749734
B,Breast cancer (Low),t-SNE,-,tnc,TPE,46,0.9266205537806177,0.9375292864749734
B,Breast cancer (Low),t-SNE,-,tnc,TPE,47,0.9150699680511183,0.9375292864749734
B,Breast cancer (Low),t-SNE,-,tnc,TPE,48,0.9185549520766774,0.9375292864749734
B,Breast cancer (Low),t-SNE,-,tnc,TPE,49,0.9295578274760383,0.9375292864749734
B,Breast cancer (Low),t-SNE,-,tnc,TPE,50,0.9312710330138445,0.9375292864749734
B,Breast cancer (Low),t-SNE,-,tnc,TPE,51,0.9349812566560172,0.9375292864749734
B,Breast cancer (Low),t-SNE,-,tnc,TPE,52,0.9318145899893504,0.9375292864749734
B,Breast cancer (Low),t-SNE,-,tnc,TPE,53,0.9327296059637913,0.9375292864749734
B,Breast cancer (Low),t-SNE,-,tnc,TPE,54,0.9322425985090522,0.9375292864749734
B,Breast cancer (Low),t-SNE,-,tnc,TPE,55,0.9277276890308839,0.9375292864749734
B,Breast cancer (Low),t-SNE,-,tnc,TPE,56,0.9226878594249202,0.9375292864749734
B,Breast cancer (Low),t-SNE,-,tnc,TPE,57,0.9244579339723109,0.9375292864749734
B,Breast cancer (Low),t-SNE,-,tnc,TPE,58,0.9096888178913738,0.9375292864749734
B,Breast cancer (Low),t-SNE,-,tnc,TPE,59,0.9360908413205538,0.9375292864749734
B,Breast cancer (Low),t-SNE,-,tnc,TPE,60,0.9140291799787008,0.9375292864749734
B,Breast cancer (Low),t-SNE,-,tnc,TPE,61,0.9275907348242811,0.9375292864749734
B,Breast cancer (Low),t-SNE,-,tnc,TPE,62,0.9296174653887115,0.9375292864749734
B,Breast cancer (Low),t-SNE,-,tnc,TPE,63,0.9279732694355698,0.9375292864749734
B,Breast cancer (Low),t-SNE,-,tnc,TPE,64,0.9364337593184238,0.9375292864749734
B,Breast cancer (Low),t-SNE,-,tnc,TPE,65,0.9262995740149096,0.9375292864749734
B,Breast cancer (Low),t-SNE,-,tnc,TPE,66,0.9271093716719915,0.9375292864749734
B,Breast cancer (Low),t-SNE,-,tnc,TPE,67,0.9280257720979765,0.9375292864749734
B,Breast cancer (Low),t-SNE,-,tnc,TPE,68,0.9248227902023429,0.9375292864749734
B,Breast cancer (Low),t-SNE,-,tnc,TPE,69,0.929778381256656,0.9375292864749734
B,Breast cancer (Low),t-SNE,-,tnc,TPE,70,0.9297364217252396,0.9375292864749734
B,Breast cancer (Low),t-SNE,-,tnc,TPE,71,0.9317624068157615,0.9375292864749734
B,Breast cancer (Low),t-SNE,-,tnc,TPE,72,0.9342544195953142,0.9375292864749734
B,Breast cancer (Low),t-SNE,-,tnc,TPE,73,0.9311023429179979,0.9375292864749734
B,Breast cancer (Low),t-SNE,-,tnc,TPE,74,0.9342134185303514,0.9375292864749734
B,Breast cancer (Low),t-SNE,-,tnc,TPE,75,0.9306366347177848,0.9375292864749734
B,Breast cancer (Low),t-SNE,-,tnc,TPE,76,0.9300473908413207,0.9375292864749734
B,Breast cancer (Low),t-SNE,-,tnc,TPE,77,0.9306204472843451,0.9375292864749734
B,Breast cancer (Low),t-SNE,-,tnc,TPE,78,0.9288266240681575,0.9375292864749734
B,Breast cancer (Low),t-SNE,-,tnc,TPE,79,0.9325053248136315,0.9375292864749734
B,Breast cancer (Low),t-SNE,-,tnc,TPE,80,0.9340691160809371,0.9375292864749734
B,Breast cancer (Low),t-SNE,-,tnc,TPE,81,0.930487326943557,0.9375292864749734
B,Breast cancer (Low),t-SNE,-,tnc,TPE,82,0.9317470713525027,0.9375292864749734
B,Breast cancer (Low),t-SNE,-,tnc,TPE,83,0.9369558040468583,0.9375292864749734
B,Breast cancer (Low),t-SNE,-,tnc,TPE,84,0.9337307774227902,0.9375292864749734
B,Breast cancer (Low),t-SNE,-,tnc,TPE,85,0.9307831735889244,0.9375292864749734
B,Breast cancer (Low),t-SNE,-,tnc,TPE,86,0.9294504792332269,0.9375292864749734
B,Breast cancer (Low),t-SNE,-,tnc,TPE,87,0.9333873269435571,0.9375292864749734
B,Breast cancer (Low),t-SNE,-,tnc,TPE,88,0.9196561235356763,0.9375292864749734
B,Breast cancer (Low),t-SNE,-,tnc,TPE,89,0.9329705005324814,0.9375292864749734
B,Breast cancer (Low),t-SNE,-,tnc,TPE,90,0.9275809371671991,0.9375292864749734
B,Breast cancer (Low),t-SNE,-,tnc,TPE,91,0.9340674121405752,0.9375292864749734
B,Breast cancer (Low),t-SNE,-,tnc,TPE,92,0.9296984025559105,0.9375292864749734
B,Breast cancer (Low),t-SNE,-,tnc,TPE,93,0.9297156549520768,0.9375292864749734
B,Breast cancer (Low),t-SNE,-,tnc,TPE,94,0.9373212992545261,0.9375292864749734
B,Breast cancer (Low),t-SNE,-,tnc,TPE,95,0.9368780617678382,0.9375292864749734
B,Breast cancer (Low),t-SNE,-,tnc,TPE,96,0.9385820021299254,0.9385820021299254
B,Breast cancer (Low),t-SNE,-,tnc,TPE,97,0.9333699680511183,0.9385820021299254
B,Breast cancer (Low),t-SNE,-,tnc,TPE,98,0.9293505857294995,0.9385820021299254
B,Breast cancer (Low),t-SNE,-,tnc,TPE,99,0.9268041533546325,0.9385820021299254
B,Breast cancer (Low),t-SNE,-,tnc,Random,0,0.9215329073482428,0.9215329073482428
B,Breast cancer (Low),t-SNE,-,tnc,Random,1,0.9202578274760383,0.9215329073482428
B,Breast cancer (Low),t-SNE,-,tnc,Random,2,0.9159710330138444,0.9215329073482428
B,Breast cancer (Low),t-SNE,-,tnc,Random,3,0.9109493077742279,0.9215329073482428
B,Breast cancer (Low),t-SNE,-,tnc,Random,4,0.9204736954206603,0.9215329073482428
B,Breast cancer (Low),t-SNE,-,tnc,Random,5,0.9019975505857295,0.9215329073482428
B,Breast cancer (Low),t-SNE,-,tnc,Random,6,0.9322739084132056,0.9322739084132056
B,Breast cancer (Low),t-SNE,-,tnc,Random,7,0.9103290734824281,0.9322739084132056
B,Breast cancer (Low),t-SNE,-,tnc,Random,8,0.9188732694355698,0.9322739084132056
B,Breast cancer (Low),t-SNE,-,tnc,Random,9,0.9236148029818958,0.9322739084132056
B,Breast cancer (Low),t-SNE,-,tnc,Random,10,0.9286864749733759,0.9322739084132056
B,Breast cancer (Low),t-SNE,-,tnc,Random,11,0.9100700745473909,0.9322739084132056
B,Breast cancer (Low),t-SNE,-,tnc,Random,12,0.9154243876464323,0.9322739084132056
B,Breast cancer (Low),t-SNE,-,tnc,Random,13,0.9139654952076677,0.9322739084132056
B,Breast cancer (Low),t-SNE,-,tnc,Random,14,0.930448136315229,0.9322739084132056
B,Breast cancer (Low),t-SNE,-,tnc,Random,15,0.9269717784877529,0.9322739084132056
B,Breast cancer (Low),t-SNE,-,tnc,Random,16,0.910921618743344,0.9322739084132056
B,Breast cancer (Low),t-SNE,-,tnc,Random,17,0.9222043663471778,0.9322739084132056
B,Breast cancer (Low),t-SNE,-,tnc,Random,18,0.9199855165069222,0.9322739084132056
B,Breast cancer (Low),t-SNE,-,tnc,Random,19,0.9170591054313098,0.9322739084132056
B,Breast cancer (Low),t-SNE,-,tnc,Random,20,0.913456762513312,0.9322739084132056
B,Breast cancer (Low),t-SNE,-,tnc,Random,21,0.910301171458999,0.9322739084132056
B,Breast cancer (Low),t-SNE,-,tnc,Random,22,0.9070906283280085,0.9322739084132056
B,Breast cancer (Low),t-SNE,-,tnc,Random,23,0.9153025559105431,0.9322739084132056
B,Breast cancer (Low),t-SNE,-,tnc,Random,24,0.9209463258785943,0.9322739084132056
B,Breast cancer (Low),t-SNE,-,tnc,Random,25,0.9288239616613418,0.9322739084132056
B,Breast cancer (Low),t-SNE,-,tnc,Random,26,0.9217202342917998,0.9322739084132056
B,Breast cancer (Low),t-SNE,-,tnc,Random,27,0.9263874334398297,0.9322739084132056
B,Breast cancer (Low),t-SNE,-,tnc,Random,28,0.9182374866879659,0.9322739084132056
B,Breast cancer (Low),t-SNE,-,tnc,Random,29,0.9129179978700745,0.9322739084132056
B,Breast cancer (Low),t-SNE,-,tnc,Random,30,0.9266219382321619,0.9322739084132056
B,Breast cancer (Low),t-SNE,-,tnc,Random,31,0.9235034078807243,0.9322739084132056
B,Breast cancer (Low),t-SNE,-,tnc,Random,32,0.9268949946751863,0.9322739084132056
B,Breast cancer (Low),t-SNE,-,tnc,Random,33,0.9140321618743343,0.9322739084132056
B,Breast cancer (Low),t-SNE,-,tnc,Random,34,0.9120309904153355,0.9322739084132056
B,Breast cancer (Low),t-SNE,-,tnc,Random,35,0.9297838125665601,0.9322739084132056
B,Breast cancer (Low),t-SNE,-,tnc,Random,36,0.9027659211927583,0.9322739084132056
B,Breast cancer (Low),t-SNE,-,tnc,Random,37,0.9184428115015975,0.9322739084132056
B,Breast cancer (Low),t-SNE,-,tnc,Random,38,0.9294591054313099,0.9322739084132056
B,Breast cancer (Low),t-SNE,-,tnc,Random,39,0.9178551650692226,0.9322739084132056
B,Breast cancer (Low),t-SNE,-,tnc,Random,40,0.9246761448349308,0.9322739084132056
B,Breast cancer (Low),t-SNE,-,tnc,Random,41,0.9201955271565494,0.9322739084132056
B,Breast cancer (Low),t-SNE,-,tnc,Random,42,0.9180337593184239,0.9322739084132056
B,Breast cancer (Low),t-SNE,-,tnc,Random,43,0.9222718849840256,0.9322739084132056
B,Breast cancer (Low),t-SNE,-,tnc,Random,44,0.9290744408945687,0.9322739084132056
B,Breast cancer (Low),t-SNE,-,tnc,Random,45,0.9069889243876464,0.9322739084132056
B,Breast cancer (Low),t-SNE,-,tnc,Random,46,0.9276441959531416,0.9322739084132056
B,Breast cancer (Low),t-SNE,-,tnc,Random,47,0.9272618743343983,0.9322739084132056
B,Breast cancer (Low),t-SNE,-,tnc,Random,48,0.9154090521831735,0.9322739084132056
B,Breast cancer (Low),t-SNE,-,tnc,Random,49,0.9183484558040469,0.9322739084132056
B,Breast cancer (Low),t-SNE,-,tnc,Random,50,0.9095558040468583,0.9322739084132056
B,Breast cancer (Low),t-SNE,-,tnc,Random,51,0.9146423855165069,0.9322739084132056
B,Breast cancer (Low),t-SNE,-,tnc,Random,52,0.9275637912673056,0.9322739084132056
B,Breast cancer (Low),t-SNE,-,tnc,Random,53,0.9228254526091587,0.9322739084132056
B,Breast cancer (Low),t-SNE,-,tnc,Random,54,0.9164572949946752,0.9322739084132056
B,Breast cancer (Low),t-SNE,-,tnc,Random,55,0.9143130990415336,0.9322739084132056
B,Breast cancer (Low),t-SNE,-,tnc,Random,56,0.9246215122470713,0.9322739084132056
B,Breast cancer (Low),t-SNE,-,tnc,Random,57,0.9188505857294995,0.9322739084132056
B,Breast cancer (Low),t-SNE,-,tnc,Random,58,0.9233476038338657,0.9322739084132056
B,Breast cancer (Low),t-SNE,-,tnc,Random,59,0.9198560170394037,0.9322739084132056
B,Breast cancer (Low),t-SNE,-,tnc,Random,60,0.9164512247071352,0.9322739084132056
B,Breast cancer (Low),t-SNE,-,tnc,Random,61,0.9226875399361022,0.9322739084132056
B,Breast cancer (Low),t-SNE,-,tnc,Random,62,0.9182100106496273,0.9322739084132056
B,Breast cancer (Low),t-SNE,-,tnc,Random,63,0.9323389776357827,0.9323389776357827
B,Breast cancer (Low),t-SNE,-,tnc,Random,64,0.9066664536741215,0.9323389776357827
B,Breast cancer (Low),t-SNE,-,tnc,Random,65,0.9192743343982961,0.9323389776357827
B,Breast cancer (Low),t-SNE,-,tnc,Random,66,0.9184722044728435,0.9323389776357827
B,Breast cancer (Low),t-SNE,-,tnc,Random,67,0.9283495207667731,0.9323389776357827
B,Breast cancer (Low),t-SNE,-,tnc,Random,68,0.9187969116080937,0.9323389776357827
B,Breast cancer (Low),t-SNE,-,tnc,Random,69,0.906685623003195,0.9323389776357827
B,Breast cancer (Low),t-SNE,-,tnc,Random,70,0.9305727369542065,0.9323389776357827
B,Breast cancer (Low),t-SNE,-,tnc,Random,71,0.919811821086262,0.9323389776357827
B,Breast cancer (Low),t-SNE,-,tnc,Random,72,0.9268471778487752,0.9323389776357827
B,Breast cancer (Low),t-SNE,-,tnc,Random,73,0.9173949946751865,0.9323389776357827
B,Breast cancer (Low),t-SNE,-,tnc,Random,74,0.9158581469648562,0.9323389776357827
B,Breast cancer (Low),t-SNE,-,tnc,Random,75,0.9281248136315229,0.9323389776357827
B,Breast cancer (Low),t-SNE,-,tnc,Random,76,0.9088855165069223,0.9323389776357827
B,Breast cancer (Low),t-SNE,-,tnc,Random,77,0.931594249201278,0.9323389776357827
B,Breast cancer (Low),t-SNE,-,tnc,Random,78,0.9158335463258787,0.9323389776357827
B,Breast cancer (Low),t-SNE,-,tnc,Random,79,0.9054152289669862,0.9323389776357827
B,Breast cancer (Low),t-SNE,-,tnc,Random,80,0.9215631522896699,0.9323389776357827
B,Breast cancer (Low),t-SNE,-,tnc,Random,81,0.9222053248136315,0.9323389776357827
B,Breast cancer (Low),t-SNE,-,tnc,Random,82,0.914267731629393,0.9323389776357827
B,Breast cancer (Low),t-SNE,-,tnc,Random,83,0.9198749733759319,0.9323389776357827
B,Breast cancer (Low),t-SNE,-,tnc,Random,84,0.912417571884984,0.9323389776357827
B,Breast cancer (Low),t-SNE,-,tnc,Random,85,0.9280749733759318,0.9323389776357827
B,Breast cancer (Low),t-SNE,-,tnc,Random,86,0.9237132055378061,0.9323389776357827
B,Breast cancer (Low),t-SNE,-,tnc,Random,87,0.9233322683706071,0.9323389776357827
B,Breast cancer (Low),t-SNE,-,tnc,Random,88,0.9238404685835996,0.9323389776357827
B,Breast cancer (Low),t-SNE,-,tnc,Random,89,0.9307907348242812,0.9323389776357827
B,Breast cancer (Low),t-SNE,-,tnc,Random,90,0.9207071352502663,0.9323389776357827
B,Breast cancer (Low),t-SNE,-,tnc,Random,91,0.9229483493077743,0.9323389776357827
B,Breast cancer (Low),t-SNE,-,tnc,Random,92,0.9163895633652823,0.9323389776357827
B,Breast cancer (Low),t-SNE,-,tnc,Random,93,0.9279234291799787,0.9323389776357827
B,Breast cancer (Low),t-SNE,-,tnc,Random,94,0.9249170394036208,0.9323389776357827
B,Breast cancer (Low),t-SNE,-,tnc,Random,95,0.9156371671991481,0.9323389776357827
B,Breast cancer (Low),t-SNE,-,tnc,Random,96,0.9324264110756124,0.9324264110756124
B,Breast cancer (Low),t-SNE,-,tnc,Random,97,0.9095357827476038,0.9324264110756124
B,Breast cancer (Low),t-SNE,-,tnc,Random,98,0.9179119275825346,0.9324264110756124
B,Breast cancer (Low),t-SNE,-,tnc,Random,99,0.9244030883919062,0.9324264110756124
B,Breast cancer (Low),MDS,-,tnc,TPE,0,0.9289913738019169,0.9289913738019169
B,Breast cancer (Low),MDS,-,tnc,TPE,1,0.9246329073482429,0.9289913738019169
B,Breast cancer (Low),MDS,-,tnc,TPE,2,0.9290105431309904,0.9290105431309904
B,Breast cancer (Low),MDS,-,tnc,TPE,3,0.9243841320553781,0.9290105431309904
B,Breast cancer (Low),MDS,-,tnc,TPE,4,0.9290660276890308,0.9290660276890308
B,Breast cancer (Low),MDS,-,tnc,TPE,5,0.9295492012779552,0.9295492012779552
B,Breast cancer (Low),MDS,-,tnc,TPE,6,0.9293030883919062,0.9295492012779552
B,Breast cancer (Low),MDS,-,tnc,TPE,7,0.9297165069222577,0.9297165069222577
B,Breast cancer (Low),MDS,-,tnc,TPE,8,0.9248100106496273,0.9297165069222577
B,Breast cancer (Low),MDS,-,tnc,TPE,9,0.9190992545260916,0.9297165069222577
B,Breast cancer (Low),MDS,-,tnc,TPE,10,0.9290796592119275,0.9297165069222577
B,Breast cancer (Low),MDS,-,tnc,TPE,11,0.9243073482428115,0.9297165069222577
B,Breast cancer (Low),MDS,-,tnc,TPE,12,0.9267340788072417,0.9297165069222577
B,Breast cancer (Low),MDS,-,tnc,TPE,13,0.9269067092651757,0.9297165069222577
B,Breast cancer (Low),MDS,-,tnc,TPE,14,0.9251581469648562,0.9297165069222577
B,Breast cancer (Low),MDS,-,tnc,TPE,15,0.9305281150159744,0.9305281150159744
B,Breast cancer (Low),MDS,-,tnc,TPE,16,0.9274337593184239,0.9305281150159744
B,Breast cancer (Low),MDS,-,tnc,TPE,17,0.9269536741214057,0.9305281150159744
B,Breast cancer (Low),MDS,-,tnc,TPE,18,0.9271091586794462,0.9305281150159744
B,Breast cancer (Low),MDS,-,tnc,TPE,19,0.9263195953141641,0.9305281150159744
B,Breast cancer (Low),MDS,-,tnc,TPE,20,0.9272552715654951,0.9305281150159744
B,Breast cancer (Low),MDS,-,tnc,TPE,21,0.9249298189563365,0.9305281150159744
B,Breast cancer (Low),MDS,-,tnc,TPE,22,0.9307162939297124,0.9307162939297124
B,Breast cancer (Low),MDS,-,tnc,TPE,23,0.9251629392971246,0.9307162939297124
B,Breast cancer (Low),MDS,-,tnc,TPE,24,0.9292583599574014,0.9307162939297124
B,Breast cancer (Low),MDS,-,tnc,TPE,25,0.9246794462193824,0.9307162939297124
B,Breast cancer (Low),MDS,-,tnc,TPE,26,0.9303106496272631,0.9307162939297124
B,Breast cancer (Low),MDS,-,tnc,TPE,27,0.9227947816826412,0.9307162939297124
B,Breast cancer (Low),MDS,-,tnc,TPE,28,0.9168717784877529,0.9307162939297124
B,Breast cancer (Low),MDS,-,tnc,TPE,29,0.9217612353567624,0.9307162939297124
B,Breast cancer (Low),MDS,-,tnc,TPE,30,0.9275817891373803,0.9307162939297124
B,Breast cancer (Low),MDS,-,tnc,TPE,31,0.9223175718849841,0.9307162939297124
B,Breast cancer (Low),MDS,-,tnc,TPE,32,0.9261052183173588,0.9307162939297124
B,Breast cancer (Low),MDS,-,tnc,TPE,33,0.9255631522896699,0.9307162939297124
B,Breast cancer (Low),MDS,-,tnc,TPE,34,0.9282061767838126,0.9307162939297124
B,Breast cancer (Low),MDS,-,tnc,TPE,35,0.926081576144835,0.9307162939297124
B,Breast cancer (Low),MDS,-,tnc,TPE,36,0.9302209797657083,0.9307162939297124
B,Breast cancer (Low),MDS,-,tnc,TPE,37,0.9236127795527157,0.9307162939297124
B,Breast cancer (Low),MDS,-,tnc,TPE,38,0.9316187433439829,0.9316187433439829
B,Breast cancer (Low),MDS,-,tnc,TPE,39,0.926804898828541,0.9316187433439829
B,Breast cancer (Low),MDS,-,tnc,TPE,40,0.9274283280085198,0.9316187433439829
B,Breast cancer (Low),MDS,-,tnc,TPE,41,0.9247816826411075,0.9316187433439829
B,Breast cancer (Low),MDS,-,tnc,TPE,42,0.9192338658146966,0.9316187433439829
B,Breast cancer (Low),MDS,-,tnc,TPE,43,0.9291389776357827,0.9316187433439829
B,Breast cancer (Low),MDS,-,tnc,TPE,44,0.927158785942492,0.9316187433439829
B,Breast cancer (Low),MDS,-,tnc,TPE,45,0.9259527156549521,0.9316187433439829
B,Breast cancer (Low),MDS,-,tnc,TPE,46,0.9233628328008521,0.9316187433439829
B,Breast cancer (Low),MDS,-,tnc,TPE,47,0.9290203407880725,0.9316187433439829
B,Breast cancer (Low),MDS,-,tnc,TPE,48,0.926880724174654,0.9316187433439829
B,Breast cancer (Low),MDS,-,tnc,TPE,49,0.9276497337593184,0.9316187433439829
B,Breast cancer (Low),MDS,-,tnc,TPE,50,0.9298663471778488,0.9316187433439829
B,Breast cancer (Low),MDS,-,tnc,TPE,51,0.9290021299254527,0.9316187433439829
B,Breast cancer (Low),MDS,-,tnc,TPE,52,0.9252494142705006,0.9316187433439829
B,Breast cancer (Low),MDS,-,tnc,TPE,53,0.9257851970181044,0.9316187433439829
B,Breast cancer (Low),MDS,-,tnc,TPE,54,0.9294551650692227,0.9316187433439829
B,Breast cancer (Low),MDS,-,tnc,TPE,55,0.9312921192758254,0.9316187433439829
B,Breast cancer (Low),MDS,-,tnc,TPE,56,0.9233126730564429,0.9316187433439829
B,Breast cancer (Low),MDS,-,tnc,TPE,57,0.9283030883919063,0.9316187433439829
B,Breast cancer (Low),MDS,-,tnc,TPE,58,0.9269498402555911,0.9316187433439829
B,Breast cancer (Low),MDS,-,tnc,TPE,59,0.9288026624068157,0.9316187433439829
B,Breast cancer (Low),MDS,-,tnc,TPE,60,0.9241231096911608,0.9316187433439829
B,Breast cancer (Low),MDS,-,tnc,TPE,61,0.93280202342918,0.93280202342918
B,Breast cancer (Low),MDS,-,tnc,TPE,62,0.9241941427050053,0.93280202342918
B,Breast cancer (Low),MDS,-,tnc,TPE,63,0.9287512247071352,0.93280202342918
B,Breast cancer (Low),MDS,-,tnc,TPE,64,0.929489030883919,0.93280202342918
B,Breast cancer (Low),MDS,-,tnc,TPE,65,0.9253440894568691,0.93280202342918
B,Breast cancer (Low),MDS,-,tnc,TPE,66,0.926481256656017,0.93280202342918
B,Breast cancer (Low),MDS,-,tnc,TPE,67,0.9258427050053248,0.93280202342918
B,Breast cancer (Low),MDS,-,tnc,TPE,68,0.929849840255591,0.93280202342918
B,Breast cancer (Low),MDS,-,tnc,TPE,69,0.9320773162939298,0.93280202342918
B,Breast cancer (Low),MDS,-,tnc,TPE,70,0.9244634717784876,0.93280202342918
B,Breast cancer (Low),MDS,-,tnc,TPE,71,0.9212347177848776,0.93280202342918
B,Breast cancer (Low),MDS,-,tnc,TPE,72,0.9270889243876465,0.93280202342918
B,Breast cancer (Low),MDS,-,tnc,TPE,73,0.9284281150159743,0.93280202342918
B,Breast cancer (Low),MDS,-,tnc,TPE,74,0.9239079872204474,0.93280202342918
B,Breast cancer (Low),MDS,-,tnc,TPE,75,0.9275703940362087,0.93280202342918
B,Breast cancer (Low),MDS,-,tnc,TPE,76,0.9292084132055378,0.93280202342918
B,Breast cancer (Low),MDS,-,tnc,TPE,77,0.9224976570820023,0.93280202342918
B,Breast cancer (Low),MDS,-,tnc,TPE,78,0.9217236421725239,0.93280202342918
B,Breast cancer (Low),MDS,-,tnc,TPE,79,0.9274595314164005,0.93280202342918
B,Breast cancer (Low),MDS,-,tnc,TPE,80,0.92764089456869,0.93280202342918
B,Breast cancer (Low),MDS,-,tnc,TPE,81,0.9288859424920127,0.93280202342918
B,Breast cancer (Low),MDS,-,tnc,TPE,82,0.9238784877529287,0.93280202342918
B,Breast cancer (Low),MDS,-,tnc,TPE,83,0.9264894568690096,0.93280202342918
B,Breast cancer (Low),MDS,-,tnc,TPE,84,0.9216057507987221,0.93280202342918
B,Breast cancer (Low),MDS,-,tnc,TPE,85,0.928751863684771,0.93280202342918
B,Breast cancer (Low),MDS,-,tnc,TPE,86,0.9232464323748668,0.93280202342918
B,Breast cancer (Low),MDS,-,tnc,TPE,87,0.9248533546325879,0.93280202342918
B,Breast cancer (Low),MDS,-,tnc,TPE,88,0.9251106496272631,0.93280202342918
B,Breast cancer (Low),MDS,-,tnc,TPE,89,0.929039190628328,0.93280202342918
B,Breast cancer (Low),MDS,-,tnc,TPE,90,0.9261127795527158,0.93280202342918
B,Breast cancer (Low),MDS,-,tnc,TPE,91,0.9229695420660278,0.93280202342918
B,Breast cancer (Low),MDS,-,tnc,TPE,92,0.9245912673056442,0.93280202342918
B,Breast cancer (Low),MDS,-,tnc,TPE,93,0.9253629392971245,0.93280202342918
B,Breast cancer (Low),MDS,-,tnc,TPE,94,0.9258621938232162,0.93280202342918
B,Breast cancer (Low),MDS,-,tnc,TPE,95,0.9275338658146965,0.93280202342918
B,Breast cancer (Low),MDS,-,tnc,TPE,96,0.9228954206602769,0.93280202342918
B,Breast cancer (Low),MDS,-,tnc,TPE,97,0.9238808306709265,0.93280202342918
B,Breast cancer (Low),MDS,-,tnc,TPE,98,0.9262062832800851,0.93280202342918
B,Breast cancer (Low),MDS,-,tnc,TPE,99,0.9278340788072417,0.93280202342918
B,Breast cancer (Low),MDS,-,tnc,Random,0,0.9266063897763579,0.9266063897763579
B,Breast cancer (Low),MDS,-,tnc,Random,1,0.925281576144835,0.9266063897763579
B,Breast cancer (Low),MDS,-,tnc,Random,2,0.9235614483493078,0.9266063897763579
B,Breast cancer (Low),MDS,-,tnc,Random,3,0.9271519701810437,0.9271519701810437
B,Breast cancer (Low),MDS,-,tnc,Random,4,0.9248088391906284,0.9271519701810437
B,Breast cancer (Low),MDS,-,tnc,Random,5,0.9251405750798722,0.9271519701810437
B,Breast cancer (Low),MDS,-,tnc,Random,6,0.925591373801917,0.9271519701810437
B,Breast cancer (Low),MDS,-,tnc,Random,7,0.9173450479233227,0.9271519701810437
B,Breast cancer (Low),MDS,-,tnc,Random,8,0.9310497337593184,0.9310497337593184
B,Breast cancer (Low),MDS,-,tnc,Random,9,0.9314826411075612,0.9314826411075612
B,Breast cancer (Low),MDS,-,tnc,Random,10,0.9272424920127795,0.9314826411075612
B,Breast cancer (Low),MDS,-,tnc,Random,11,0.9257260915867944,0.9314826411075612
B,Breast cancer (Low),MDS,-,tnc,Random,12,0.9271390841320553,0.9314826411075612
B,Breast cancer (Low),MDS,-,tnc,Random,13,0.9193986155484557,0.9314826411075612
B,Breast cancer (Low),MDS,-,tnc,Random,14,0.9276222577209797,0.9314826411075612
B,Breast cancer (Low),MDS,-,tnc,Random,15,0.927984132055378,0.9314826411075612
B,Breast cancer (Low),MDS,-,tnc,Random,16,0.916108945686901,0.9314826411075612
B,Breast cancer (Low),MDS,-,tnc,Random,17,0.9301661341853036,0.9314826411075612
B,Breast cancer (Low),MDS,-,tnc,Random,18,0.9285352502662407,0.9314826411075612
B,Breast cancer (Low),MDS,-,tnc,Random,19,0.9191818956336528,0.9314826411075612
B,Breast cancer (Low),MDS,-,tnc,Random,20,0.9261757188498403,0.9314826411075612
B,Breast cancer (Low),MDS,-,tnc,Random,21,0.9302824281150159,0.9314826411075612
B,Breast cancer (Low),MDS,-,tnc,Random,22,0.9292810436634718,0.9314826411075612
B,Breast cancer (Low),MDS,-,tnc,Random,23,0.9248072417465389,0.9314826411075612
B,Breast cancer (Low),MDS,-,tnc,Random,24,0.9239287539936103,0.9314826411075612
B,Breast cancer (Low),MDS,-,tnc,Random,25,0.9282296059637912,0.9314826411075612
B,Breast cancer (Low),MDS,-,tnc,Random,26,0.9242951011714589,0.9314826411075612
B,Breast cancer (Low),MDS,-,tnc,Random,27,0.9221125665601704,0.9314826411075612
B,Breast cancer (Low),MDS,-,tnc,Random,28,0.9337529286474974,0.9337529286474974
B,Breast cancer (Low),MDS,-,tnc,Random,29,0.9264247071352503,0.9337529286474974
B,Breast cancer (Low),MDS,-,tnc,Random,30,0.929440362087327,0.9337529286474974
B,Breast cancer (Low),MDS,-,tnc,Random,31,0.9247085197018103,0.9337529286474974
B,Breast cancer (Low),MDS,-,tnc,Random,32,0.9272251331203407,0.9337529286474974
B,Breast cancer (Low),MDS,-,tnc,Random,33,0.9324324813631523,0.9337529286474974
B,Breast cancer (Low),MDS,-,tnc,Random,34,0.930101171458999,0.9337529286474974
B,Breast cancer (Low),MDS,-,tnc,Random,35,0.9315591054313099,0.9337529286474974
B,Breast cancer (Low),MDS,-,tnc,Random,36,0.9268111821086261,0.9337529286474974
B,Breast cancer (Low),MDS,-,tnc,Random,37,0.9318507987220447,0.9337529286474974
B,Breast cancer (Low),MDS,-,tnc,Random,38,0.9292653887113951,0.9337529286474974
B,Breast cancer (Low),MDS,-,tnc,Random,39,0.9315965921192757,0.9337529286474974
B,Breast cancer (Low),MDS,-,tnc,Random,40,0.9209562300319489,0.9337529286474974
B,Breast cancer (Low),MDS,-,tnc,Random,41,0.9284785942492013,0.9337529286474974
B,Breast cancer (Low),MDS,-,tnc,Random,42,0.928309797657082,0.9337529286474974
B,Breast cancer (Low),MDS,-,tnc,Random,43,0.9277602768903089,0.9337529286474974
B,Breast cancer (Low),MDS,-,tnc,Random,44,0.9268218317358894,0.9337529286474974
B,Breast cancer (Low),MDS,-,tnc,Random,45,0.925832587859425,0.9337529286474974
B,Breast cancer (Low),MDS,-,tnc,Random,46,0.9316740149094782,0.9337529286474974
B,Breast cancer (Low),MDS,-,tnc,Random,47,0.9286088391906282,0.9337529286474974
B,Breast cancer (Low),MDS,-,tnc,Random,48,0.9272137380191694,0.9337529286474974
B,Breast cancer (Low),MDS,-,tnc,Random,49,0.9330092651757189,0.9337529286474974
B,Breast cancer (Low),MDS,-,tnc,Random,50,0.9259604898828542,0.9337529286474974
B,Breast cancer (Low),MDS,-,tnc,Random,51,0.9301730564430244,0.9337529286474974
B,Breast cancer (Low),MDS,-,tnc,Random,52,0.9308965921192758,0.9337529286474974
B,Breast cancer (Low),MDS,-,tnc,Random,53,0.9206312034078807,0.9337529286474974
B,Breast cancer (Low),MDS,-,tnc,Random,54,0.91939392971246,0.9337529286474974
B,Breast cancer (Low),MDS,-,tnc,Random,55,0.9252937167199149,0.9337529286474974
B,Breast cancer (Low),MDS,-,tnc,Random,56,0.9261663471778487,0.9337529286474974
B,Breast cancer (Low),MDS,-,tnc,Random,57,0.9253381256656017,0.9337529286474974
B,Breast cancer (Low),MDS,-,tnc,Random,58,0.918448136315229,0.9337529286474974
B,Breast cancer (Low),MDS,-,tnc,Random,59,0.9291274760383388,0.9337529286474974
B,Breast cancer (Low),MDS,-,tnc,Random,60,0.9339463258785943,0.9339463258785943
B,Breast cancer (Low),MDS,-,tnc,Random,61,0.9310308839190629,0.9339463258785943
B,Breast cancer (Low),MDS,-,tnc,Random,62,0.9216621938232161,0.9339463258785943
B,Breast cancer (Low),MDS,-,tnc,Random,63,0.930417571884984,0.9339463258785943
B,Breast cancer (Low),MDS,-,tnc,Random,64,0.9280575079872204,0.9339463258785943
B,Breast cancer (Low),MDS,-,tnc,Random,65,0.9256865814696486,0.9339463258785943
B,Breast cancer (Low),MDS,-,tnc,Random,66,0.9259085197018104,0.9339463258785943
B,Breast cancer (Low),MDS,-,tnc,Random,67,0.9205241746538871,0.9339463258785943
B,Breast cancer (Low),MDS,-,tnc,Random,68,0.9257364217252396,0.9339463258785943
B,Breast cancer (Low),MDS,-,tnc,Random,69,0.9255161874334399,0.9339463258785943
B,Breast cancer (Low),MDS,-,tnc,Random,70,0.9292859424920128,0.9339463258785943
B,Breast cancer (Low),MDS,-,tnc,Random,71,0.9301736954206603,0.9339463258785943
B,Breast cancer (Low),MDS,-,tnc,Random,72,0.9255188498402556,0.9339463258785943
B,Breast cancer (Low),MDS,-,tnc,Random,73,0.9221905218317359,0.9339463258785943
B,Breast cancer (Low),MDS,-,tnc,Random,74,0.9235681576144834,0.9339463258785943
B,Breast cancer (Low),MDS,-,tnc,Random,75,0.9283291799787008,0.9339463258785943
B,Breast cancer (Low),MDS,-,tnc,Random,76,0.9265252396166135,0.9339463258785943
B,Breast cancer (Low),MDS,-,tnc,Random,77,0.9292609158679447,0.9339463258785943
B,Breast cancer (Low),MDS,-,tnc,Random,78,0.9278102236421726,0.9339463258785943
B,Breast cancer (Low),MDS,-,tnc,Random,79,0.9293988285410011,0.9339463258785943
B,Breast cancer (Low),MDS,-,tnc,Random,80,0.9223711395101171,0.9339463258785943
B,Breast cancer (Low),MDS,-,tnc,Random,81,0.9211251331203407,0.9339463258785943
B,Breast cancer (Low),MDS,-,tnc,Random,82,0.9245287539936102,0.9339463258785943
B,Breast cancer (Low),MDS,-,tnc,Random,83,0.9285347177848775,0.9339463258785943
B,Breast cancer (Low),MDS,-,tnc,Random,84,0.927279552715655,0.9339463258785943
B,Breast cancer (Low),MDS,-,tnc,Random,85,0.9308747603833866,0.9339463258785943
B,Breast cancer (Low),MDS,-,tnc,Random,86,0.9254851970181044,0.9339463258785943
B,Breast cancer (Low),MDS,-,tnc,Random,87,0.9291263045793399,0.9339463258785943
B,Breast cancer (Low),MDS,-,tnc,Random,88,0.929627369542066,0.9339463258785943
B,Breast cancer (Low),MDS,-,tnc,Random,89,0.9242884984025559,0.9339463258785943
B,Breast cancer (Low),MDS,-,tnc,Random,90,0.9309139510117146,0.9339463258785943
B,Breast cancer (Low),MDS,-,tnc,Random,91,0.9289454739084133,0.9339463258785943
B,Breast cancer (Low),MDS,-,tnc,Random,92,0.9283433439829606,0.9339463258785943
B,Breast cancer (Low),MDS,-,tnc,Random,93,0.9275151224707134,0.9339463258785943
B,Breast cancer (Low),MDS,-,tnc,Random,94,0.9315945686900958,0.9339463258785943
B,Breast cancer (Low),MDS,-,tnc,Random,95,0.9200006389776358,0.9339463258785943
B,Breast cancer (Low),MDS,-,tnc,Random,96,0.9286595314164003,0.9339463258785943
B,Breast cancer (Low),MDS,-,tnc,Random,97,0.929953887113951,0.9339463258785943
B,Breast cancer (Low),MDS,-,tnc,Random,98,0.9240356762513311,0.9339463258785943
B,Breast cancer (Low),MDS,-,tnc,Random,99,0.9256463258785943,0.9339463258785943
B,Concentric rings (Low),UMAP,-,tnc,TPE,0,0.9909867944621937,0.9909867944621937
B,Concentric rings (Low),UMAP,-,tnc,TPE,1,0.9968612353567625,0.9968612353567625
B,Concentric rings (Low),UMAP,-,tnc,TPE,2,0.9830399361022364,0.9968612353567625
B,Concentric rings (Low),UMAP,-,tnc,TPE,3,0.9741470713525027,0.9968612353567625
B,Concentric rings (Low),UMAP,-,tnc,TPE,4,0.9968991480298188,0.9968991480298188
B,Concentric rings (Low),UMAP,-,tnc,TPE,5,0.9405759318423856,0.9968991480298188
B,Concentric rings (Low),UMAP,-,tnc,TPE,6,0.9955252396166134,0.9968991480298188
B,Concentric rings (Low),UMAP,-,tnc,TPE,7,0.9864775292864749,0.9968991480298188
B,Concentric rings (Low),UMAP,-,tnc,TPE,8,0.992255910543131,0.9968991480298188
B,Concentric rings (Low),UMAP,-,tnc,TPE,9,0.9921381256656017,0.9968991480298188
B,Concentric rings (Low),UMAP,-,tnc,TPE,10,0.9920325878594249,0.9968991480298188
B,Concentric rings (Low),UMAP,-,tnc,TPE,11,0.9964047923322683,0.9968991480298188
B,Concentric rings (Low),UMAP,-,tnc,TPE,12,0.9959698615548456,0.9968991480298188
B,Concentric rings (Low),UMAP,-,tnc,TPE,13,0.9963400425985091,0.9968991480298188
B,Concentric rings (Low),UMAP,-,tnc,TPE,14,0.9967869009584664,0.9968991480298188
B,Concentric rings (Low),UMAP,-,tnc,TPE,15,0.995815867944622,0.9968991480298188
B,Concentric rings (Low),UMAP,-,tnc,TPE,16,0.9959027689030884,0.9968991480298188
B,Concentric rings (Low),UMAP,-,tnc,TPE,17,0.9967148029818956,0.9968991480298188
B,Concentric rings (Low),UMAP,-,tnc,TPE,18,0.9957008519701811,0.9968991480298188
B,Concentric rings (Low),UMAP,-,tnc,TPE,19,0.9969445154419595,0.9969445154419595
B,Concentric rings (Low),UMAP,-,tnc,TPE,20,0.9957402555910543,0.9969445154419595
B,Concentric rings (Low),UMAP,-,tnc,TPE,21,0.9968356762513313,0.9969445154419595
B,Concentric rings (Low),UMAP,-,tnc,TPE,22,0.9966638977635782,0.9969445154419595
B,Concentric rings (Low),UMAP,-,tnc,TPE,23,0.9968668796592118,0.9969445154419595
B,Concentric rings (Low),UMAP,-,tnc,TPE,24,0.9967230031948882,0.9969445154419595
B,Concentric rings (Low),UMAP,-,tnc,TPE,25,0.9920099041533545,0.9969445154419595
B,Concentric rings (Low),UMAP,-,tnc,TPE,26,0.9973593184238551,0.9973593184238551
B,Concentric rings (Low),UMAP,-,tnc,TPE,27,0.9978251331203407,0.9978251331203407
B,Concentric rings (Low),UMAP,-,tnc,TPE,28,0.9967035143769967,0.9978251331203407
B,Concentric rings (Low),UMAP,-,tnc,TPE,29,0.9963900958466453,0.9978251331203407
B,Concentric rings (Low),UMAP,-,tnc,TPE,30,0.9963979765708201,0.9978251331203407
B,Concentric rings (Low),UMAP,-,tnc,TPE,31,0.9965872204472843,0.9978251331203407
B,Concentric rings (Low),UMAP,-,tnc,TPE,32,0.991500532481363,0.9978251331203407
B,Concentric rings (Low),UMAP,-,tnc,TPE,33,0.9967265175718849,0.9978251331203407
B,Concentric rings (Low),UMAP,-,tnc,TPE,34,0.9946771033013844,0.9978251331203407
B,Concentric rings (Low),UMAP,-,tnc,TPE,35,0.9963036208732694,0.9978251331203407
B,Concentric rings (Low),UMAP,-,tnc,TPE,36,0.9967693290734825,0.9978251331203407
B,Concentric rings (Low),UMAP,-,tnc,TPE,37,0.996470607028754,0.9978251331203407
B,Concentric rings (Low),UMAP,-,tnc,TPE,38,0.9968167199148028,0.9978251331203407
B,Concentric rings (Low),UMAP,-,tnc,TPE,39,0.9965172523961661,0.9978251331203407
B,Concentric rings (Low),UMAP,-,tnc,TPE,40,0.9978383386581469,0.9978383386581469
B,Concentric rings (Low),UMAP,-,tnc,TPE,41,0.9980965921192757,0.9980965921192757
B,Concentric rings (Low),UMAP,-,tnc,TPE,42,0.9979424920127795,0.9980965921192757
B,Concentric rings (Low),UMAP,-,tnc,TPE,43,0.9968889243876464,0.9980965921192757
B,Concentric rings (Low),UMAP,-,tnc,TPE,44,0.9970884984025559,0.9980965921192757
B,Concentric rings (Low),UMAP,-,tnc,TPE,45,0.9980761448349307,0.9980965921192757
B,Concentric rings (Low),UMAP,-,tnc,TPE,46,0.9965450479233227,0.9980965921192757
B,Concentric rings (Low),UMAP,-,tnc,TPE,47,0.9963329073482428,0.9980965921192757
B,Concentric rings (Low),UMAP,-,tnc,TPE,48,0.9966353567625132,0.9980965921192757
B,Concentric rings (Low),UMAP,-,tnc,TPE,49,0.9968980830670926,0.9980965921192757
B,Concentric rings (Low),UMAP,-,tnc,TPE,50,0.9968443024494142,0.9980965921192757
B,Concentric rings (Low),UMAP,-,tnc,TPE,51,0.9969347177848775,0.9980965921192757
B,Concentric rings (Low),UMAP,-,tnc,TPE,52,0.9967779552715654,0.9980965921192757
B,Concentric rings (Low),UMAP,-,tnc,TPE,53,0.9978246006389777,0.9980965921192757
B,Concentric rings (Low),UMAP,-,tnc,TPE,54,0.9936482428115015,0.9980965921192757
B,Concentric rings (Low),UMAP,-,tnc,TPE,55,0.9968788072417465,0.9980965921192757
B,Concentric rings (Low),UMAP,-,tnc,TPE,56,0.9972090521831736,0.9980965921192757
B,Concentric rings (Low),UMAP,-,tnc,TPE,57,0.9967663471778487,0.9980965921192757
B,Concentric rings (Low),UMAP,-,tnc,TPE,58,0.998324494142705,0.998324494142705
B,Concentric rings (Low),UMAP,-,tnc,TPE,59,0.9955158679446219,0.998324494142705
B,Concentric rings (Low),UMAP,-,tnc,TPE,60,0.9971019169329074,0.998324494142705
B,Concentric rings (Low),UMAP,-,tnc,TPE,61,0.9968506922257722,0.998324494142705
B,Concentric rings (Low),UMAP,-,tnc,TPE,62,0.9970675186368476,0.998324494142705
B,Concentric rings (Low),UMAP,-,tnc,TPE,63,0.9981997870074547,0.998324494142705
B,Concentric rings (Low),UMAP,-,tnc,TPE,64,0.9980940362087327,0.998324494142705
B,Concentric rings (Low),UMAP,-,tnc,TPE,65,0.9964340788072417,0.998324494142705
B,Concentric rings (Low),UMAP,-,tnc,TPE,66,0.9956201277955271,0.998324494142705
B,Concentric rings (Low),UMAP,-,tnc,TPE,67,0.9963010649627263,0.998324494142705
B,Concentric rings (Low),UMAP,-,tnc,TPE,68,0.9841126730564429,0.998324494142705
B,Concentric rings (Low),UMAP,-,tnc,TPE,69,0.9970007454739085,0.998324494142705
B,Concentric rings (Low),UMAP,-,tnc,TPE,70,0.9966449414270501,0.998324494142705
B,Concentric rings (Low),UMAP,-,tnc,TPE,71,0.9959199148029818,0.998324494142705
B,Concentric rings (Low),UMAP,-,tnc,TPE,72,0.9961504792332267,0.998324494142705
B,Concentric rings (Low),UMAP,-,tnc,TPE,73,0.9965683706070286,0.998324494142705
B,Concentric rings (Low),UMAP,-,tnc,TPE,74,0.9965662406815761,0.998324494142705
B,Concentric rings (Low),UMAP,-,tnc,TPE,75,0.9964771033013845,0.998324494142705
B,Concentric rings (Low),UMAP,-,tnc,TPE,76,0.9964530351437699,0.998324494142705
B,Concentric rings (Low),UMAP,-,tnc,TPE,77,0.9966640042598509,0.998324494142705
B,Concentric rings (Low),UMAP,-,tnc,TPE,78,0.9968828541001065,0.998324494142705
B,Concentric rings (Low),UMAP,-,tnc,TPE,79,0.996794781682641,0.998324494142705
B,Concentric rings (Low),UMAP,-,tnc,TPE,80,0.9962851970181044,0.998324494142705
B,Concentric rings (Low),UMAP,-,tnc,TPE,81,0.9968289669861554,0.998324494142705
B,Concentric rings (Low),UMAP,-,tnc,TPE,82,0.9966254526091585,0.998324494142705
B,Concentric rings (Low),UMAP,-,tnc,TPE,83,0.9969480298189564,0.998324494142705
B,Concentric rings (Low),UMAP,-,tnc,TPE,84,0.996950159744409,0.998324494142705
B,Concentric rings (Low),UMAP,-,tnc,TPE,85,0.9960029818956335,0.998324494142705
B,Concentric rings (Low),UMAP,-,tnc,TPE,86,0.9967162939297124,0.998324494142705
B,Concentric rings (Low),UMAP,-,tnc,TPE,87,0.9966525026624068,0.998324494142705
B,Concentric rings (Low),UMAP,-,tnc,TPE,88,0.9965838125665601,0.998324494142705
B,Concentric rings (Low),UMAP,-,tnc,TPE,89,0.9975809371671991,0.998324494142705
B,Concentric rings (Low),UMAP,-,tnc,TPE,90,0.9968385516506921,0.998324494142705
B,Concentric rings (Low),UMAP,-,tnc,TPE,91,0.9977860489882855,0.998324494142705
B,Concentric rings (Low),UMAP,-,tnc,TPE,92,0.9966741214057507,0.998324494142705
B,Concentric rings (Low),UMAP,-,tnc,TPE,93,0.9969821086261981,0.998324494142705
B,Concentric rings (Low),UMAP,-,tnc,TPE,94,0.9965338658146965,0.998324494142705
B,Concentric rings (Low),UMAP,-,tnc,TPE,95,0.9964699680511182,0.998324494142705
B,Concentric rings (Low),UMAP,-,tnc,TPE,96,0.9960432374866879,0.998324494142705
B,Concentric rings (Low),UMAP,-,tnc,TPE,97,0.9949709265175718,0.998324494142705
B,Concentric rings (Low),UMAP,-,tnc,TPE,98,0.9965037273695421,0.998324494142705
B,Concentric rings (Low),UMAP,-,tnc,TPE,99,0.9972116080937168,0.998324494142705
B,Concentric rings (Low),UMAP,-,tnc,Random,0,0.9934272630457934,0.9934272630457934
B,Concentric rings (Low),UMAP,-,tnc,Random,1,0.9975671991480298,0.9975671991480298
B,Concentric rings (Low),UMAP,-,tnc,Random,2,0.9818191693290735,0.9975671991480298
B,Concentric rings (Low),UMAP,-,tnc,Random,3,0.9829100106496272,0.9975671991480298
B,Concentric rings (Low),UMAP,-,tnc,Random,4,0.99624696485623,0.9975671991480298
B,Concentric rings (Low),UMAP,-,tnc,Random,5,0.957716400425985,0.9975671991480298
B,Concentric rings (Low),UMAP,-,tnc,Random,6,0.9938535676251331,0.9975671991480298
B,Concentric rings (Low),UMAP,-,tnc,Random,7,0.987215548455804,0.9975671991480298
B,Concentric rings (Low),UMAP,-,tnc,Random,8,0.9919986155484558,0.9975671991480298
B,Concentric rings (Low),UMAP,-,tnc,Random,9,0.9927125665601704,0.9975671991480298
B,Concentric rings (Low),UMAP,-,tnc,Random,10,0.9944936102236421,0.9975671991480298
B,Concentric rings (Low),UMAP,-,tnc,Random,11,0.986427369542066,0.9975671991480298
B,Concentric rings (Low),UMAP,-,tnc,Random,12,0.9932845580404686,0.9975671991480298
B,Concentric rings (Low),UMAP,-,tnc,Random,13,0.9879433439829605,0.9975671991480298
B,Concentric rings (Low),UMAP,-,tnc,Random,14,0.9918834930777423,0.9975671991480298
B,Concentric rings (Low),UMAP,-,tnc,Random,15,0.9940612353567625,0.9975671991480298
B,Concentric rings (Low),UMAP,-,tnc,Random,16,0.9768356762513313,0.9975671991480298
B,Concentric rings (Low),UMAP,-,tnc,Random,17,0.9966222577209798,0.9975671991480298
B,Concentric rings (Low),UMAP,-,tnc,Random,18,0.9876108626198083,0.9975671991480298
B,Concentric rings (Low),UMAP,-,tnc,Random,19,0.9956333333333333,0.9975671991480298
B,Concentric rings (Low),UMAP,-,tnc,Random,20,0.9874179978700743,0.9975671991480298
B,Concentric rings (Low),UMAP,-,tnc,Random,21,0.9779681576144834,0.9975671991480298
B,Concentric rings (Low),UMAP,-,tnc,Random,22,0.9859720979765707,0.9975671991480298
B,Concentric rings (Low),UMAP,-,tnc,Random,23,0.9902705005324814,0.9975671991480298
B,Concentric rings (Low),UMAP,-,tnc,Random,24,0.9934545260915868,0.9975671991480298
B,Concentric rings (Low),UMAP,-,tnc,Random,25,0.9967551650692226,0.9975671991480298
B,Concentric rings (Low),UMAP,-,tnc,Random,26,0.998019275825346,0.998019275825346
B,Concentric rings (Low),UMAP,-,tnc,Random,27,0.9961379126730563,0.998019275825346
B,Concentric rings (Low),UMAP,-,tnc,Random,28,0.9771873269435571,0.998019275825346
B,Concentric rings (Low),UMAP,-,tnc,Random,29,0.9801781682641107,0.998019275825346
B,Concentric rings (Low),UMAP,-,tnc,Random,30,0.9901966986155484,0.998019275825346
B,Concentric rings (Low),UMAP,-,tnc,Random,31,0.9958269435569755,0.998019275825346
B,Concentric rings (Low),UMAP,-,tnc,Random,32,0.9899186368477102,0.998019275825346
B,Concentric rings (Low),UMAP,-,tnc,Random,33,0.9867023429179977,0.998019275825346
B,Concentric rings (Low),UMAP,-,tnc,Random,34,0.9834533546325878,0.998019275825346
B,Concentric rings (Low),UMAP,-,tnc,Random,35,0.994716719914803,0.998019275825346
B,Concentric rings (Low),UMAP,-,tnc,Random,36,0.9611234291799786,0.998019275825346
B,Concentric rings (Low),UMAP,-,tnc,Random,37,0.9965319488817891,0.998019275825346
B,Concentric rings (Low),UMAP,-,tnc,Random,38,0.9946367412140574,0.998019275825346
B,Concentric rings (Low),UMAP,-,tnc,Random,39,0.9886463258785942,0.998019275825346
B,Concentric rings (Low),UMAP,-,tnc,Random,40,0.9955887113951012,0.998019275825346
B,Concentric rings (Low),UMAP,-,tnc,Random,41,0.9880732694355696,0.998019275825346
B,Concentric rings (Low),UMAP,-,tnc,Random,42,0.9883715654952077,0.998019275825346
B,Concentric rings (Low),UMAP,-,tnc,Random,43,0.9966995740149095,0.998019275825346
B,Concentric rings (Low),UMAP,-,tnc,Random,44,0.9968234291799787,0.998019275825346
B,Concentric rings (Low),UMAP,-,tnc,Random,45,0.9840788072417466,0.998019275825346
B,Concentric rings (Low),UMAP,-,tnc,Random,46,0.9963183173588923,0.998019275825346
B,Concentric rings (Low),UMAP,-,tnc,Random,47,0.9964656017039404,0.998019275825346
B,Concentric rings (Low),UMAP,-,tnc,Random,48,0.995207774227902,0.998019275825346
B,Concentric rings (Low),UMAP,-,tnc,Random,49,0.9824841320553781,0.998019275825346
B,Concentric rings (Low),UMAP,-,tnc,Random,50,0.9784578274760383,0.998019275825346
B,Concentric rings (Low),UMAP,-,tnc,Random,51,0.9905765708200213,0.998019275825346
B,Concentric rings (Low),UMAP,-,tnc,Random,52,0.995428541001065,0.998019275825346
B,Concentric rings (Low),UMAP,-,tnc,Random,53,0.9910505857294994,0.998019275825346
B,Concentric rings (Low),UMAP,-,tnc,Random,54,0.9858558040468584,0.998019275825346
B,Concentric rings (Low),UMAP,-,tnc,Random,55,0.9877037273695422,0.998019275825346
B,Concentric rings (Low),UMAP,-,tnc,Random,56,0.9966503727369542,0.998019275825346
B,Concentric rings (Low),UMAP,-,tnc,Random,57,0.9980982960596378,0.9980982960596378
B,Concentric rings (Low),UMAP,-,tnc,Random,58,0.9945587859424919,0.9980982960596378
B,Concentric rings (Low),UMAP,-,tnc,Random,59,0.9963162939297124,0.9980982960596378
B,Concentric rings (Low),UMAP,-,tnc,Random,60,0.9971652822151225,0.9980982960596378
B,Concentric rings (Low),UMAP,-,tnc,Random,61,0.987812673056443,0.9980982960596378
B,Concentric rings (Low),UMAP,-,tnc,Random,62,0.9881710330138445,0.9980982960596378
B,Concentric rings (Low),UMAP,-,tnc,Random,63,0.9969021299254527,0.9980982960596378
B,Concentric rings (Low),UMAP,-,tnc,Random,64,0.9666181043663471,0.9980982960596378
B,Concentric rings (Low),UMAP,-,tnc,Random,65,0.9925025559105431,0.9980982960596378
B,Concentric rings (Low),UMAP,-,tnc,Random,66,0.9839089456869009,0.9980982960596378
B,Concentric rings (Low),UMAP,-,tnc,Random,67,0.9947846645367411,0.9980982960596378
B,Concentric rings (Low),UMAP,-,tnc,Random,68,0.9957201277955272,0.9980982960596378
B,Concentric rings (Low),UMAP,-,tnc,Random,69,0.9922696485623003,0.9980982960596378
B,Concentric rings (Low),UMAP,-,tnc,Random,70,0.99545303514377,0.9980982960596378
B,Concentric rings (Low),UMAP,-,tnc,Random,71,0.9889480298189564,0.9980982960596378
B,Concentric rings (Low),UMAP,-,tnc,Random,72,0.9873041533546325,0.9980982960596378
B,Concentric rings (Low),UMAP,-,tnc,Random,73,0.9961186368477104,0.9980982960596378
B,Concentric rings (Low),UMAP,-,tnc,Random,74,0.9776005324813631,0.9980982960596378
B,Concentric rings (Low),UMAP,-,tnc,Random,75,0.9955876464323747,0.9980982960596378
B,Concentric rings (Low),UMAP,-,tnc,Random,76,0.9867291799787007,0.9980982960596378
B,Concentric rings (Low),UMAP,-,tnc,Random,77,0.9957441959531417,0.9980982960596378
B,Concentric rings (Low),UMAP,-,tnc,Random,78,0.9971293929712459,0.9980982960596378
B,Concentric rings (Low),UMAP,-,tnc,Random,79,0.9895242811501597,0.9980982960596378
B,Concentric rings (Low),UMAP,-,tnc,Random,80,0.9906038338658146,0.9980982960596378
B,Concentric rings (Low),UMAP,-,tnc,Random,81,0.9953251331203408,0.9980982960596378
B,Concentric rings (Low),UMAP,-,tnc,Random,82,0.9835451544195953,0.9980982960596378
B,Concentric rings (Low),UMAP,-,tnc,Random,83,0.9862108626198083,0.9980982960596378
B,Concentric rings (Low),UMAP,-,tnc,Random,84,0.9749958466453674,0.9980982960596378
B,Concentric rings (Low),UMAP,-,tnc,Random,85,0.993283280085197,0.9980982960596378
B,Concentric rings (Low),UMAP,-,tnc,Random,86,0.9929396166134185,0.9980982960596378
B,Concentric rings (Low),UMAP,-,tnc,Random,87,0.993497124600639,0.9980982960596378
B,Concentric rings (Low),UMAP,-,tnc,Random,88,0.9950650692225771,0.9980982960596378
B,Concentric rings (Low),UMAP,-,tnc,Random,89,0.9934329073482429,0.9980982960596378
B,Concentric rings (Low),UMAP,-,tnc,Random,90,0.9891105431309903,0.9980982960596378
B,Concentric rings (Low),UMAP,-,tnc,Random,91,0.9982610223642172,0.9982610223642172
B,Concentric rings (Low),UMAP,-,tnc,Random,92,0.9896405750798721,0.9982610223642172
B,Concentric rings (Low),UMAP,-,tnc,Random,93,0.9968805111821086,0.9982610223642172
B,Concentric rings (Low),UMAP,-,tnc,Random,94,0.9932630457933973,0.9982610223642172
B,Concentric rings (Low),UMAP,-,tnc,Random,95,0.9819517571884984,0.9982610223642172
B,Concentric rings (Low),UMAP,-,tnc,Random,96,0.9964480298189562,0.9982610223642172
B,Concentric rings (Low),UMAP,-,tnc,Random,97,0.9883013844515441,0.9982610223642172
B,Concentric rings (Low),UMAP,-,tnc,Random,98,0.996989350372737,0.9982610223642172
B,Concentric rings (Low),UMAP,-,tnc,Random,99,0.9980477103301384,0.9982610223642172
B,Concentric rings (Low),t-SNE,-,tnc,TPE,0,0.9941724174653888,0.9941724174653888
B,Concentric rings (Low),t-SNE,-,tnc,TPE,1,0.9967661341853034,0.9967661341853034
B,Concentric rings (Low),t-SNE,-,tnc,TPE,2,0.981198828541001,0.9967661341853034
B,Concentric rings (Low),t-SNE,-,tnc,TPE,3,0.9726117145899893,0.9967661341853034
B,Concentric rings (Low),t-SNE,-,tnc,TPE,4,0.9944866879659211,0.9967661341853034
B,Concentric rings (Low),t-SNE,-,tnc,TPE,5,0.9666275825346113,0.9967661341853034
B,Concentric rings (Low),t-SNE,-,tnc,TPE,6,0.9911326943556974,0.9967661341853034
B,Concentric rings (Low),t-SNE,-,tnc,TPE,7,0.9914543130990415,0.9967661341853034
B,Concentric rings (Low),t-SNE,-,tnc,TPE,8,0.9945099041533545,0.9967661341853034
B,Concentric rings (Low),t-SNE,-,tnc,TPE,9,0.9955399361022363,0.9967661341853034
B,Concentric rings (Low),t-SNE,-,tnc,TPE,10,0.9926321618743343,0.9967661341853034
B,Concentric rings (Low),t-SNE,-,tnc,TPE,11,0.9972882854100107,0.9972882854100107
B,Concentric rings (Low),t-SNE,-,tnc,TPE,12,0.99665708200213,0.9972882854100107
B,Concentric rings (Low),t-SNE,-,tnc,TPE,13,0.9961575079872204,0.9972882854100107
B,Concentric rings (Low),t-SNE,-,tnc,TPE,14,0.9909963791267304,0.9972882854100107
B,Concentric rings (Low),t-SNE,-,tnc,TPE,15,0.996156443024494,0.9972882854100107
B,Concentric rings (Low),t-SNE,-,tnc,TPE,16,0.9912378061767837,0.9972882854100107
B,Concentric rings (Low),t-SNE,-,tnc,TPE,17,0.9905320553780617,0.9972882854100107
B,Concentric rings (Low),t-SNE,-,tnc,TPE,18,0.995467092651757,0.9972882854100107
B,Concentric rings (Low),t-SNE,-,tnc,TPE,19,0.990106602768903,0.9972882854100107
B,Concentric rings (Low),t-SNE,-,tnc,TPE,20,0.9951420660276891,0.9972882854100107
B,Concentric rings (Low),t-SNE,-,tnc,TPE,21,0.993410649627263,0.9972882854100107
B,Concentric rings (Low),t-SNE,-,tnc,TPE,22,0.9966005324813632,0.9972882854100107
B,Concentric rings (Low),t-SNE,-,tnc,TPE,23,0.9969452609158678,0.9972882854100107
B,Concentric rings (Low),t-SNE,-,tnc,TPE,24,0.9934812566560169,0.9972882854100107
B,Concentric rings (Low),t-SNE,-,tnc,TPE,25,0.9952008519701809,0.9972882854100107
B,Concentric rings (Low),t-SNE,-,tnc,TPE,26,0.9956413205537806,0.9972882854100107
B,Concentric rings (Low),t-SNE,-,tnc,TPE,27,0.9944703940362087,0.9972882854100107
B,Concentric rings (Low),t-SNE,-,tnc,TPE,28,0.99663684771033,0.9972882854100107
B,Concentric rings (Low),t-SNE,-,tnc,TPE,29,0.9957867944621939,0.9972882854100107
B,Concentric rings (Low),t-SNE,-,tnc,TPE,30,0.9954602768903087,0.9972882854100107
B,Concentric rings (Low),t-SNE,-,tnc,TPE,31,0.9966151224707134,0.9972882854100107
B,Concentric rings (Low),t-SNE,-,tnc,TPE,32,0.9909255591054313,0.9972882854100107
B,Concentric rings (Low),t-SNE,-,tnc,TPE,33,0.9969321618743343,0.9972882854100107
B,Concentric rings (Low),t-SNE,-,tnc,TPE,34,0.9921580404685835,0.9972882854100107
B,Concentric rings (Low),t-SNE,-,tnc,TPE,35,0.9970707135250265,0.9972882854100107
B,Concentric rings (Low),t-SNE,-,tnc,TPE,36,0.9913236421725239,0.9972882854100107
B,Concentric rings (Low),t-SNE,-,tnc,TPE,37,0.9953926517571883,0.9972882854100107
B,Concentric rings (Low),t-SNE,-,tnc,TPE,38,0.9952995740149095,0.9972882854100107
B,Concentric rings (Low),t-SNE,-,tnc,TPE,39,0.9912908413205538,0.9972882854100107
B,Concentric rings (Low),t-SNE,-,tnc,TPE,40,0.9934502662406816,0.9972882854100107
B,Concentric rings (Low),t-SNE,-,tnc,TPE,41,0.9913223642172524,0.9972882854100107
B,Concentric rings (Low),t-SNE,-,tnc,TPE,42,0.9963431309904153,0.9972882854100107
B,Concentric rings (Low),t-SNE,-,tnc,TPE,43,0.9963170394036209,0.9972882854100107
B,Concentric rings (Low),t-SNE,-,tnc,TPE,44,0.9901108626198083,0.9972882854100107
B,Concentric rings (Low),t-SNE,-,tnc,TPE,45,0.9902629392971245,0.9972882854100107
B,Concentric rings (Low),t-SNE,-,tnc,TPE,46,0.9933527156549521,0.9972882854100107
B,Concentric rings (Low),t-SNE,-,tnc,TPE,47,0.9944335463258784,0.9972882854100107
B,Concentric rings (Low),t-SNE,-,tnc,TPE,48,0.9791741214057508,0.9972882854100107
B,Concentric rings (Low),t-SNE,-,tnc,TPE,49,0.9967903088391905,0.9972882854100107
B,Concentric rings (Low),t-SNE,-,tnc,TPE,50,0.9952859424920127,0.9972882854100107
B,Concentric rings (Low),t-SNE,-,tnc,TPE,51,0.997045260915868,0.9972882854100107
B,Concentric rings (Low),t-SNE,-,tnc,TPE,52,0.9958112886048988,0.9972882854100107
B,Concentric rings (Low),t-SNE,-,tnc,TPE,53,0.997474653887114,0.997474653887114
B,Concentric rings (Low),t-SNE,-,tnc,TPE,54,0.9968668796592117,0.997474653887114
B,Concentric rings (Low),t-SNE,-,tnc,TPE,55,0.9953565495207668,0.997474653887114
B,Concentric rings (Low),t-SNE,-,tnc,TPE,56,0.9967034078807242,0.997474653887114
B,Concentric rings (Low),t-SNE,-,tnc,TPE,57,0.9966354632587859,0.997474653887114
B,Concentric rings (Low),t-SNE,-,tnc,TPE,58,0.9912550585729498,0.997474653887114
B,Concentric rings (Low),t-SNE,-,tnc,TPE,59,0.9959808306709265,0.997474653887114
B,Concentric rings (Low),t-SNE,-,tnc,TPE,60,0.9970149094781682,0.997474653887114
B,Concentric rings (Low),t-SNE,-,tnc,TPE,61,0.9979666666666667,0.9979666666666667
B,Concentric rings (Low),t-SNE,-,tnc,TPE,62,0.9931539936102236,0.9979666666666667
B,Concentric rings (Low),t-SNE,-,tnc,TPE,63,0.9905285410010649,0.9979666666666667
B,Concentric rings (Low),t-SNE,-,tnc,TPE,64,0.9931205537806176,0.9979666666666667
B,Concentric rings (Low),t-SNE,-,tnc,TPE,65,0.9950529286474973,0.9979666666666667
B,Concentric rings (Low),t-SNE,-,tnc,TPE,66,0.9913321618743344,0.9979666666666667
B,Concentric rings (Low),t-SNE,-,tnc,TPE,67,0.9969676251331203,0.9979666666666667
B,Concentric rings (Low),t-SNE,-,tnc,TPE,68,0.9951174653887114,0.9979666666666667
B,Concentric rings (Low),t-SNE,-,tnc,TPE,69,0.9958275825346112,0.9979666666666667
B,Concentric rings (Low),t-SNE,-,tnc,TPE,70,0.9955944621938232,0.9979666666666667
B,Concentric rings (Low),t-SNE,-,tnc,TPE,71,0.9966464323748669,0.9979666666666667
B,Concentric rings (Low),t-SNE,-,tnc,TPE,72,0.9930006389776358,0.9979666666666667
B,Concentric rings (Low),t-SNE,-,tnc,TPE,73,0.9962251331203408,0.9979666666666667
B,Concentric rings (Low),t-SNE,-,tnc,TPE,74,0.9963407880724173,0.9979666666666667
B,Concentric rings (Low),t-SNE,-,tnc,TPE,75,0.9968817891373801,0.9979666666666667
B,Concentric rings (Low),t-SNE,-,tnc,TPE,76,0.9937751863684771,0.9979666666666667
B,Concentric rings (Low),t-SNE,-,tnc,TPE,77,0.9968670926517571,0.9979666666666667
B,Concentric rings (Low),t-SNE,-,tnc,TPE,78,0.9888774227902023,0.9979666666666667
B,Concentric rings (Low),t-SNE,-,tnc,TPE,79,0.9968566560170393,0.9979666666666667
B,Concentric rings (Low),t-SNE,-,tnc,TPE,80,0.9913215122470713,0.9979666666666667
B,Concentric rings (Low),t-SNE,-,tnc,TPE,81,0.9973165069222577,0.9979666666666667
B,Concentric rings (Low),t-SNE,-,tnc,TPE,82,0.9946182108626198,0.9979666666666667
B,Concentric rings (Low),t-SNE,-,tnc,TPE,83,0.9962345047923323,0.9979666666666667
B,Concentric rings (Low),t-SNE,-,tnc,TPE,84,0.993600532481363,0.9979666666666667
B,Concentric rings (Low),t-SNE,-,tnc,TPE,85,0.9975054313099041,0.9979666666666667
B,Concentric rings (Low),t-SNE,-,tnc,TPE,86,0.9973750798722044,0.9979666666666667
B,Concentric rings (Low),t-SNE,-,tnc,TPE,87,0.9965223642172523,0.9979666666666667
B,Concentric rings (Low),t-SNE,-,tnc,TPE,88,0.9942443024494143,0.9979666666666667
B,Concentric rings (Low),t-SNE,-,tnc,TPE,89,0.9961687965921192,0.9979666666666667
B,Concentric rings (Low),t-SNE,-,tnc,TPE,90,0.9956862619808307,0.9979666666666667
B,Concentric rings (Low),t-SNE,-,tnc,TPE,91,0.9967329073482427,0.9979666666666667
B,Concentric rings (Low),t-SNE,-,tnc,TPE,92,0.9960148029818956,0.9979666666666667
B,Concentric rings (Low),t-SNE,-,tnc,TPE,93,0.9969886048988286,0.9979666666666667
B,Concentric rings (Low),t-SNE,-,tnc,TPE,94,0.994764536741214,0.9979666666666667
B,Concentric rings (Low),t-SNE,-,tnc,TPE,95,0.9970679446219382,0.9979666666666667
B,Concentric rings (Low),t-SNE,-,tnc,TPE,96,0.9908069222577209,0.9979666666666667
B,Concentric rings (Low),t-SNE,-,tnc,TPE,97,0.996710330138445,0.9979666666666667
B,Concentric rings (Low),t-SNE,-,tnc,TPE,98,0.9912012779552716,0.9979666666666667
B,Concentric rings (Low),t-SNE,-,tnc,TPE,99,0.9971458998935037,0.9979666666666667
B,Concentric rings (Low),t-SNE,-,tnc,Random,0,0.9941724174653888,0.9941724174653888
B,Concentric rings (Low),t-SNE,-,tnc,Random,1,0.9967661341853034,0.9967661341853034
B,Concentric rings (Low),t-SNE,-,tnc,Random,2,0.981198828541001,0.9967661341853034
B,Concentric rings (Low),t-SNE,-,tnc,Random,3,0.9726117145899893,0.9967661341853034
B,Concentric rings (Low),t-SNE,-,tnc,Random,4,0.9944866879659211,0.9967661341853034
B,Concentric rings (Low),t-SNE,-,tnc,Random,5,0.9666275825346113,0.9967661341853034
B,Concentric rings (Low),t-SNE,-,tnc,Random,6,0.9911326943556974,0.9967661341853034
B,Concentric rings (Low),t-SNE,-,tnc,Random,7,0.9914543130990415,0.9967661341853034
B,Concentric rings (Low),t-SNE,-,tnc,Random,8,0.9945099041533545,0.9967661341853034
B,Concentric rings (Low),t-SNE,-,tnc,Random,9,0.9955399361022363,0.9967661341853034
B,Concentric rings (Low),t-SNE,-,tnc,Random,10,0.9969255591054313,0.9969255591054313
B,Concentric rings (Low),t-SNE,-,tnc,Random,11,0.993883599574015,0.9969255591054313
B,Concentric rings (Low),t-SNE,-,tnc,Random,12,0.9955334398296058,0.9969255591054313
B,Concentric rings (Low),t-SNE,-,tnc,Random,13,0.9897845580404685,0.9969255591054313
B,Concentric rings (Low),t-SNE,-,tnc,Random,14,0.9967827476038338,0.9969255591054313
B,Concentric rings (Low),t-SNE,-,tnc,Random,15,0.996840042598509,0.9969255591054313
B,Concentric rings (Low),t-SNE,-,tnc,Random,16,0.9808102236421725,0.9969255591054313
B,Concentric rings (Low),t-SNE,-,tnc,Random,17,0.9944118210862618,0.9969255591054313
B,Concentric rings (Low),t-SNE,-,tnc,Random,18,0.9944246006389776,0.9969255591054313
B,Concentric rings (Low),t-SNE,-,tnc,Random,19,0.9969668796592119,0.9969668796592119
B,Concentric rings (Low),t-SNE,-,tnc,Random,20,0.9765641107561234,0.9969668796592119
B,Concentric rings (Low),t-SNE,-,tnc,Random,21,0.9725087326943557,0.9969668796592119
B,Concentric rings (Low),t-SNE,-,tnc,Random,22,0.9921752928647498,0.9969668796592119
B,Concentric rings (Low),t-SNE,-,tnc,Random,23,0.9938899893503726,0.9969668796592119
B,Concentric rings (Low),t-SNE,-,tnc,Random,24,0.9914122470713524,0.9969668796592119
B,Concentric rings (Low),t-SNE,-,tnc,Random,25,0.9910518636847709,0.9969668796592119
B,Concentric rings (Low),t-SNE,-,tnc,Random,26,0.9938745473908412,0.9969668796592119
B,Concentric rings (Low),t-SNE,-,tnc,Random,27,0.9966015974440894,0.9969668796592119
B,Concentric rings (Low),t-SNE,-,tnc,Random,28,0.981033120340788,0.9969668796592119
B,Concentric rings (Low),t-SNE,-,tnc,Random,29,0.9800777422790202,0.9969668796592119
B,Concentric rings (Low),t-SNE,-,tnc,Random,30,0.9941187433439829,0.9969668796592119
B,Concentric rings (Low),t-SNE,-,tnc,Random,31,0.9939801916932907,0.9969668796592119
B,Concentric rings (Low),t-SNE,-,tnc,Random,32,0.9932185303514376,0.9969668796592119
B,Concentric rings (Low),t-SNE,-,tnc,Random,33,0.9867724174653887,0.9969668796592119
B,Concentric rings (Low),t-SNE,-,tnc,Random,34,0.9765219382321618,0.9969668796592119
B,Concentric rings (Low),t-SNE,-,tnc,Random,35,0.9900275825346112,0.9969668796592119
B,Concentric rings (Low),t-SNE,-,tnc,Random,36,0.9662358892438765,0.9969668796592119
B,Concentric rings (Low),t-SNE,-,tnc,Random,37,0.9957898828541001,0.9969668796592119
B,Concentric rings (Low),t-SNE,-,tnc,Random,38,0.9907575079872204,0.9969668796592119
B,Concentric rings (Low),t-SNE,-,tnc,Random,39,0.9906883919062832,0.9969668796592119
B,Concentric rings (Low),t-SNE,-,tnc,Random,40,0.9934043663471778,0.9969668796592119
B,Concentric rings (Low),t-SNE,-,tnc,Random,41,0.9943226837060702,0.9969668796592119
B,Concentric rings (Low),t-SNE,-,tnc,Random,42,0.9935869009584664,0.9969668796592119
B,Concentric rings (Low),t-SNE,-,tnc,Random,43,0.9937413205537804,0.9969668796592119
B,Concentric rings (Low),t-SNE,-,tnc,Random,44,0.9957363152289669,0.9969668796592119
B,Concentric rings (Low),t-SNE,-,tnc,Random,45,0.9834499467518637,0.9969668796592119
B,Concentric rings (Low),t-SNE,-,tnc,Random,46,0.9968728434504792,0.9969668796592119
B,Concentric rings (Low),t-SNE,-,tnc,Random,47,0.9934903088391904,0.9969668796592119
B,Concentric rings (Low),t-SNE,-,tnc,Random,48,0.9954864749733758,0.9969668796592119
B,Concentric rings (Low),t-SNE,-,tnc,Random,49,0.9881342917997871,0.9969668796592119
B,Concentric rings (Low),t-SNE,-,tnc,Random,50,0.9716834930777423,0.9969668796592119
B,Concentric rings (Low),t-SNE,-,tnc,Random,51,0.9932740149094781,0.9969668796592119
B,Concentric rings (Low),t-SNE,-,tnc,Random,52,0.9913027689030883,0.9969668796592119
B,Concentric rings (Low),t-SNE,-,tnc,Random,53,0.9957007454739084,0.9969668796592119
B,Concentric rings (Low),t-SNE,-,tnc,Random,54,0.9909490947816826,0.9969668796592119
B,Concentric rings (Low),t-SNE,-,tnc,Random,55,0.9924390841320554,0.9969668796592119
B,Concentric rings (Low),t-SNE,-,tnc,Random,56,0.993457933972311,0.9969668796592119
B,Concentric rings (Low),t-SNE,-,tnc,Random,57,0.9945957401490948,0.9969668796592119
B,Concentric rings (Low),t-SNE,-,tnc,Random,58,0.993749840255591,0.9969668796592119
B,Concentric rings (Low),t-SNE,-,tnc,Random,59,0.9920271565495208,0.9969668796592119
B,Concentric rings (Low),t-SNE,-,tnc,Random,60,0.9968485623003195,0.9969668796592119
B,Concentric rings (Low),t-SNE,-,tnc,Random,61,0.9938085197018105,0.9969668796592119
B,Concentric rings (Low),t-SNE,-,tnc,Random,62,0.9930604898828541,0.9969668796592119
B,Concentric rings (Low),t-SNE,-,tnc,Random,63,0.9961146964856229,0.9969668796592119
B,Concentric rings (Low),t-SNE,-,tnc,Random,64,0.9721811501597444,0.9969668796592119
B,Concentric rings (Low),t-SNE,-,tnc,Random,65,0.9950326943556975,0.9969668796592119
B,Concentric rings (Low),t-SNE,-,tnc,Random,66,0.9906027689030884,0.9969668796592119
B,Concentric rings (Low),t-SNE,-,tnc,Random,67,0.9938399361022363,0.9969668796592119
B,Concentric rings (Low),t-SNE,-,tnc,Random,68,0.9905140575079872,0.9969668796592119
B,Concentric rings (Low),t-SNE,-,tnc,Random,69,0.9923238551650692,0.9969668796592119
B,Concentric rings (Low),t-SNE,-,tnc,Random,70,0.9912769968051118,0.9969668796592119
B,Concentric rings (Low),t-SNE,-,tnc,Random,71,0.9964862619808308,0.9969668796592119
B,Concentric rings (Low),t-SNE,-,tnc,Random,72,0.9915125665601703,0.9969668796592119
B,Concentric rings (Low),t-SNE,-,tnc,Random,73,0.9968183173588924,0.9969668796592119
B,Concentric rings (Low),t-SNE,-,tnc,Random,74,0.9826111821086261,0.9969668796592119
B,Concentric rings (Low),t-SNE,-,tnc,Random,75,0.9925371671991481,0.9969668796592119
B,Concentric rings (Low),t-SNE,-,tnc,Random,76,0.9763275825346113,0.9969668796592119
B,Concentric rings (Low),t-SNE,-,tnc,Random,77,0.991321299254526,0.9969668796592119
B,Concentric rings (Low),t-SNE,-,tnc,Random,78,0.9924810436634717,0.9969668796592119
B,Concentric rings (Low),t-SNE,-,tnc,Random,79,0.9911318423855164,0.9969668796592119
B,Concentric rings (Low),t-SNE,-,tnc,Random,80,0.9949804046858359,0.9969668796592119
B,Concentric rings (Low),t-SNE,-,tnc,Random,81,0.9964624068157614,0.9969668796592119
B,Concentric rings (Low),t-SNE,-,tnc,Random,82,0.9698593184238551,0.9969668796592119
B,Concentric rings (Low),t-SNE,-,tnc,Random,83,0.9943037273695421,0.9969668796592119
B,Concentric rings (Low),t-SNE,-,tnc,Random,84,0.9751631522896698,0.9969668796592119
B,Concentric rings (Low),t-SNE,-,tnc,Random,85,0.9895366347177847,0.9969668796592119
B,Concentric rings (Low),t-SNE,-,tnc,Random,86,0.996947816826411,0.9969668796592119
B,Concentric rings (Low),t-SNE,-,tnc,Random,87,0.9967076677316293,0.9969668796592119
B,Concentric rings (Low),t-SNE,-,tnc,Random,88,0.9935250266240682,0.9969668796592119
B,Concentric rings (Low),t-SNE,-,tnc,Random,89,0.9914287539936102,0.9969668796592119
B,Concentric rings (Low),t-SNE,-,tnc,Random,90,0.9949161874334398,0.9969668796592119
B,Concentric rings (Low),t-SNE,-,tnc,Random,91,0.9916768903088391,0.9969668796592119
B,Concentric rings (Low),t-SNE,-,tnc,Random,92,0.9896958466453674,0.9969668796592119
B,Concentric rings (Low),t-SNE,-,tnc,Random,93,0.9942879659211927,0.9969668796592119
B,Concentric rings (Low),t-SNE,-,tnc,Random,94,0.9963850905218317,0.9969668796592119
B,Concentric rings (Low),t-SNE,-,tnc,Random,95,0.969962832800852,0.9969668796592119
B,Concentric rings (Low),t-SNE,-,tnc,Random,96,0.993872630457934,0.9969668796592119
B,Concentric rings (Low),t-SNE,-,tnc,Random,97,0.9938174653887113,0.9969668796592119
B,Concentric rings (Low),t-SNE,-,tnc,Random,98,0.9974206602768902,0.9974206602768902
B,Concentric rings (Low),t-SNE,-,tnc,Random,99,0.9924276890308839,0.9974206602768902
B,Concentric rings (Low),MDS,-,tnc,TPE,0,0.9999966986155484,0.9999966986155484
B,Concentric rings (Low),MDS,-,tnc,TPE,1,0.9999955271565495,0.9999966986155484
B,Concentric rings (Low),MDS,-,tnc,TPE,2,0.9999978700745474,0.9999978700745474
B,Concentric rings (Low),MDS,-,tnc,TPE,3,0.9999942492012781,0.9999978700745474
B,Concentric rings (Low),MDS,-,tnc,TPE,4,0.9999989350372738,0.9999989350372738
B,Concentric rings (Low),MDS,-,tnc,TPE,5,0.9999956336528222,0.9999989350372738
B,Concentric rings (Low),MDS,-,tnc,TPE,6,0.99999595314164,0.9999989350372738
B,Concentric rings (Low),MDS,-,tnc,TPE,7,0.9999973375931843,0.9999989350372738
B,Concentric rings (Low),MDS,-,tnc,TPE,8,0.9999956336528222,0.9999989350372738
B,Concentric rings (Low),MDS,-,tnc,TPE,9,0.9999970181043664,0.9999989350372738
B,Concentric rings (Low),MDS,-,tnc,TPE,10,0.9999961661341854,0.9999989350372738
B,Concentric rings (Low),MDS,-,tnc,TPE,11,0.9999973375931843,0.9999989350372738
B,Concentric rings (Low),MDS,-,tnc,TPE,12,0.9999989350372738,0.9999989350372738
B,Concentric rings (Low),MDS,-,tnc,TPE,13,0.9999949946751863,0.9999989350372738
B,Concentric rings (Low),MDS,-,tnc,TPE,14,0.9999963791267306,0.9999989350372738
B,Concentric rings (Low),MDS,-,tnc,TPE,15,0.9999953141640042,0.9999989350372738
B,Concentric rings (Low),MDS,-,tnc,TPE,16,0.9999972310969116,0.9999989350372738
B,Concentric rings (Low),MDS,-,tnc,TPE,17,0.9999980830670927,0.9999989350372738
B,Concentric rings (Low),MDS,-,tnc,TPE,18,0.9999963791267306,0.9999989350372738
B,Concentric rings (Low),MDS,-,tnc,TPE,19,0.9999968051118211,0.9999989350372738
B,Concentric rings (Low),MDS,-,tnc,TPE,20,0.9999960596379127,0.9999989350372738
B,Concentric rings (Low),MDS,-,tnc,TPE,21,0.999997444089457,0.9999989350372738
B,Concentric rings (Low),MDS,-,tnc,TPE,22,0.9999970181043664,0.9999989350372738
B,Concentric rings (Low),MDS,-,tnc,TPE,23,0.99999595314164,0.9999989350372738
B,Concentric rings (Low),MDS,-,tnc,TPE,24,0.9999962726304579,0.9999989350372738
B,Concentric rings (Low),MDS,-,tnc,TPE,25,0.9999964856230033,0.9999989350372738
B,Concentric rings (Low),MDS,-,tnc,TPE,26,0.9999973375931843,0.9999989350372738
B,Concentric rings (Low),MDS,-,tnc,TPE,27,0.9999968051118211,0.9999989350372738
B,Concentric rings (Low),MDS,-,tnc,TPE,28,0.9999957401490949,0.9999989350372738
B,Concentric rings (Low),MDS,-,tnc,TPE,29,0.9999974440894569,0.9999989350372738
B,Concentric rings (Low),MDS,-,tnc,TPE,30,0.9999931842385517,0.9999989350372738
B,Concentric rings (Low),MDS,-,tnc,TPE,31,0.999997124600639,0.9999989350372738
B,Concentric rings (Low),MDS,-,tnc,TPE,32,0.9999964856230033,0.9999989350372738
B,Concentric rings (Low),MDS,-,tnc,TPE,33,0.9999976570820022,0.9999989350372738
B,Concentric rings (Low),MDS,-,tnc,TPE,34,0.9999973375931843,0.9999989350372738
B,Concentric rings (Low),MDS,-,tnc,TPE,35,0.9999949946751865,0.9999989350372738
B,Concentric rings (Low),MDS,-,tnc,TPE,36,0.9999982960596381,0.9999989350372738
B,Concentric rings (Low),MDS,-,tnc,TPE,37,0.99999797657082,0.9999989350372738
B,Concentric rings (Low),MDS,-,tnc,TPE,38,0.9999976570820022,0.9999989350372738
B,Concentric rings (Low),MDS,-,tnc,TPE,39,0.9999961661341854,0.9999989350372738
B,Concentric rings (Low),MDS,-,tnc,TPE,40,0.9999949946751865,0.9999989350372738
B,Concentric rings (Low),MDS,-,tnc,TPE,41,0.9999971246006389,0.9999989350372738
B,Concentric rings (Low),MDS,-,tnc,TPE,42,0.9999973375931843,0.9999989350372738
B,Concentric rings (Low),MDS,-,tnc,TPE,43,0.9999965921192758,0.9999989350372738
B,Concentric rings (Low),MDS,-,tnc,TPE,44,0.9999965921192759,0.9999989350372738
B,Concentric rings (Low),MDS,-,tnc,TPE,45,0.9999962726304579,0.9999989350372738
B,Concentric rings (Low),MDS,-,tnc,TPE,46,0.999995101171459,0.9999989350372738
B,Concentric rings (Low),MDS,-,tnc,TPE,47,0.9999993610223643,0.9999993610223643
B,Concentric rings (Low),MDS,-,tnc,TPE,48,0.99999595314164,0.9999993610223643
B,Concentric rings (Low),MDS,-,tnc,TPE,49,0.999999148029819,0.9999993610223643
B,Concentric rings (Low),MDS,-,tnc,TPE,50,0.99999797657082,0.9999993610223643
B,Concentric rings (Low),MDS,-,tnc,TPE,51,0.9999988285410011,0.9999993610223643
B,Concentric rings (Low),MDS,-,tnc,TPE,52,0.9999980830670927,0.9999993610223643
B,Concentric rings (Low),MDS,-,tnc,TPE,53,0.9999972310969116,0.9999993610223643
B,Concentric rings (Low),MDS,-,tnc,TPE,54,0.9999972310969116,0.9999993610223643
B,Concentric rings (Low),MDS,-,tnc,TPE,55,0.9999969116080938,0.9999993610223643
B,Concentric rings (Low),MDS,-,tnc,TPE,56,0.9999948881789138,0.9999993610223643
B,Concentric rings (Low),MDS,-,tnc,TPE,57,0.9999975505857295,0.9999993610223643
B,Concentric rings (Low),MDS,-,tnc,TPE,58,0.9999955271565495,0.9999993610223643
B,Concentric rings (Low),MDS,-,tnc,TPE,59,0.9999975505857295,0.9999993610223643
B,Concentric rings (Low),MDS,-,tnc,TPE,60,0.9999968051118211,0.9999993610223643
B,Concentric rings (Low),MDS,-,tnc,TPE,61,0.9999933972310969,0.9999993610223643
B,Concentric rings (Low),MDS,-,tnc,TPE,62,0.9999957401490949,0.9999993610223643
B,Concentric rings (Low),MDS,-,tnc,TPE,63,0.9999978700745473,0.9999993610223643
B,Concentric rings (Low),MDS,-,tnc,TPE,64,0.9999964856230033,0.9999993610223643
B,Concentric rings (Low),MDS,-,tnc,TPE,65,0.9999969116080938,0.9999993610223643
B,Concentric rings (Low),MDS,-,tnc,TPE,66,0.9999965921192759,0.9999993610223643
B,Concentric rings (Low),MDS,-,tnc,TPE,67,0.9999981895633653,0.9999993610223643
B,Concentric rings (Low),MDS,-,tnc,TPE,68,0.9999953141640043,0.9999993610223643
B,Concentric rings (Low),MDS,-,tnc,TPE,69,0.9999970181043663,0.9999993610223643
B,Concentric rings (Low),MDS,-,tnc,TPE,70,0.9999984025559105,0.9999993610223643
B,Concentric rings (Low),MDS,-,tnc,TPE,71,0.9999966986155484,0.9999993610223643
B,Concentric rings (Low),MDS,-,tnc,TPE,72,0.9999968051118211,0.9999993610223643
B,Concentric rings (Low),MDS,-,tnc,TPE,73,0.9999976570820022,0.9999993610223643
B,Concentric rings (Low),MDS,-,tnc,TPE,74,0.99999392971246,0.9999993610223643
B,Concentric rings (Low),MDS,-,tnc,TPE,75,0.9999970181043664,0.9999993610223643
B,Concentric rings (Low),MDS,-,tnc,TPE,76,0.9999977635782749,0.9999993610223643
B,Concentric rings (Low),MDS,-,tnc,TPE,77,0.9999970181043664,0.9999993610223643
B,Concentric rings (Low),MDS,-,tnc,TPE,78,0.9999949946751864,0.9999993610223643
B,Concentric rings (Low),MDS,-,tnc,TPE,79,0.9999968051118211,0.9999993610223643
B,Concentric rings (Low),MDS,-,tnc,TPE,80,0.9999960596379127,0.9999993610223643
B,Concentric rings (Low),MDS,-,tnc,TPE,81,0.9999964856230033,0.9999993610223643
B,Concentric rings (Low),MDS,-,tnc,TPE,82,0.9999952076677316,0.9999993610223643
B,Concentric rings (Low),MDS,-,tnc,TPE,83,0.9999975505857295,0.9999993610223643
B,Concentric rings (Low),MDS,-,tnc,TPE,84,0.9999986155484559,0.9999993610223643
B,Concentric rings (Low),MDS,-,tnc,TPE,85,0.9999975505857295,0.9999993610223643
B,Concentric rings (Low),MDS,-,tnc,TPE,86,0.9999971246006389,0.9999993610223643
B,Concentric rings (Low),MDS,-,tnc,TPE,87,0.9999954206602769,0.9999993610223643
B,Concentric rings (Low),MDS,-,tnc,TPE,88,0.9999963791267306,0.9999993610223643
B,Concentric rings (Low),MDS,-,tnc,TPE,89,0.9999965921192759,0.9999993610223643
B,Concentric rings (Low),MDS,-,tnc,TPE,90,0.9999947816826411,0.9999993610223643
B,Concentric rings (Low),MDS,-,tnc,TPE,91,0.999997444089457,0.9999993610223643
B,Concentric rings (Low),MDS,-,tnc,TPE,92,0.9999976570820022,0.9999993610223643
B,Concentric rings (Low),MDS,-,tnc,TPE,93,0.9999988285410011,0.9999993610223643
B,Concentric rings (Low),MDS,-,tnc,TPE,94,0.9999976570820022,0.9999993610223643
B,Concentric rings (Low),MDS,-,tnc,TPE,95,0.9999976570820022,0.9999993610223643
B,Concentric rings (Low),MDS,-,tnc,TPE,96,0.9999976570820022,0.9999993610223643
B,Concentric rings (Low),MDS,-,tnc,TPE,97,0.99999595314164,0.9999993610223643
B,Concentric rings (Low),MDS,-,tnc,TPE,98,0.9999956336528222,0.9999993610223643
B,Concentric rings (Low),MDS,-,tnc,TPE,99,0.9999966986155484,0.9999993610223643
B,Concentric rings (Low),MDS,-,tnc,Random,0,0.999993077742279,0.999993077742279
B,Concentric rings (Low),MDS,-,tnc,Random,1,0.9999989350372737,0.9999989350372737
B,Concentric rings (Low),MDS,-,tnc,Random,2,0.9999965921192758,0.9999989350372737
B,Concentric rings (Low),MDS,-,tnc,Random,3,0.9999954206602768,0.9999989350372737
B,Concentric rings (Low),MDS,-,tnc,Random,4,0.9999972310969116,0.9999989350372737
B,Concentric rings (Low),MDS,-,tnc,Random,5,0.9999966986155484,0.9999989350372737
B,Concentric rings (Low),MDS,-,tnc,Random,6,0.9999975505857295,0.9999989350372737
B,Concentric rings (Low),MDS,-,tnc,Random,7,0.9999984025559105,0.9999989350372737
B,Concentric rings (Low),MDS,-,tnc,Random,8,0.9999978700745474,0.9999989350372737
B,Concentric rings (Low),MDS,-,tnc,Random,9,0.9999971246006389,0.9999989350372737
B,Concentric rings (Low),MDS,-,tnc,Random,10,0.9999962726304579,0.9999989350372737
B,Concentric rings (Low),MDS,-,tnc,Random,11,0.9999961661341853,0.9999989350372737
B,Concentric rings (Low),MDS,-,tnc,Random,12,0.9999956336528222,0.9999989350372737
B,Concentric rings (Low),MDS,-,tnc,Random,13,0.9999946751863685,0.9999989350372737
B,Concentric rings (Low),MDS,-,tnc,Random,14,0.999994249201278,0.9999989350372737
B,Concentric rings (Low),MDS,-,tnc,Random,15,0.9999965921192759,0.9999989350372737
B,Concentric rings (Low),MDS,-,tnc,Random,16,0.9999962726304579,0.9999989350372737
B,Concentric rings (Low),MDS,-,tnc,Random,17,0.9999966986155484,0.9999989350372737
B,Concentric rings (Low),MDS,-,tnc,Random,18,0.9999962726304579,0.9999989350372737
B,Concentric rings (Low),MDS,-,tnc,Random,19,0.9999986155484558,0.9999989350372737
B,Concentric rings (Low),MDS,-,tnc,Random,20,0.9999976570820022,0.9999989350372737
B,Concentric rings (Low),MDS,-,tnc,Random,21,0.9999987220447285,0.9999989350372737
B,Concentric rings (Low),MDS,-,tnc,Random,22,0.9999970181043664,0.9999989350372737
B,Concentric rings (Low),MDS,-,tnc,Random,23,0.9999952076677316,0.9999989350372737
B,Concentric rings (Low),MDS,-,tnc,Random,24,0.9999980830670927,0.9999989350372737
B,Concentric rings (Low),MDS,-,tnc,Random,25,0.9999961661341853,0.9999989350372737
B,Concentric rings (Low),MDS,-,tnc,Random,26,0.9999953141640043,0.9999989350372737
B,Concentric rings (Low),MDS,-,tnc,Random,27,0.9999975505857295,0.9999989350372737
B,Concentric rings (Low),MDS,-,tnc,Random,28,0.9999974440894569,0.9999989350372737
B,Concentric rings (Low),MDS,-,tnc,Random,29,0.9999980830670927,0.9999989350372737
B,Concentric rings (Low),MDS,-,tnc,Random,30,0.9999957401490948,0.9999989350372737
B,Concentric rings (Low),MDS,-,tnc,Random,31,0.9999952076677316,0.9999989350372737
B,Concentric rings (Low),MDS,-,tnc,Random,32,0.9999961661341853,0.9999989350372737
B,Concentric rings (Low),MDS,-,tnc,Random,33,0.9999966986155486,0.9999989350372737
B,Concentric rings (Low),MDS,-,tnc,Random,34,0.9999971246006389,0.9999989350372737
B,Concentric rings (Low),MDS,-,tnc,Random,35,0.9999976570820022,0.9999989350372737
B,Concentric rings (Low),MDS,-,tnc,Random,36,0.9999981895633653,0.9999989350372737
B,Concentric rings (Low),MDS,-,tnc,Random,37,0.9999986155484558,0.9999989350372737
B,Concentric rings (Low),MDS,-,tnc,Random,38,0.9999977635782749,0.9999989350372737
B,Concentric rings (Low),MDS,-,tnc,Random,39,0.9999948881789138,0.9999989350372737
B,Concentric rings (Low),MDS,-,tnc,Random,40,0.9999975505857295,0.9999989350372737
B,Concentric rings (Low),MDS,-,tnc,Random,41,0.9999963791267306,0.9999989350372737
B,Concentric rings (Low),MDS,-,tnc,Random,42,0.9999947816826411,0.9999989350372737
B,Concentric rings (Low),MDS,-,tnc,Random,43,0.9999954206602768,0.9999989350372737
B,Concentric rings (Low),MDS,-,tnc,Random,44,0.9999960596379127,0.9999989350372737
B,Concentric rings (Low),MDS,-,tnc,Random,45,0.9999975505857295,0.9999989350372737
B,Concentric rings (Low),MDS,-,tnc,Random,46,0.999996805111821,0.9999989350372737
B,Concentric rings (Low),MDS,-,tnc,Random,47,0.9999956336528222,0.9999989350372737
B,Concentric rings (Low),MDS,-,tnc,Random,48,0.9999947816826411,0.9999989350372737
B,Concentric rings (Low),MDS,-,tnc,Random,49,0.9999976570820022,0.9999989350372737
B,Concentric rings (Low),MDS,-,tnc,Random,50,0.9999949946751864,0.9999989350372737
B,Concentric rings (Low),MDS,-,tnc,Random,51,0.9999972310969116,0.9999989350372737
B,Concentric rings (Low),MDS,-,tnc,Random,52,0.9999955271565495,0.9999989350372737
B,Concentric rings (Low),MDS,-,tnc,Random,53,0.9999972310969116,0.9999989350372737
B,Concentric rings (Low),MDS,-,tnc,Random,54,0.9999943556975506,0.9999989350372737
B,Concentric rings (Low),MDS,-,tnc,Random,55,0.99999797657082,0.9999989350372737
B,Concentric rings (Low),MDS,-,tnc,Random,56,0.9999977635782746,0.9999989350372737
B,Concentric rings (Low),MDS,-,tnc,Random,57,0.9999981895633654,0.9999989350372737
B,Concentric rings (Low),MDS,-,tnc,Random,58,0.9999973375931843,0.9999989350372737
B,Concentric rings (Low),MDS,-,tnc,Random,59,0.9999962726304579,0.9999989350372737
B,Concentric rings (Low),MDS,-,tnc,Random,60,0.9999970181043663,0.9999989350372737
B,Concentric rings (Low),MDS,-,tnc,Random,61,0.9999965921192758,0.9999989350372737
B,Concentric rings (Low),MDS,-,tnc,Random,62,0.999999148029819,0.999999148029819
B,Concentric rings (Low),MDS,-,tnc,Random,63,0.9999963791267306,0.999999148029819
B,Concentric rings (Low),MDS,-,tnc,Random,64,0.9999963791267306,0.999999148029819
B,Concentric rings (Low),MDS,-,tnc,Random,65,0.999994249201278,0.999999148029819
B,Concentric rings (Low),MDS,-,tnc,Random,66,0.9999980830670927,0.999999148029819
B,Concentric rings (Low),MDS,-,tnc,Random,67,0.9999982960596379,0.999999148029819
B,Concentric rings (Low),MDS,-,tnc,Random,68,0.9999972310969116,0.999999148029819
B,Concentric rings (Low),MDS,-,tnc,Random,69,0.9999962726304579,0.999999148029819
B,Concentric rings (Low),MDS,-,tnc,Random,70,0.9999966986155484,0.999999148029819
B,Concentric rings (Low),MDS,-,tnc,Random,71,0.9999944621938232,0.999999148029819
B,Concentric rings (Low),MDS,-,tnc,Random,72,0.9999954206602769,0.999999148029819
B,Concentric rings (Low),MDS,-,tnc,Random,73,0.99999797657082,0.999999148029819
B,Concentric rings (Low),MDS,-,tnc,Random,74,0.9999971246006389,0.999999148029819
B,Concentric rings (Low),MDS,-,tnc,Random,75,0.999998296059638,0.999999148029819
B,Concentric rings (Low),MDS,-,tnc,Random,76,0.9999941427050053,0.999999148029819
B,Concentric rings (Low),MDS,-,tnc,Random,77,0.9999971246006389,0.999999148029819
B,Concentric rings (Low),MDS,-,tnc,Random,78,0.9999962726304579,0.999999148029819
B,Concentric rings (Low),MDS,-,tnc,Random,79,0.9999974440894569,0.999999148029819
B,Concentric rings (Low),MDS,-,tnc,Random,80,0.9999987220447285,0.999999148029819
B,Concentric rings (Low),MDS,-,tnc,Random,81,0.9999941427050053,0.999999148029819
B,Concentric rings (Low),MDS,-,tnc,Random,82,0.9999954206602769,0.999999148029819
B,Concentric rings (Low),MDS,-,tnc,Random,83,0.9999955271565495,0.999999148029819
B,Concentric rings (Low),MDS,-,tnc,Random,84,0.9999958466453673,0.999999148029819
B,Concentric rings (Low),MDS,-,tnc,Random,85,0.9999973375931843,0.999999148029819
B,Concentric rings (Low),MDS,-,tnc,Random,86,0.9999960596379127,0.999999148029819
B,Concentric rings (Low),MDS,-,tnc,Random,87,0.9999954206602769,0.999999148029819
B,Concentric rings (Low),MDS,-,tnc,Random,88,0.9999952076677316,0.999999148029819
B,Concentric rings (Low),MDS,-,tnc,Random,89,0.9999977635782749,0.999999148029819
B,Concentric rings (Low),MDS,-,tnc,Random,90,0.9999964856230033,0.999999148029819
B,Concentric rings (Low),MDS,-,tnc,Random,91,0.9999968051118211,0.999999148029819
B,Concentric rings (Low),MDS,-,tnc,Random,92,0.9999963791267306,0.999999148029819
B,Concentric rings (Low),MDS,-,tnc,Random,93,0.9999960596379127,0.999999148029819
B,Concentric rings (Low),MDS,-,tnc,Random,94,0.9999969116080938,0.999999148029819
B,Concentric rings (Low),MDS,-,tnc,Random,95,0.9999966986155486,0.999999148029819
B,Concentric rings (Low),MDS,-,tnc,Random,96,0.9999969116080937,0.999999148029819
B,Concentric rings (Low),MDS,-,tnc,Random,97,0.9999986155484558,0.999999148029819
B,Concentric rings (Low),MDS,-,tnc,Random,98,0.9999955271565495,0.999999148029819
B,Concentric rings (Low),MDS,-,tnc,Random,99,0.999996272630458,0.999999148029819
