dataset,method,seed,layers,region,region_def,cond,n,k,trustworthiness,continuity,mrre_false,mrre_missing,stress
Concentric rings (Low),UMAP,0,2,leaf0,hier_leaf,hier,40,19,0.9836124401913875,0.9875598086124402,0.9473023232719935,0.9448472435555768,7.095038413374684
Concentric rings (Low),UMAP,0,2,leaf0,hier_leaf,flat,40,19,0.9915071770334929,0.9918660287081339,0.9469209156257129,0.9529550178032832,0.746949567302498
Concentric rings (Low),UMAP,0,2,leaf1,hier_leaf,hier,64,20,0.9919776119402985,0.9938666044776119,0.9660334389627145,0.967648416414927,5.949558502674551
Concentric rings (Low),UMAP,0,2,leaf1,hier_leaf,flat,64,20,0.9971315298507463,0.9976445895522388,0.9688060887528218,0.971394608491964,1.0905599814334974
Concentric rings (Low),UMAP,0,2,leaf2,hier_leaf,hier,49,20,0.9848317705460563,0.9895752895752896,0.9514327403947098,0.9568875105540362,7.145152310815365
Concentric rings (Low),UMAP,0,2,leaf2,hier_leaf,flat,49,20,0.9847214561500276,0.9904578047435191,0.9482882145009319,0.9530339726456635,1.4881105627329085
Concentric rings (Low),UMAP,0,2,leaf3,hier_leaf,hier,22,10,0.9734265734265736,0.9734265734265736,0.8992900190633155,0.9036815123919169,15.159420180476673
Concentric rings (Low),UMAP,0,2,leaf3,hier_leaf,flat,22,10,0.9657342657342659,0.9762237762237763,0.867567839280179,0.8801467334555476,2.285302096994191
Concentric rings (Low),UMAP,0,2,leaf4,hier_leaf,hier,34,16,0.9667182662538698,0.950077399380805,0.9223241243572582,0.9101234760379175,23.45489030351259
Concentric rings (Low),UMAP,0,2,leaf4,hier_leaf,flat,34,16,0.9941950464396285,0.9920665634674923,0.8962456687965702,0.9097671062754584,2.328771070449256
Concentric rings (Low),UMAP,0,2,leaf5,hier_leaf,hier,24,11,0.9659090909090909,0.9702380952380952,0.9182519519286639,0.9238125181930877,9.160598656932159
Concentric rings (Low),UMAP,0,2,leaf5,hier_leaf,flat,24,11,0.9561688311688311,0.9615800865800866,0.8899336451024489,0.9079222397924837,1.3065288654070035
Concentric rings (Low),UMAP,0,2,leaf6,hier_leaf,hier,29,14,0.9707717569786536,0.9776683087027915,0.9273934318708323,0.932194136509314,5.133214708798366
Concentric rings (Low),UMAP,0,2,leaf6,hier_leaf,flat,29,14,0.9881773399014778,0.9894909688013137,0.9484658151175119,0.9525568991294785,1.4994143120621466
Concentric rings (Low),UMAP,0,2,leaf7,hier_leaf,hier,31,15,0.9666666666666667,0.9715053763440861,0.9252550922186868,0.9305442203587452,9.466865585153569
Concentric rings (Low),UMAP,0,2,leaf7,hier_leaf,flat,31,15,0.9690860215053763,0.9741935483870967,0.9240448218889775,0.9376960575705566,1.797856034660862
Concentric rings (Low),UMAP,0,2,leaf8,hier_leaf,hier,32,15,0.9657407407407408,0.9699074074074074,0.9216506605808382,0.9283252711046086,13.395426635989264
Concentric rings (Low),UMAP,0,2,leaf8,hier_leaf,flat,32,15,0.9685185185185186,0.974537037037037,0.8880164170312582,0.9084153094987253,2.4515485764386042
Concentric rings (Low),UMAP,0,2,leaf9,hier_leaf,hier,18,8,0.9595959595959597,0.9608585858585857,0.9014244728745181,0.9030556761792357,8.862914718570021
Concentric rings (Low),UMAP,0,2,leaf9,hier_leaf,flat,18,8,0.9621212121212123,0.967171717171717,0.8449039278781738,0.8836185619430433,0.9340193482097572
Concentric rings (Low),UMAP,0,2,leaf10,hier_leaf,hier,50,20,0.9658461538461539,0.9817435897435898,0.9404612896943498,0.9524848640705507,7.939018867951365
Concentric rings (Low),UMAP,0,2,leaf10,hier_leaf,flat,50,20,0.9733333333333334,0.979025641025641,0.9065618133728839,0.9275631478292131,3.5349400154601036
Concentric rings (Low),UMAP,0,2,leaf11,hier_leaf,hier,17,8,0.8692810457516339,0.8316993464052288,0.8683734721920879,0.86302375148367,9.605797681335766
Concentric rings (Low),UMAP,0,2,leaf11,hier_leaf,flat,17,8,0.9379084967320261,0.9362745098039216,0.9077805997643145,0.9106607277321865,1.6385657788021766
Concentric rings (Low),UMAP,0,2,leaf12,hier_leaf,hier,41,20,0.9770034843205573,0.9825783972125437,0.9472178459730791,0.9521702700616349,9.08288295616816
Concentric rings (Low),UMAP,0,2,leaf12,hier_leaf,flat,41,20,0.9846689895470384,0.9872241579558653,0.9243170336145274,0.940635709630647,2.441030125125543
Concentric rings (Low),UMAP,0,2,leaf13,hier_leaf,hier,36,17,0.9776143790849674,0.985294117647059,0.9421951444367023,0.9440482290871878,10.0202556978142
Concentric rings (Low),UMAP,0,2,leaf13,hier_leaf,flat,36,17,0.9841503267973858,0.9905228758169934,0.9298656836893274,0.9379431036536913,2.7534498002408774
Concentric rings (Low),UMAP,0,2,leaf14,hier_leaf,hier,25,12,0.9661538461538461,0.977948717948718,0.9140549849611714,0.9131697879289695,10.582658498823184
Concentric rings (Low),UMAP,0,2,leaf14,hier_leaf,flat,25,12,0.981025641025641,0.9794871794871794,0.8996285542995266,0.916553836205964,2.520380211251162
Concentric rings (Low),UMAP,0,2,leaf15,hier_leaf,hier,44,20,0.9819023569023567,0.9888047138047138,0.944154293707149,0.9488616574854517,18.486445848888227
Concentric rings (Low),UMAP,0,2,leaf15,hier_leaf,flat,44,20,0.9783670033670032,0.9690235690235692,0.9198681180178276,0.9257639820742561,9.27858463635149
Concentric rings (Low),UMAP,0,2,leaf16,hier_leaf,hier,65,20,0.9787513935340022,0.9717725752508362,0.956832309666507,0.9573946576553948,22.121062546131725
Concentric rings (Low),UMAP,0,2,leaf16,hier_leaf,flat,65,20,0.982051282051282,0.9768784838350055,0.9291096833579009,0.946662365771743,6.6867012073472925
Concentric rings (Low),UMAP,0,2,leaf17,hier_leaf,hier,180,20,0.9957209215904868,0.9948903753251579,0.9864982617145134,0.9861108636533282,14.368782201566091
Concentric rings (Low),UMAP,0,2,leaf17,hier_leaf,flat,180,20,0.9965663322185062,0.9964957264957266,0.9819404708327142,0.9837963586339997,6.3972540577932975
Concentric rings (Low),UMAP,0,2,class0,gt_class,hier,332,20,0.9958001158864315,0.9917460888329436,0.9892475287888245,0.9885571221763759,14.579061981492567
Concentric rings (Low),UMAP,0,2,class0,gt_class,flat,332,20,0.9955378728845732,0.9928914663629642,0.9861304786934826,0.9877430707359862,7.7911408926554415
Concentric rings (Low),UMAP,0,2,class1,gt_class,hier,333,20,0.9987521405703224,0.9980170252897523,0.9923025108091577,0.9926090677979317,4.820025297834855
Concentric rings (Low),UMAP,0,2,class1,gt_class,flat,333,20,0.9987660387660389,0.9988136897227806,0.9910959706826619,0.9925468193104445,2.3662847183768503
Concentric rings (Low),UMAP,0,2,class2,gt_class,hier,335,20,0.9977486949489007,0.9927338676077738,0.9929358390118088,0.991040116625475,3.803690246207565
Concentric rings (Low),UMAP,0,2,class2,gt_class,flat,335,20,0.9984677597235497,0.9974604808469965,0.992866202222164,0.9929211497099866,1.5948352187125225
Concentric rings (Low),UMAP,1,2,leaf0,hier_leaf,hier,40,19,0.9850478468899521,0.9844497607655501,0.9457178022946928,0.9459571008564479,4.753283807495628
Concentric rings (Low),UMAP,1,2,leaf0,hier_leaf,flat,40,19,0.9873205741626794,0.9906698564593303,0.9466246845082468,0.9535379490372243,0.7765077406827099
Concentric rings (Low),UMAP,1,2,leaf1,hier_leaf,hier,64,20,0.9950792910447761,0.9961054104477612,0.9694344048622103,0.9703241757800747,5.035979450131065
Concentric rings (Low),UMAP,1,2,leaf1,hier_leaf,flat,64,20,0.995429104477612,0.9964319029850746,0.9679767467842841,0.971033752200178,0.9028947054915107
Concentric rings (Low),UMAP,1,2,leaf2,hier_leaf,hier,49,20,0.9831770546056261,0.989630446773304,0.9543352182296521,0.9579970396151888,6.750633060408875
Concentric rings (Low),UMAP,1,2,leaf2,hier_leaf,flat,49,20,0.9924986210700496,0.9938775510204082,0.9511011937751032,0.9535074806001428,1.587182962763657
Concentric rings (Low),UMAP,1,2,leaf3,hier_leaf,hier,22,10,0.9433566433566434,0.9440559440559441,0.8795244909911933,0.879858841593215,38.744517415240175
Concentric rings (Low),UMAP,1,2,leaf3,hier_leaf,flat,22,10,0.9657342657342659,0.9783216783216784,0.85796839739435,0.8710819478854798,2.8282726164014482
Concentric rings (Low),UMAP,1,2,leaf4,hier_leaf,hier,34,16,0.9796826625386996,0.980263157894737,0.9177927388640388,0.9211604378702395,10.630320884466114
Concentric rings (Low),UMAP,1,2,leaf4,hier_leaf,flat,34,16,0.9845201238390092,0.9808436532507739,0.9057676912344808,0.910840163350776,2.4725335900593945
Concentric rings (Low),UMAP,1,2,leaf5,hier_leaf,hier,24,11,0.962121212121212,0.9707792207792206,0.8984044310775591,0.9153361408288294,9.009860544422258
Concentric rings (Low),UMAP,1,2,leaf5,hier_leaf,flat,24,11,0.9653679653679653,0.9550865800865802,0.8888175026776853,0.8945530316568157,1.2306144335974698
Concentric rings (Low),UMAP,1,2,leaf6,hier_leaf,hier,29,14,0.9668308702791462,0.9760262725779968,0.9264318187268633,0.9320430389631393,6.1149969637476635
Concentric rings (Low),UMAP,1,2,leaf6,hier_leaf,flat,29,14,0.9855500821018063,0.98752052545156,0.9511871394781412,0.9522211361302113,1.4712625738155511
Concentric rings (Low),UMAP,1,2,leaf7,hier_leaf,hier,31,15,0.9096774193548387,0.9298387096774193,0.9260787875823149,0.9260120340544773,14.391816127344939
Concentric rings (Low),UMAP,1,2,leaf7,hier_leaf,flat,31,15,0.9491935483870968,0.9626344086021504,0.9302266149905148,0.9350049777679531,2.087786429914028
Concentric rings (Low),UMAP,1,2,leaf8,hier_leaf,hier,32,15,0.9611111111111111,0.9754629629629629,0.9159044459246497,0.9238689395257059,10.407269918456494
Concentric rings (Low),UMAP,1,2,leaf8,hier_leaf,flat,32,15,0.9685185185185186,0.9678240740740741,0.9071886143097774,0.9220773961653563,2.4853386794332377
Concentric rings (Low),UMAP,1,2,leaf9,hier_leaf,hier,18,8,0.960858585858586,0.946969696969697,0.8527871493098469,0.8644041375778023,9.365102286790785
Concentric rings (Low),UMAP,1,2,leaf9,hier_leaf,flat,18,8,0.9545454545454546,0.960858585858586,0.8374215482142128,0.8778675960257282,1.0092608505399299
Concentric rings (Low),UMAP,1,2,leaf10,hier_leaf,hier,50,20,0.9671282051282053,0.9815384615384617,0.950648115712911,0.9581747037801321,9.650379110631008
Concentric rings (Low),UMAP,1,2,leaf10,hier_leaf,flat,50,20,0.9672307692307693,0.9755897435897438,0.9221840111276883,0.933262954678697,3.9106325371299206
Concentric rings (Low),UMAP,1,2,leaf11,hier_leaf,hier,17,8,0.9035947712418302,0.934640522875817,0.8642915182996609,0.8891916497560187,10.512969069506905
Concentric rings (Low),UMAP,1,2,leaf11,hier_leaf,flat,17,8,0.9395424836601308,0.934640522875817,0.9233171246367933,0.9270098145571962,1.7370426315755472
Concentric rings (Low),UMAP,1,2,leaf12,hier_leaf,hier,41,20,0.9722415795586529,0.9802555168408826,0.9473551916231905,0.9493017124086018,9.108078352699243
Concentric rings (Low),UMAP,1,2,leaf12,hier_leaf,flat,41,20,0.9837398373983739,0.9874564459930313,0.9299804614287188,0.9391019195008182,2.038779376837463
Concentric rings (Low),UMAP,1,2,leaf13,hier_leaf,hier,36,17,0.9813725490196078,0.9857843137254902,0.9335283662246737,0.9424582731074634,11.202449070632822
Concentric rings (Low),UMAP,1,2,leaf13,hier_leaf,flat,36,17,0.977450980392157,0.9735294117647059,0.9367867817601712,0.9369264452261543,2.9074211899550093
Concentric rings (Low),UMAP,1,2,leaf14,hier_leaf,hier,25,12,0.8420512820512822,0.8215384615384614,0.9018262725725625,0.9018253051997561,14.141783740977127
Concentric rings (Low),UMAP,1,2,leaf14,hier_leaf,flat,25,12,0.9841025641025641,0.9830769230769231,0.9130696393863293,0.9165764421810184,2.639124533963372
Concentric rings (Low),UMAP,1,2,leaf15,hier_leaf,hier,44,20,0.9795454545454544,0.985942760942761,0.9350797257937393,0.9408047484911054,19.11291765453923
Concentric rings (Low),UMAP,1,2,leaf15,hier_leaf,flat,44,20,0.9787037037037035,0.9684343434343435,0.9115851564260781,0.9128216190400871,9.422699502404363
Concentric rings (Low),UMAP,1,2,leaf16,hier_leaf,hier,65,20,0.9831661092530659,0.9790412486064661,0.9552565483701994,0.957897244532605,20.96922111238301
Concentric rings (Low),UMAP,1,2,leaf16,hier_leaf,flat,65,20,0.9848383500557414,0.9797770345596433,0.9392912304961765,0.9489196057754082,6.2794569707742065
Concentric rings (Low),UMAP,1,2,leaf17,hier_leaf,hier,180,20,0.9953548866592346,0.9888498699368266,0.9856172721954173,0.9832439462469463,17.046186653075697
Concentric rings (Low),UMAP,1,2,leaf17,hier_leaf,flat,180,20,0.996178000743218,0.996256038647343,0.982508705317368,0.9843656184918536,6.591277715137697
Concentric rings (Low),UMAP,1,2,class0,gt_class,hier,332,20,0.9957511638594178,0.9916087234510179,0.9897307254310147,0.9888278856106474,14.277944395816068
Concentric rings (Low),UMAP,1,2,class0,gt_class,flat,332,20,0.9956492637215528,0.9933100561449779,0.9862353887468324,0.9879638311906417,7.547107845913101
Concentric rings (Low),UMAP,1,2,class1,gt_class,hier,333,20,0.998269674633311,0.9984875784875785,0.9918065784076955,0.9926782208045345,4.588593564840125
Concentric rings (Low),UMAP,1,2,class1,gt_class,flat,333,20,0.9983773856501129,0.9985555803737621,0.9916302033910688,0.9925337256359719,2.4003000711263724
Concentric rings (Low),UMAP,1,2,class2,gt_class,hier,335,20,0.9984035487586697,0.9948694948900815,0.9931507608941824,0.991909367956519,3.891220021909576
Concentric rings (Low),UMAP,1,2,class2,gt_class,flat,335,20,0.9985157954072004,0.9978962331201137,0.9930226078873557,0.9931121500140992,1.416440411057951
Concentric rings (Low),UMAP,2,2,leaf0,hier_leaf,hier,40,19,0.9940191387559807,0.9948564593301434,0.9473279529584848,0.9492618218949895,5.756974757530511
Concentric rings (Low),UMAP,2,2,leaf0,hier_leaf,flat,40,19,0.9906698564593303,0.9922248803827749,0.9487882827578714,0.9504621942117819,0.974855810428592
Concentric rings (Low),UMAP,2,2,leaf1,hier_leaf,hier,64,20,0.995615671641791,0.996152052238806,0.9693856098596267,0.9707401279851047,5.62878229837151
Concentric rings (Low),UMAP,2,2,leaf1,hier_leaf,flat,64,20,0.9968516791044777,0.9975279850746269,0.9699614673957548,0.9720796382159658,1.0926584847434224
Concentric rings (Low),UMAP,2,2,leaf2,hier_leaf,hier,49,20,0.980253723110866,0.9876447876447878,0.948483794543496,0.9506034509077214,6.252282301345695
Concentric rings (Low),UMAP,2,2,leaf2,hier_leaf,flat,49,20,0.9912300055157199,0.9936569222283509,0.9555055874778324,0.9568833605498646,1.5128358218946283
Concentric rings (Low),UMAP,2,2,leaf3,hier_leaf,hier,22,10,0.902797202797203,0.8972027972027973,0.9069652313454829,0.9120676957150571,24.08335775600923
Concentric rings (Low),UMAP,2,2,leaf3,hier_leaf,flat,22,10,0.9657342657342659,0.9755244755244756,0.8298890397740126,0.8498979050154876,2.106306853658986
Concentric rings (Low),UMAP,2,2,leaf4,hier_leaf,hier,34,16,0.9810371517027865,0.9816176470588235,0.9214265015699323,0.9214108333285863,12.448809615780952
Concentric rings (Low),UMAP,2,2,leaf4,hier_leaf,flat,34,16,0.9926470588235294,0.9912925696594428,0.9099031520304671,0.9224265626233167,2.5491207876225817
Concentric rings (Low),UMAP,2,2,leaf5,hier_leaf,hier,24,11,0.9572510822510822,0.9664502164502164,0.9097421948141129,0.9168468836013265,9.24625335232257
Concentric rings (Low),UMAP,2,2,leaf5,hier_leaf,flat,24,11,0.9653679653679653,0.9734848484848485,0.9013785443506738,0.9184747926690425,1.2846194595019305
Concentric rings (Low),UMAP,2,2,leaf6,hier_leaf,hier,29,14,0.9848932676518884,0.98752052545156,0.9442250961443222,0.9490226871141823,6.3178392495068705
Concentric rings (Low),UMAP,2,2,leaf6,hier_leaf,flat,29,14,0.9865353037766831,0.9917898193760263,0.9518551541720705,0.9560471799360203,1.3102771791905694
Concentric rings (Low),UMAP,2,2,leaf7,hier_leaf,hier,31,15,0.9688172043010753,0.9731182795698925,0.9274175206471456,0.9329974909387413,9.208799844004563
Concentric rings (Low),UMAP,2,2,leaf7,hier_leaf,flat,31,15,0.9440860215053762,0.9620967741935484,0.9221790260643484,0.9279772592770331,2.193390291406784
Concentric rings (Low),UMAP,2,2,leaf8,hier_leaf,hier,32,15,0.9636574074074074,0.9659722222222222,0.917485866568053,0.9214640692957332,10.151418053740368
Concentric rings (Low),UMAP,2,2,leaf8,hier_leaf,flat,32,15,0.9583333333333333,0.9694444444444444,0.8799803419773151,0.9067209264202003,2.269749641265437
Concentric rings (Low),UMAP,2,2,leaf9,hier_leaf,hier,18,8,0.9659090909090909,0.9595959595959597,0.8840695089317196,0.8820727230888569,8.825625409396187
Concentric rings (Low),UMAP,2,2,leaf9,hier_leaf,flat,18,8,0.9646464646464646,0.9595959595959597,0.8382455007367323,0.8690583558806827,1.292720779591363
Concentric rings (Low),UMAP,2,2,leaf10,hier_leaf,hier,50,20,0.9667179487179487,0.9808205128205129,0.9423630015761661,0.9526128539283372,9.031326129819112
Concentric rings (Low),UMAP,2,2,leaf10,hier_leaf,flat,50,20,0.9694358974358975,0.9776923076923076,0.9132385824017821,0.9251090759649502,3.577963703857895
Concentric rings (Low),UMAP,2,2,leaf11,hier_leaf,hier,17,8,0.9019607843137256,0.8594771241830065,0.86005002999247,0.853751611297589,9.570368998944478
Concentric rings (Low),UMAP,2,2,leaf11,hier_leaf,flat,17,8,0.9607843137254901,0.9689542483660131,0.9289518801662562,0.9257101408582527,1.513584995036096
Concentric rings (Low),UMAP,2,2,leaf12,hier_leaf,hier,41,20,0.9771196283391406,0.9833914053426249,0.9463201339986222,0.9472575666540605,10.20773329880522
Concentric rings (Low),UMAP,2,2,leaf12,hier_leaf,flat,41,20,0.9882694541231128,0.989198606271777,0.9365388544658073,0.9435092164193173,1.9354740766011698
Concentric rings (Low),UMAP,2,2,leaf13,hier_leaf,hier,36,17,0.9870915032679738,0.9888888888888889,0.9432056383929894,0.9466104547361839,9.709319750360944
Concentric rings (Low),UMAP,2,2,leaf13,hier_leaf,flat,36,17,0.9841503267973857,0.9887254901960785,0.9334314027086358,0.9377041591060491,2.447400974434696
Concentric rings (Low),UMAP,2,2,leaf14,hier_leaf,hier,25,12,0.967179487179487,0.9758974358974359,0.9208271037494608,0.9200899911281729,10.528027011191266
Concentric rings (Low),UMAP,2,2,leaf14,hier_leaf,flat,25,12,0.981025641025641,0.9882051282051282,0.8970449561054588,0.9078333267568953,2.5098897500151898
Concentric rings (Low),UMAP,2,2,leaf15,hier_leaf,hier,44,20,0.9808080808080809,0.9835858585858586,0.9496783564035861,0.9512549993633658,19.053176135579502
Concentric rings (Low),UMAP,2,2,leaf15,hier_leaf,flat,44,20,0.9795454545454544,0.9686026936026938,0.9166216789534801,0.9209661113838716,8.572816125268707
Concentric rings (Low),UMAP,2,2,leaf16,hier_leaf,hier,65,20,0.9819843924191751,0.977056856187291,0.9572916889102137,0.9594306708548376,19.993064540578537
Concentric rings (Low),UMAP,2,2,leaf16,hier_leaf,flat,65,20,0.9842140468227425,0.979933110367893,0.9435474059654962,0.9524448623168367,5.871388249351404
Concentric rings (Low),UMAP,2,2,leaf17,hier_leaf,hier,180,20,0.9943738387216648,0.9871757710888146,0.9837609042439412,0.9814713238815209,15.103827412951187
Concentric rings (Low),UMAP,2,2,leaf17,hier_leaf,flat,180,20,0.9962486064659978,0.9960237829803047,0.9816239524990971,0.984136738736786,6.495324528141597
Concentric rings (Low),UMAP,2,2,class0,gt_class,hier,332,20,0.9960598613358908,0.9904853243821053,0.9901774301920947,0.9886747461553713,14.716366901202864
Concentric rings (Low),UMAP,2,2,class0,gt_class,flat,332,20,0.9956267857499651,0.9935253451617415,0.9867636768532019,0.9882881011318182,7.287707159760027
Concentric rings (Low),UMAP,2,2,class1,gt_class,hier,333,20,0.9980994217357855,0.9981927381927381,0.9923659174803412,0.9928158069165451,4.427719514287835
Concentric rings (Low),UMAP,2,2,class1,gt_class,flat,333,20,0.9985446603628422,0.9987541260268533,0.9912276864967496,0.9923233981882472,2.3293239872523896
Concentric rings (Low),UMAP,2,2,class2,gt_class,hier,335,20,0.9981986618630982,0.9954121020513198,0.9931211726532105,0.9919009998161695,3.6205822177924145
Concentric rings (Low),UMAP,2,2,class2,gt_class,flat,335,20,0.9986530402176311,0.9979775996862976,0.9931697875478647,0.9932339415401739,1.5602318320734934
Concentric rings (Low),UMAP,3,2,leaf0,hier_leaf,hier,40,19,0.9647129186602872,0.9227272727272726,0.9400369112603123,0.9338402059766832,7.8313670700403915
Concentric rings (Low),UMAP,3,2,leaf0,hier_leaf,flat,40,19,0.9921052631578948,0.9933014354066986,0.9533536619892453,0.9546870251855033,0.8491574214607568
Concentric rings (Low),UMAP,3,2,leaf1,hier_leaf,hier,64,20,0.9928871268656716,0.9939598880597016,0.966747137111772,0.9677657701760537,5.966175570190231
Concentric rings (Low),UMAP,3,2,leaf1,hier_leaf,flat,64,20,0.9970615671641792,0.997714552238806,0.9685497858248238,0.9719825875272243,0.84618925660631
Concentric rings (Low),UMAP,3,2,leaf2,hier_leaf,hier,49,20,0.9858246001103144,0.9916712630998346,0.9603192678432363,0.9626689957865593,7.131998710057774
Concentric rings (Low),UMAP,3,2,leaf2,hier_leaf,flat,49,20,0.9853281853281853,0.9905129619415334,0.949045597778209,0.9508302812375938,1.5072166095656994
Concentric rings (Low),UMAP,3,2,leaf3,hier_leaf,hier,22,10,0.9706293706293707,0.9587412587412589,0.8677015033591192,0.8681436230048447,22.058157076401997
Concentric rings (Low),UMAP,3,2,leaf3,hier_leaf,flat,22,10,0.9650349650349651,0.9727272727272728,0.8307492880769356,0.8612475466358159,2.4491231979791626
Concentric rings (Low),UMAP,3,2,leaf4,hier_leaf,hier,34,16,0.9897445820433437,0.9887770897832816,0.9271560357392282,0.9284981087278283,10.400237289635582
Concentric rings (Low),UMAP,3,2,leaf4,hier_leaf,flat,34,16,0.9920665634674923,0.9889705882352942,0.9092795958289596,0.9166737501671405,2.346021928077046
Concentric rings (Low),UMAP,3,2,leaf5,hier_leaf,hier,24,11,0.9588744588744588,0.9740259740259741,0.9086327395783811,0.9210182284905722,8.976792561648615
Concentric rings (Low),UMAP,3,2,leaf5,hier_leaf,flat,24,11,0.9675324675324676,0.9745670995670995,0.9066616765625826,0.9194673906813179,1.0505956694079222
Concentric rings (Low),UMAP,3,2,leaf6,hier_leaf,hier,29,14,0.98128078817734,0.9862068965517242,0.9408000757957479,0.9491636208644636,5.7347678639297985
Concentric rings (Low),UMAP,3,2,leaf6,hier_leaf,flat,29,14,0.9835796387520526,0.9862068965517242,0.9389091529598174,0.9405281973513894,1.3826921957194787
Concentric rings (Low),UMAP,3,2,leaf7,hier_leaf,hier,31,15,0.9553763440860216,0.9677419354838711,0.9185362581672403,0.9293972102503264,9.106532185225047
Concentric rings (Low),UMAP,3,2,leaf7,hier_leaf,flat,31,15,0.9596774193548387,0.9685483870967743,0.934860185910367,0.9422261041805018,2.009686829753201
Concentric rings (Low),UMAP,3,2,leaf8,hier_leaf,hier,32,15,0.9490740740740741,0.9537037037037037,0.9039082456667784,0.9093338654253328,9.751320959464751
Concentric rings (Low),UMAP,3,2,leaf8,hier_leaf,flat,32,15,0.9680555555555554,0.9710648148148148,0.8954979016241338,0.9129491781981481,2.015977628233917
Concentric rings (Low),UMAP,3,2,leaf9,hier_leaf,hier,18,8,0.9633838383838383,0.9709595959595959,0.850664172540112,0.8565747328649423,9.438425723686487
Concentric rings (Low),UMAP,3,2,leaf9,hier_leaf,flat,18,8,0.9570707070707072,0.9595959595959597,0.8662728767448679,0.8938103350369109,1.2408706206396656
Concentric rings (Low),UMAP,3,2,leaf10,hier_leaf,hier,50,20,0.9677948717948719,0.983025641025641,0.9524002597857705,0.96015765381512,8.24196438987503
Concentric rings (Low),UMAP,3,2,leaf10,hier_leaf,flat,50,20,0.9881538461538462,0.9887692307692307,0.9148871183278865,0.9334492242439881,2.7330874295805216
Concentric rings (Low),UMAP,3,2,leaf11,hier_leaf,hier,17,8,0.9133986928104575,0.9379084967320261,0.9095546224564895,0.9233383958920952,10.901371247914446
Concentric rings (Low),UMAP,3,2,leaf11,hier_leaf,flat,17,8,0.94281045751634,0.946078431372549,0.9215282120659068,0.9242147716105319,1.9163884527600024
Concentric rings (Low),UMAP,3,2,leaf12,hier_leaf,hier,41,20,0.9813008130081301,0.9864111498257842,0.9530086997335296,0.9578633885121455,8.542490770826495
Concentric rings (Low),UMAP,3,2,leaf12,hier_leaf,flat,41,20,0.9853658536585367,0.9853658536585366,0.9347430352759437,0.9432631116919306,2.426646523575492
Concentric rings (Low),UMAP,3,2,leaf13,hier_leaf,hier,36,17,0.9818627450980392,0.9830065359477125,0.9227225736398678,0.9345786246255758,9.375924345928723
Concentric rings (Low),UMAP,3,2,leaf13,hier_leaf,flat,36,17,0.982843137254902,0.9841503267973857,0.9382266334751228,0.9407481957255125,2.524026657971782
Concentric rings (Low),UMAP,3,2,leaf14,hier_leaf,hier,25,12,0.9471794871794873,0.9594871794871795,0.9143535722150165,0.9245382513209094,11.341913350805203
Concentric rings (Low),UMAP,3,2,leaf14,hier_leaf,flat,25,12,0.9769230769230769,0.978974358974359,0.8980903042514763,0.906883672147173,2.4285278892594455
Concentric rings (Low),UMAP,3,2,leaf15,hier_leaf,hier,44,20,0.9816498316498318,0.9881313131313131,0.9498183460971119,0.9559561766620093,18.394457965542152
Concentric rings (Low),UMAP,3,2,leaf15,hier_leaf,flat,44,20,0.9792087542087541,0.9680134680134681,0.9120641526247716,0.9234510043216324,7.419584136887585
Concentric rings (Low),UMAP,3,2,leaf16,hier_leaf,hier,65,20,0.9814269788182831,0.9760758082497213,0.9591127567184909,0.9590721225873708,20.73554936067531
Concentric rings (Low),UMAP,3,2,leaf16,hier_leaf,flat,65,20,0.9818506131549609,0.9785507246376812,0.9394139731698715,0.9495719633979258,5.979027227984788
Concentric rings (Low),UMAP,3,2,leaf17,hier_leaf,hier,180,20,0.9956465997770345,0.99103121516165,0.9861330107440733,0.9841482816834087,16.10927420985263
Concentric rings (Low),UMAP,3,2,leaf17,hier_leaf,flat,180,20,0.9959234485321442,0.9957803790412486,0.9833075491679683,0.9841455881878017,6.922193923447001
Concentric rings (Low),UMAP,3,2,class0,gt_class,hier,332,20,0.9953205858258908,0.9922066374952546,0.9891494769403819,0.9888282910732865,14.15175446546989
Concentric rings (Low),UMAP,3,2,class0,gt_class,flat,332,20,0.995373533936742,0.994203180882735,0.987185775376761,0.9886123483676303,6.732322510206442
Concentric rings (Low),UMAP,3,2,class1,gt_class,hier,333,20,0.998039858039858,0.9975444866353959,0.9917185296219315,0.9921170431426988,4.591755162659702
Concentric rings (Low),UMAP,3,2,class1,gt_class,flat,333,20,0.9987968133422679,0.998914948005857,0.9916059198865461,0.9928551237635417,2.3074934341910893
Concentric rings (Low),UMAP,3,2,class2,gt_class,hier,335,20,0.998034948410656,0.994345513810259,0.9928516210188677,0.991449008409447,4.013057293452638
Concentric rings (Low),UMAP,3,2,class2,gt_class,flat,335,20,0.9983275739528956,0.9968271940788667,0.9929981563640959,0.9925246047788852,1.651337589176237
Concentric rings (Low),UMAP,4,2,leaf0,hier_leaf,hier,40,19,0.9931818181818179,0.9931818181818179,0.9555944375523243,0.957030313907959,4.9052897096453085
Concentric rings (Low),UMAP,4,2,leaf0,hier_leaf,flat,40,19,0.9922248803827751,0.9916267942583733,0.9458752623013333,0.9519330403244881,0.7915581994466129
Concentric rings (Low),UMAP,4,2,leaf1,hier_leaf,hier,64,20,0.9967350746268657,0.9968983208955224,0.9730733094798719,0.9736674352793934,5.908677227521425
Concentric rings (Low),UMAP,4,2,leaf1,hier_leaf,flat,64,20,0.9938432835820896,0.9951026119402985,0.9688661831483706,0.9716241672637562,1.189146297958388
Concentric rings (Low),UMAP,4,2,leaf2,hier_leaf,hier,49,20,0.9828461114175401,0.9865416436845009,0.9547617889511447,0.9570020609671781,7.342363434886765
Concentric rings (Low),UMAP,4,2,leaf2,hier_leaf,flat,49,20,0.9874793160507446,0.9911196911196911,0.9539409747176231,0.9555632928544568,1.5131414269301466
Concentric rings (Low),UMAP,4,2,leaf3,hier_leaf,hier,22,10,0.9566433566433568,0.93986013986014,0.8777388759879148,0.8755229464285036,11.483382820834985
Concentric rings (Low),UMAP,4,2,leaf3,hier_leaf,flat,22,10,0.9650349650349651,0.9755244755244756,0.8575312282700671,0.8609687941976841,1.7549817078355305
Concentric rings (Low),UMAP,4,2,leaf4,hier_leaf,hier,34,16,0.9845201238390092,0.9895510835913311,0.9216763633134445,0.9244471441139018,11.595751603717872
Concentric rings (Low),UMAP,4,2,leaf4,hier_leaf,flat,34,16,0.9881965944272446,0.9878095975232197,0.9038825262921331,0.9090690758179268,2.2984532791005443
Concentric rings (Low),UMAP,4,2,leaf5,hier_leaf,hier,24,11,0.9561688311688311,0.9669913419913421,0.9178849151626111,0.9201221732577625,8.895084217165198
Concentric rings (Low),UMAP,4,2,leaf5,hier_leaf,flat,24,11,0.9572510822510821,0.9637445887445887,0.8880386699349602,0.9078714115363563,1.1488056635149586
Concentric rings (Low),UMAP,4,2,leaf6,hier_leaf,hier,29,14,0.9694581280788178,0.9756978653530378,0.9380167160939202,0.9414281094986032,6.588195870774924
Concentric rings (Low),UMAP,4,2,leaf6,hier_leaf,flat,29,14,0.9904761904761905,0.9898193760262726,0.9375821949008234,0.9452749390719167,1.1934234644071184
Concentric rings (Low),UMAP,4,2,leaf7,hier_leaf,hier,31,15,0.9161290322580646,0.9475806451612905,0.9181428305392739,0.9224259721694694,14.378868507397977
Concentric rings (Low),UMAP,4,2,leaf7,hier_leaf,flat,31,15,0.928763440860215,0.953494623655914,0.9316633333652308,0.93682994197384,2.5131867746260186
Concentric rings (Low),UMAP,4,2,leaf8,hier_leaf,hier,32,15,0.962962962962963,0.9662037037037037,0.9316225544981548,0.9387833318428893,11.134258107878455
Concentric rings (Low),UMAP,4,2,leaf8,hier_leaf,flat,32,15,0.9685185185185186,0.9768518518518519,0.8895315454218395,0.915079784479703,2.232967570731172
Concentric rings (Low),UMAP,4,2,leaf9,hier_leaf,hier,18,8,0.9659090909090912,0.9570707070707071,0.8440372931303887,0.8474778516365851,9.883693307953031
Concentric rings (Low),UMAP,4,2,leaf9,hier_leaf,flat,18,8,0.9646464646464646,0.9709595959595961,0.8528316872840372,0.8827723404334287,1.0654804571583751
Concentric rings (Low),UMAP,4,2,leaf10,hier_leaf,hier,50,20,0.9610769230769232,0.9753846153846153,0.9442400137287464,0.9506337208321162,10.235821001867349
Concentric rings (Low),UMAP,4,2,leaf10,hier_leaf,flat,50,20,0.9727179487179488,0.9801025641025641,0.9116859396855087,0.9288355020135347,2.8440439239343687
Concentric rings (Low),UMAP,4,2,leaf11,hier_leaf,hier,17,8,0.8905228758169935,0.8758169934640523,0.8894937015813051,0.8758247929243296,9.694182047633856
Concentric rings (Low),UMAP,4,2,leaf11,hier_leaf,flat,17,8,0.9689542483660131,0.9689542483660131,0.9265780080745686,0.9276798590992049,1.6621592585323097
Concentric rings (Low),UMAP,4,2,leaf12,hier_leaf,hier,41,20,0.9844367015098722,0.9872241579558653,0.9548758145026265,0.9567910155089405,8.378358818892922
Concentric rings (Low),UMAP,4,2,leaf12,hier_leaf,flat,41,20,0.9854819976771199,0.9868757259001162,0.9347410664143609,0.9425473976160529,2.2036051155977088
Concentric rings (Low),UMAP,4,2,leaf13,hier_leaf,hier,36,17,0.9521241830065359,0.9669934640522876,0.9339659428245665,0.9398360030931325,13.554946320061882
Concentric rings (Low),UMAP,4,2,leaf13,hier_leaf,flat,36,17,0.9805555555555556,0.9869281045751634,0.9263812853899329,0.931216427793204,2.763860200976019
Concentric rings (Low),UMAP,4,2,leaf14,hier_leaf,hier,25,12,0.778974358974359,0.786153846153846,0.8879778471627336,0.8872934563593943,14.902083887533982
Concentric rings (Low),UMAP,4,2,leaf14,hier_leaf,flat,25,12,0.9825641025641026,0.9815384615384616,0.9048725804542325,0.9163989292710464,2.7550680935748884
Concentric rings (Low),UMAP,4,2,leaf15,hier_leaf,hier,44,20,0.9816498316498316,0.9876262626262626,0.9475631255911704,0.9483683583554771,19.287794595896123
Concentric rings (Low),UMAP,4,2,leaf15,hier_leaf,flat,44,20,0.9771043771043771,0.9676767676767676,0.9271830708193124,0.9297558512090789,10.950759133544139
Concentric rings (Low),UMAP,4,2,leaf16,hier_leaf,hier,65,20,0.980758082497213,0.9767224080267559,0.9544803210033737,0.9572746725214455,22.91713928741019
Concentric rings (Low),UMAP,4,2,leaf16,hier_leaf,flat,65,20,0.9795317725752508,0.9753623188405798,0.9450948542924134,0.9517501108695503,5.974421966484312
Concentric rings (Low),UMAP,4,2,leaf17,hier_leaf,hier,180,20,0.9952415458937199,0.9946952805648459,0.9856898096626676,0.9854692164233952,13.163660373620935
Concentric rings (Low),UMAP,4,2,leaf17,hier_leaf,flat,180,20,0.9961575622445188,0.9958788554440728,0.9831430190752608,0.9840754528136086,7.796717052436605
Concentric rings (Low),UMAP,4,2,class0,gt_class,hier,332,20,0.9957756398729244,0.9930373234230454,0.989344615450649,0.9893384716469733,13.185192360619043
Concentric rings (Low),UMAP,4,2,class0,gt_class,flat,332,20,0.9952106935203501,0.9906496633299365,0.9870999457586944,0.9873269227338799,8.559938976534456
Concentric rings (Low),UMAP,4,2,class1,gt_class,hier,333,20,0.9976139776139777,0.997078897078897,0.9920951769350305,0.9922935967960803,4.952888214110551
Concentric rings (Low),UMAP,4,2,class1,gt_class,flat,333,20,0.998670736852555,0.9986528677437766,0.9914119574844915,0.9924556159856419,2.34510767584142
Concentric rings (Low),UMAP,4,2,class2,gt_class,hier,335,20,0.9984300174006815,0.9939014288165084,0.9933439422029599,0.9917845598805188,3.7426974596188454
Concentric rings (Low),UMAP,4,2,class2,gt_class,flat,335,20,0.9984167830796755,0.9976119402985073,0.9929531276744696,0.99290093479228,1.5524958324541007
Concentric rings (Low),t-SNE,0,2,leaf0,hier_leaf,hier,40,19,0.9711722488038277,0.9699760765550239,0.8785766092487574,0.8398387058294532,178.44112906605523
Concentric rings (Low),t-SNE,0,2,leaf0,hier_leaf,flat,40,19,0.9968899521531099,0.9976076555023923,0.9786980974042448,0.9807161746477991,3.732685206416445
Concentric rings (Low),t-SNE,0,2,leaf1,hier_leaf,hier,64,20,0.9933535447761194,0.9940531716417911,0.9429418132159338,0.925055313690391,65.1295011872198
Concentric rings (Low),t-SNE,0,2,leaf1,hier_leaf,flat,64,20,0.9986940298507463,0.9986940298507463,0.9841099237808573,0.9846821892408767,5.3393955949482805
Concentric rings (Low),t-SNE,0,2,leaf2,hier_leaf,hier,49,20,0.9792608935466078,0.9833976833976835,0.9081280150421114,0.8787059457054801,55.09666501031438
Concentric rings (Low),t-SNE,0,2,leaf2,hier_leaf,flat,49,20,0.9986210700496415,0.9985107556536127,0.9790450855171335,0.9801211611632253,6.04535812908449
Concentric rings (Low),t-SNE,0,2,leaf3,hier_leaf,hier,22,10,0.5034965034965034,0.5048951048951049,0.44200540292294016,0.43079323347496906,345.94602145547293
Concentric rings (Low),t-SNE,0,2,leaf3,hier_leaf,flat,22,10,0.9895104895104896,0.9888111888111889,0.9317189809846663,0.9326211183151775,4.595725660525191
Concentric rings (Low),t-SNE,0,2,leaf4,hier_leaf,hier,34,16,0.9073142414860682,0.9020897832817338,0.8167146542800703,0.7693408321607011,311.4026901217221
Concentric rings (Low),t-SNE,0,2,leaf4,hier_leaf,flat,34,16,0.9982585139318884,0.9972910216718266,0.9589876672872775,0.9599968856392109,6.256329671616013
Concentric rings (Low),t-SNE,0,2,leaf5,hier_leaf,hier,24,11,0.54004329004329,0.553030303030303,0.5024804975718199,0.4759131946668824,820.7308239926433
Concentric rings (Low),t-SNE,0,2,leaf5,hier_leaf,flat,24,11,0.9924242424242423,0.9945887445887446,0.9591844326734932,0.9606494609226522,5.484697943525845
Concentric rings (Low),t-SNE,0,2,leaf6,hier_leaf,hier,29,14,0.509688013136289,0.48637110016420365,0.4702048509140929,0.43484078097963724,234.508333554999
Concentric rings (Low),t-SNE,0,2,leaf6,hier_leaf,flat,29,14,0.9954022988505747,0.9957307060755337,0.9772290713071254,0.9789479856221984,5.966758704697241
Concentric rings (Low),t-SNE,0,2,leaf7,hier_leaf,hier,31,15,0.5301075268817205,0.507258064516129,0.5160017809588835,0.45303081673069967,639.6453385940779
Concentric rings (Low),t-SNE,0,2,leaf7,hier_leaf,flat,31,15,0.9930107526881721,0.9951612903225807,0.9563168126308712,0.9584528561960537,7.301061474755763
Concentric rings (Low),t-SNE,0,2,leaf8,hier_leaf,hier,32,15,0.5988425925925926,0.5689814814814815,0.5720717592241118,0.5150193756847709,1417.4818991157515
Concentric rings (Low),t-SNE,0,2,leaf8,hier_leaf,flat,32,15,0.9909722222222221,0.993287037037037,0.9565826539247317,0.9611641843269446,8.497818274246924
Concentric rings (Low),t-SNE,0,2,leaf9,hier_leaf,hier,18,8,0.5063131313131313,0.5,0.45541377633771657,0.5241655624960564,476.529516927026
Concentric rings (Low),t-SNE,0,2,leaf9,hier_leaf,flat,18,8,0.9835858585858587,0.9861111111111112,0.9195532841188717,0.9292755527348172,6.522813010916354
Concentric rings (Low),t-SNE,0,2,leaf10,hier_leaf,hier,50,20,0.9712820512820513,0.973025641025641,0.9078664822274846,0.8887728935634795,280.2275579095586
Concentric rings (Low),t-SNE,0,2,leaf10,hier_leaf,flat,50,20,0.9911282051282052,0.9922564102564104,0.9705082314048501,0.9716899906066374,11.127815375472661
Concentric rings (Low),t-SNE,0,2,leaf11,hier_leaf,hier,17,8,0.5294117647058824,0.5522875816993464,0.5041330049051514,0.4707371340812306,974.1106758410493
Concentric rings (Low),t-SNE,0,2,leaf11,hier_leaf,flat,17,8,0.9885620915032679,0.9934640522875817,0.9434205880225816,0.946124164571448,6.924555040228674
Concentric rings (Low),t-SNE,0,2,leaf12,hier_leaf,hier,41,20,0.9624854819976771,0.9660859465737516,0.8771106368088635,0.8497100625934515,363.96130477875454
Concentric rings (Low),t-SNE,0,2,leaf12,hier_leaf,flat,41,20,0.9937282229965156,0.9945412311265971,0.9697641061612507,0.9722693447068235,9.284654817496271
Concentric rings (Low),t-SNE,0,2,leaf13,hier_leaf,hier,36,17,0.944281045751634,0.9447712418300654,0.8452179192773795,0.7961843864344367,418.74575687562515
Concentric rings (Low),t-SNE,0,2,leaf13,hier_leaf,flat,36,17,0.9954248366013072,0.9973856209150327,0.9713668034934635,0.9727679267973364,9.964122422398692
Concentric rings (Low),t-SNE,0,2,leaf14,hier_leaf,hier,25,12,0.5394871794871795,0.6143589743589744,0.6020602240486334,0.6240638567880932,270.4792272391698
Concentric rings (Low),t-SNE,0,2,leaf14,hier_leaf,flat,25,12,0.997948717948718,0.9974358974358976,0.9476004190251683,0.955200277992396,8.960493805464502
Concentric rings (Low),t-SNE,0,2,leaf15,hier_leaf,hier,44,20,0.6451178451178452,0.5935185185185184,0.6983968263511714,0.5590573984406683,1344.1502728786263
Concentric rings (Low),t-SNE,0,2,leaf15,hier_leaf,flat,44,20,0.9875420875420875,0.9813131313131311,0.9652858612912092,0.9634872132489435,19.7309554813115
Concentric rings (Low),t-SNE,0,2,leaf16,hier_leaf,hier,65,20,0.993489409141583,0.9925752508361204,0.9769143353247594,0.9766320406359471,16.997168995771123
Concentric rings (Low),t-SNE,0,2,leaf16,hier_leaf,flat,65,20,0.9910813823857303,0.9910813823857303,0.9696536537454554,0.9708714699107346,22.370497271117493
Concentric rings (Low),t-SNE,0,2,leaf17,hier_leaf,hier,180,20,0.9984448160535118,0.998379784466741,0.9919979101561954,0.9922242258196854,23.937310754933243
Concentric rings (Low),t-SNE,0,2,leaf17,hier_leaf,flat,180,20,0.9984968413229284,0.9986046079524341,0.9918955374931979,0.9922059486750543,22.142516204490065
Concentric rings (Low),t-SNE,0,2,class0,gt_class,hier,332,20,0.9979734859837359,0.9979005574536955,0.9945557141445804,0.9946560769917429,26.211325212024555
Concentric rings (Low),t-SNE,0,2,class0,gt_class,flat,332,20,0.9977906651481548,0.9978116445883033,0.9941099213580913,0.994280153442538,22.55222109615677
Concentric rings (Low),t-SNE,0,2,class1,gt_class,hier,333,20,0.999660983297347,0.9996555232918869,0.995877759798406,0.9961542566945794,9.099487209380456
Concentric rings (Low),t-SNE,0,2,class1,gt_class,flat,333,20,0.9996009232372869,0.9995850395850396,0.9958068595891988,0.9961261657555253,9.345859132652803
Concentric rings (Low),t-SNE,0,2,class2,gt_class,hier,335,20,0.9997304119795112,0.9997063941376859,0.9966629060395572,0.9967701311543726,5.232441047931987
Concentric rings (Low),t-SNE,0,2,class2,gt_class,flat,335,20,0.9990275224860916,0.993764184006078,0.9966063355090031,0.9941506293468851,9.125517043922866
Concentric rings (Low),t-SNE,1,2,leaf0,hier_leaf,hier,40,19,0.9711722488038277,0.9699760765550239,0.8785766092487574,0.8398387058294532,178.44112906605523
Concentric rings (Low),t-SNE,1,2,leaf0,hier_leaf,flat,40,19,0.9968899521531099,0.9976076555023923,0.9786980974042448,0.9807161746477991,3.732685206416445
Concentric rings (Low),t-SNE,1,2,leaf1,hier_leaf,hier,64,20,0.9933535447761194,0.9940531716417911,0.9429418132159338,0.925055313690391,65.1295011872198
Concentric rings (Low),t-SNE,1,2,leaf1,hier_leaf,flat,64,20,0.9986940298507463,0.9986940298507463,0.9841099237808573,0.9846821892408767,5.3393955949482805
Concentric rings (Low),t-SNE,1,2,leaf2,hier_leaf,hier,49,20,0.9792608935466078,0.9833976833976835,0.9081280150421114,0.8787059457054801,55.09666501031438
Concentric rings (Low),t-SNE,1,2,leaf2,hier_leaf,flat,49,20,0.9986210700496415,0.9985107556536127,0.9790450855171335,0.9801211611632253,6.04535812908449
Concentric rings (Low),t-SNE,1,2,leaf3,hier_leaf,hier,22,10,0.5034965034965034,0.5048951048951049,0.44200540292294016,0.43079323347496906,345.94602145547293
Concentric rings (Low),t-SNE,1,2,leaf3,hier_leaf,flat,22,10,0.9895104895104896,0.9888111888111889,0.9317189809846663,0.9326211183151775,4.595725660525191
Concentric rings (Low),t-SNE,1,2,leaf4,hier_leaf,hier,34,16,0.9073142414860682,0.9020897832817338,0.8167146542800703,0.7693408321607011,311.4026901217221
Concentric rings (Low),t-SNE,1,2,leaf4,hier_leaf,flat,34,16,0.9982585139318884,0.9972910216718266,0.9589876672872775,0.9599968856392109,6.256329671616013
Concentric rings (Low),t-SNE,1,2,leaf5,hier_leaf,hier,24,11,0.54004329004329,0.553030303030303,0.5024804975718199,0.4759131946668824,820.7308239926433
Concentric rings (Low),t-SNE,1,2,leaf5,hier_leaf,flat,24,11,0.9924242424242423,0.9945887445887446,0.9591844326734932,0.9606494609226522,5.484697943525845
Concentric rings (Low),t-SNE,1,2,leaf6,hier_leaf,hier,29,14,0.509688013136289,0.48637110016420365,0.4702048509140929,0.43484078097963724,234.508333554999
Concentric rings (Low),t-SNE,1,2,leaf6,hier_leaf,flat,29,14,0.9954022988505747,0.9957307060755337,0.9772290713071254,0.9789479856221984,5.966758704697241
Concentric rings (Low),t-SNE,1,2,leaf7,hier_leaf,hier,31,15,0.5301075268817205,0.507258064516129,0.5160017809588835,0.45303081673069967,639.6453385940779
Concentric rings (Low),t-SNE,1,2,leaf7,hier_leaf,flat,31,15,0.9930107526881721,0.9951612903225807,0.9563168126308712,0.9584528561960537,7.301061474755763
Concentric rings (Low),t-SNE,1,2,leaf8,hier_leaf,hier,32,15,0.5988425925925926,0.5689814814814815,0.5720717592241118,0.5150193756847709,1417.4818991157515
Concentric rings (Low),t-SNE,1,2,leaf8,hier_leaf,flat,32,15,0.9909722222222221,0.993287037037037,0.9565826539247317,0.9611641843269446,8.497818274246924
Concentric rings (Low),t-SNE,1,2,leaf9,hier_leaf,hier,18,8,0.5063131313131313,0.5,0.45541377633771657,0.5241655624960564,476.529516927026
Concentric rings (Low),t-SNE,1,2,leaf9,hier_leaf,flat,18,8,0.9835858585858587,0.9861111111111112,0.9195532841188717,0.9292755527348172,6.522813010916354
Concentric rings (Low),t-SNE,1,2,leaf10,hier_leaf,hier,50,20,0.9712820512820513,0.973025641025641,0.9078664822274846,0.8887728935634795,280.2275579095586
Concentric rings (Low),t-SNE,1,2,leaf10,hier_leaf,flat,50,20,0.9911282051282052,0.9922564102564104,0.9705082314048501,0.9716899906066374,11.127815375472661
Concentric rings (Low),t-SNE,1,2,leaf11,hier_leaf,hier,17,8,0.5294117647058824,0.5522875816993464,0.5041330049051514,0.4707371340812306,974.1106758410493
Concentric rings (Low),t-SNE,1,2,leaf11,hier_leaf,flat,17,8,0.9885620915032679,0.9934640522875817,0.9434205880225816,0.946124164571448,6.924555040228674
Concentric rings (Low),t-SNE,1,2,leaf12,hier_leaf,hier,41,20,0.9624854819976771,0.9660859465737516,0.8771106368088635,0.8497100625934515,363.96130477875454
Concentric rings (Low),t-SNE,1,2,leaf12,hier_leaf,flat,41,20,0.9937282229965156,0.9945412311265971,0.9697641061612507,0.9722693447068235,9.284654817496271
Concentric rings (Low),t-SNE,1,2,leaf13,hier_leaf,hier,36,17,0.944281045751634,0.9447712418300654,0.8452179192773795,0.7961843864344367,418.74575687562515
Concentric rings (Low),t-SNE,1,2,leaf13,hier_leaf,flat,36,17,0.9954248366013072,0.9973856209150327,0.9713668034934635,0.9727679267973364,9.964122422398692
Concentric rings (Low),t-SNE,1,2,leaf14,hier_leaf,hier,25,12,0.5394871794871795,0.6143589743589744,0.6020602240486334,0.6240638567880932,270.4792272391698
Concentric rings (Low),t-SNE,1,2,leaf14,hier_leaf,flat,25,12,0.997948717948718,0.9974358974358976,0.9476004190251683,0.955200277992396,8.960493805464502
Concentric rings (Low),t-SNE,1,2,leaf15,hier_leaf,hier,44,20,0.6451178451178452,0.5935185185185184,0.6983968263511714,0.5590573984406683,1344.1502728786263
Concentric rings (Low),t-SNE,1,2,leaf15,hier_leaf,flat,44,20,0.9875420875420875,0.9813131313131311,0.9652858612912092,0.9634872132489435,19.7309554813115
Concentric rings (Low),t-SNE,1,2,leaf16,hier_leaf,hier,65,20,0.993489409141583,0.9925752508361204,0.9769143353247594,0.9766320406359471,16.997168995771123
Concentric rings (Low),t-SNE,1,2,leaf16,hier_leaf,flat,65,20,0.9910813823857303,0.9910813823857303,0.9696536537454554,0.9708714699107346,22.370497271117493
Concentric rings (Low),t-SNE,1,2,leaf17,hier_leaf,hier,180,20,0.9984448160535118,0.998379784466741,0.9919979101561954,0.9922242258196854,23.937310754933243
Concentric rings (Low),t-SNE,1,2,leaf17,hier_leaf,flat,180,20,0.9984968413229284,0.9986046079524341,0.9918955374931979,0.9922059486750543,22.142516204490065
Concentric rings (Low),t-SNE,1,2,class0,gt_class,hier,332,20,0.9979734859837359,0.9979005574536955,0.9945557141445804,0.9946560769917429,26.211325212024555
Concentric rings (Low),t-SNE,1,2,class0,gt_class,flat,332,20,0.9977906651481548,0.9978116445883033,0.9941099213580913,0.994280153442538,22.55222109615677
Concentric rings (Low),t-SNE,1,2,class1,gt_class,hier,333,20,0.999660983297347,0.9996555232918869,0.995877759798406,0.9961542566945794,9.099487209380456
Concentric rings (Low),t-SNE,1,2,class1,gt_class,flat,333,20,0.9996009232372869,0.9995850395850396,0.9958068595891988,0.9961261657555253,9.345859132652803
Concentric rings (Low),t-SNE,1,2,class2,gt_class,hier,335,20,0.9997304119795112,0.9997063941376859,0.9966629060395572,0.9967701311543726,5.232441047931987
Concentric rings (Low),t-SNE,1,2,class2,gt_class,flat,335,20,0.9990275224860916,0.993764184006078,0.9966063355090031,0.9941506293468851,9.125517043922866
Concentric rings (Low),t-SNE,2,2,leaf0,hier_leaf,hier,40,19,0.9711722488038277,0.9699760765550239,0.8785766092487574,0.8398387058294532,178.44112906605523
Concentric rings (Low),t-SNE,2,2,leaf0,hier_leaf,flat,40,19,0.9968899521531099,0.9976076555023923,0.9786980974042448,0.9807161746477991,3.732685206416445
Concentric rings (Low),t-SNE,2,2,leaf1,hier_leaf,hier,64,20,0.9933535447761194,0.9940531716417911,0.9429418132159338,0.925055313690391,65.1295011872198
Concentric rings (Low),t-SNE,2,2,leaf1,hier_leaf,flat,64,20,0.9986940298507463,0.9986940298507463,0.9841099237808573,0.9846821892408767,5.3393955949482805
Concentric rings (Low),t-SNE,2,2,leaf2,hier_leaf,hier,49,20,0.9792608935466078,0.9833976833976835,0.9081280150421114,0.8787059457054801,55.09666501031438
Concentric rings (Low),t-SNE,2,2,leaf2,hier_leaf,flat,49,20,0.9986210700496415,0.9985107556536127,0.9790450855171335,0.9801211611632253,6.04535812908449
Concentric rings (Low),t-SNE,2,2,leaf3,hier_leaf,hier,22,10,0.5034965034965034,0.5048951048951049,0.44200540292294016,0.43079323347496906,345.94602145547293
Concentric rings (Low),t-SNE,2,2,leaf3,hier_leaf,flat,22,10,0.9895104895104896,0.9888111888111889,0.9317189809846663,0.9326211183151775,4.595725660525191
Concentric rings (Low),t-SNE,2,2,leaf4,hier_leaf,hier,34,16,0.9073142414860682,0.9020897832817338,0.8167146542800703,0.7693408321607011,311.4026901217221
Concentric rings (Low),t-SNE,2,2,leaf4,hier_leaf,flat,34,16,0.9982585139318884,0.9972910216718266,0.9589876672872775,0.9599968856392109,6.256329671616013
Concentric rings (Low),t-SNE,2,2,leaf5,hier_leaf,hier,24,11,0.54004329004329,0.553030303030303,0.5024804975718199,0.4759131946668824,820.7308239926433
Concentric rings (Low),t-SNE,2,2,leaf5,hier_leaf,flat,24,11,0.9924242424242423,0.9945887445887446,0.9591844326734932,0.9606494609226522,5.484697943525845
Concentric rings (Low),t-SNE,2,2,leaf6,hier_leaf,hier,29,14,0.509688013136289,0.48637110016420365,0.4702048509140929,0.43484078097963724,234.508333554999
Concentric rings (Low),t-SNE,2,2,leaf6,hier_leaf,flat,29,14,0.9954022988505747,0.9957307060755337,0.9772290713071254,0.9789479856221984,5.966758704697241
Concentric rings (Low),t-SNE,2,2,leaf7,hier_leaf,hier,31,15,0.5301075268817205,0.507258064516129,0.5160017809588835,0.45303081673069967,639.6453385940779
Concentric rings (Low),t-SNE,2,2,leaf7,hier_leaf,flat,31,15,0.9930107526881721,0.9951612903225807,0.9563168126308712,0.9584528561960537,7.301061474755763
Concentric rings (Low),t-SNE,2,2,leaf8,hier_leaf,hier,32,15,0.5988425925925926,0.5689814814814815,0.5720717592241118,0.5150193756847709,1417.4818991157515
Concentric rings (Low),t-SNE,2,2,leaf8,hier_leaf,flat,32,15,0.9909722222222221,0.993287037037037,0.9565826539247317,0.9611641843269446,8.497818274246924
Concentric rings (Low),t-SNE,2,2,leaf9,hier_leaf,hier,18,8,0.5063131313131313,0.5,0.45541377633771657,0.5241655624960564,476.529516927026
Concentric rings (Low),t-SNE,2,2,leaf9,hier_leaf,flat,18,8,0.9835858585858587,0.9861111111111112,0.9195532841188717,0.9292755527348172,6.522813010916354
Concentric rings (Low),t-SNE,2,2,leaf10,hier_leaf,hier,50,20,0.9712820512820513,0.973025641025641,0.9078664822274846,0.8887728935634795,280.2275579095586
Concentric rings (Low),t-SNE,2,2,leaf10,hier_leaf,flat,50,20,0.9911282051282052,0.9922564102564104,0.9705082314048501,0.9716899906066374,11.127815375472661
Concentric rings (Low),t-SNE,2,2,leaf11,hier_leaf,hier,17,8,0.5294117647058824,0.5522875816993464,0.5041330049051514,0.4707371340812306,974.1106758410493
Concentric rings (Low),t-SNE,2,2,leaf11,hier_leaf,flat,17,8,0.9885620915032679,0.9934640522875817,0.9434205880225816,0.946124164571448,6.924555040228674
Concentric rings (Low),t-SNE,2,2,leaf12,hier_leaf,hier,41,20,0.9624854819976771,0.9660859465737516,0.8771106368088635,0.8497100625934515,363.96130477875454
Concentric rings (Low),t-SNE,2,2,leaf12,hier_leaf,flat,41,20,0.9937282229965156,0.9945412311265971,0.9697641061612507,0.9722693447068235,9.284654817496271
Concentric rings (Low),t-SNE,2,2,leaf13,hier_leaf,hier,36,17,0.944281045751634,0.9447712418300654,0.8452179192773795,0.7961843864344367,418.74575687562515
Concentric rings (Low),t-SNE,2,2,leaf13,hier_leaf,flat,36,17,0.9954248366013072,0.9973856209150327,0.9713668034934635,0.9727679267973364,9.964122422398692
Concentric rings (Low),t-SNE,2,2,leaf14,hier_leaf,hier,25,12,0.5394871794871795,0.6143589743589744,0.6020602240486334,0.6240638567880932,270.4792272391698
Concentric rings (Low),t-SNE,2,2,leaf14,hier_leaf,flat,25,12,0.997948717948718,0.9974358974358976,0.9476004190251683,0.955200277992396,8.960493805464502
Concentric rings (Low),t-SNE,2,2,leaf15,hier_leaf,hier,44,20,0.6451178451178452,0.5935185185185184,0.6983968263511714,0.5590573984406683,1344.1502728786263
Concentric rings (Low),t-SNE,2,2,leaf15,hier_leaf,flat,44,20,0.9875420875420875,0.9813131313131311,0.9652858612912092,0.9634872132489435,19.7309554813115
Concentric rings (Low),t-SNE,2,2,leaf16,hier_leaf,hier,65,20,0.993489409141583,0.9925752508361204,0.9769143353247594,0.9766320406359471,16.997168995771123
Concentric rings (Low),t-SNE,2,2,leaf16,hier_leaf,flat,65,20,0.9910813823857303,0.9910813823857303,0.9696536537454554,0.9708714699107346,22.370497271117493
Concentric rings (Low),t-SNE,2,2,leaf17,hier_leaf,hier,180,20,0.9984448160535118,0.998379784466741,0.9919979101561954,0.9922242258196854,23.937310754933243
Concentric rings (Low),t-SNE,2,2,leaf17,hier_leaf,flat,180,20,0.9984968413229284,0.9986046079524341,0.9918955374931979,0.9922059486750543,22.142516204490065
Concentric rings (Low),t-SNE,2,2,class0,gt_class,hier,332,20,0.9979734859837359,0.9979005574536955,0.9945557141445804,0.9946560769917429,26.211325212024555
Concentric rings (Low),t-SNE,2,2,class0,gt_class,flat,332,20,0.9977906651481548,0.9978116445883033,0.9941099213580913,0.994280153442538,22.55222109615677
Concentric rings (Low),t-SNE,2,2,class1,gt_class,hier,333,20,0.999660983297347,0.9996555232918869,0.995877759798406,0.9961542566945794,9.099487209380456
Concentric rings (Low),t-SNE,2,2,class1,gt_class,flat,333,20,0.9996009232372869,0.9995850395850396,0.9958068595891988,0.9961261657555253,9.345859132652803
Concentric rings (Low),t-SNE,2,2,class2,gt_class,hier,335,20,0.9997304119795112,0.9997063941376859,0.9966629060395572,0.9967701311543726,5.232441047931987
Concentric rings (Low),t-SNE,2,2,class2,gt_class,flat,335,20,0.9990275224860916,0.993764184006078,0.9966063355090031,0.9941506293468851,9.125517043922866
Concentric rings (Low),t-SNE,3,2,leaf0,hier_leaf,hier,40,19,0.9711722488038277,0.9699760765550239,0.8785766092487574,0.8398387058294532,178.44112906605523
Concentric rings (Low),t-SNE,3,2,leaf0,hier_leaf,flat,40,19,0.9968899521531099,0.9976076555023923,0.9786980974042448,0.9807161746477991,3.732685206416445
Concentric rings (Low),t-SNE,3,2,leaf1,hier_leaf,hier,64,20,0.9933535447761194,0.9940531716417911,0.9429418132159338,0.925055313690391,65.1295011872198
Concentric rings (Low),t-SNE,3,2,leaf1,hier_leaf,flat,64,20,0.9986940298507463,0.9986940298507463,0.9841099237808573,0.9846821892408767,5.3393955949482805
Concentric rings (Low),t-SNE,3,2,leaf2,hier_leaf,hier,49,20,0.9792608935466078,0.9833976833976835,0.9081280150421114,0.8787059457054801,55.09666501031438
Concentric rings (Low),t-SNE,3,2,leaf2,hier_leaf,flat,49,20,0.9986210700496415,0.9985107556536127,0.9790450855171335,0.9801211611632253,6.04535812908449
Concentric rings (Low),t-SNE,3,2,leaf3,hier_leaf,hier,22,10,0.5034965034965034,0.5048951048951049,0.44200540292294016,0.43079323347496906,345.94602145547293
Concentric rings (Low),t-SNE,3,2,leaf3,hier_leaf,flat,22,10,0.9895104895104896,0.9888111888111889,0.9317189809846663,0.9326211183151775,4.595725660525191
Concentric rings (Low),t-SNE,3,2,leaf4,hier_leaf,hier,34,16,0.9073142414860682,0.9020897832817338,0.8167146542800703,0.7693408321607011,311.4026901217221
Concentric rings (Low),t-SNE,3,2,leaf4,hier_leaf,flat,34,16,0.9982585139318884,0.9972910216718266,0.9589876672872775,0.9599968856392109,6.256329671616013
Concentric rings (Low),t-SNE,3,2,leaf5,hier_leaf,hier,24,11,0.54004329004329,0.553030303030303,0.5024804975718199,0.4759131946668824,820.7308239926433
Concentric rings (Low),t-SNE,3,2,leaf5,hier_leaf,flat,24,11,0.9924242424242423,0.9945887445887446,0.9591844326734932,0.9606494609226522,5.484697943525845
Concentric rings (Low),t-SNE,3,2,leaf6,hier_leaf,hier,29,14,0.509688013136289,0.48637110016420365,0.4702048509140929,0.43484078097963724,234.508333554999
Concentric rings (Low),t-SNE,3,2,leaf6,hier_leaf,flat,29,14,0.9954022988505747,0.9957307060755337,0.9772290713071254,0.9789479856221984,5.966758704697241
Concentric rings (Low),t-SNE,3,2,leaf7,hier_leaf,hier,31,15,0.5301075268817205,0.507258064516129,0.5160017809588835,0.45303081673069967,639.6453385940779
Concentric rings (Low),t-SNE,3,2,leaf7,hier_leaf,flat,31,15,0.9930107526881721,0.9951612903225807,0.9563168126308712,0.9584528561960537,7.301061474755763
Concentric rings (Low),t-SNE,3,2,leaf8,hier_leaf,hier,32,15,0.5988425925925926,0.5689814814814815,0.5720717592241118,0.5150193756847709,1417.4818991157515
Concentric rings (Low),t-SNE,3,2,leaf8,hier_leaf,flat,32,15,0.9909722222222221,0.993287037037037,0.9565826539247317,0.9611641843269446,8.497818274246924
Concentric rings (Low),t-SNE,3,2,leaf9,hier_leaf,hier,18,8,0.5063131313131313,0.5,0.45541377633771657,0.5241655624960564,476.529516927026
Concentric rings (Low),t-SNE,3,2,leaf9,hier_leaf,flat,18,8,0.9835858585858587,0.9861111111111112,0.9195532841188717,0.9292755527348172,6.522813010916354
Concentric rings (Low),t-SNE,3,2,leaf10,hier_leaf,hier,50,20,0.9712820512820513,0.973025641025641,0.9078664822274846,0.8887728935634795,280.2275579095586
Concentric rings (Low),t-SNE,3,2,leaf10,hier_leaf,flat,50,20,0.9911282051282052,0.9922564102564104,0.9705082314048501,0.9716899906066374,11.127815375472661
Concentric rings (Low),t-SNE,3,2,leaf11,hier_leaf,hier,17,8,0.5294117647058824,0.5522875816993464,0.5041330049051514,0.4707371340812306,974.1106758410493
Concentric rings (Low),t-SNE,3,2,leaf11,hier_leaf,flat,17,8,0.9885620915032679,0.9934640522875817,0.9434205880225816,0.946124164571448,6.924555040228674
Concentric rings (Low),t-SNE,3,2,leaf12,hier_leaf,hier,41,20,0.9624854819976771,0.9660859465737516,0.8771106368088635,0.8497100625934515,363.96130477875454
Concentric rings (Low),t-SNE,3,2,leaf12,hier_leaf,flat,41,20,0.9937282229965156,0.9945412311265971,0.9697641061612507,0.9722693447068235,9.284654817496271
Concentric rings (Low),t-SNE,3,2,leaf13,hier_leaf,hier,36,17,0.944281045751634,0.9447712418300654,0.8452179192773795,0.7961843864344367,418.74575687562515
Concentric rings (Low),t-SNE,3,2,leaf13,hier_leaf,flat,36,17,0.9954248366013072,0.9973856209150327,0.9713668034934635,0.9727679267973364,9.964122422398692
Concentric rings (Low),t-SNE,3,2,leaf14,hier_leaf,hier,25,12,0.5394871794871795,0.6143589743589744,0.6020602240486334,0.6240638567880932,270.4792272391698
Concentric rings (Low),t-SNE,3,2,leaf14,hier_leaf,flat,25,12,0.997948717948718,0.9974358974358976,0.9476004190251683,0.955200277992396,8.960493805464502
Concentric rings (Low),t-SNE,3,2,leaf15,hier_leaf,hier,44,20,0.6451178451178452,0.5935185185185184,0.6983968263511714,0.5590573984406683,1344.1502728786263
Concentric rings (Low),t-SNE,3,2,leaf15,hier_leaf,flat,44,20,0.9875420875420875,0.9813131313131311,0.9652858612912092,0.9634872132489435,19.7309554813115
Concentric rings (Low),t-SNE,3,2,leaf16,hier_leaf,hier,65,20,0.993489409141583,0.9925752508361204,0.9769143353247594,0.9766320406359471,16.997168995771123
Concentric rings (Low),t-SNE,3,2,leaf16,hier_leaf,flat,65,20,0.9910813823857303,0.9910813823857303,0.9696536537454554,0.9708714699107346,22.370497271117493
Concentric rings (Low),t-SNE,3,2,leaf17,hier_leaf,hier,180,20,0.9984448160535118,0.998379784466741,0.9919979101561954,0.9922242258196854,23.937310754933243
Concentric rings (Low),t-SNE,3,2,leaf17,hier_leaf,flat,180,20,0.9984968413229284,0.9986046079524341,0.9918955374931979,0.9922059486750543,22.142516204490065
Concentric rings (Low),t-SNE,3,2,class0,gt_class,hier,332,20,0.9979734859837359,0.9979005574536955,0.9945557141445804,0.9946560769917429,26.211325212024555
Concentric rings (Low),t-SNE,3,2,class0,gt_class,flat,332,20,0.9977906651481548,0.9978116445883033,0.9941099213580913,0.994280153442538,22.55222109615677
Concentric rings (Low),t-SNE,3,2,class1,gt_class,hier,333,20,0.999660983297347,0.9996555232918869,0.995877759798406,0.9961542566945794,9.099487209380456
Concentric rings (Low),t-SNE,3,2,class1,gt_class,flat,333,20,0.9996009232372869,0.9995850395850396,0.9958068595891988,0.9961261657555253,9.345859132652803
Concentric rings (Low),t-SNE,3,2,class2,gt_class,hier,335,20,0.9997304119795112,0.9997063941376859,0.9966629060395572,0.9967701311543726,5.232441047931987
Concentric rings (Low),t-SNE,3,2,class2,gt_class,flat,335,20,0.9990275224860916,0.993764184006078,0.9966063355090031,0.9941506293468851,9.125517043922866
Concentric rings (Low),t-SNE,4,2,leaf0,hier_leaf,hier,40,19,0.9711722488038277,0.9699760765550239,0.8785766092487574,0.8398387058294532,178.44112906605523
Concentric rings (Low),t-SNE,4,2,leaf0,hier_leaf,flat,40,19,0.9968899521531099,0.9976076555023923,0.9786980974042448,0.9807161746477991,3.732685206416445
Concentric rings (Low),t-SNE,4,2,leaf1,hier_leaf,hier,64,20,0.9933535447761194,0.9940531716417911,0.9429418132159338,0.925055313690391,65.1295011872198
Concentric rings (Low),t-SNE,4,2,leaf1,hier_leaf,flat,64,20,0.9986940298507463,0.9986940298507463,0.9841099237808573,0.9846821892408767,5.3393955949482805
Concentric rings (Low),t-SNE,4,2,leaf2,hier_leaf,hier,49,20,0.9792608935466078,0.9833976833976835,0.9081280150421114,0.8787059457054801,55.09666501031438
Concentric rings (Low),t-SNE,4,2,leaf2,hier_leaf,flat,49,20,0.9986210700496415,0.9985107556536127,0.9790450855171335,0.9801211611632253,6.04535812908449
Concentric rings (Low),t-SNE,4,2,leaf3,hier_leaf,hier,22,10,0.5034965034965034,0.5048951048951049,0.44200540292294016,0.43079323347496906,345.94602145547293
Concentric rings (Low),t-SNE,4,2,leaf3,hier_leaf,flat,22,10,0.9895104895104896,0.9888111888111889,0.9317189809846663,0.9326211183151775,4.595725660525191
Concentric rings (Low),t-SNE,4,2,leaf4,hier_leaf,hier,34,16,0.9073142414860682,0.9020897832817338,0.8167146542800703,0.7693408321607011,311.4026901217221
Concentric rings (Low),t-SNE,4,2,leaf4,hier_leaf,flat,34,16,0.9982585139318884,0.9972910216718266,0.9589876672872775,0.9599968856392109,6.256329671616013
Concentric rings (Low),t-SNE,4,2,leaf5,hier_leaf,hier,24,11,0.54004329004329,0.553030303030303,0.5024804975718199,0.4759131946668824,820.7308239926433
Concentric rings (Low),t-SNE,4,2,leaf5,hier_leaf,flat,24,11,0.9924242424242423,0.9945887445887446,0.9591844326734932,0.9606494609226522,5.484697943525845
Concentric rings (Low),t-SNE,4,2,leaf6,hier_leaf,hier,29,14,0.509688013136289,0.48637110016420365,0.4702048509140929,0.43484078097963724,234.508333554999
Concentric rings (Low),t-SNE,4,2,leaf6,hier_leaf,flat,29,14,0.9954022988505747,0.9957307060755337,0.9772290713071254,0.9789479856221984,5.966758704697241
Concentric rings (Low),t-SNE,4,2,leaf7,hier_leaf,hier,31,15,0.5301075268817205,0.507258064516129,0.5160017809588835,0.45303081673069967,639.6453385940779
Concentric rings (Low),t-SNE,4,2,leaf7,hier_leaf,flat,31,15,0.9930107526881721,0.9951612903225807,0.9563168126308712,0.9584528561960537,7.301061474755763
Concentric rings (Low),t-SNE,4,2,leaf8,hier_leaf,hier,32,15,0.5988425925925926,0.5689814814814815,0.5720717592241118,0.5150193756847709,1417.4818991157515
Concentric rings (Low),t-SNE,4,2,leaf8,hier_leaf,flat,32,15,0.9909722222222221,0.993287037037037,0.9565826539247317,0.9611641843269446,8.497818274246924
Concentric rings (Low),t-SNE,4,2,leaf9,hier_leaf,hier,18,8,0.5063131313131313,0.5,0.45541377633771657,0.5241655624960564,476.529516927026
Concentric rings (Low),t-SNE,4,2,leaf9,hier_leaf,flat,18,8,0.9835858585858587,0.9861111111111112,0.9195532841188717,0.9292755527348172,6.522813010916354
Concentric rings (Low),t-SNE,4,2,leaf10,hier_leaf,hier,50,20,0.9712820512820513,0.973025641025641,0.9078664822274846,0.8887728935634795,280.2275579095586
Concentric rings (Low),t-SNE,4,2,leaf10,hier_leaf,flat,50,20,0.9911282051282052,0.9922564102564104,0.9705082314048501,0.9716899906066374,11.127815375472661
Concentric rings (Low),t-SNE,4,2,leaf11,hier_leaf,hier,17,8,0.5294117647058824,0.5522875816993464,0.5041330049051514,0.4707371340812306,974.1106758410493
Concentric rings (Low),t-SNE,4,2,leaf11,hier_leaf,flat,17,8,0.9885620915032679,0.9934640522875817,0.9434205880225816,0.946124164571448,6.924555040228674
Concentric rings (Low),t-SNE,4,2,leaf12,hier_leaf,hier,41,20,0.9624854819976771,0.9660859465737516,0.8771106368088635,0.8497100625934515,363.96130477875454
Concentric rings (Low),t-SNE,4,2,leaf12,hier_leaf,flat,41,20,0.9937282229965156,0.9945412311265971,0.9697641061612507,0.9722693447068235,9.284654817496271
Concentric rings (Low),t-SNE,4,2,leaf13,hier_leaf,hier,36,17,0.944281045751634,0.9447712418300654,0.8452179192773795,0.7961843864344367,418.74575687562515
Concentric rings (Low),t-SNE,4,2,leaf13,hier_leaf,flat,36,17,0.9954248366013072,0.9973856209150327,0.9713668034934635,0.9727679267973364,9.964122422398692
Concentric rings (Low),t-SNE,4,2,leaf14,hier_leaf,hier,25,12,0.5394871794871795,0.6143589743589744,0.6020602240486334,0.6240638567880932,270.4792272391698
Concentric rings (Low),t-SNE,4,2,leaf14,hier_leaf,flat,25,12,0.997948717948718,0.9974358974358976,0.9476004190251683,0.955200277992396,8.960493805464502
Concentric rings (Low),t-SNE,4,2,leaf15,hier_leaf,hier,44,20,0.6451178451178452,0.5935185185185184,0.6983968263511714,0.5590573984406683,1344.1502728786263
Concentric rings (Low),t-SNE,4,2,leaf15,hier_leaf,flat,44,20,0.9875420875420875,0.9813131313131311,0.9652858612912092,0.9634872132489435,19.7309554813115
Concentric rings (Low),t-SNE,4,2,leaf16,hier_leaf,hier,65,20,0.993489409141583,0.9925752508361204,0.9769143353247594,0.9766320406359471,16.997168995771123
Concentric rings (Low),t-SNE,4,2,leaf16,hier_leaf,flat,65,20,0.9910813823857303,0.9910813823857303,0.9696536537454554,0.9708714699107346,22.370497271117493
Concentric rings (Low),t-SNE,4,2,leaf17,hier_leaf,hier,180,20,0.9984448160535118,0.998379784466741,0.9919979101561954,0.9922242258196854,23.937310754933243
Concentric rings (Low),t-SNE,4,2,leaf17,hier_leaf,flat,180,20,0.9984968413229284,0.9986046079524341,0.9918955374931979,0.9922059486750543,22.142516204490065
Concentric rings (Low),t-SNE,4,2,class0,gt_class,hier,332,20,0.9979734859837359,0.9979005574536955,0.9945557141445804,0.9946560769917429,26.211325212024555
Concentric rings (Low),t-SNE,4,2,class0,gt_class,flat,332,20,0.9977906651481548,0.9978116445883033,0.9941099213580913,0.994280153442538,22.55222109615677
Concentric rings (Low),t-SNE,4,2,class1,gt_class,hier,333,20,0.999660983297347,0.9996555232918869,0.995877759798406,0.9961542566945794,9.099487209380456
Concentric rings (Low),t-SNE,4,2,class1,gt_class,flat,333,20,0.9996009232372869,0.9995850395850396,0.9958068595891988,0.9961261657555253,9.345859132652803
Concentric rings (Low),t-SNE,4,2,class2,gt_class,hier,335,20,0.9997304119795112,0.9997063941376859,0.9966629060395572,0.9967701311543726,5.232441047931987
Concentric rings (Low),t-SNE,4,2,class2,gt_class,flat,335,20,0.9990275224860916,0.993764184006078,0.9966063355090031,0.9941506293468851,9.125517043922866
Concentric rings (Low),PCA,0,2,leaf0,hier_leaf,hier,40,19,1.0,1.0,1.0,1.0,2.4563310983412338e-15
Concentric rings (Low),PCA,0,2,leaf0,hier_leaf,flat,40,19,1.0,1.0,1.0,1.0,3.6110164217223475e-15
Concentric rings (Low),PCA,0,2,leaf1,hier_leaf,hier,64,20,1.0,1.0,1.0,1.0,2.5069230257479237e-15
Concentric rings (Low),PCA,0,2,leaf1,hier_leaf,flat,64,20,1.0,1.0,1.0,1.0,3.1654831927965874e-15
Concentric rings (Low),PCA,0,2,leaf2,hier_leaf,hier,49,20,1.0,1.0,1.0,1.0,6.2363406911066485e-15
Concentric rings (Low),PCA,0,2,leaf2,hier_leaf,flat,49,20,1.0,1.0,1.0,1.0,1.008670826372513e-14
Concentric rings (Low),PCA,0,2,leaf3,hier_leaf,hier,22,10,1.0,1.0,1.0,1.0,1.053171762990604e-14
Concentric rings (Low),PCA,0,2,leaf3,hier_leaf,flat,22,10,1.0,1.0,1.0,1.0,1.1607469892293522e-14
Concentric rings (Low),PCA,0,2,leaf4,hier_leaf,hier,34,16,1.0,1.0,1.0,1.0,7.713078652765062e-15
Concentric rings (Low),PCA,0,2,leaf4,hier_leaf,flat,34,16,1.0,1.0,1.0,1.0,1.1126815061248456e-14
Concentric rings (Low),PCA,0,2,leaf5,hier_leaf,hier,24,11,1.0,1.0,1.0,1.0,1.2753576705047828e-14
Concentric rings (Low),PCA,0,2,leaf5,hier_leaf,flat,24,11,1.0,1.0,1.0,1.0,1.993673272110526e-14
Concentric rings (Low),PCA,0,2,leaf6,hier_leaf,hier,29,14,1.0,1.0,1.0,1.0,3.962394619627777e-15
Concentric rings (Low),PCA,0,2,leaf6,hier_leaf,flat,29,14,1.0,1.0,1.0,1.0,5.483808467209252e-15
Concentric rings (Low),PCA,0,2,leaf7,hier_leaf,hier,31,15,1.0,1.0,1.0,1.0,2.308888252089619e-15
Concentric rings (Low),PCA,0,2,leaf7,hier_leaf,flat,31,15,1.0,1.0,1.0,1.0,3.463393834309675e-15
Concentric rings (Low),PCA,0,2,leaf8,hier_leaf,hier,32,15,1.0,1.0,1.0,1.0,5.47982799336379e-15
Concentric rings (Low),PCA,0,2,leaf8,hier_leaf,flat,32,15,1.0,1.0,1.0,1.0,5.636754027686641e-15
Concentric rings (Low),PCA,0,2,leaf9,hier_leaf,hier,18,8,1.0,1.0,1.0,1.0,5.8880246686083844e-15
Concentric rings (Low),PCA,0,2,leaf9,hier_leaf,flat,18,8,1.0,1.0,1.0,1.0,1.1311878610371863e-14
Concentric rings (Low),PCA,0,2,leaf10,hier_leaf,hier,50,20,1.0,1.0,1.0,1.0,2.5213579489733555e-15
Concentric rings (Low),PCA,0,2,leaf10,hier_leaf,flat,50,20,1.0,1.0,1.0,1.0,3.626959045367123e-15
Concentric rings (Low),PCA,0,2,leaf11,hier_leaf,hier,17,8,1.0,1.0,1.0,1.0,1.3447907947819387e-14
Concentric rings (Low),PCA,0,2,leaf11,hier_leaf,flat,17,8,1.0,1.0,1.0,1.0,1.2788772393173436e-14
Concentric rings (Low),PCA,0,2,leaf12,hier_leaf,hier,41,20,1.0,1.0,1.0,1.0,2.1373210465877538e-15
Concentric rings (Low),PCA,0,2,leaf12,hier_leaf,flat,41,20,1.0,1.0,1.0,1.0,3.148387042624356e-15
Concentric rings (Low),PCA,0,2,leaf13,hier_leaf,hier,36,17,1.0,1.0,1.0,1.0,5.268308838865214e-15
Concentric rings (Low),PCA,0,2,leaf13,hier_leaf,flat,36,17,1.0,1.0,1.0,1.0,6.2854325510933734e-15
Concentric rings (Low),PCA,0,2,leaf14,hier_leaf,hier,25,12,1.0,1.0,1.0,1.0,5.117503390846525e-15
Concentric rings (Low),PCA,0,2,leaf14,hier_leaf,flat,25,12,1.0,1.0,1.0,1.0,7.33827197752305e-15
Concentric rings (Low),PCA,0,2,leaf15,hier_leaf,hier,44,20,1.0,1.0,1.0,1.0,2.4235563927079632e-15
Concentric rings (Low),PCA,0,2,leaf15,hier_leaf,flat,44,20,1.0,1.0,1.0,1.0,2.6377661764602255e-15
Concentric rings (Low),PCA,0,2,leaf16,hier_leaf,hier,65,20,1.0,1.0,1.0,1.0,1.4286427645263647e-15
Concentric rings (Low),PCA,0,2,leaf16,hier_leaf,flat,65,20,1.0,1.0,1.0,1.0,1.741248379955544e-15
Concentric rings (Low),PCA,0,2,leaf17,hier_leaf,hier,180,20,1.0,1.0,1.0,1.0,4.3668213439561993e-16
Concentric rings (Low),PCA,0,2,leaf17,hier_leaf,flat,180,20,1.0,1.0,1.0,1.0,4.3655221578331675e-16
Concentric rings (Low),PCA,0,2,class0,gt_class,hier,332,20,1.0,1.0,1.0,1.0,2.6801275222494736e-16
Concentric rings (Low),PCA,0,2,class0,gt_class,flat,332,20,1.0,1.0,1.0,1.0,2.7203273168088264e-16
Concentric rings (Low),PCA,0,2,class1,gt_class,hier,333,20,1.0,1.0,1.0,1.0,2.982138670570059e-16
Concentric rings (Low),PCA,0,2,class1,gt_class,flat,333,20,1.0,1.0,1.0,1.0,3.1052953860838386e-16
Concentric rings (Low),PCA,0,2,class2,gt_class,hier,335,20,1.0,1.0,1.0,1.0,4.2585269089529596e-16
Concentric rings (Low),PCA,0,2,class2,gt_class,flat,335,20,1.0,1.0,1.0,1.0,4.896047081010354e-16
Concentric rings (Low),PCA,1,2,leaf0,hier_leaf,hier,40,19,1.0,1.0,1.0,1.0,2.4563310983412338e-15
Concentric rings (Low),PCA,1,2,leaf0,hier_leaf,flat,40,19,1.0,1.0,1.0,1.0,3.6110164217223475e-15
Concentric rings (Low),PCA,1,2,leaf1,hier_leaf,hier,64,20,1.0,1.0,1.0,1.0,2.5069230257479237e-15
Concentric rings (Low),PCA,1,2,leaf1,hier_leaf,flat,64,20,1.0,1.0,1.0,1.0,3.1654831927965874e-15
Concentric rings (Low),PCA,1,2,leaf2,hier_leaf,hier,49,20,1.0,1.0,1.0,1.0,6.2363406911066485e-15
Concentric rings (Low),PCA,1,2,leaf2,hier_leaf,flat,49,20,1.0,1.0,1.0,1.0,1.008670826372513e-14
Concentric rings (Low),PCA,1,2,leaf3,hier_leaf,hier,22,10,1.0,1.0,1.0,1.0,1.053171762990604e-14
Concentric rings (Low),PCA,1,2,leaf3,hier_leaf,flat,22,10,1.0,1.0,1.0,1.0,1.1607469892293522e-14
Concentric rings (Low),PCA,1,2,leaf4,hier_leaf,hier,34,16,1.0,1.0,1.0,1.0,7.713078652765062e-15
Concentric rings (Low),PCA,1,2,leaf4,hier_leaf,flat,34,16,1.0,1.0,1.0,1.0,1.1126815061248456e-14
Concentric rings (Low),PCA,1,2,leaf5,hier_leaf,hier,24,11,1.0,1.0,1.0,1.0,1.2753576705047828e-14
Concentric rings (Low),PCA,1,2,leaf5,hier_leaf,flat,24,11,1.0,1.0,1.0,1.0,1.993673272110526e-14
Concentric rings (Low),PCA,1,2,leaf6,hier_leaf,hier,29,14,1.0,1.0,1.0,1.0,3.962394619627777e-15
Concentric rings (Low),PCA,1,2,leaf6,hier_leaf,flat,29,14,1.0,1.0,1.0,1.0,5.483808467209252e-15
Concentric rings (Low),PCA,1,2,leaf7,hier_leaf,hier,31,15,1.0,1.0,1.0,1.0,2.308888252089619e-15
Concentric rings (Low),PCA,1,2,leaf7,hier_leaf,flat,31,15,1.0,1.0,1.0,1.0,3.463393834309675e-15
Concentric rings (Low),PCA,1,2,leaf8,hier_leaf,hier,32,15,1.0,1.0,1.0,1.0,5.47982799336379e-15
Concentric rings (Low),PCA,1,2,leaf8,hier_leaf,flat,32,15,1.0,1.0,1.0,1.0,5.636754027686641e-15
Concentric rings (Low),PCA,1,2,leaf9,hier_leaf,hier,18,8,1.0,1.0,1.0,1.0,5.8880246686083844e-15
Concentric rings (Low),PCA,1,2,leaf9,hier_leaf,flat,18,8,1.0,1.0,1.0,1.0,1.1311878610371863e-14
Concentric rings (Low),PCA,1,2,leaf10,hier_leaf,hier,50,20,1.0,1.0,1.0,1.0,2.5213579489733555e-15
Concentric rings (Low),PCA,1,2,leaf10,hier_leaf,flat,50,20,1.0,1.0,1.0,1.0,3.626959045367123e-15
Concentric rings (Low),PCA,1,2,leaf11,hier_leaf,hier,17,8,1.0,1.0,1.0,1.0,1.3447907947819387e-14
Concentric rings (Low),PCA,1,2,leaf11,hier_leaf,flat,17,8,1.0,1.0,1.0,1.0,1.2788772393173436e-14
Concentric rings (Low),PCA,1,2,leaf12,hier_leaf,hier,41,20,1.0,1.0,1.0,1.0,2.1373210465877538e-15
Concentric rings (Low),PCA,1,2,leaf12,hier_leaf,flat,41,20,1.0,1.0,1.0,1.0,3.148387042624356e-15
Concentric rings (Low),PCA,1,2,leaf13,hier_leaf,hier,36,17,1.0,1.0,1.0,1.0,5.268308838865214e-15
Concentric rings (Low),PCA,1,2,leaf13,hier_leaf,flat,36,17,1.0,1.0,1.0,1.0,6.2854325510933734e-15
Concentric rings (Low),PCA,1,2,leaf14,hier_leaf,hier,25,12,1.0,1.0,1.0,1.0,5.117503390846525e-15
Concentric rings (Low),PCA,1,2,leaf14,hier_leaf,flat,25,12,1.0,1.0,1.0,1.0,7.33827197752305e-15
Concentric rings (Low),PCA,1,2,leaf15,hier_leaf,hier,44,20,1.0,1.0,1.0,1.0,2.4235563927079632e-15
Concentric rings (Low),PCA,1,2,leaf15,hier_leaf,flat,44,20,1.0,1.0,1.0,1.0,2.6377661764602255e-15
Concentric rings (Low),PCA,1,2,leaf16,hier_leaf,hier,65,20,1.0,1.0,1.0,1.0,1.4286427645263647e-15
Concentric rings (Low),PCA,1,2,leaf16,hier_leaf,flat,65,20,1.0,1.0,1.0,1.0,1.741248379955544e-15
Concentric rings (Low),PCA,1,2,leaf17,hier_leaf,hier,180,20,1.0,1.0,1.0,1.0,4.3668213439561993e-16
Concentric rings (Low),PCA,1,2,leaf17,hier_leaf,flat,180,20,1.0,1.0,1.0,1.0,4.3655221578331675e-16
Concentric rings (Low),PCA,1,2,class0,gt_class,hier,332,20,1.0,1.0,1.0,1.0,2.6801275222494736e-16
Concentric rings (Low),PCA,1,2,class0,gt_class,flat,332,20,1.0,1.0,1.0,1.0,2.7203273168088264e-16
Concentric rings (Low),PCA,1,2,class1,gt_class,hier,333,20,1.0,1.0,1.0,1.0,2.982138670570059e-16
Concentric rings (Low),PCA,1,2,class1,gt_class,flat,333,20,1.0,1.0,1.0,1.0,3.1052953860838386e-16
Concentric rings (Low),PCA,1,2,class2,gt_class,hier,335,20,1.0,1.0,1.0,1.0,4.2585269089529596e-16
Concentric rings (Low),PCA,1,2,class2,gt_class,flat,335,20,1.0,1.0,1.0,1.0,4.896047081010354e-16
Concentric rings (Low),PCA,2,2,leaf0,hier_leaf,hier,40,19,1.0,1.0,1.0,1.0,2.4563310983412338e-15
Concentric rings (Low),PCA,2,2,leaf0,hier_leaf,flat,40,19,1.0,1.0,1.0,1.0,3.6110164217223475e-15
Concentric rings (Low),PCA,2,2,leaf1,hier_leaf,hier,64,20,1.0,1.0,1.0,1.0,2.5069230257479237e-15
Concentric rings (Low),PCA,2,2,leaf1,hier_leaf,flat,64,20,1.0,1.0,1.0,1.0,3.1654831927965874e-15
Concentric rings (Low),PCA,2,2,leaf2,hier_leaf,hier,49,20,1.0,1.0,1.0,1.0,6.2363406911066485e-15
Concentric rings (Low),PCA,2,2,leaf2,hier_leaf,flat,49,20,1.0,1.0,1.0,1.0,1.008670826372513e-14
Concentric rings (Low),PCA,2,2,leaf3,hier_leaf,hier,22,10,1.0,1.0,1.0,1.0,1.053171762990604e-14
Concentric rings (Low),PCA,2,2,leaf3,hier_leaf,flat,22,10,1.0,1.0,1.0,1.0,1.1607469892293522e-14
Concentric rings (Low),PCA,2,2,leaf4,hier_leaf,hier,34,16,1.0,1.0,1.0,1.0,7.713078652765062e-15
Concentric rings (Low),PCA,2,2,leaf4,hier_leaf,flat,34,16,1.0,1.0,1.0,1.0,1.1126815061248456e-14
Concentric rings (Low),PCA,2,2,leaf5,hier_leaf,hier,24,11,1.0,1.0,1.0,1.0,1.2753576705047828e-14
Concentric rings (Low),PCA,2,2,leaf5,hier_leaf,flat,24,11,1.0,1.0,1.0,1.0,1.993673272110526e-14
Concentric rings (Low),PCA,2,2,leaf6,hier_leaf,hier,29,14,1.0,1.0,1.0,1.0,3.962394619627777e-15
Concentric rings (Low),PCA,2,2,leaf6,hier_leaf,flat,29,14,1.0,1.0,1.0,1.0,5.483808467209252e-15
Concentric rings (Low),PCA,2,2,leaf7,hier_leaf,hier,31,15,1.0,1.0,1.0,1.0,2.308888252089619e-15
Concentric rings (Low),PCA,2,2,leaf7,hier_leaf,flat,31,15,1.0,1.0,1.0,1.0,3.463393834309675e-15
Concentric rings (Low),PCA,2,2,leaf8,hier_leaf,hier,32,15,1.0,1.0,1.0,1.0,5.47982799336379e-15
Concentric rings (Low),PCA,2,2,leaf8,hier_leaf,flat,32,15,1.0,1.0,1.0,1.0,5.636754027686641e-15
Concentric rings (Low),PCA,2,2,leaf9,hier_leaf,hier,18,8,1.0,1.0,1.0,1.0,5.8880246686083844e-15
Concentric rings (Low),PCA,2,2,leaf9,hier_leaf,flat,18,8,1.0,1.0,1.0,1.0,1.1311878610371863e-14
Concentric rings (Low),PCA,2,2,leaf10,hier_leaf,hier,50,20,1.0,1.0,1.0,1.0,2.5213579489733555e-15
Concentric rings (Low),PCA,2,2,leaf10,hier_leaf,flat,50,20,1.0,1.0,1.0,1.0,3.626959045367123e-15
Concentric rings (Low),PCA,2,2,leaf11,hier_leaf,hier,17,8,1.0,1.0,1.0,1.0,1.3447907947819387e-14
Concentric rings (Low),PCA,2,2,leaf11,hier_leaf,flat,17,8,1.0,1.0,1.0,1.0,1.2788772393173436e-14
Concentric rings (Low),PCA,2,2,leaf12,hier_leaf,hier,41,20,1.0,1.0,1.0,1.0,2.1373210465877538e-15
Concentric rings (Low),PCA,2,2,leaf12,hier_leaf,flat,41,20,1.0,1.0,1.0,1.0,3.148387042624356e-15
Concentric rings (Low),PCA,2,2,leaf13,hier_leaf,hier,36,17,1.0,1.0,1.0,1.0,5.268308838865214e-15
Concentric rings (Low),PCA,2,2,leaf13,hier_leaf,flat,36,17,1.0,1.0,1.0,1.0,6.2854325510933734e-15
Concentric rings (Low),PCA,2,2,leaf14,hier_leaf,hier,25,12,1.0,1.0,1.0,1.0,5.117503390846525e-15
Concentric rings (Low),PCA,2,2,leaf14,hier_leaf,flat,25,12,1.0,1.0,1.0,1.0,7.33827197752305e-15
Concentric rings (Low),PCA,2,2,leaf15,hier_leaf,hier,44,20,1.0,1.0,1.0,1.0,2.4235563927079632e-15
Concentric rings (Low),PCA,2,2,leaf15,hier_leaf,flat,44,20,1.0,1.0,1.0,1.0,2.6377661764602255e-15
Concentric rings (Low),PCA,2,2,leaf16,hier_leaf,hier,65,20,1.0,1.0,1.0,1.0,1.4286427645263647e-15
Concentric rings (Low),PCA,2,2,leaf16,hier_leaf,flat,65,20,1.0,1.0,1.0,1.0,1.741248379955544e-15
Concentric rings (Low),PCA,2,2,leaf17,hier_leaf,hier,180,20,1.0,1.0,1.0,1.0,4.3668213439561993e-16
Concentric rings (Low),PCA,2,2,leaf17,hier_leaf,flat,180,20,1.0,1.0,1.0,1.0,4.3655221578331675e-16
Concentric rings (Low),PCA,2,2,class0,gt_class,hier,332,20,1.0,1.0,1.0,1.0,2.6801275222494736e-16
Concentric rings (Low),PCA,2,2,class0,gt_class,flat,332,20,1.0,1.0,1.0,1.0,2.7203273168088264e-16
Concentric rings (Low),PCA,2,2,class1,gt_class,hier,333,20,1.0,1.0,1.0,1.0,2.982138670570059e-16
Concentric rings (Low),PCA,2,2,class1,gt_class,flat,333,20,1.0,1.0,1.0,1.0,3.1052953860838386e-16
Concentric rings (Low),PCA,2,2,class2,gt_class,hier,335,20,1.0,1.0,1.0,1.0,4.2585269089529596e-16
Concentric rings (Low),PCA,2,2,class2,gt_class,flat,335,20,1.0,1.0,1.0,1.0,4.896047081010354e-16
Concentric rings (Low),PCA,3,2,leaf0,hier_leaf,hier,40,19,1.0,1.0,1.0,1.0,2.4563310983412338e-15
Concentric rings (Low),PCA,3,2,leaf0,hier_leaf,flat,40,19,1.0,1.0,1.0,1.0,3.6110164217223475e-15
Concentric rings (Low),PCA,3,2,leaf1,hier_leaf,hier,64,20,1.0,1.0,1.0,1.0,2.5069230257479237e-15
Concentric rings (Low),PCA,3,2,leaf1,hier_leaf,flat,64,20,1.0,1.0,1.0,1.0,3.1654831927965874e-15
Concentric rings (Low),PCA,3,2,leaf2,hier_leaf,hier,49,20,1.0,1.0,1.0,1.0,6.2363406911066485e-15
Concentric rings (Low),PCA,3,2,leaf2,hier_leaf,flat,49,20,1.0,1.0,1.0,1.0,1.008670826372513e-14
Concentric rings (Low),PCA,3,2,leaf3,hier_leaf,hier,22,10,1.0,1.0,1.0,1.0,1.053171762990604e-14
Concentric rings (Low),PCA,3,2,leaf3,hier_leaf,flat,22,10,1.0,1.0,1.0,1.0,1.1607469892293522e-14
Concentric rings (Low),PCA,3,2,leaf4,hier_leaf,hier,34,16,1.0,1.0,1.0,1.0,7.713078652765062e-15
Concentric rings (Low),PCA,3,2,leaf4,hier_leaf,flat,34,16,1.0,1.0,1.0,1.0,1.1126815061248456e-14
Concentric rings (Low),PCA,3,2,leaf5,hier_leaf,hier,24,11,1.0,1.0,1.0,1.0,1.2753576705047828e-14
Concentric rings (Low),PCA,3,2,leaf5,hier_leaf,flat,24,11,1.0,1.0,1.0,1.0,1.993673272110526e-14
Concentric rings (Low),PCA,3,2,leaf6,hier_leaf,hier,29,14,1.0,1.0,1.0,1.0,3.962394619627777e-15
Concentric rings (Low),PCA,3,2,leaf6,hier_leaf,flat,29,14,1.0,1.0,1.0,1.0,5.483808467209252e-15
Concentric rings (Low),PCA,3,2,leaf7,hier_leaf,hier,31,15,1.0,1.0,1.0,1.0,2.308888252089619e-15
Concentric rings (Low),PCA,3,2,leaf7,hier_leaf,flat,31,15,1.0,1.0,1.0,1.0,3.463393834309675e-15
Concentric rings (Low),PCA,3,2,leaf8,hier_leaf,hier,32,15,1.0,1.0,1.0,1.0,5.47982799336379e-15
Concentric rings (Low),PCA,3,2,leaf8,hier_leaf,flat,32,15,1.0,1.0,1.0,1.0,5.636754027686641e-15
Concentric rings (Low),PCA,3,2,leaf9,hier_leaf,hier,18,8,1.0,1.0,1.0,1.0,5.8880246686083844e-15
Concentric rings (Low),PCA,3,2,leaf9,hier_leaf,flat,18,8,1.0,1.0,1.0,1.0,1.1311878610371863e-14
Concentric rings (Low),PCA,3,2,leaf10,hier_leaf,hier,50,20,1.0,1.0,1.0,1.0,2.5213579489733555e-15
Concentric rings (Low),PCA,3,2,leaf10,hier_leaf,flat,50,20,1.0,1.0,1.0,1.0,3.626959045367123e-15
Concentric rings (Low),PCA,3,2,leaf11,hier_leaf,hier,17,8,1.0,1.0,1.0,1.0,1.3447907947819387e-14
Concentric rings (Low),PCA,3,2,leaf11,hier_leaf,flat,17,8,1.0,1.0,1.0,1.0,1.2788772393173436e-14
Concentric rings (Low),PCA,3,2,leaf12,hier_leaf,hier,41,20,1.0,1.0,1.0,1.0,2.1373210465877538e-15
Concentric rings (Low),PCA,3,2,leaf12,hier_leaf,flat,41,20,1.0,1.0,1.0,1.0,3.148387042624356e-15
Concentric rings (Low),PCA,3,2,leaf13,hier_leaf,hier,36,17,1.0,1.0,1.0,1.0,5.268308838865214e-15
Concentric rings (Low),PCA,3,2,leaf13,hier_leaf,flat,36,17,1.0,1.0,1.0,1.0,6.2854325510933734e-15
Concentric rings (Low),PCA,3,2,leaf14,hier_leaf,hier,25,12,1.0,1.0,1.0,1.0,5.117503390846525e-15
Concentric rings (Low),PCA,3,2,leaf14,hier_leaf,flat,25,12,1.0,1.0,1.0,1.0,7.33827197752305e-15
Concentric rings (Low),PCA,3,2,leaf15,hier_leaf,hier,44,20,1.0,1.0,1.0,1.0,2.4235563927079632e-15
Concentric rings (Low),PCA,3,2,leaf15,hier_leaf,flat,44,20,1.0,1.0,1.0,1.0,2.6377661764602255e-15
Concentric rings (Low),PCA,3,2,leaf16,hier_leaf,hier,65,20,1.0,1.0,1.0,1.0,1.4286427645263647e-15
Concentric rings (Low),PCA,3,2,leaf16,hier_leaf,flat,65,20,1.0,1.0,1.0,1.0,1.741248379955544e-15
Concentric rings (Low),PCA,3,2,leaf17,hier_leaf,hier,180,20,1.0,1.0,1.0,1.0,4.3668213439561993e-16
Concentric rings (Low),PCA,3,2,leaf17,hier_leaf,flat,180,20,1.0,1.0,1.0,1.0,4.3655221578331675e-16
Concentric rings (Low),PCA,3,2,class0,gt_class,hier,332,20,1.0,1.0,1.0,1.0,2.6801275222494736e-16
Concentric rings (Low),PCA,3,2,class0,gt_class,flat,332,20,1.0,1.0,1.0,1.0,2.7203273168088264e-16
Concentric rings (Low),PCA,3,2,class1,gt_class,hier,333,20,1.0,1.0,1.0,1.0,2.982138670570059e-16
Concentric rings (Low),PCA,3,2,class1,gt_class,flat,333,20,1.0,1.0,1.0,1.0,3.1052953860838386e-16
Concentric rings (Low),PCA,3,2,class2,gt_class,hier,335,20,1.0,1.0,1.0,1.0,4.2585269089529596e-16
Concentric rings (Low),PCA,3,2,class2,gt_class,flat,335,20,1.0,1.0,1.0,1.0,4.896047081010354e-16
Concentric rings (Low),PCA,4,2,leaf0,hier_leaf,hier,40,19,1.0,1.0,1.0,1.0,2.4563310983412338e-15
Concentric rings (Low),PCA,4,2,leaf0,hier_leaf,flat,40,19,1.0,1.0,1.0,1.0,3.6110164217223475e-15
Concentric rings (Low),PCA,4,2,leaf1,hier_leaf,hier,64,20,1.0,1.0,1.0,1.0,2.5069230257479237e-15
Concentric rings (Low),PCA,4,2,leaf1,hier_leaf,flat,64,20,1.0,1.0,1.0,1.0,3.1654831927965874e-15
Concentric rings (Low),PCA,4,2,leaf2,hier_leaf,hier,49,20,1.0,1.0,1.0,1.0,6.2363406911066485e-15
Concentric rings (Low),PCA,4,2,leaf2,hier_leaf,flat,49,20,1.0,1.0,1.0,1.0,1.008670826372513e-14
Concentric rings (Low),PCA,4,2,leaf3,hier_leaf,hier,22,10,1.0,1.0,1.0,1.0,1.053171762990604e-14
Concentric rings (Low),PCA,4,2,leaf3,hier_leaf,flat,22,10,1.0,1.0,1.0,1.0,1.1607469892293522e-14
Concentric rings (Low),PCA,4,2,leaf4,hier_leaf,hier,34,16,1.0,1.0,1.0,1.0,7.713078652765062e-15
Concentric rings (Low),PCA,4,2,leaf4,hier_leaf,flat,34,16,1.0,1.0,1.0,1.0,1.1126815061248456e-14
Concentric rings (Low),PCA,4,2,leaf5,hier_leaf,hier,24,11,1.0,1.0,1.0,1.0,1.2753576705047828e-14
Concentric rings (Low),PCA,4,2,leaf5,hier_leaf,flat,24,11,1.0,1.0,1.0,1.0,1.993673272110526e-14
Concentric rings (Low),PCA,4,2,leaf6,hier_leaf,hier,29,14,1.0,1.0,1.0,1.0,3.962394619627777e-15
Concentric rings (Low),PCA,4,2,leaf6,hier_leaf,flat,29,14,1.0,1.0,1.0,1.0,5.483808467209252e-15
Concentric rings (Low),PCA,4,2,leaf7,hier_leaf,hier,31,15,1.0,1.0,1.0,1.0,2.308888252089619e-15
Concentric rings (Low),PCA,4,2,leaf7,hier_leaf,flat,31,15,1.0,1.0,1.0,1.0,3.463393834309675e-15
Concentric rings (Low),PCA,4,2,leaf8,hier_leaf,hier,32,15,1.0,1.0,1.0,1.0,5.47982799336379e-15
Concentric rings (Low),PCA,4,2,leaf8,hier_leaf,flat,32,15,1.0,1.0,1.0,1.0,5.636754027686641e-15
Concentric rings (Low),PCA,4,2,leaf9,hier_leaf,hier,18,8,1.0,1.0,1.0,1.0,5.8880246686083844e-15
Concentric rings (Low),PCA,4,2,leaf9,hier_leaf,flat,18,8,1.0,1.0,1.0,1.0,1.1311878610371863e-14
Concentric rings (Low),PCA,4,2,leaf10,hier_leaf,hier,50,20,1.0,1.0,1.0,1.0,2.5213579489733555e-15
Concentric rings (Low),PCA,4,2,leaf10,hier_leaf,flat,50,20,1.0,1.0,1.0,1.0,3.626959045367123e-15
Concentric rings (Low),PCA,4,2,leaf11,hier_leaf,hier,17,8,1.0,1.0,1.0,1.0,1.3447907947819387e-14
Concentric rings (Low),PCA,4,2,leaf11,hier_leaf,flat,17,8,1.0,1.0,1.0,1.0,1.2788772393173436e-14
Concentric rings (Low),PCA,4,2,leaf12,hier_leaf,hier,41,20,1.0,1.0,1.0,1.0,2.1373210465877538e-15
Concentric rings (Low),PCA,4,2,leaf12,hier_leaf,flat,41,20,1.0,1.0,1.0,1.0,3.148387042624356e-15
Concentric rings (Low),PCA,4,2,leaf13,hier_leaf,hier,36,17,1.0,1.0,1.0,1.0,5.268308838865214e-15
Concentric rings (Low),PCA,4,2,leaf13,hier_leaf,flat,36,17,1.0,1.0,1.0,1.0,6.2854325510933734e-15
Concentric rings (Low),PCA,4,2,leaf14,hier_leaf,hier,25,12,1.0,1.0,1.0,1.0,5.117503390846525e-15
Concentric rings (Low),PCA,4,2,leaf14,hier_leaf,flat,25,12,1.0,1.0,1.0,1.0,7.33827197752305e-15
Concentric rings (Low),PCA,4,2,leaf15,hier_leaf,hier,44,20,1.0,1.0,1.0,1.0,2.4235563927079632e-15
Concentric rings (Low),PCA,4,2,leaf15,hier_leaf,flat,44,20,1.0,1.0,1.0,1.0,2.6377661764602255e-15
Concentric rings (Low),PCA,4,2,leaf16,hier_leaf,hier,65,20,1.0,1.0,1.0,1.0,1.4286427645263647e-15
Concentric rings (Low),PCA,4,2,leaf16,hier_leaf,flat,65,20,1.0,1.0,1.0,1.0,1.741248379955544e-15
Concentric rings (Low),PCA,4,2,leaf17,hier_leaf,hier,180,20,1.0,1.0,1.0,1.0,4.3668213439561993e-16
Concentric rings (Low),PCA,4,2,leaf17,hier_leaf,flat,180,20,1.0,1.0,1.0,1.0,4.3655221578331675e-16
Concentric rings (Low),PCA,4,2,class0,gt_class,hier,332,20,1.0,1.0,1.0,1.0,2.6801275222494736e-16
Concentric rings (Low),PCA,4,2,class0,gt_class,flat,332,20,1.0,1.0,1.0,1.0,2.7203273168088264e-16
Concentric rings (Low),PCA,4,2,class1,gt_class,hier,333,20,1.0,1.0,1.0,1.0,2.982138670570059e-16
Concentric rings (Low),PCA,4,2,class1,gt_class,flat,333,20,1.0,1.0,1.0,1.0,3.1052953860838386e-16
Concentric rings (Low),PCA,4,2,class2,gt_class,hier,335,20,1.0,1.0,1.0,1.0,4.2585269089529596e-16
Concentric rings (Low),PCA,4,2,class2,gt_class,flat,335,20,1.0,1.0,1.0,1.0,4.896047081010354e-16
Concentric rings (Low),MDS,0,2,leaf0,hier_leaf,hier,40,19,0.9994019138755981,0.9995215311004785,0.9964476040346458,0.9963812541615245,0.007988004005696946
Concentric rings (Low),MDS,0,2,leaf0,hier_leaf,flat,40,19,0.9998803827751196,0.9998803827751196,0.9995148180474492,0.9995148180474492,0.0015895349966811862
Concentric rings (Low),MDS,0,2,leaf1,hier_leaf,hier,64,20,0.9999533582089553,0.9999533582089553,0.9986530427360258,0.9986512224969522,0.003896254239596203
Concentric rings (Low),MDS,0,2,leaf1,hier_leaf,flat,64,20,0.9999766791044776,0.9999766791044776,0.9993916380835062,0.9993875636119187,0.002632332135781425
Concentric rings (Low),MDS,0,2,leaf2,hier_leaf,hier,49,20,0.9998896856039713,0.9999448428019856,0.9985733093335222,0.9986580356534605,0.005029676170324101
Concentric rings (Low),MDS,0,2,leaf2,hier_leaf,flat,49,20,0.9999448428019856,0.9999448428019856,0.9997134385428974,0.9997134385428974,0.0005115797760682386
Concentric rings (Low),MDS,0,2,leaf3,hier_leaf,hier,22,10,0.9993006993006993,0.9993006993006993,0.9991938266235998,0.9991938266235998,0.0020325517522470594
Concentric rings (Low),MDS,0,2,leaf3,hier_leaf,flat,22,10,1.0,1.0,1.0,1.0,0.00022541154553133697
Concentric rings (Low),MDS,0,2,leaf4,hier_leaf,hier,34,16,1.0,1.0,0.9991672942385721,0.9991672942385721,0.0012357800404395986
Concentric rings (Low),MDS,0,2,leaf4,hier_leaf,flat,34,16,1.0,1.0,0.9924904015830672,0.9910530678238336,0.0477833339013413
Concentric rings (Low),MDS,0,2,leaf5,hier_leaf,hier,24,11,1.0,1.0,0.9991973406341703,0.9991973406341703,0.0015023929208483138
Concentric rings (Low),MDS,0,2,leaf5,hier_leaf,flat,24,11,1.0,1.0,0.9998161023016293,0.9998161023016293,0.0006325175671290461
Concentric rings (Low),MDS,0,2,leaf6,hier_leaf,hier,29,14,0.9970443349753695,0.9977011494252873,0.991670888281226,0.9920179130470269,0.017060066766179386
Concentric rings (Low),MDS,0,2,leaf6,hier_leaf,flat,29,14,1.0,1.0,0.9995297218382192,0.9995297218382192,0.0008329518587624695
Concentric rings (Low),MDS,0,2,leaf7,hier_leaf,hier,31,15,0.999731182795699,0.999731182795699,0.9991633160690748,0.9991633160690748,0.00200120064581609
Concentric rings (Low),MDS,0,2,leaf7,hier_leaf,flat,31,15,1.0,1.0,1.0,1.0,9.261861884931369e-05
Concentric rings (Low),MDS,0,2,leaf8,hier_leaf,hier,32,15,1.0,1.0,0.998750601282459,0.9986926938679329,0.0032165480886327956
Concentric rings (Low),MDS,0,2,leaf8,hier_leaf,flat,32,15,1.0,1.0,1.0,1.0,9.779845909266086e-05
Concentric rings (Low),MDS,0,2,leaf9,hier_leaf,hier,18,8,0.9987373737373737,0.9987373737373737,0.9991036732694213,0.9991036732694213,0.0015750070949491015
Concentric rings (Low),MDS,0,2,leaf9,hier_leaf,flat,18,8,1.0,1.0,1.0,1.0,8.503987276319071e-05
Concentric rings (Low),MDS,0,2,leaf10,hier_leaf,hier,50,20,1.0,1.0,0.999202142347261,0.999202142347261,0.001974777219981092
Concentric rings (Low),MDS,0,2,leaf10,hier_leaf,flat,50,20,1.0,1.0,0.999984056966768,0.999984056966768,0.00011460727075799825
Concentric rings (Low),MDS,0,2,leaf11,hier_leaf,hier,17,8,1.0,1.0,1.0,1.0,0.0020600385026314
Concentric rings (Low),MDS,0,2,leaf11,hier_leaf,flat,17,8,1.0,1.0,1.0,1.0,0.0004355912359834222
Concentric rings (Low),MDS,0,2,leaf12,hier_leaf,hier,41,20,1.0,1.0,0.9989704396901712,0.9989887333684498,0.002542471489234914
Concentric rings (Low),MDS,0,2,leaf12,hier_leaf,flat,41,20,1.0,1.0,0.9999299705157827,0.9999299705157827,0.00018491421476075012
Concentric rings (Low),MDS,0,2,leaf13,hier_leaf,hier,36,17,0.9993464052287582,0.9995098039215686,0.990375597921854,0.9912532753640271,0.020887592995511597
Concentric rings (Low),MDS,0,2,leaf13,hier_leaf,flat,36,17,1.0,1.0,1.0,1.0,0.00015278898165866741
Concentric rings (Low),MDS,0,2,leaf14,hier_leaf,hier,25,12,0.9994871794871796,0.9994871794871796,0.999682447147714,0.999682447147714,0.001548311638616641
Concentric rings (Low),MDS,0,2,leaf14,hier_leaf,flat,25,12,1.0,1.0,1.0,1.0,3.766324153167168e-05
Concentric rings (Low),MDS,0,2,leaf15,hier_leaf,hier,44,20,0.9999158249158249,0.9999158249158249,0.999073407997329,0.9991200191387555,0.0019644501380423006
Concentric rings (Low),MDS,0,2,leaf15,hier_leaf,flat,44,20,1.0,1.0,1.0,1.0,0.00011733194409107714
Concentric rings (Low),MDS,0,2,leaf16,hier_leaf,hier,65,20,0.9999777034559644,0.9999777034559644,0.9994739325601566,0.9994798844913305,0.0026647201768056736
Concentric rings (Low),MDS,0,2,leaf16,hier_leaf,flat,65,20,1.0,1.0,1.0,1.0,0.00011268922184536087
Concentric rings (Low),MDS,0,2,leaf17,hier_leaf,hier,180,20,0.9999665551839466,0.999975845410628,0.9996225451454269,0.9996231063548726,0.0010532211433254815
Concentric rings (Low),MDS,0,2,leaf17,hier_leaf,flat,180,20,1.0,1.0,0.9999971865144235,0.9999971865144235,6.067469145891879e-05
Concentric rings (Low),MDS,0,2,class0,gt_class,hier,332,20,0.9999935063637635,0.9999940058742431,0.9999257378757777,0.9999260167825443,0.0005772905260106798
Concentric rings (Low),MDS,0,2,class0,gt_class,flat,332,20,1.0,1.0,0.9999968076819187,0.9999968076819187,7.46075287297912e-05
Concentric rings (Low),MDS,0,2,class1,gt_class,hier,333,20,0.9999975181793364,0.999998014543469,0.9999625236137852,0.9999625687908464,0.0003738251191549431
Concentric rings (Low),MDS,0,2,class1,gt_class,flat,333,20,0.9999995036358673,0.9999995036358673,0.9999980707877721,0.9999980707877721,9.001389879786615e-05
Concentric rings (Low),MDS,0,2,class2,gt_class,hier,335,20,0.9999980393598509,0.9999980393598509,0.9999766458323861,0.9999768441496334,0.00043740681195342577
Concentric rings (Low),MDS,0,2,class2,gt_class,flat,335,20,0.9999779427983236,0.9999843148788081,0.9998113670540184,0.9998226194176879,0.001691077558118339
Concentric rings (Low),MDS,1,2,leaf0,hier_leaf,hier,40,19,0.9995215311004785,0.9995215311004785,0.9955548961157025,0.9960706340865297,0.005888549189663868
Concentric rings (Low),MDS,1,2,leaf0,hier_leaf,flat,40,19,1.0,1.0,0.999606933163286,0.999606933163286,0.0004998275657051937
Concentric rings (Low),MDS,1,2,leaf1,hier_leaf,hier,64,20,0.9999533582089553,0.9999300373134329,0.9987391822037359,0.9987085650025609,0.0035741188907299727
Concentric rings (Low),MDS,1,2,leaf1,hier_leaf,flat,64,20,0.9993470149253731,0.9991371268656717,0.9956610042805976,0.9954572441378524,0.014938088003361596
Concentric rings (Low),MDS,1,2,leaf2,hier_leaf,hier,49,20,1.0,1.0,0.9986336024455237,0.9986299551863491,0.0032248254084743726
Concentric rings (Low),MDS,1,2,leaf2,hier_leaf,flat,49,20,0.9995035852178709,0.9995035852178709,0.9935238864172584,0.9936251967398979,0.011581868871571466
Concentric rings (Low),MDS,1,2,leaf3,hier_leaf,hier,22,10,1.0,1.0,0.9997974094302102,0.9997974094302102,0.0015427652287742222
Concentric rings (Low),MDS,1,2,leaf3,hier_leaf,flat,22,10,1.0,1.0,0.9995708278718927,0.9995708278718927,0.002059472623239742
Concentric rings (Low),MDS,1,2,leaf4,hier_leaf,hier,34,16,1.0,1.0,0.9982985397982856,0.9982815044149538,0.002424493179566965
Concentric rings (Low),MDS,1,2,leaf4,hier_leaf,flat,34,16,1.0,1.0,0.9995911508000392,0.9995911508000392,0.000987142197528049
Concentric rings (Low),MDS,1,2,leaf5,hier_leaf,hier,24,11,1.0,1.0,0.9998355738226333,0.9998355738226333,0.002440521876187606
Concentric rings (Low),MDS,1,2,leaf5,hier_leaf,flat,24,11,1.0,1.0,0.9993660938162047,0.9993660938162047,0.0006703898899053356
Concentric rings (Low),MDS,1,2,leaf6,hier_leaf,hier,29,14,0.9993431855500821,0.9993431855500821,0.9940787557829721,0.9944297472772908,0.010036353629188748
Concentric rings (Low),MDS,1,2,leaf6,hier_leaf,flat,29,14,1.0,1.0,0.9997107714180741,0.9997107714180741,0.00023202459940653217
Concentric rings (Low),MDS,1,2,leaf7,hier_leaf,hier,31,15,0.999731182795699,0.999731182795699,0.9987331117839857,0.9987331117839857,0.0025925728437943565
Concentric rings (Low),MDS,1,2,leaf7,hier_leaf,flat,31,15,1.0,1.0,1.0,1.0,1.63741902285749e-05
Concentric rings (Low),MDS,1,2,leaf8,hier_leaf,hier,32,15,1.0,1.0,0.9994220689938745,0.9994220689938745,0.002331904179315227
Concentric rings (Low),MDS,1,2,leaf8,hier_leaf,flat,32,15,1.0,1.0,1.0,1.0,6.496680105903771e-05
Concentric rings (Low),MDS,1,2,leaf9,hier_leaf,hier,18,8,0.9987373737373737,0.9987373737373737,0.998621178549027,0.998621178549027,0.001964278288140565
Concentric rings (Low),MDS,1,2,leaf9,hier_leaf,flat,18,8,1.0,1.0,1.0,1.0,0.0004874319964506798
Concentric rings (Low),MDS,1,2,leaf10,hier_leaf,hier,50,20,0.999948717948718,0.999948717948718,0.9987555890042746,0.9987911656201349,0.004415704537250976
Concentric rings (Low),MDS,1,2,leaf10,hier_leaf,flat,50,20,1.0,1.0,0.999984056966768,0.999984056966768,0.00023009436514538566
Concentric rings (Low),MDS,1,2,leaf11,hier_leaf,hier,17,8,1.0,1.0,1.0,1.0,0.0015697864370949827
Concentric rings (Low),MDS,1,2,leaf11,hier_leaf,flat,17,8,1.0,1.0,1.0,1.0,0.00011243533198933993
Concentric rings (Low),MDS,1,2,leaf12,hier_leaf,hier,41,20,0.9998838559814169,0.9998838559814169,0.999307098523927,0.999307098523927,0.0013819908113710101
Concentric rings (Low),MDS,1,2,leaf12,hier_leaf,flat,41,20,1.0,1.0,0.9999762503124104,0.9999762503124104,0.00011252933750998274
Concentric rings (Low),MDS,1,2,leaf13,hier_leaf,hier,36,17,1.0,1.0,0.9992335319421607,0.9992335319421607,0.0028675488114628437
Concentric rings (Low),MDS,1,2,leaf13,hier_leaf,flat,36,17,1.0,1.0,1.0,1.0,0.0005050612459440157
Concentric rings (Low),MDS,1,2,leaf14,hier_leaf,hier,25,12,0.9989743589743592,0.9989743589743592,0.9994973479983656,0.9994973479983656,0.0019294148490419211
Concentric rings (Low),MDS,1,2,leaf14,hier_leaf,flat,25,12,1.0,1.0,1.0,1.0,0.00011575510566766133
Concentric rings (Low),MDS,1,2,leaf15,hier_leaf,hier,44,20,0.9997474747474747,0.9997474747474747,0.9995201407596318,0.9995201407596318,0.0019102850487607483
Concentric rings (Low),MDS,1,2,leaf15,hier_leaf,flat,44,20,1.0,1.0,1.0,1.0,8.127474060510041e-05
Concentric rings (Low),MDS,1,2,leaf16,hier_leaf,hier,65,20,1.0,1.0,0.9996771824022895,0.9996771824022895,0.001749542778640681
Concentric rings (Low),MDS,1,2,leaf16,hier_leaf,flat,65,20,1.0,1.0,1.0,1.0,6.121552439782294e-05
Concentric rings (Low),MDS,1,2,leaf17,hier_leaf,hier,180,20,1.0,1.0,0.9999223559571564,0.9999238460358029,0.0010528650691315098
Concentric rings (Low),MDS,1,2,leaf17,hier_leaf,flat,180,20,1.0,1.0,1.0,1.0,5.0136696814969795e-05
Concentric rings (Low),MDS,1,2,class0,gt_class,hier,332,20,0.9999940058742431,0.9999935063637635,0.999949594977696,0.999949602401104,0.0005414090002887435
Concentric rings (Low),MDS,1,2,class0,gt_class,flat,332,20,1.0,1.0,0.9999997330581744,0.9999997330581744,5.4809392999348935e-05
Concentric rings (Low),MDS,1,2,class1,gt_class,hier,333,20,0.9999965254510708,0.9999965254510708,0.9999228584994349,0.9999229542067011,0.00039252053622220655
Concentric rings (Low),MDS,1,2,class1,gt_class,flat,333,20,0.9999995036358673,0.9999995036358673,0.9999975007295862,0.9999975007295862,8.146391552768875e-05
Concentric rings (Low),MDS,1,2,class2,gt_class,hier,335,20,0.9999970590397764,0.9999970590397765,0.9999796595345495,0.9999801735061408,0.000524202252433545
Concentric rings (Low),MDS,1,2,class2,gt_class,flat,335,20,0.9999867656789942,0.9999857853589197,0.9997126879765751,0.9997093742541434,0.0016960485039616724
Concentric rings (Low),MDS,2,2,leaf0,hier_leaf,hier,40,19,0.9988038277511961,0.999043062200957,0.9907211563489735,0.989810823762355,0.014398886668666162
Concentric rings (Low),MDS,2,2,leaf0,hier_leaf,flat,40,19,1.0,1.0,0.9996817731699933,0.9996817731699933,0.0016414145735052666
Concentric rings (Low),MDS,2,2,leaf1,hier_leaf,hier,64,20,0.9999533582089553,0.9999533582089553,0.9986412954023491,0.9986505710615263,0.0028711253988078322
Concentric rings (Low),MDS,2,2,leaf1,hier_leaf,flat,64,20,1.0,1.0,1.0,1.0,0.0002324427051314647
Concentric rings (Low),MDS,2,2,leaf2,hier_leaf,hier,49,20,0.9996138996138997,0.9993932708218424,0.9946116996261906,0.9943391247414114,0.011967239773918174
Concentric rings (Low),MDS,2,2,leaf2,hier_leaf,flat,49,20,0.9999448428019856,0.9999448428019856,0.9999619064041765,0.9999619064041765,0.000265677502325108
Concentric rings (Low),MDS,2,2,leaf3,hier_leaf,hier,22,10,1.0,1.0,0.9989737188240913,0.9989737188240913,0.0018476573895398025
Concentric rings (Low),MDS,2,2,leaf3,hier_leaf,flat,22,10,1.0,1.0,0.9997734184416824,0.9997734184416824,0.0001819208009866966
Concentric rings (Low),MDS,2,2,leaf4,hier_leaf,hier,34,16,1.0,1.0,0.9972526260696251,0.9975479060473743,0.0035302993621204935
Concentric rings (Low),MDS,2,2,leaf4,hier_leaf,flat,34,16,1.0,1.0,0.9995852695367461,0.9995852695367461,0.002560237951021998
Concentric rings (Low),MDS,2,2,leaf5,hier_leaf,hier,24,11,1.0,1.0,0.9987170431160729,0.9987170431160729,0.0027135666015271767
Concentric rings (Low),MDS,2,2,leaf5,hier_leaf,flat,24,11,1.0,1.0,1.0,1.0,0.0001110193789329842
Concentric rings (Low),MDS,2,2,leaf6,hier_leaf,hier,29,14,1.0,1.0,0.9962695965916901,0.9962778602654593,0.009327543715834028
Concentric rings (Low),MDS,2,2,leaf6,hier_leaf,flat,29,14,1.0,1.0,1.0,1.0,0.0012114654642478519
Concentric rings (Low),MDS,2,2,leaf7,hier_leaf,hier,31,15,1.0,1.0,0.999498451420615,0.999498451420615,0.0017685592417629199
Concentric rings (Low),MDS,2,2,leaf7,hier_leaf,flat,31,15,1.0,1.0,1.0,1.0,0.00019584430466801345
Concentric rings (Low),MDS,2,2,leaf8,hier_leaf,hier,32,15,1.0,1.0,0.9987280919129939,0.9986756820378215,0.003373823318716712
Concentric rings (Low),MDS,2,2,leaf8,hier_leaf,flat,32,15,1.0,1.0,1.0,1.0,3.811382625345446e-05
Concentric rings (Low),MDS,2,2,leaf9,hier_leaf,hier,18,8,1.0,1.0,0.9988160321861093,0.9988160321861093,0.0017912303138013167
Concentric rings (Low),MDS,2,2,leaf9,hier_leaf,flat,18,8,1.0,1.0,1.0,1.0,7.164204519041093e-05
Concentric rings (Low),MDS,2,2,leaf10,hier_leaf,hier,50,20,1.0,1.0,0.9992549802799335,0.9992549802799335,0.0018127694513022233
Concentric rings (Low),MDS,2,2,leaf10,hier_leaf,flat,50,20,1.0,1.0,0.9999648081944003,0.9999648081944003,0.00043470872153997367
Concentric rings (Low),MDS,2,2,leaf11,hier_leaf,hier,17,8,1.0,1.0,0.9995213967557081,0.9995213967557081,0.0020514051319704164
Concentric rings (Low),MDS,2,2,leaf11,hier_leaf,flat,17,8,1.0,1.0,1.0,1.0,8.551533004908267e-05
Concentric rings (Low),MDS,2,2,leaf12,hier_leaf,hier,41,20,1.0,1.0,0.9988624045338543,0.9988624045338543,0.0029174818079172053
Concentric rings (Low),MDS,2,2,leaf12,hier_leaf,flat,41,20,1.0,1.0,0.9999299705157827,0.9999299705157827,0.00017332030826128686
Concentric rings (Low),MDS,2,2,leaf13,hier_leaf,hier,36,17,0.9995098039215686,0.9993464052287582,0.9951272661509586,0.9955548724808193,0.022311384978013864
Concentric rings (Low),MDS,2,2,leaf13,hier_leaf,flat,36,17,1.0,1.0,1.0,1.0,1.920938581806528e-05
Concentric rings (Low),MDS,2,2,leaf14,hier_leaf,hier,25,12,0.9994871794871796,0.9994871794871796,0.999682447147714,0.999682447147714,0.0014590101994071687
Concentric rings (Low),MDS,2,2,leaf14,hier_leaf,flat,25,12,1.0,1.0,1.0,1.0,5.2604554819987147e-05
Concentric rings (Low),MDS,2,2,leaf15,hier_leaf,hier,44,20,0.9998316498316497,0.9998316498316497,0.9989747875593277,0.9989747875593277,0.002311817489389177
Concentric rings (Low),MDS,2,2,leaf15,hier_leaf,flat,44,20,1.0,1.0,1.0,1.0,3.860099175329096e-05
Concentric rings (Low),MDS,2,2,leaf16,hier_leaf,hier,65,20,0.9999777034559644,0.9999777034559644,0.9994062199733579,0.9994056788887058,0.0029777053589120153
Concentric rings (Low),MDS,2,2,leaf16,hier_leaf,flat,65,20,1.0,1.0,1.0,1.0,4.127079226555812e-05
Concentric rings (Low),MDS,2,2,leaf17,hier_leaf,hier,180,20,0.9999888517279822,0.9999907097733184,0.9997801943311796,0.9997864460925937,0.0009714207849470149
Concentric rings (Low),MDS,2,2,leaf17,hier_leaf,flat,180,20,1.0,1.0,1.0,1.0,6.116091058299033e-05
Concentric rings (Low),MDS,2,2,class0,gt_class,hier,332,20,0.9999960039161621,0.9999960039161621,0.9999457378609445,0.9999454229759481,0.0006259009545005598
Concentric rings (Low),MDS,2,2,class0,gt_class,flat,332,20,1.0,1.0,0.9999980295669443,0.9999980295669443,5.6910798829898824e-05
Concentric rings (Low),MDS,2,2,class1,gt_class,hier,333,20,0.9999950363586727,0.99999453999454,0.9999189505079875,0.9999187708335057,0.00039523383804153763
Concentric rings (Low),MDS,2,2,class1,gt_class,flat,333,20,1.0,1.0,0.9999985370115198,0.9999985370115198,8.164122476862033e-05
Concentric rings (Low),MDS,2,2,class2,gt_class,hier,335,20,0.9999970590397764,0.9999975491998137,0.9999816171833237,0.9999818978279231,0.00041151452374354845
Concentric rings (Low),MDS,2,2,class2,gt_class,flat,335,20,0.9999916672793667,0.9999897066392177,0.9998514948299024,0.9998446572460583,0.0017600843497403737
Concentric rings (Low),MDS,3,2,leaf0,hier_leaf,hier,40,19,0.9998803827751196,0.9998803827751196,0.9994342024275618,0.999426816697583,0.0018192052791379438
Concentric rings (Low),MDS,3,2,leaf0,hier_leaf,flat,40,19,0.9996411483253589,0.9996411483253589,0.9984309735900986,0.9984817504837025,0.0038422116497755926
Concentric rings (Low),MDS,3,2,leaf1,hier_leaf,hier,64,20,0.9999300373134329,0.9999300373134329,0.9985767278974583,0.9985786254479454,0.004755406995769151
Concentric rings (Low),MDS,3,2,leaf1,hier_leaf,flat,64,20,0.9997901119402985,0.9998367537313433,0.9980045143600539,0.998039297316777,0.009563043518326706
Concentric rings (Low),MDS,3,2,leaf2,hier_leaf,hier,49,20,0.9996138996138997,0.9994484280198567,0.9978107695129892,0.9978052292764592,0.006293869250647996
Concentric rings (Low),MDS,3,2,leaf2,hier_leaf,flat,49,20,1.0,1.0,0.9994656973955403,0.9994656973955403,0.001476625572767135
Concentric rings (Low),MDS,3,2,leaf3,hier_leaf,hier,22,10,1.0,1.0,0.9989737188240913,0.9989737188240913,0.0017922491856212724
Concentric rings (Low),MDS,3,2,leaf3,hier_leaf,flat,22,10,1.0,1.0,0.9997734184416824,0.9997734184416824,0.0006290733363632806
Concentric rings (Low),MDS,3,2,leaf4,hier_leaf,hier,34,16,1.0,1.0,0.9987597970531614,0.9988052247420458,0.0011925712293204007
Concentric rings (Low),MDS,3,2,leaf4,hier_leaf,flat,34,16,1.0,1.0,0.9926141619694995,0.9929122811778041,0.012203288151761534
Concentric rings (Low),MDS,3,2,leaf5,hier_leaf,hier,24,11,1.0,1.0,0.9987365146370767,0.9987559861580806,0.002330320225200461
Concentric rings (Low),MDS,3,2,leaf5,hier_leaf,flat,24,11,1.0,1.0,0.9995305199935713,0.9995305199935713,0.0007966518377249612
Concentric rings (Low),MDS,3,2,leaf6,hier_leaf,hier,29,14,0.9986863711001642,0.999671592775041,0.9958670678965095,0.9962914665708048,0.009253110073241326
Concentric rings (Low),MDS,3,2,leaf6,hier_leaf,flat,29,14,1.0,1.0,0.9994876522263025,0.9994876522263025,0.0005264036479686037
Concentric rings (Low),MDS,3,2,leaf7,hier_leaf,hier,31,15,1.0,1.0,0.9981180983049222,0.9981180983049222,0.0021022866082467764
Concentric rings (Low),MDS,3,2,leaf7,hier_leaf,flat,31,15,1.0,1.0,1.0,1.0,0.00020835196436004954
Concentric rings (Low),MDS,3,2,leaf8,hier_leaf,hier,32,15,1.0,1.0,0.9996040899040011,0.9996040899040011,0.0015959080960678373
Concentric rings (Low),MDS,3,2,leaf8,hier_leaf,flat,32,15,1.0,1.0,1.0,1.0,0.00021423890765808712
Concentric rings (Low),MDS,3,2,leaf9,hier_leaf,hier,18,8,0.9987373737373737,0.9987373737373737,0.9993226516425234,0.9993226516425234,0.0016368867337332317
Concentric rings (Low),MDS,3,2,leaf9,hier_leaf,flat,18,8,1.0,1.0,1.0,1.0,0.0002443254665269207
Concentric rings (Low),MDS,3,2,leaf10,hier_leaf,hier,50,20,0.999948717948718,0.999948717948718,0.9987335958693738,0.9987804562483461,0.004113274093700756
Concentric rings (Low),MDS,3,2,leaf10,hier_leaf,flat,50,20,1.0,1.0,0.9999244414899963,0.9999244414899963,0.0004623164888983929
Concentric rings (Low),MDS,3,2,leaf11,hier_leaf,hier,17,8,1.0,1.0,1.0,1.0,0.0017961390152080622
Concentric rings (Low),MDS,3,2,leaf11,hier_leaf,flat,17,8,1.0,1.0,1.0,1.0,0.0002708240336050464
Concentric rings (Low),MDS,3,2,leaf12,hier_leaf,hier,41,20,1.0,1.0,0.9984958850544391,0.9985141787327176,0.002725294554156534
Concentric rings (Low),MDS,3,2,leaf12,hier_leaf,flat,41,20,1.0,1.0,0.9997383248849171,0.9997383248849171,0.00021693683765237957
Concentric rings (Low),MDS,3,2,leaf13,hier_leaf,hier,36,17,1.0,1.0,0.9995699009081576,0.9995748649427932,0.0023648332869111426
Concentric rings (Low),MDS,3,2,leaf13,hier_leaf,flat,36,17,1.0,1.0,1.0,1.0,0.00012524354920992375
Concentric rings (Low),MDS,3,2,leaf14,hier_leaf,hier,25,12,0.9994871794871796,0.9994871794871796,0.9995158299104036,0.9995158299104036,0.0016635987042352026
Concentric rings (Low),MDS,3,2,leaf14,hier_leaf,flat,25,12,1.0,1.0,1.0,1.0,7.687987046136607e-05
Concentric rings (Low),MDS,3,2,leaf15,hier_leaf,hier,44,20,0.9998316498316498,0.9998316498316498,0.9991506772753751,0.9991506772753751,0.0021484634754879535
Concentric rings (Low),MDS,3,2,leaf15,hier_leaf,flat,44,20,1.0,1.0,1.0,1.0,6.225853991442035e-05
Concentric rings (Low),MDS,3,2,leaf16,hier_leaf,hier,65,20,0.9999777034559644,0.9999777034559644,0.9992852230666865,0.9993047021141644,0.0022944591050324302
Concentric rings (Low),MDS,3,2,leaf16,hier_leaf,flat,65,20,1.0,1.0,0.9999541778597422,0.9999541778597422,9.85348214494273e-05
Concentric rings (Low),MDS,3,2,leaf17,hier_leaf,hier,180,20,0.9999944258639911,0.9999944258639911,0.9998383498431688,0.9998354341499219,0.0010621811680809911
Concentric rings (Low),MDS,3,2,leaf17,hier_leaf,flat,180,20,1.0,1.0,0.9999990166089551,0.9999990166089551,6.58365662085527e-05
Concentric rings (Low),MDS,3,2,class0,gt_class,hier,332,20,0.9999960039161621,0.9999965034266417,0.9999425771890407,0.9999431477916523,0.0005896652638164682
Concentric rings (Low),MDS,3,2,class0,gt_class,flat,332,20,1.0,1.0,0.9999965515354982,0.9999965515354982,6.714382176113736e-05
Concentric rings (Low),MDS,3,2,class1,gt_class,hier,333,20,0.9999965254510708,0.9999970218152034,0.9999589538423782,0.9999586001483216,0.00040040917166132644
Concentric rings (Low),MDS,3,2,class1,gt_class,flat,333,20,0.9999995036358673,0.9999995036358673,0.9999940720435267,0.9999940720435267,0.00010034461204995657
Concentric rings (Low),MDS,3,2,class2,gt_class,hier,335,20,0.9999970590397764,0.9999965688797393,0.9999704656217028,0.9999704873491853,0.0004578789338490653
Concentric rings (Low),MDS,3,2,class2,gt_class,flat,335,20,0.9999813739185844,0.9999799034384727,0.9997023679533087,0.9997039485507885,0.0017410328466429378
Concentric rings (Low),MDS,4,2,leaf0,hier_leaf,hier,40,19,1.0,1.0,0.997866358828389,0.9979051339107773,0.005215889137495177
Concentric rings (Low),MDS,4,2,leaf0,hier_leaf,flat,40,19,0.9992822966507177,0.9991626794258373,0.9934792511872725,0.9938447668118554,0.021300130161263562
Concentric rings (Low),MDS,4,2,leaf1,hier_leaf,hier,64,20,0.9996501865671642,0.999883395522388,0.9965197678798258,0.99684003813616,0.007456659312028997
Concentric rings (Low),MDS,4,2,leaf1,hier_leaf,flat,64,20,1.0,1.0,0.9999907807849961,0.9999907807849961,0.000359939529860494
Concentric rings (Low),MDS,4,2,leaf2,hier_leaf,hier,49,20,0.9998345284059571,0.9997793712079427,0.9987010231044028,0.9986759365493194,0.006266868712468698
Concentric rings (Low),MDS,4,2,leaf2,hier_leaf,flat,49,20,1.0,1.0,0.9999783569235793,0.9999783569235793,0.0001375993354999218
Concentric rings (Low),MDS,4,2,leaf3,hier_leaf,hier,22,10,1.0,1.0,0.9992003003824088,0.9992003003824088,0.0019528920671550347
Concentric rings (Low),MDS,4,2,leaf3,hier_leaf,flat,22,10,1.0,1.0,0.9997734184416824,0.9997734184416824,0.00026440762330394446
Concentric rings (Low),MDS,4,2,leaf4,hier_leaf,hier,34,16,1.0,1.0,0.9993200718827372,0.9993654995716218,0.0019492389274131403
Concentric rings (Low),MDS,4,2,leaf4,hier_leaf,flat,34,16,1.0,1.0,1.0,1.0,0.0002840918146653856
Concentric rings (Low),MDS,4,2,leaf5,hier_leaf,hier,24,11,1.0,1.0,0.9996516761242625,0.9996516761242625,0.0027717695495587595
Concentric rings (Low),MDS,4,2,leaf5,hier_leaf,flat,24,11,0.9994588744588745,0.9994588744588745,0.9961739725611709,0.9962509314299007,0.007511289945264826
Concentric rings (Low),MDS,4,2,leaf6,hier_leaf,hier,29,14,0.9963875205254515,0.9967159277504105,0.9899960207507645,0.9903714689219478,0.01918976391647385
Concentric rings (Low),MDS,4,2,leaf6,hier_leaf,flat,29,14,1.0,1.0,0.9997107714180741,0.9997107714180741,0.0006939963673443628
Concentric rings (Low),MDS,4,2,leaf7,hier_leaf,hier,31,15,1.0,1.0,0.998841101134216,0.998841101134216,0.0029611396693490573
Concentric rings (Low),MDS,4,2,leaf7,hier_leaf,flat,31,15,1.0,1.0,1.0,1.0,0.000334689742880188
Concentric rings (Low),MDS,4,2,leaf8,hier_leaf,hier,32,15,1.0,1.0,0.9994228914432144,0.9994228914432144,0.002632813440095092
Concentric rings (Low),MDS,4,2,leaf8,hier_leaf,flat,32,15,1.0,1.0,1.0,1.0,0.0003106680093577224
Concentric rings (Low),MDS,4,2,leaf9,hier_leaf,hier,18,8,1.0,1.0,1.0,1.0,0.002154203121494875
Concentric rings (Low),MDS,4,2,leaf9,hier_leaf,flat,18,8,1.0,1.0,1.0,1.0,9.795755585528712e-05
Concentric rings (Low),MDS,4,2,leaf10,hier_leaf,hier,50,20,1.0,1.0,0.99845817083795,0.9984665506914375,0.004004412373640922
Concentric rings (Low),MDS,4,2,leaf10,hier_leaf,flat,50,20,1.0,1.0,0.999984056966768,0.999984056966768,1.1621293787169874e-05
Concentric rings (Low),MDS,4,2,leaf11,hier_leaf,hier,17,8,1.0,1.0,0.9993448453367028,0.9993448453367028,0.0024457835356254502
Concentric rings (Low),MDS,4,2,leaf11,hier_leaf,flat,17,8,1.0,1.0,1.0,1.0,7.082461554648771e-05
Concentric rings (Low),MDS,4,2,leaf12,hier_leaf,hier,41,20,1.0,1.0,0.9990548741930171,0.9990548741930171,0.002445053377253692
Concentric rings (Low),MDS,4,2,leaf12,hier_leaf,flat,41,20,1.0,1.0,0.9999450113552921,0.9999450113552921,0.0003939116579247207
Concentric rings (Low),MDS,4,2,leaf13,hier_leaf,hier,36,17,0.9995098039215686,0.999673202614379,0.997344729185316,0.9974512258677698,0.02179287143495457
Concentric rings (Low),MDS,4,2,leaf13,hier_leaf,flat,36,17,1.0,1.0,1.0,1.0,0.000121186614495903
Concentric rings (Low),MDS,4,2,leaf14,hier_leaf,hier,25,12,1.0,1.0,0.9986359279714574,0.9986359279714574,0.0015955092671147357
Concentric rings (Low),MDS,4,2,leaf14,hier_leaf,flat,25,12,1.0,1.0,1.0,1.0,0.0003238808675701117
Concentric rings (Low),MDS,4,2,leaf15,hier_leaf,hier,44,20,0.9999158249158249,0.9999158249158249,0.9997191493764201,0.9997191493764201,0.0015032045650441082
Concentric rings (Low),MDS,4,2,leaf15,hier_leaf,flat,44,20,1.0,1.0,1.0,1.0,7.602593919564432e-05
Concentric rings (Low),MDS,4,2,leaf16,hier_leaf,hier,65,20,0.9999777034559644,0.9999777034559644,0.9991310871830393,0.9991502113490854,0.0028742334022411643
Concentric rings (Low),MDS,4,2,leaf16,hier_leaf,flat,65,20,1.0,1.0,1.0,1.0,9.05029134452199e-05
Concentric rings (Low),MDS,4,2,leaf17,hier_leaf,hier,180,20,0.9999981419546636,0.9999981419546636,0.9998874038094568,0.9998853528372116,0.0010652683059316293
Concentric rings (Low),MDS,4,2,leaf17,hier_leaf,flat,180,20,1.0,1.0,0.9999962031233787,0.9999962031233787,7.663819520295952e-05
Concentric rings (Low),MDS,4,2,class0,gt_class,hier,332,20,0.9999915083218446,0.9999920078323242,0.9999097999168358,0.9999099053756068,0.0006841843303134097
Concentric rings (Low),MDS,4,2,class0,gt_class,flat,332,20,0.9999995004895204,0.9999995004895204,0.9999963838560897,0.9999963838560897,7.60823669650865e-05
Concentric rings (Low),MDS,4,2,class1,gt_class,hier,333,20,0.9999965254510708,0.9999965254510708,0.999951230812444,0.9999514027764752,0.00034156549310133976
Concentric rings (Low),MDS,4,2,class1,gt_class,flat,333,20,1.0,1.0,0.9999988476297885,0.9999988476297885,8.377534649992267e-05
Concentric rings (Low),MDS,4,2,class2,gt_class,hier,335,20,0.9999955885596647,0.999996078719702,0.9999622173776966,0.9999623140991936,0.00043203393653929405
Concentric rings (Low),MDS,4,2,class2,gt_class,flat,335,20,0.9999887263191432,0.9999882361591059,0.9998429263392213,0.9998492733355299,0.0017192266810805784
Wine quality (Low),UMAP,0,2,leaf0,hier_leaf,hier,19,9,0.8514619883040936,0.8654970760233918,0.8496064270942734,0.8654051039963621,0.47667049176586307
Wine quality (Low),UMAP,0,2,leaf0,hier_leaf,flat,19,9,0.8538011695906434,0.8491228070175438,0.8251237020755964,0.8442100932231835,0.9096082722534593
Wine quality (Low),UMAP,0,2,leaf1,hier_leaf,hier,735,20,0.9283321504613202,0.9259792490452533,0.9375482086880675,0.9481827819243117,0.46510065230700104
Wine quality (Low),UMAP,0,2,leaf1,hier_leaf,flat,735,20,0.9279394369529216,0.9256175316116511,0.9394540917712801,0.94852962463251,0.3638508459945872
Wine quality (Low),UMAP,0,2,leaf2,hier_leaf,hier,157,20,0.8794416051962438,0.8802698824299489,0.8988207537742386,0.9058433219443055,0.3614981557124533
Wine quality (Low),UMAP,0,2,leaf2,hier_leaf,flat,157,20,0.8701492913068655,0.8984416303718435,0.8834477368143879,0.9137604594500114,0.6638247678916431
Wine quality (Low),UMAP,0,2,leaf3,hier_leaf,hier,48,20,0.8269047619047619,0.8497619047619048,0.8199618214804246,0.8599959277618515,0.4399906294024705
Wine quality (Low),UMAP,0,2,leaf3,hier_leaf,flat,48,20,0.749345238095238,0.7998214285714287,0.7671750710318069,0.8031727449320615,0.8643745768702795
Wine quality (Low),UMAP,0,2,leaf4,hier_leaf,hier,16,7,0.8285714285714285,0.8357142857142856,0.8088241114541281,0.8199160927728963,0.35635880029014916
Wine quality (Low),UMAP,0,2,leaf4,hier_leaf,flat,16,7,0.6892857142857143,0.7928571428571429,0.6871784215942374,0.7736978548246656,0.8862260673336493
Wine quality (Low),UMAP,0,2,class0,gt_class,hier,757,20,0.9214519042731251,0.9174873468185442,0.9362056916301402,0.9434146676277722,0.4672490042871618
Wine quality (Low),UMAP,0,2,class0,gt_class,flat,757,20,0.9253232732168947,0.9227619983617005,0.9382791609122926,0.9471816819012202,0.3835502596090341
Wine quality (Low),UMAP,0,2,class1,gt_class,hier,243,20,0.9149842653110628,0.9264110384894698,0.9180220165598719,0.9378196494524254,0.4724981490561907
Wine quality (Low),UMAP,0,2,class1,gt_class,flat,243,20,0.9060421205519246,0.9260576131687243,0.9095188640064383,0.9337656470002366,0.6515299454953764
Wine quality (Low),UMAP,1,2,leaf0,hier_leaf,hier,156,20,0.8758146899581163,0.8830319746654408,0.8941107508957068,0.907111079802365,0.38460140402664905
Wine quality (Low),UMAP,1,2,leaf0,hier_leaf,flat,156,20,0.8607467565634896,0.8958090714066811,0.8566860940309894,0.9083237128076229,0.6709580504390453
Wine quality (Low),UMAP,1,2,leaf1,hier_leaf,hier,48,20,0.8279761904761905,0.8697619047619046,0.8332474835602793,0.8576084310727315,0.43352947490184784
Wine quality (Low),UMAP,1,2,leaf1,hier_leaf,flat,48,20,0.7736309523809525,0.8028571428571428,0.7457933244298731,0.7961172167816865,0.8621921561015532
Wine quality (Low),UMAP,1,2,leaf2,hier_leaf,hier,16,7,0.8160714285714286,0.8232142857142857,0.7989887595978785,0.8002552837805748,0.33804576919261076
Wine quality (Low),UMAP,1,2,leaf2,hier_leaf,flat,16,7,0.8500000000000001,0.8089285714285714,0.6861147391751761,0.7478330562811684,0.8745960297721563
Wine quality (Low),UMAP,1,2,leaf3,hier_leaf,hier,30,14,0.842857142857143,0.8397759103641459,0.8297238435393819,0.8540916308624514,0.3852457283651979
Wine quality (Low),UMAP,1,2,leaf3,hier_leaf,flat,30,14,0.7759103641456585,0.8140056022408965,0.729003441623923,0.7949051605223111,0.8377260429848081
Wine quality (Low),UMAP,1,2,leaf4,hier_leaf,hier,19,9,0.8385964912280702,0.8514619883040936,0.8528086055500816,0.8741541160038546,0.28521660954299305
Wine quality (Low),UMAP,1,2,leaf4,hier_leaf,flat,19,9,0.8187134502923977,0.8163742690058481,0.8011487781374853,0.8359277384986845,0.8839057685679744
Wine quality (Low),UMAP,1,2,leaf5,hier_leaf,hier,28,13,0.7441620879120878,0.7269917582417581,0.7766219309031738,0.8213110175494307,0.4085944237439687
Wine quality (Low),UMAP,1,2,leaf5,hier_leaf,flat,28,13,0.7160027472527473,0.757554945054945,0.7482144501101307,0.8042189618803912,0.8615235908744614
Wine quality (Low),UMAP,1,2,leaf6,hier_leaf,hier,20,9,0.8675925925925927,0.8916666666666668,0.8670169335594974,0.8682752110705421,0.5026991174558947
Wine quality (Low),UMAP,1,2,leaf6,hier_leaf,flat,20,9,0.8638888888888887,0.8222222222222222,0.8093364574648536,0.811797429778915,0.8754118797099556
Wine quality (Low),UMAP,1,2,leaf7,hier_leaf,hier,43,20,0.833953488372093,0.8440930232558139,0.8448979565175442,0.8563316274324427,0.359307755007673
Wine quality (Low),UMAP,1,2,leaf7,hier_leaf,flat,43,20,0.82,0.8359999999999996,0.7608419812291006,0.8099242356097144,0.6927976652040146
Wine quality (Low),UMAP,1,2,leaf8,hier_leaf,hier,70,20,0.8624412296564193,0.8747197106690777,0.8861389470848121,0.8914474362315703,0.33720455002583893
Wine quality (Low),UMAP,1,2,leaf8,hier_leaf,flat,70,20,0.7992766726943942,0.8420433996383364,0.8052437660995699,0.8370883480167229,0.6523153646297384
Wine quality (Low),UMAP,1,2,leaf9,hier_leaf,hier,35,17,0.8225957049486462,0.8259570494864613,0.8619707634796955,0.8751838699082188,0.40975833621102203
Wine quality (Low),UMAP,1,2,leaf9,hier_leaf,flat,35,17,0.842203548085901,0.8410830999066293,0.8409405225090038,0.8626543640875568,0.7034869651651832
Wine quality (Low),UMAP,1,2,leaf10,hier_leaf,hier,16,7,0.8089285714285714,0.8035714285714286,0.7361671811921159,0.7883816195677986,0.386424875255622
Wine quality (Low),UMAP,1,2,leaf10,hier_leaf,flat,16,7,0.6714285714285714,0.7053571428571428,0.6463528061426422,0.7273559328742183,0.7724686641328458
Wine quality (Low),UMAP,1,2,leaf11,hier_leaf,hier,28,13,0.8533653846153844,0.8777472527472528,0.8265238100047004,0.8445271020401013,0.5213238249728531
Wine quality (Low),UMAP,1,2,leaf11,hier_leaf,flat,28,13,0.7836538461538464,0.8458104395604396,0.7661117221651377,0.8013708581159008,0.8750437591838796
Wine quality (Low),UMAP,1,2,leaf12,hier_leaf,hier,26,12,0.7683760683760685,0.8346153846153845,0.7566745205591102,0.8211111802695518,0.521421845371657
Wine quality (Low),UMAP,1,2,leaf12,hier_leaf,flat,26,12,0.838888888888889,0.882051282051282,0.7742747635141047,0.8242941162737192,0.8170640865963353
Wine quality (Low),UMAP,1,2,leaf13,hier_leaf,hier,20,9,0.7666666666666666,0.7805555555555557,0.7463947905586061,0.7958792130255201,0.4265675592413462
Wine quality (Low),UMAP,1,2,leaf13,hier_leaf,flat,20,9,0.7157407407407409,0.7083333333333334,0.7045731152191206,0.7681324210102638,0.8802971833066442
Wine quality (Low),UMAP,1,2,leaf14,hier_leaf,hier,62,20,0.8780337941628266,0.8931643625192013,0.8701240628339637,0.8840531975134225,0.3264758608154289
Wine quality (Low),UMAP,1,2,leaf14,hier_leaf,flat,62,20,0.8288018433179722,0.7874039938556067,0.8241827479560057,0.8248792771602881,0.5645870254113754
Wine quality (Low),UMAP,1,2,leaf15,hier_leaf,hier,51,20,0.872357723577236,0.864753706360593,0.8760561547310005,0.8857313974274481,0.34002811869764105
Wine quality (Low),UMAP,1,2,leaf15,hier_leaf,flat,51,20,0.783692013390722,0.8006695361071258,0.7918978810237328,0.8163824553031663,0.673076777488133
Wine quality (Low),UMAP,1,2,leaf16,hier_leaf,hier,71,20,0.8634324465310382,0.8816205877238741,0.8805105268697758,0.8852388434181934,0.3754995649735971
Wine quality (Low),UMAP,1,2,leaf16,hier_leaf,flat,71,20,0.8449313162928187,0.8659537471744043,0.8023131996996568,0.8492166504728562,0.5804870038535588
Wine quality (Low),UMAP,1,2,leaf17,hier_leaf,hier,30,14,0.7487394957983196,0.773669467787115,0.7831327785215851,0.8460415975521712,0.5191145230953682
Wine quality (Low),UMAP,1,2,leaf17,hier_leaf,flat,30,14,0.7725490196078433,0.8439775910364147,0.7390062879689767,0.820631825070324,0.7437120245066149
Wine quality (Low),UMAP,1,2,leaf18,hier_leaf,hier,18,8,0.8522727272727273,0.9103535353535354,0.8469099924656595,0.8713557730493294,0.30299513916903686
Wine quality (Low),UMAP,1,2,leaf18,hier_leaf,flat,18,8,0.6931818181818182,0.6931818181818182,0.7343866564229325,0.7484346757821052,0.6782797173558981
Wine quality (Low),UMAP,1,2,leaf19,hier_leaf,hier,39,19,0.7743589743589744,0.7855600539811066,0.8272739689580652,0.8444393300583928,0.39824278740111113
Wine quality (Low),UMAP,1,2,leaf19,hier_leaf,flat,39,19,0.6631578947368423,0.7201079622132254,0.7332298310232699,0.7794434750382548,0.7414223219113165
Wine quality (Low),UMAP,1,2,class0,gt_class,hier,757,20,0.9263186174279789,0.9170584069219516,0.939225620326035,0.9440949466240557,0.44548391971960327
Wine quality (Low),UMAP,1,2,class0,gt_class,flat,757,20,0.9207250338887976,0.923561873989132,0.9371303611641015,0.9473042916304673,0.3844651208389667
Wine quality (Low),UMAP,1,2,class1,gt_class,hier,243,20,0.908243040426047,0.924965383684338,0.9172883323435082,0.9385678978373464,0.472232650394409
Wine quality (Low),UMAP,1,2,class1,gt_class,flat,243,20,0.9092539336722344,0.9276911159525538,0.9027992969774268,0.9355785684947798,0.6451947610738483
Wine quality (Low),UMAP,2,2,leaf0,hier_leaf,hier,30,14,0.8089635854341738,0.8204481792717088,0.8015603246563964,0.8439013127786587,0.4187408441830934
Wine quality (Low),UMAP,2,2,leaf0,hier_leaf,flat,30,14,0.8145658263305324,0.8319327731092439,0.7291330245923782,0.7870387654509137,0.8316058958745973
Wine quality (Low),UMAP,2,2,leaf1,hier_leaf,hier,19,9,0.8538011695906432,0.8444444444444444,0.8409267099037452,0.8559745125001355,0.48243684055069974
Wine quality (Low),UMAP,2,2,leaf1,hier_leaf,flat,19,9,0.8853801169590644,0.8842105263157896,0.8501293864160504,0.8583137539384358,0.9020340503843012
Wine quality (Low),UMAP,2,2,leaf2,hier_leaf,hier,19,9,0.8690058479532164,0.8608187134502925,0.827318940222393,0.8595356164531881,0.29238151000008517
Wine quality (Low),UMAP,2,2,leaf2,hier_leaf,flat,19,9,0.7883040935672515,0.808187134502924,0.7862601370738098,0.8021178228434696,0.8938116624743371
Wine quality (Low),UMAP,2,2,leaf3,hier_leaf,hier,26,12,0.7141025641025641,0.7376068376068375,0.7736460251000582,0.8182302902737564,0.42022519950130016
Wine quality (Low),UMAP,2,2,leaf3,hier_leaf,flat,26,12,0.7170940170940171,0.7811965811965812,0.6948211606819318,0.7906038371980603,0.8731782948501422
Wine quality (Low),UMAP,2,2,leaf4,hier_leaf,hier,32,15,0.8368055555555556,0.8678240740740741,0.8539446598839946,0.8761235934196514,0.399962254347248
Wine quality (Low),UMAP,2,2,leaf4,hier_leaf,flat,32,15,0.83125,0.830324074074074,0.7964849195863575,0.8371844698195736,0.7496649436755044
Wine quality (Low),UMAP,2,2,leaf5,hier_leaf,hier,45,20,0.8037547892720306,0.8217624521072799,0.8282376570083704,0.8441781608267565,0.36128864914018427
Wine quality (Low),UMAP,2,2,leaf5,hier_leaf,flat,45,20,0.7911877394636015,0.8147126436781611,0.7817952462707575,0.8081373809809648,0.7580780076764114
Wine quality (Low),UMAP,2,2,leaf6,hier_leaf,hier,41,20,0.7747967479674797,0.792102206736353,0.8399452669459483,0.8467319434333923,0.3582357877286034
Wine quality (Low),UMAP,2,2,leaf6,hier_leaf,flat,41,20,0.7688734030197444,0.8104529616724738,0.7742919030340074,0.8077635943965019,0.7347160075274574
Wine quality (Low),UMAP,2,2,leaf7,hier_leaf,hier,58,20,0.8374921630094043,0.8631974921630093,0.8581479450643864,0.8805464042392659,0.35359975503897356
Wine quality (Low),UMAP,2,2,leaf7,hier_leaf,flat,58,20,0.7713479623824451,0.8164576802507838,0.7926079150750064,0.8322050960197379,0.6817055401534534
Wine quality (Low),UMAP,2,2,leaf8,hier_leaf,hier,30,14,0.8882352941176471,0.8983193277310926,0.8258730745097049,0.8554266239983013,0.3572029633953853
Wine quality (Low),UMAP,2,2,leaf8,hier_leaf,flat,30,14,0.8240896358543419,0.8400560224089637,0.8086241955288737,0.8092421081840087,0.7048100828817739
Wine quality (Low),UMAP,2,2,leaf9,hier_leaf,hier,21,10,0.877922077922078,0.8787878787878789,0.8269751686282915,0.842608633530389,0.30859806041376353
Wine quality (Low),UMAP,2,2,leaf9,hier_leaf,flat,21,10,0.8623376623376624,0.8658008658008659,0.7913236055794682,0.7866004825605476,0.8033013056931123
Wine quality (Low),UMAP,2,2,leaf10,hier_leaf,hier,38,18,0.7819548872180452,0.8363965469228628,0.778351270474299,0.8384872607198286,0.4224432827872381
Wine quality (Low),UMAP,2,2,leaf10,hier_leaf,flat,38,18,0.8272069061542747,0.8758006126427178,0.7939141343367185,0.8555414052828217,0.7677066253607472
Wine quality (Low),UMAP,2,2,leaf11,hier_leaf,hier,15,7,0.7666666666666667,0.8142857142857144,0.7661007161007161,0.7867290367290367,0.44697628308294385
Wine quality (Low),UMAP,2,2,leaf11,hier_leaf,flat,15,7,0.7095238095238094,0.7738095238095238,0.7182374682374685,0.743855393855394,0.9143369652954623
Wine quality (Low),UMAP,2,2,leaf12,hier_leaf,hier,23,11,0.8715415019762847,0.8801054018445321,0.88795889100269,0.8846179087091504,0.2865255610207782
Wine quality (Low),UMAP,2,2,leaf12,hier_leaf,flat,23,11,0.8932806324110671,0.8899868247694337,0.8178284348417719,0.8319162745859877,0.7336281924825577
Wine quality (Low),UMAP,2,2,leaf13,hier_leaf,hier,28,13,0.7424450549450549,0.7603021978021978,0.8041181364195961,0.8259341774062022,0.5366003392211744
Wine quality (Low),UMAP,2,2,leaf13,hier_leaf,flat,28,13,0.6631181318681315,0.6988324175824177,0.7088345770379102,0.7654920493500134,0.6096833349625439
Wine quality (Low),UMAP,2,2,leaf14,hier_leaf,hier,27,13,0.7757427757427757,0.7887667887667887,0.7948631989969945,0.8287050723094318,0.4055662204328953
Wine quality (Low),UMAP,2,2,leaf14,hier_leaf,flat,27,13,0.7317867317867319,0.78998778998779,0.7206270604852392,0.7558723277064286,0.7357778433462566
Wine quality (Low),UMAP,2,2,leaf15,hier_leaf,hier,35,17,0.8087768440709618,0.8065359477124184,0.8312572227243559,0.8335226690975355,0.3284220146459968
Wine quality (Low),UMAP,2,2,leaf15,hier_leaf,flat,35,17,0.6810457516339871,0.6420168067226891,0.6959634384541019,0.7243670425736399,0.7159870378059824
Wine quality (Low),UMAP,2,2,leaf16,hier_leaf,hier,29,14,0.7389162561576357,0.7412151067323483,0.799341349702287,0.8157757467338917,0.36630477903594794
Wine quality (Low),UMAP,2,2,leaf16,hier_leaf,flat,29,14,0.7073891625615766,0.7254515599343188,0.6638549702413494,0.7524915753799704,0.7276412961190313
Wine quality (Low),UMAP,2,2,leaf17,hier_leaf,hier,30,14,0.7775910364145661,0.7781512605042019,0.8286946041005437,0.8263883721118463,0.3423922192447988
Wine quality (Low),UMAP,2,2,leaf17,hier_leaf,flat,30,14,0.7120448179271711,0.7327731092436978,0.6771202332313002,0.749388367448623,0.7407083344571939
Wine quality (Low),UMAP,2,2,leaf18,hier_leaf,hier,20,9,0.8148148148148149,0.8194444444444444,0.8189905988557629,0.8386750232393219,0.39763336337350913
Wine quality (Low),UMAP,2,2,leaf18,hier_leaf,flat,20,9,0.6462962962962963,0.7240740740740741,0.6187433516372941,0.7360195114471628,0.8186112963972134
Wine quality (Low),UMAP,2,2,leaf19,hier_leaf,hier,158,20,0.8773392901464383,0.8868677091089601,0.8964092093237674,0.9107072114441574,0.3567080406667487
Wine quality (Low),UMAP,2,2,leaf19,hier_leaf,flat,158,20,0.8746165301563663,0.8981509059319932,0.8754145442484438,0.9119612292756152,0.6603155716328397
Wine quality (Low),UMAP,2,2,leaf20,hier_leaf,hier,85,20,0.8593955747436588,0.8958769562871018,0.863342331003838,0.9003025812672563,0.6362209069739851
Wine quality (Low),UMAP,2,2,leaf20,hier_leaf,flat,85,20,0.8680626011872641,0.8931354560172694,0.8435385635053706,0.8920488036330154,0.8542669857116924
Wine quality (Low),UMAP,2,2,class0,gt_class,hier,757,20,0.9219096644213539,0.9225104348403202,0.9349445482312179,0.9481373193953344,0.4440360116439725
Wine quality (Low),UMAP,2,2,class0,gt_class,flat,757,20,0.9140450086869876,0.9261541510708495,0.9288313231152203,0.9482919305708885,0.4066894631305208
Wine quality (Low),UMAP,2,2,class1,gt_class,hier,243,20,0.906085693536674,0.9263558460421205,0.9175888588224758,0.9375221463643364,0.46407411876710847
Wine quality (Low),UMAP,2,2,class1,gt_class,flat,243,20,0.9038857419511015,0.9260469619946744,0.902475274477517,0.9345526696779618,0.6656998658739751
Wine quality (Low),UMAP,3,2,leaf0,hier_leaf,hier,19,9,0.8678362573099414,0.8654970760233919,0.855028746521725,0.8459224331142607,0.4814350363828785
Wine quality (Low),UMAP,3,2,leaf0,hier_leaf,flat,19,9,0.8678362573099416,0.8491228070175441,0.863604521486807,0.8590965688238288,0.8954949197807845
Wine quality (Low),UMAP,3,2,leaf1,hier_leaf,hier,34,16,0.8378482972136223,0.8359133126934983,0.8613403049695728,0.879099386235031,0.54267108892101
Wine quality (Low),UMAP,3,2,leaf1,hier_leaf,flat,34,16,0.8421052631578948,0.8411377708978329,0.8236236623062857,0.8527987658470819,0.7210057004279302
Wine quality (Low),UMAP,3,2,leaf2,hier_leaf,hier,31,15,0.8236559139784946,0.8384408602150539,0.8161975045914244,0.846259345023893,0.39302965566193493
Wine quality (Low),UMAP,3,2,leaf2,hier_leaf,flat,31,15,0.7854838709677419,0.8274193548387097,0.7023028013061381,0.7861379977300298,0.8460258700552888
Wine quality (Low),UMAP,3,2,leaf3,hier_leaf,hier,19,9,0.8350877192982457,0.8538011695906432,0.7817072510529564,0.8547889214911378,0.3349956249755051
Wine quality (Low),UMAP,3,2,leaf3,hier_leaf,flat,19,9,0.7871345029239768,0.8046783625730995,0.7487472796370686,0.7938804014768458,0.8896839542754117
Wine quality (Low),UMAP,3,2,leaf4,hier_leaf,hier,28,13,0.7304258241758241,0.7482829670329672,0.7826277653229364,0.8286202393963871,0.40641406644171707
Wine quality (Low),UMAP,3,2,leaf4,hier_leaf,flat,28,13,0.7235576923076922,0.7541208791208789,0.7439909524907591,0.7918652524076487,0.8538324097008825
Wine quality (Low),UMAP,3,2,leaf5,hier_leaf,hier,37,18,0.699067488541173,0.7509088035403825,0.8178333194127438,0.8198220138538748,0.36494329039485
Wine quality (Low),UMAP,3,2,leaf5,hier_leaf,flat,37,18,0.752963489805595,0.75612454559823,0.7405361165500043,0.7630689661434273,0.7669143458721136
Wine quality (Low),UMAP,3,2,leaf6,hier_leaf,hier,58,20,0.8257993730407521,0.856833855799373,0.8644902027443029,0.8773883222594738,0.3750772605741803
Wine quality (Low),UMAP,3,2,leaf6,hier_leaf,flat,58,20,0.8051724137931034,0.8103448275862067,0.7642258537512132,0.8202248920089447,0.704671733352305
Wine quality (Low),UMAP,3,2,leaf7,hier_leaf,hier,48,20,0.8527380952380952,0.8923214285714286,0.8420572245078942,0.8587380447058827,0.329443789824649
Wine quality (Low),UMAP,3,2,leaf7,hier_leaf,flat,48,20,0.8358928571428571,0.8835119047619048,0.784648089885212,0.8382420575362627,0.7569374296319636
Wine quality (Low),UMAP,3,2,leaf8,hier_leaf,hier,16,7,0.8464285714285714,0.8589285714285715,0.8192531465210164,0.8117034750257263,0.43981958196618354
Wine quality (Low),UMAP,3,2,leaf8,hier_leaf,flat,16,7,0.7446428571428572,0.8160714285714286,0.6662956146600174,0.7842802580543022,0.9125053886336151
Wine quality (Low),UMAP,3,2,leaf9,hier_leaf,hier,287,20,0.8998383492606858,0.9139658088310206,0.9177690190143593,0.9353995142830821,0.45404089006992676
Wine quality (Low),UMAP,3,2,leaf9,hier_leaf,flat,287,20,0.8834878524223838,0.9113875474594344,0.8915244626452055,0.9308318731295412,0.43287769058606546
Wine quality (Low),UMAP,3,2,leaf10,hier_leaf,hier,33,16,0.7914438502673797,0.8340017825311943,0.7649648566413055,0.843844672280038,0.3972051336158307
Wine quality (Low),UMAP,3,2,leaf10,hier_leaf,flat,33,16,0.7720588235294118,0.8409090909090909,0.7674127513190317,0.8346121842892986,0.8311854722377199
Wine quality (Low),UMAP,3,2,leaf11,hier_leaf,hier,53,20,0.8111949685534591,0.8378197064989518,0.8276260570036679,0.8618085591352885,0.3695051046174266
Wine quality (Low),UMAP,3,2,leaf11,hier_leaf,flat,53,20,0.7857861635220126,0.8237735849056604,0.804300755016336,0.839462905359528,0.5374080818738632
Wine quality (Low),UMAP,3,2,leaf12,hier_leaf,hier,156,20,0.8853585657370519,0.8890591480232916,0.9016239645611381,0.9101370518214807,0.3803430261546201
Wine quality (Low),UMAP,3,2,leaf12,hier_leaf,flat,156,20,0.8542752068648485,0.9021273878843601,0.859970063725087,0.9129525650108067,0.6681805689396152
Wine quality (Low),UMAP,3,2,leaf13,hier_leaf,hier,83,20,0.8675387263339072,0.9027423981640849,0.8703023090309081,0.9044268531564652,0.6349446444098077
Wine quality (Low),UMAP,3,2,leaf13,hier_leaf,flat,83,20,0.863304647160069,0.8978083763625933,0.833797353917854,0.8886746736611949,0.839542704786734
Wine quality (Low),UMAP,3,2,class0,gt_class,hier,757,20,0.9270077578298804,0.9180333860340879,0.9412865966580318,0.9443739363897147,0.44017698418683193
Wine quality (Low),UMAP,3,2,class0,gt_class,flat,757,20,0.9200294384778543,0.9212131598542077,0.9315300246715015,0.9446985360917722,0.4025604039878929
Wine quality (Low),UMAP,3,2,class1,gt_class,hier,243,20,0.9116000968288549,0.9255792786250302,0.9208531319806601,0.9373115851247212,0.4689953905129193
Wine quality (Low),UMAP,3,2,class1,gt_class,flat,243,20,0.9043069474703462,0.9283776325344952,0.9023480899070869,0.9347184873373203,0.6557211009045144
Wine quality (Low),UMAP,4,2,leaf0,hier_leaf,hier,157,20,0.8753253946275272,0.8768585886558748,0.8990554849045174,0.9051959244448238,0.3796366010484752
Wine quality (Low),UMAP,4,2,leaf0,hier_leaf,flat,157,20,0.868026988242995,0.8979230130157851,0.8714190040122697,0.9128306364691062,0.6634472453145461
Wine quality (Low),UMAP,4,2,leaf1,hier_leaf,hier,85,20,0.855434430652995,0.8730275229357799,0.8588502734599772,0.8869367635279519,0.6502502078997296
Wine quality (Low),UMAP,4,2,leaf1,hier_leaf,flat,85,20,0.8573124662709122,0.8884079870480304,0.8354121590263445,0.8886709671504096,0.8471242485831564
Wine quality (Low),UMAP,4,2,leaf2,hier_leaf,hier,19,9,0.8374269005847953,0.8304093567251463,0.8551050790935373,0.8340302515185309,0.4868754408672631
Wine quality (Low),UMAP,4,2,leaf2,hier_leaf,flat,19,9,0.8385964912280702,0.8128654970760235,0.795182386123713,0.8198221072120746,0.8921059661566152
Wine quality (Low),UMAP,4,2,leaf3,hier_leaf,hier,735,20,0.9251500799042115,0.9259354103600276,0.9382415666083829,0.9486671423895715,0.4429669748865785
Wine quality (Low),UMAP,4,2,leaf3,hier_leaf,flat,735,20,0.9182289750534707,0.9286589128199186,0.9300497350743288,0.9500768653620869,0.37853622766081485
Wine quality (Low),UMAP,4,2,class0,gt_class,hier,757,20,0.9209625964046507,0.9231764826746648,0.934332083244385,0.9465182036675384,0.4543961950357655
Wine quality (Low),UMAP,4,2,class0,gt_class,flat,757,20,0.9094114940982126,0.9231929384019396,0.9259965567522509,0.9466065754329157,0.4154283394819437
Wine quality (Low),UMAP,4,2,class1,gt_class,hier,243,20,0.9114858387799564,0.922882595013314,0.9196555611302201,0.9359293335843185,0.47458215155662203
Wine quality (Low),UMAP,4,2,class1,gt_class,flat,243,20,0.9053033163882839,0.9244105543451948,0.9048655385203793,0.9326615698152441,0.6514995708025818
Wine quality (Low),t-SNE,0,2,leaf0,hier_leaf,hier,21,10,0.45194805194805193,0.47532467532467537,0.496001057993164,0.4913111035702166,79.57140493903707
Wine quality (Low),t-SNE,0,2,leaf0,hier_leaf,flat,21,10,0.8458874458874458,0.8017316017316017,0.8671899650539074,0.8436445142969407,0.8402220434336309
Wine quality (Low),t-SNE,0,2,leaf1,hier_leaf,hier,31,15,0.4733870967741936,0.4672043010752688,0.5013085352921204,0.47364160148757467,125.82787291536738
Wine quality (Low),t-SNE,0,2,leaf1,hier_leaf,flat,31,15,0.8833333333333334,0.8919354838709677,0.8649443990148785,0.8752905436988421,1.2747947497931056
Wine quality (Low),t-SNE,0,2,leaf2,hier_leaf,hier,19,9,0.5345029239766081,0.5555555555555555,0.6111191112939725,0.5916034171006617,364.4563155582933
Wine quality (Low),t-SNE,0,2,leaf2,hier_leaf,flat,19,9,0.9146198830409356,0.9274853801169591,0.9182461914918958,0.9328554878246842,0.7691850722329756
Wine quality (Low),t-SNE,0,2,leaf3,hier_leaf,hier,25,12,0.39897435897435907,0.40410256410256407,0.4901686665402294,0.4837792964399408,52.2628839598892
Wine quality (Low),t-SNE,0,2,leaf3,hier_leaf,flat,25,12,0.8015384615384616,0.8256410256410256,0.8579491951076393,0.8550849315138238,0.838703123046795
Wine quality (Low),t-SNE,0,2,leaf4,hier_leaf,hier,35,17,0.7587301587301588,0.7876750700280114,0.803122850736352,0.8126827096052788,126.57283844396001
Wine quality (Low),t-SNE,0,2,leaf4,hier_leaf,flat,35,17,0.7940242763772177,0.7262371615312793,0.8882767398366767,0.8447089190321256,3.2845207086405406
Wine quality (Low),t-SNE,0,2,leaf5,hier_leaf,hier,49,20,0.8187534473248759,0.8530060672917816,0.7932765080227262,0.7939992728423143,39.68365152816602
Wine quality (Low),t-SNE,0,2,leaf5,hier_leaf,flat,49,20,0.8226144511858796,0.8060672917815774,0.8581150864848127,0.8486139820053388,3.3746780278245883
Wine quality (Low),t-SNE,0,2,leaf6,hier_leaf,hier,69,20,0.8687370600414078,0.8524750611707134,0.8840178909576126,0.8606553571108714,55.64410055844204
Wine quality (Low),t-SNE,0,2,leaf6,hier_leaf,flat,69,20,0.823734236777715,0.8036702428006776,0.8693629549499414,0.8405297112770296,4.774515785456282
Wine quality (Low),t-SNE,0,2,leaf7,hier_leaf,hier,34,16,0.6838235294117648,0.6685371517027865,0.6431206750750469,0.5779663588052323,111.24785647629724
Wine quality (Low),t-SNE,0,2,leaf7,hier_leaf,flat,34,16,0.8395897832817337,0.8335913312693498,0.8479762816938388,0.8380851838658242,1.5542995354794669
Wine quality (Low),t-SNE,0,2,leaf8,hier_leaf,hier,31,15,0.5403225806451613,0.5446236559139784,0.4658047977149671,0.5300804020750951,90.4276579949965
Wine quality (Low),t-SNE,0,2,leaf8,hier_leaf,flat,31,15,0.8774193548387098,0.9155913978494622,0.8428440756312781,0.8628149120089075,2.1728570171463923
Wine quality (Low),t-SNE,0,2,leaf9,hier_leaf,hier,32,15,0.6925925925925925,0.7155092592592592,0.6416318683333392,0.6192306553196059,66.18809658570213
Wine quality (Low),t-SNE,0,2,leaf9,hier_leaf,flat,32,15,0.8201388888888889,0.8673611111111111,0.8216104589516886,0.845100590528225,1.4369774011056264
Wine quality (Low),t-SNE,0,2,leaf10,hier_leaf,hier,21,10,0.4346320346320347,0.4562770562770563,0.4884415947801135,0.46905922805620975,72.56631983232123
Wine quality (Low),t-SNE,0,2,leaf10,hier_leaf,flat,21,10,0.774891774891775,0.8086580086580087,0.807237727832109,0.8247320360159923,3.324897588193686
Wine quality (Low),t-SNE,0,2,leaf11,hier_leaf,hier,22,10,0.5342657342657342,0.5405594405594405,0.5264559673966274,0.4894024568295489,92.97143335280694
Wine quality (Low),t-SNE,0,2,leaf11,hier_leaf,flat,22,10,0.7755244755244756,0.7573426573426574,0.8045465588925456,0.7848187309452527,1.9170061708335517
Wine quality (Low),t-SNE,0,2,leaf12,hier_leaf,hier,18,8,0.5416666666666666,0.5694444444444444,0.5230187096606577,0.5354188239747915,106.89806036699864
Wine quality (Low),t-SNE,0,2,leaf12,hier_leaf,flat,18,8,0.789141414141414,0.8232323232323232,0.8568586624504052,0.8568011342337427,2.7844539559148256
Wine quality (Low),t-SNE,0,2,leaf13,hier_leaf,hier,22,10,0.5335664335664335,0.5741258741258741,0.5026504330183025,0.502825605315489,68.8990516263585
Wine quality (Low),t-SNE,0,2,leaf13,hier_leaf,flat,22,10,0.8020979020979021,0.8440559440559441,0.823436987097418,0.848218535818546,1.2641805913965387
Wine quality (Low),t-SNE,0,2,leaf14,hier_leaf,hier,49,20,0.8276889134031993,0.8200220628792058,0.8333527916116314,0.8039497105438117,81.30514790695888
Wine quality (Low),t-SNE,0,2,leaf14,hier_leaf,flat,49,20,0.810976282404854,0.8001654715940428,0.8529276434224533,0.8438931569370026,2.5527427622709036
Wine quality (Low),t-SNE,0,2,leaf15,hier_leaf,hier,17,8,0.4934640522875816,0.5196078431372549,0.4865693294024054,0.5057304761783212,92.4545510743111
Wine quality (Low),t-SNE,0,2,leaf15,hier_leaf,flat,17,8,0.7124183006535948,0.6437908496732027,0.8420864548900489,0.8180818432818995,4.615060834713992
Wine quality (Low),t-SNE,0,2,leaf16,hier_leaf,hier,30,14,0.5053221288515406,0.4593837535014006,0.4427943537998135,0.4625063841368377,60.03863946745068
Wine quality (Low),t-SNE,0,2,leaf16,hier_leaf,flat,30,14,0.8212885154061627,0.8140056022408966,0.8748702839327347,0.8434568745687869,1.9934340261241255
Wine quality (Low),t-SNE,0,2,leaf17,hier_leaf,hier,52,20,0.8034436493738821,0.8148479427549193,0.7928397787994548,0.7912498643689907,57.0379904527985
Wine quality (Low),t-SNE,0,2,leaf17,hier_leaf,flat,52,20,0.823166368515206,0.8087656529516993,0.8731358757454237,0.8460540919020308,3.6776041884014066
Wine quality (Low),t-SNE,0,2,leaf18,hier_leaf,hier,155,20,0.8932607850757871,0.8855369866563028,0.9203010608823481,0.9062455742728832,2.0777013773848036
Wine quality (Low),t-SNE,0,2,leaf18,hier_leaf,flat,155,20,0.9083456406270242,0.899056872651898,0.9278888211707673,0.9163997201913584,2.852080921151183
Wine quality (Low),t-SNE,0,2,leaf19,hier_leaf,hier,15,7,0.4690476190476191,0.43095238095238103,0.45465465465465466,0.46758489258489266,219.04097709270565
Wine quality (Low),t-SNE,0,2,leaf19,hier_leaf,flat,15,7,0.869047619047619,0.8928571428571429,0.8382189882189882,0.8481173481173481,0.5623226615147492
Wine quality (Low),t-SNE,0,2,leaf20,hier_leaf,hier,45,20,0.7509578544061302,0.7625287356321839,0.7416779752383332,0.7084948765073054,45.06318424721881
Wine quality (Low),t-SNE,0,2,leaf20,hier_leaf,flat,45,20,0.8646743295019154,0.8705747126436783,0.8788923852349487,0.8721237110180408,0.6619354824502389
Wine quality (Low),t-SNE,0,2,class0,gt_class,hier,757,20,0.9303980922266236,0.9044718666158752,0.9575992111184778,0.9320899740694203,8.517306025346073
Wine quality (Low),t-SNE,0,2,class0,gt_class,flat,757,20,0.9367189098126139,0.921362352387126,0.9623289032992066,0.9455172162189613,7.790736767423642
Wine quality (Low),t-SNE,0,2,class1,gt_class,hier,243,20,0.9301040910191236,0.9245035100459936,0.944212711356438,0.9387680532507056,2.4831097811300706
Wine quality (Low),t-SNE,0,2,class1,gt_class,flat,243,20,0.9327949648995401,0.9254553376906317,0.9458041770184499,0.9381068088061998,3.5848382944862904
Wine quality (Low),t-SNE,1,2,leaf0,hier_leaf,hier,157,20,0.8996173308829083,0.8982150499735657,0.9253262361650115,0.9177367789992208,2.2000410593449797
Wine quality (Low),t-SNE,1,2,leaf0,hier_leaf,flat,157,20,0.9087032048538556,0.8992548022456633,0.9277356675982502,0.9168006105445172,2.8386154587952124
Wine quality (Low),t-SNE,1,2,leaf1,hier_leaf,hier,82,20,0.8986265687899597,0.9158891783092589,0.9041303658973692,0.9064031406654002,0.4296274940862374
Wine quality (Low),t-SNE,1,2,leaf1,hier_leaf,flat,82,20,0.8839687426000473,0.8981648117452048,0.9034837474867514,0.9088588718659514,0.9663767359745552
Wine quality (Low),t-SNE,1,2,leaf2,hier_leaf,hier,19,9,0.5894736842105263,0.5754385964912281,0.5916618846024752,0.5569863251009647,92.3659159831096
Wine quality (Low),t-SNE,1,2,leaf2,hier_leaf,flat,19,9,0.864327485380117,0.8923976608187134,0.8879865524745828,0.881959527495967,0.4650809309715744
Wine quality (Low),t-SNE,1,2,leaf3,hier_leaf,hier,32,15,0.719675925925926,0.731712962962963,0.7054037109734481,0.6905039700349549,127.75721483002688
Wine quality (Low),t-SNE,1,2,leaf3,hier_leaf,flat,32,15,0.8185185185185184,0.7370370370370369,0.8832606582627964,0.8308442493085579,3.0559441033419414
Wine quality (Low),t-SNE,1,2,leaf4,hier_leaf,hier,46,20,0.7366760168302945,0.7413043478260868,0.788802687535302,0.7439599100561827,48.1079074003522
Wine quality (Low),t-SNE,1,2,leaf4,hier_leaf,flat,46,20,0.8187237026647967,0.8326788218793826,0.8631574271330039,0.8619494924906718,1.8167341654661213
Wine quality (Low),t-SNE,1,2,leaf5,hier_leaf,hier,71,20,0.8532776908363763,0.8949400104329682,0.8682443991813473,0.8933300741856747,18.85550087351035
Wine quality (Low),t-SNE,1,2,leaf5,hier_leaf,flat,71,20,0.8552947313510695,0.8937576073726309,0.8629786852664146,0.8943693275552241,3.166721538924971
Wine quality (Low),t-SNE,1,2,leaf6,hier_leaf,hier,32,15,0.5993055555555555,0.6319444444444444,0.6436869554403667,0.6276086860476047,134.3084784305064
Wine quality (Low),t-SNE,1,2,leaf6,hier_leaf,flat,32,15,0.8865740740740741,0.9046296296296297,0.862809467179882,0.8670782050453729,1.4546852608182055
Wine quality (Low),t-SNE,1,2,leaf7,hier_leaf,hier,18,8,0.5303030303030303,0.5202020202020203,0.5741408810353594,0.5303878886402185,422.3552252495371
Wine quality (Low),t-SNE,1,2,leaf7,hier_leaf,flat,18,8,0.9191919191919192,0.9090909090909091,0.9340893654452128,0.9340318372285503,0.68244474822445
Wine quality (Low),t-SNE,1,2,leaf8,hier_leaf,hier,28,13,0.47046703296703296,0.48626373626373626,0.46653937105540877,0.480137063961983,3.0899475806049845
Wine quality (Low),t-SNE,1,2,leaf8,hier_leaf,flat,28,13,0.8214285714285714,0.8458104395604396,0.8638955665046097,0.8737677293024523,0.9697101688589508
Wine quality (Low),t-SNE,1,2,leaf9,hier_leaf,hier,21,10,0.516017316017316,0.4813852813852814,0.46971324473065823,0.4651057865592345,51.821478181677215
Wine quality (Low),t-SNE,1,2,leaf9,hier_leaf,flat,21,10,0.7515151515151515,0.7896103896103897,0.7717430777565443,0.8070761372363416,3.4814301186143086
Wine quality (Low),t-SNE,1,2,leaf10,hier_leaf,hier,59,20,0.8286648825453464,0.8435622955694322,0.8390693593385768,0.8428136959030794,73.40762619083186
Wine quality (Low),t-SNE,1,2,leaf10,hier_leaf,flat,59,20,0.8025275052036873,0.7929824561403509,0.8460632361945272,0.8234822498501845,5.044923782211993
Wine quality (Low),t-SNE,1,2,leaf11,hier_leaf,hier,26,12,0.5192307692307692,0.5119658119658118,0.4894141402833017,0.515020052930807,6.763035824987054
Wine quality (Low),t-SNE,1,2,leaf11,hier_leaf,flat,26,12,0.8111111111111111,0.8042735042735043,0.7885008868293598,0.7879085610305367,2.6226434245889196
Wine quality (Low),t-SNE,1,2,leaf12,hier_leaf,hier,20,9,0.4648148148148149,0.4750000000000001,0.46563599076177054,0.49730328033809623,117.44669588221682
Wine quality (Low),t-SNE,1,2,leaf12,hier_leaf,flat,20,9,0.7879629629629629,0.8138888888888889,0.8049612358527632,0.8382701319610153,1.3138769448517937
Wine quality (Low),t-SNE,1,2,leaf13,hier_leaf,hier,43,20,0.7952558139534885,0.8091162790697671,0.8202662486511064,0.7859347360531832,59.96595387182832
Wine quality (Low),t-SNE,1,2,leaf13,hier_leaf,flat,43,20,0.7906976744186046,0.8277209302325581,0.8402687934174236,0.8350098694206624,2.897498202279068
Wine quality (Low),t-SNE,1,2,leaf14,hier_leaf,hier,29,14,0.5385878489326764,0.5050903119868637,0.4722414172164741,0.4716765814929013,88.60094109253397
Wine quality (Low),t-SNE,1,2,leaf14,hier_leaf,flat,29,14,0.7399014778325125,0.748768472906404,0.8220366587630666,0.8102618083474634,1.828737227504809
Wine quality (Low),t-SNE,1,2,leaf15,hier_leaf,hier,71,20,0.8375760737263084,0.815058250739002,0.8639432167690142,0.8266375329134238,44.12701377486393
Wine quality (Low),t-SNE,1,2,leaf15,hier_leaf,flat,71,20,0.8097722135280822,0.7957920361676231,0.859849117889024,0.8440976876049217,3.468740970727274
Wine quality (Low),t-SNE,1,2,leaf16,hier_leaf,hier,53,20,0.8758909853249476,0.8904821802935011,0.834883597194261,0.8411087566610972,39.72527161841801
Wine quality (Low),t-SNE,1,2,leaf16,hier_leaf,flat,53,20,0.8337526205450734,0.7763941299790359,0.8672096027252918,0.8229789011041065,4.306765864847205
Wine quality (Low),t-SNE,1,2,leaf17,hier_leaf,hier,45,20,0.8383141762452107,0.8465134099616858,0.8415213709677546,0.8129985873459644,13.899914767754238
Wine quality (Low),t-SNE,1,2,leaf17,hier_leaf,flat,45,20,0.7514942528735632,0.7309578544061304,0.8271000623588824,0.8007000228009556,3.5642269101176915
Wine quality (Low),t-SNE,1,2,class0,gt_class,hier,757,20,0.9303980922266236,0.9044718666158752,0.9575992111184778,0.9320899740694203,8.517306025346073
Wine quality (Low),t-SNE,1,2,class0,gt_class,flat,757,20,0.9367189098126139,0.921362352387126,0.9623289032992066,0.9455172162189613,7.790736767423642
Wine quality (Low),t-SNE,1,2,class1,gt_class,hier,243,20,0.9301040910191236,0.9245035100459936,0.944212711356438,0.9387680532507056,2.4831097811300706
Wine quality (Low),t-SNE,1,2,class1,gt_class,flat,243,20,0.9327949648995401,0.9254553376906317,0.9458041770184499,0.9381068088061998,3.5848382944862904
Wine quality (Low),t-SNE,2,2,leaf0,hier_leaf,hier,31,15,0.4733870967741936,0.4672043010752688,0.5013085352921204,0.47364160148757467,125.82787291536738
Wine quality (Low),t-SNE,2,2,leaf0,hier_leaf,flat,31,15,0.8833333333333334,0.8919354838709677,0.8649443990148785,0.8752905436988421,1.2747947497931056
Wine quality (Low),t-SNE,2,2,leaf1,hier_leaf,hier,27,13,0.4379324379324379,0.46316646316646315,0.4866149349025906,0.4673432071968257,44.13470337044744
Wine quality (Low),t-SNE,2,2,leaf1,hier_leaf,flat,27,13,0.8062678062678065,0.8522588522588523,0.8646013752493756,0.8664610014990791,1.2095540855459688
Wine quality (Low),t-SNE,2,2,leaf2,hier_leaf,hier,18,8,0.5303030303030303,0.5202020202020203,0.5741408810353594,0.5303878886402185,422.3552252495371
Wine quality (Low),t-SNE,2,2,leaf2,hier_leaf,flat,18,8,0.9191919191919192,0.9090909090909091,0.9340893654452128,0.9340318372285503,0.68244474822445
Wine quality (Low),t-SNE,2,2,leaf3,hier_leaf,hier,20,9,0.5462962962962963,0.5620370370370371,0.5649292278795196,0.5689743073723753,49.19294897416601
Wine quality (Low),t-SNE,2,2,leaf3,hier_leaf,flat,20,9,0.8425925925925926,0.8472222222222223,0.8618779288733002,0.831280606426511,1.2295768273664838
Wine quality (Low),t-SNE,2,2,leaf4,hier_leaf,hier,29,14,0.5422003284072248,0.5697865353037768,0.5183583690590003,0.5460452012498319,35.935157695422276
Wine quality (Low),t-SNE,2,2,leaf4,hier_leaf,flat,29,14,0.794417077175698,0.7720853858784895,0.8290832706024732,0.807258864148822,1.4375029967364448
Wine quality (Low),t-SNE,2,2,leaf5,hier_leaf,hier,29,14,0.5563218390804597,0.5412151067323481,0.493358122428377,0.49310710680209463,26.65428580383973
Wine quality (Low),t-SNE,2,2,leaf5,hier_leaf,flat,29,14,0.7914614121510674,0.6985221674876848,0.8491757590812459,0.8276372295096699,4.417039238142317
Wine quality (Low),t-SNE,2,2,leaf6,hier_leaf,hier,19,9,0.48187134502923984,0.4760233918128655,0.4754322805573903,0.48516928507238066,107.67477841633155
Wine quality (Low),t-SNE,2,2,leaf6,hier_leaf,flat,19,9,0.736842105263158,0.6912280701754386,0.8277601533147825,0.805439101765935,4.688732511658751
Wine quality (Low),t-SNE,2,2,leaf7,hier_leaf,hier,16,7,0.5803571428571428,0.5767857142857142,0.5027606269294704,0.5024143117232645,122.25308394277154
Wine quality (Low),t-SNE,2,2,leaf7,hier_leaf,flat,16,7,0.7839285714285715,0.8250000000000001,0.789816353993509,0.8140534710678382,1.0060911392263718
Wine quality (Low),t-SNE,2,2,leaf8,hier_leaf,hier,50,20,0.8372820512820511,0.8497435897435898,0.8294148979562547,0.821178273219304,31.68158086376768
Wine quality (Low),t-SNE,2,2,leaf8,hier_leaf,flat,50,20,0.8298461538461539,0.8213846153846153,0.8691644554931258,0.859325650511383,3.0119031550196556
Wine quality (Low),t-SNE,2,2,leaf9,hier_leaf,hier,34,16,0.7130417956656347,0.7407120743034056,0.6640632145275758,0.6489745685826754,57.76067211698156
Wine quality (Low),t-SNE,2,2,leaf9,hier_leaf,flat,34,16,0.8254643962848297,0.8626160990712074,0.8232508646215776,0.8434294321796528,1.813448699582045
Wine quality (Low),t-SNE,2,2,leaf10,hier_leaf,hier,43,20,0.7768372093023257,0.7801860465116279,0.7792753178977633,0.7158033662295175,42.72457169151074
Wine quality (Low),t-SNE,2,2,leaf10,hier_leaf,flat,43,20,0.8004651162790697,0.7752558139534883,0.8023660074025762,0.8061219977479877,3.4676686328130235
Wine quality (Low),t-SNE,2,2,leaf11,hier_leaf,hier,27,13,0.5384615384615384,0.5388685388685389,0.5348744671787218,0.5345213489679722,196.25449729967667
Wine quality (Low),t-SNE,2,2,leaf11,hier_leaf,flat,27,13,0.8693528693528693,0.8127798127798129,0.8680618235089481,0.8227863864463799,2.148940070482879
Wine quality (Low),t-SNE,2,2,leaf12,hier_leaf,hier,34,16,0.8053405572755418,0.7904411764705883,0.7560780587018716,0.7357172674736476,50.547931034916104
Wine quality (Low),t-SNE,2,2,leaf12,hier_leaf,flat,34,16,0.8361068111455108,0.861842105263158,0.8690140403165538,0.8638261614673631,4.583376475414002
Wine quality (Low),t-SNE,2,2,leaf13,hier_leaf,hier,47,20,0.8762088974854932,0.8695035460992908,0.8566032069065342,0.8436700602460998,43.5643372188117
Wine quality (Low),t-SNE,2,2,leaf13,hier_leaf,flat,47,20,0.7903932946486137,0.7558349451966473,0.8418188733325191,0.8105391099157787,4.910330429259571
Wine quality (Low),t-SNE,2,2,leaf14,hier_leaf,hier,21,10,0.6233766233766235,0.625974025974026,0.596597157196182,0.6203275866614618,102.60359225482382
Wine quality (Low),t-SNE,2,2,leaf14,hier_leaf,flat,21,10,0.7939393939393941,0.8467532467532467,0.8299501365440536,0.852064234813248,1.3558373487059043
Wine quality (Low),t-SNE,2,2,leaf15,hier_leaf,hier,23,11,0.46179183135704877,0.4868247694334651,0.4341363498624953,0.49365983977702926,14.122900273241726
Wine quality (Low),t-SNE,2,2,leaf15,hier_leaf,flat,23,11,0.803030303030303,0.7845849802371542,0.8584571659471374,0.8516085561959933,1.7325692184890689
Wine quality (Low),t-SNE,2,2,leaf16,hier_leaf,hier,31,15,0.6120967741935486,0.6387096774193547,0.5687005603710206,0.6217714914939854,93.98316546006481
Wine quality (Low),t-SNE,2,2,leaf16,hier_leaf,flat,31,15,0.7365591397849464,0.7123655913978494,0.8322438278525608,0.7888379617878652,1.8984477009174525
Wine quality (Low),t-SNE,2,2,leaf17,hier_leaf,hier,52,20,0.818112701252236,0.8278175313059033,0.8174937364924294,0.8043593492937428,63.20871294576354
Wine quality (Low),t-SNE,2,2,leaf17,hier_leaf,flat,52,20,0.7843917710196779,0.7627459749552771,0.8549689529374398,0.8302260375703518,2.683467367311623
Wine quality (Low),t-SNE,2,2,leaf18,hier_leaf,hier,15,7,0.5523809523809523,0.5761904761904763,0.597886347886348,0.596968121968122,121.54145301550652
Wine quality (Low),t-SNE,2,2,leaf18,hier_leaf,flat,15,7,0.807142857142857,0.7547619047619046,0.830139755139755,0.7672499422499421,1.5981430870501003
Wine quality (Low),t-SNE,2,2,leaf19,hier_leaf,hier,153,20,0.8653568093904229,0.8345711617980526,0.9102574312185353,0.874102270652471,2.03212479918883
Wine quality (Low),t-SNE,2,2,leaf19,hier_leaf,flat,153,20,0.9119007603041217,0.9013658796852073,0.928709621139882,0.9171535568319813,2.851822991158343
Wine quality (Low),t-SNE,2,2,leaf20,hier_leaf,hier,17,8,0.6258169934640523,0.6437908496732025,0.5945549840678297,0.6314329593846651,28.74631321968414
Wine quality (Low),t-SNE,2,2,leaf20,hier_leaf,flat,17,8,0.8529411764705883,0.9035947712418301,0.8488996379632349,0.8617283320357868,0.6188621416475001
Wine quality (Low),t-SNE,2,2,leaf21,hier_leaf,hier,47,20,0.7989039329464862,0.7694390715667312,0.8266063598927977,0.7844447061327855,53.01385043574518
Wine quality (Low),t-SNE,2,2,leaf21,hier_leaf,flat,47,20,0.8742101869761444,0.8811734364925854,0.884306852479575,0.878677421850556,0.7057762460925738
Wine quality (Low),t-SNE,2,2,class0,gt_class,hier,757,20,0.9303980922266236,0.9044718666158752,0.9575992111184778,0.9320899740694203,8.517306025346073
Wine quality (Low),t-SNE,2,2,class0,gt_class,flat,757,20,0.9367189098126139,0.921362352387126,0.9623289032992066,0.9455172162189613,7.790736767423642
Wine quality (Low),t-SNE,2,2,class1,gt_class,hier,243,20,0.9301040910191236,0.9245035100459936,0.944212711356438,0.9387680532507056,2.4831097811300706
Wine quality (Low),t-SNE,2,2,class1,gt_class,flat,243,20,0.9327949648995401,0.9254553376906317,0.9458041770184499,0.9381068088061998,3.5848382944862904
Wine quality (Low),t-SNE,3,2,leaf0,hier_leaf,hier,84,20,0.8860703159768581,0.900522919448153,0.8962289286782129,0.8998362677566762,4.545581486637525
Wine quality (Low),t-SNE,3,2,leaf0,hier_leaf,flat,84,20,0.8805740987983981,0.892723631508678,0.8977135481100423,0.9045744761249382,0.9953902199241383
Wine quality (Low),t-SNE,3,2,leaf1,hier_leaf,hier,157,20,0.8985574381309633,0.8725107625689184,0.9243395103002653,0.9020546035034999,2.3224887206160916
Wine quality (Low),t-SNE,3,2,leaf1,hier_leaf,flat,157,20,0.9117116890309912,0.9012008761108733,0.9307223028848868,0.9190935733085447,2.8165636762474593
Wine quality (Low),t-SNE,3,2,leaf2,hier_leaf,hier,19,9,0.5614035087719298,0.5286549707602339,0.5160157645708593,0.4717818512543445,45.00233401250647
Wine quality (Low),t-SNE,3,2,leaf2,hier_leaf,flat,19,9,0.8608187134502925,0.7964912280701756,0.8763650537576196,0.8412271678991762,0.8806102755971574
Wine quality (Low),t-SNE,3,2,leaf3,hier_leaf,hier,31,15,0.4733870967741936,0.4672043010752688,0.5013085352921204,0.47364160148757467,125.82787291536738
Wine quality (Low),t-SNE,3,2,leaf3,hier_leaf,flat,31,15,0.8833333333333334,0.8919354838709677,0.8649443990148785,0.8752905436988421,1.2747947497931056
Wine quality (Low),t-SNE,3,2,leaf4,hier_leaf,hier,18,8,0.5303030303030303,0.5202020202020203,0.5741408810353594,0.5303878886402185,422.3552252495371
Wine quality (Low),t-SNE,3,2,leaf4,hier_leaf,flat,18,8,0.9191919191919192,0.9090909090909091,0.9340893654452128,0.9340318372285503,0.68244474822445
Wine quality (Low),t-SNE,3,2,leaf5,hier_leaf,hier,30,14,0.4761904761904762,0.5086834733893557,0.45759152982806595,0.48983578834247304,63.72602998536897
Wine quality (Low),t-SNE,3,2,leaf5,hier_leaf,flat,30,14,0.8322128851540618,0.8694677871148461,0.8688858907878966,0.8798893847873129,1.2274959353739447
Wine quality (Low),t-SNE,3,2,leaf6,hier_leaf,hier,33,16,0.6136363636363636,0.6078431372549019,0.6862155985755353,0.6245946971193619,170.38855384965802
Wine quality (Low),t-SNE,3,2,leaf6,hier_leaf,flat,33,16,0.7994652406417113,0.7266042780748664,0.8845564014884285,0.8390088345995481,3.14773105092231
Wine quality (Low),t-SNE,3,2,leaf7,hier_leaf,hier,50,20,0.8773333333333333,0.8815384615384615,0.8532425946960859,0.8460740415737961,17.143349700463936
Wine quality (Low),t-SNE,3,2,leaf7,hier_leaf,flat,50,20,0.8244102564102564,0.8055897435897437,0.8572495724666618,0.8475075634982119,3.3513147974930986
Wine quality (Low),t-SNE,3,2,leaf8,hier_leaf,hier,546,20,0.9214347889420634,0.8970473916642684,0.949230121790402,0.9249262291957429,7.735846863643154
Wine quality (Low),t-SNE,3,2,leaf8,hier_leaf,flat,546,20,0.9269397753878841,0.9102505480294035,0.9542261458225999,0.9368374222023572,7.318764271951932
Wine quality (Low),t-SNE,3,2,class0,gt_class,hier,757,20,0.9303980922266236,0.9044718666158752,0.9575992111184778,0.9320899740694203,8.517306025346073
Wine quality (Low),t-SNE,3,2,class0,gt_class,flat,757,20,0.9367189098126139,0.921362352387126,0.9623289032992066,0.9455172162189613,7.790736767423642
Wine quality (Low),t-SNE,3,2,class1,gt_class,hier,243,20,0.9301040910191236,0.9245035100459936,0.944212711356438,0.9387680532507056,2.4831097811300706
Wine quality (Low),t-SNE,3,2,class1,gt_class,flat,243,20,0.9327949648995401,0.9254553376906317,0.9458041770184499,0.9381068088061998,3.5848382944862904
Wine quality (Low),t-SNE,4,2,leaf0,hier_leaf,hier,87,20,0.8913131929610415,0.9048214830637776,0.8925785587925353,0.8922475210654003,0.4501243606917561
Wine quality (Low),t-SNE,4,2,leaf0,hier_leaf,flat,87,20,0.8854033160410948,0.8979961346760247,0.9024024014396413,0.9064891987388553,1.025713255265901
Wine quality (Low),t-SNE,4,2,leaf1,hier_leaf,hier,147,20,0.8872616857901959,0.867472482555254,0.9109251300588835,0.8809004749381573,2.0172442315072145
Wine quality (Low),t-SNE,4,2,leaf1,hier_leaf,flat,147,20,0.9124989051414558,0.9038363843391435,0.9300697650570211,0.9177026987213901,2.7425074493339636
Wine quality (Low),t-SNE,4,2,leaf2,hier_leaf,hier,20,9,0.5712962962962963,0.5101851851851852,0.5097681817746217,0.5037887282101409,60.180070292195865
Wine quality (Low),t-SNE,4,2,leaf2,hier_leaf,flat,20,9,0.8638888888888887,0.888888888888889,0.8844550498806889,0.8814636460339822,0.5842499107678111
Wine quality (Low),t-SNE,4,2,leaf3,hier_leaf,hier,31,15,0.4733870967741936,0.4672043010752688,0.5013085352921204,0.47364160148757467,125.82787291536738
Wine quality (Low),t-SNE,4,2,leaf3,hier_leaf,flat,31,15,0.8833333333333334,0.8919354838709677,0.8649443990148785,0.8752905436988421,1.2747947497931056
Wine quality (Low),t-SNE,4,2,leaf4,hier_leaf,hier,20,9,0.5888888888888888,0.6194444444444444,0.6069449635358268,0.5956506530968194,289.67728962319654
Wine quality (Low),t-SNE,4,2,leaf4,hier_leaf,flat,20,9,0.9212962962962962,0.9388888888888889,0.9200145665027936,0.9347147552923364,0.8134642068050328
Wine quality (Low),t-SNE,4,2,leaf5,hier_leaf,hier,26,12,0.558119658119658,0.5658119658119658,0.5609143831965226,0.538404749634609,73.71385240818564
Wine quality (Low),t-SNE,4,2,leaf5,hier_leaf,flat,26,12,0.8188034188034188,0.8247863247863246,0.8630532448977897,0.8654866704996225,0.8650675033975413
Wine quality (Low),t-SNE,4,2,leaf6,hier_leaf,hier,33,16,0.7983511586452763,0.8048128342245988,0.7575888961620596,0.7342464018697157,160.73413019338287
Wine quality (Low),t-SNE,4,2,leaf6,hier_leaf,flat,33,16,0.7996880570409981,0.7156862745098038,0.8843991510771048,0.8345480556803828,3.1942654594753366
Wine quality (Low),t-SNE,4,2,leaf7,hier_leaf,hier,32,15,0.6099537037037037,0.6034722222222222,0.5571762417920428,0.5535119049301968,66.21125861170734
Wine quality (Low),t-SNE,4,2,leaf7,hier_leaf,flat,32,15,0.8085648148148148,0.7930555555555556,0.8394497799954561,0.8242914245524157,1.6073835416296192
Wine quality (Low),t-SNE,4,2,leaf8,hier_leaf,hier,57,20,0.8237338629592851,0.808540218470705,0.8553528516845449,0.8334849636783632,68.84177272915318
Wine quality (Low),t-SNE,4,2,leaf8,hier_leaf,flat,57,20,0.803045349222112,0.7784508440913606,0.8596724154551151,0.8292311490722657,5.241647567122106
Wine quality (Low),t-SNE,4,2,leaf9,hier_leaf,hier,47,20,0.8595099935525468,0.8820116054158604,0.8316831227382426,0.830840413463126,45.73796280807637
Wine quality (Low),t-SNE,4,2,leaf9,hier_leaf,flat,47,20,0.8837524177949709,0.8648613797549969,0.8503014097443694,0.8473198962316743,3.2194599910744257
Wine quality (Low),t-SNE,4,2,leaf10,hier_leaf,hier,31,15,0.5489247311827957,0.550537634408602,0.4790317640900551,0.4835337808218678,139.0574103136132
Wine quality (Low),t-SNE,4,2,leaf10,hier_leaf,flat,31,15,0.8161290322580645,0.8618279569892474,0.8239234660880378,0.8453268201774475,1.4033134899338042
Wine quality (Low),t-SNE,4,2,leaf11,hier_leaf,hier,278,20,0.8964319453528087,0.8792042729452803,0.9265612178242099,0.9063586622308594,4.573204407119056
Wine quality (Low),t-SNE,4,2,leaf11,hier_leaf,flat,278,20,0.904031683743914,0.8907535789550177,0.9346814076813292,0.9200715256224238,6.268782941503195
Wine quality (Low),t-SNE,4,2,leaf12,hier_leaf,hier,40,19,0.8326555023923448,0.8442583732057416,0.7937834793514228,0.7999443235552576,49.92958777646932
Wine quality (Low),t-SNE,4,2,leaf12,hier_leaf,flat,40,19,0.7991626794258373,0.8167464114832536,0.853000924890585,0.8519130201785877,1.6477143143386614
Wine quality (Low),t-SNE,4,2,class0,gt_class,hier,757,20,0.9303980922266236,0.9044718666158752,0.9575992111184778,0.9320899740694203,8.517306025346073
Wine quality (Low),t-SNE,4,2,class0,gt_class,flat,757,20,0.9367189098126139,0.921362352387126,0.9623289032992066,0.9455172162189613,7.790736767423642
Wine quality (Low),t-SNE,4,2,class1,gt_class,hier,243,20,0.9301040910191236,0.9245035100459936,0.944212711356438,0.9387680532507056,2.4831097811300706
Wine quality (Low),t-SNE,4,2,class1,gt_class,flat,243,20,0.9327949648995401,0.9254553376906317,0.9458041770184499,0.9381068088061998,3.5848382944862904
Wine quality (Low),PCA,0,2,leaf0,hier_leaf,hier,81,20,0.8853685368536853,0.9269038014912602,0.808992351920241,0.8878760024616072,0.3155694619565847
Wine quality (Low),PCA,0,2,leaf0,hier_leaf,flat,81,20,0.82002200220022,0.8800635619117467,0.7652468920876901,0.8366103542344576,0.5481962644774776
Wine quality (Low),PCA,0,2,leaf1,hier_leaf,hier,159,20,0.8721704231211609,0.9262902870567508,0.838603475862872,0.9107814847209652,0.36493620384923126
Wine quality (Low),PCA,0,2,leaf1,hier_leaf,flat,159,20,0.8150992340258912,0.8783863152485134,0.7816407351488621,0.8740752880998829,0.5103760926074419
Wine quality (Low),PCA,0,2,leaf2,hier_leaf,hier,34,16,0.9115712074303405,0.931888544891641,0.8261957319500679,0.8776711175915364,0.3727148418500599
Wine quality (Low),PCA,0,2,leaf2,hier_leaf,flat,34,16,0.7815402476780187,0.811532507739938,0.7587951068513407,0.8185250551814575,0.5247452561973465
Wine quality (Low),PCA,0,2,leaf3,hier_leaf,hier,20,9,0.9481481481481481,0.962962962962963,0.886525984916003,0.892469501384776,0.23954240712386257
Wine quality (Low),PCA,0,2,leaf3,hier_leaf,flat,20,9,0.8101851851851851,0.8027777777777778,0.719379677811958,0.7392198296102501,0.6500711761943956
Wine quality (Low),PCA,0,2,leaf4,hier_leaf,hier,31,15,0.906989247311828,0.9293010752688171,0.8173275087712661,0.8713610920127498,0.3131401432789086
Wine quality (Low),PCA,0,2,leaf4,hier_leaf,flat,31,15,0.6803763440860215,0.7115591397849464,0.6379886225226524,0.7119747707267594,0.7051032811759093
Wine quality (Low),PCA,0,2,leaf5,hier_leaf,hier,20,9,0.9083333333333332,0.9333333333333332,0.8903540043507844,0.9108113158726965,0.28127523432514806
Wine quality (Low),PCA,0,2,leaf5,hier_leaf,flat,20,9,0.7861111111111112,0.8546296296296296,0.7766011174040958,0.8095741214578004,0.5773943236896774
Wine quality (Low),PCA,0,2,leaf6,hier_leaf,hier,27,13,0.8371998371998373,0.8831908831908833,0.8229063477136804,0.8640322308980252,0.36133140072977665
Wine quality (Low),PCA,0,2,leaf6,hier_leaf,flat,27,13,0.7964997964997964,0.8005698005698006,0.6917504740820897,0.7436713568092108,0.5830182958017299
Wine quality (Low),PCA,0,2,leaf7,hier_leaf,hier,50,20,0.909948717948718,0.9378461538461538,0.8229353332000561,0.8753736422663514,0.3336986238214775
Wine quality (Low),PCA,0,2,leaf7,hier_leaf,flat,50,20,0.7923589743589744,0.8265128205128205,0.7228616631269085,0.793116231597592,0.5904190298145022
Wine quality (Low),PCA,0,2,leaf8,hier_leaf,hier,535,20,0.8572055241147429,0.933215453442383,0.8459279047938735,0.9359210405131648,0.36906471187795287
Wine quality (Low),PCA,0,2,leaf8,hier_leaf,flat,535,20,0.7833956077545086,0.8934042218167334,0.7712536584547279,0.9035541863561699,0.4911350517703921
Wine quality (Low),PCA,0,2,class0,gt_class,hier,757,20,0.8444515560662994,0.9343980158575026,0.835832753446707,0.9405689237468423,0.3772149386543959
Wine quality (Low),PCA,0,2,class0,gt_class,flat,757,20,0.8080081205832055,0.911714477676124,0.7978483062064321,0.922555640543911,0.4454611939918042
Wine quality (Low),PCA,0,2,class1,gt_class,hier,243,20,0.8489634471072381,0.9114567901234567,0.8266019208621391,0.9026049986881678,0.34638192709144894
Wine quality (Low),PCA,0,2,class1,gt_class,flat,243,20,0.7975802469135803,0.8862900024207213,0.7834857932095922,0.8879015297097899,0.5263841270519944
Wine quality (Low),PCA,1,2,leaf0,hier_leaf,hier,20,9,0.9481481481481481,0.962962962962963,0.886525984916003,0.892469501384776,0.23954240712386257
Wine quality (Low),PCA,1,2,leaf0,hier_leaf,flat,20,9,0.8101851851851851,0.8027777777777778,0.719379677811958,0.7392198296102501,0.6500711761943956
Wine quality (Low),PCA,1,2,leaf1,hier_leaf,hier,30,14,0.8854341736694679,0.9198879551820729,0.8164064759642163,0.8694841899515569,0.30455036061784413
Wine quality (Low),PCA,1,2,leaf1,hier_leaf,flat,30,14,0.6991596638655463,0.7526610644257705,0.6438633462636763,0.7226147660849084,0.706794146734722
Wine quality (Low),PCA,1,2,leaf2,hier_leaf,hier,26,12,0.8277777777777776,0.8705128205128203,0.8079415333614514,0.8570937135395192,0.38483612130172395
Wine quality (Low),PCA,1,2,leaf2,hier_leaf,flat,26,12,0.7811965811965813,0.791025641025641,0.6740429481342795,0.7458884726850383,0.5962128859932795
Wine quality (Low),PCA,1,2,leaf3,hier_leaf,hier,18,8,0.9154040404040406,0.9570707070707071,0.9035307479039315,0.9180519832388758,0.27672742208181406
Wine quality (Low),PCA,1,2,leaf3,hier_leaf,flat,18,8,0.8484848484848484,0.9204545454545454,0.8066309620573574,0.8542698927005972,0.5408836513469935
Wine quality (Low),PCA,1,2,leaf4,hier_leaf,hier,34,16,0.9115712074303405,0.931888544891641,0.8261957319500679,0.8776711175915364,0.3727148418500599
Wine quality (Low),PCA,1,2,leaf4,hier_leaf,flat,34,16,0.7815402476780187,0.811532507739938,0.7587951068513407,0.8185250551814575,0.5247452561973465
Wine quality (Low),PCA,1,2,leaf5,hier_leaf,hier,72,20,0.8887048192771084,0.9450468540829987,0.8251167691737639,0.9030971439070714,0.30415601858641944
Wine quality (Low),PCA,1,2,leaf5,hier_leaf,flat,72,20,0.8226405622489961,0.8740629183400268,0.7515924724938512,0.8395702213376234,0.5929357043316873
Wine quality (Low),PCA,1,2,leaf6,hier_leaf,hier,39,19,0.8923076923076925,0.9304993252361674,0.7825212623989419,0.8433522618275453,0.3435429047668473
Wine quality (Low),PCA,1,2,leaf6,hier_leaf,flat,39,19,0.806612685560054,0.842914979757085,0.7124245551691467,0.7517501285142882,0.5548334791364902
Wine quality (Low),PCA,1,2,leaf7,hier_leaf,hier,18,8,0.922979797979798,0.9381313131313129,0.8149298712481396,0.8569143349181428,0.2732428435465691
Wine quality (Low),PCA,1,2,leaf7,hier_leaf,flat,18,8,0.6969696969696968,0.7512626262626262,0.613887311502303,0.6419258220039862,0.72028399603767
Wine quality (Low),PCA,1,2,leaf8,hier_leaf,hier,31,15,0.8999999999999999,0.9295698924731183,0.8279757757086356,0.8611052574693593,0.30896114577113787
Wine quality (Low),PCA,1,2,leaf8,hier_leaf,flat,31,15,0.7634408602150536,0.8064516129032261,0.679985091559365,0.7483691733973311,0.5996761081853642
Wine quality (Low),PCA,1,2,leaf9,hier_leaf,hier,24,11,0.8252164502164501,0.8701298701298702,0.8112624345189325,0.8432327332845562,0.4046172400959422
Wine quality (Low),PCA,1,2,leaf9,hier_leaf,flat,24,11,0.6634199134199134,0.689935064935065,0.6262827602018969,0.7126610685341345,0.6283362099751091
Wine quality (Low),PCA,1,2,leaf10,hier_leaf,hier,54,20,0.8585894405043343,0.9039401103230892,0.8020868014497725,0.8540722549817873,0.40646609629835545
Wine quality (Low),PCA,1,2,leaf10,hier_leaf,flat,54,20,0.8322301024428684,0.8922379826635144,0.7786914304237695,0.8267544683466922,0.5037526840624362
Wine quality (Low),PCA,1,2,leaf11,hier_leaf,hier,18,8,0.8787878787878787,0.9090909090909091,0.7707667583406637,0.8283747722068194,0.3301008880776395
Wine quality (Low),PCA,1,2,leaf11,hier_leaf,flat,18,8,0.6527777777777778,0.7146464646464646,0.6514161220043574,0.7165454862618907,0.645529063048514
Wine quality (Low),PCA,1,2,leaf12,hier_leaf,hier,38,18,0.9316346421609578,0.9501531606794763,0.8171335662631837,0.868743883553396,0.3038010423879433
Wine quality (Low),PCA,1,2,leaf12,hier_leaf,flat,38,18,0.7685881370091897,0.8022834864940127,0.6925890770132493,0.774681088599333,0.5987522232613988
Wine quality (Low),PCA,1,2,leaf13,hier_leaf,hier,21,10,0.8692640692640692,0.9151515151515152,0.8167503110618969,0.8590002985173638,0.2918128359559809
Wine quality (Low),PCA,1,2,leaf13,hier_leaf,flat,21,10,0.7965367965367965,0.8441558441558441,0.7373366127719505,0.7838300543199546,0.4872711575638948
Wine quality (Low),PCA,1,2,leaf14,hier_leaf,hier,43,20,0.8496744186046512,0.8906046511627906,0.7769763959199415,0.835218068986081,0.4073328374951506
Wine quality (Low),PCA,1,2,leaf14,hier_leaf,flat,43,20,0.7473488372093023,0.7768372093023257,0.648630332541113,0.7254882051038779,0.5972095288590404
Wine quality (Low),PCA,1,2,leaf15,hier_leaf,hier,22,10,0.8986013986013986,0.932867132867133,0.825246973898566,0.8810210717041141,0.33426588907663785
Wine quality (Low),PCA,1,2,leaf15,hier_leaf,flat,22,10,0.7881118881118883,0.8062937062937063,0.6644616536417179,0.7066435236136065,0.6020824949711802
Wine quality (Low),PCA,1,2,leaf16,hier_leaf,hier,29,14,0.8801313628899836,0.9008210180623973,0.7850459893533448,0.8252422253256174,0.37086666699571463
Wine quality (Low),PCA,1,2,leaf16,hier_leaf,flat,29,14,0.5783251231527093,0.6939244663382595,0.6211404189011162,0.686283787518245,0.6608398380800389
Wine quality (Low),PCA,1,2,leaf17,hier_leaf,hier,45,20,0.8714176245210727,0.8963984674329502,0.7617155100448091,0.8332463441567382,0.4058683375975068
Wine quality (Low),PCA,1,2,leaf17,hier_leaf,flat,45,20,0.81088122605364,0.8322605363984672,0.7023447011810376,0.7989994083127175,0.5361888380542916
Wine quality (Low),PCA,1,2,leaf18,hier_leaf,hier,17,8,0.880718954248366,0.9068627450980393,0.8131788189348206,0.8139254399959159,0.3394473191054219
Wine quality (Low),PCA,1,2,leaf18,hier_leaf,flat,17,8,0.6699346405228759,0.7418300653594772,0.5907516836198571,0.6767130805457353,0.6158699846181239
Wine quality (Low),PCA,1,2,leaf19,hier_leaf,hier,157,20,0.8721331285717883,0.9266483723974724,0.8324091429493782,0.9098104291453001,0.3645926517749985
Wine quality (Low),PCA,1,2,leaf19,hier_leaf,flat,157,20,0.8253241358475366,0.8837692908033535,0.7924441210157553,0.8769798545517227,0.5016883199634175
Wine quality (Low),PCA,1,2,leaf20,hier_leaf,hier,87,20,0.885627097955447,0.9309937951378291,0.8190060231976244,0.8896655907928974,0.3187025416803444
Wine quality (Low),PCA,1,2,leaf20,hier_leaf,flat,87,20,0.8177296307598414,0.8763198046994204,0.7667645962761528,0.8349548010957745,0.5472999104063105
Wine quality (Low),PCA,1,2,class0,gt_class,hier,757,20,0.8444515560662994,0.9343980158575026,0.835832753446707,0.9405689237468423,0.3772149386543959
Wine quality (Low),PCA,1,2,class0,gt_class,flat,757,20,0.8080081205832055,0.911714477676124,0.7978483062064321,0.922555640543911,0.4454611939918042
Wine quality (Low),PCA,1,2,class1,gt_class,hier,243,20,0.8489634471072381,0.9114567901234567,0.8266019208621391,0.9026049986881678,0.34638192709144894
Wine quality (Low),PCA,1,2,class1,gt_class,flat,243,20,0.7975802469135803,0.8862900024207213,0.7834857932095922,0.8879015297097899,0.5263841270519944
Wine quality (Low),PCA,2,2,leaf0,hier_leaf,hier,35,17,0.8971055088702149,0.9167133520074695,0.8258651548038844,0.8665244880023782,0.36983137716294884
Wine quality (Low),PCA,2,2,leaf0,hier_leaf,flat,35,17,0.7719887955182074,0.7908496732026146,0.7593674041273462,0.8171979497270578,0.5392192074263411
Wine quality (Low),PCA,2,2,leaf1,hier_leaf,hier,31,15,0.906989247311828,0.9293010752688171,0.8173275087712661,0.8713610920127498,0.3131401432789086
Wine quality (Low),PCA,2,2,leaf1,hier_leaf,flat,31,15,0.6803763440860215,0.7115591397849464,0.6379886225226524,0.7119747707267594,0.7051032811759093
Wine quality (Low),PCA,2,2,leaf2,hier_leaf,hier,21,10,0.9064935064935065,0.9272727272727271,0.8455113109164655,0.881728441050475,0.29087324525146613
Wine quality (Low),PCA,2,2,leaf2,hier_leaf,flat,21,10,0.8017316017316017,0.8554112554112555,0.7826797844211358,0.8321026933750407,0.5467198606826272
Wine quality (Low),PCA,2,2,leaf3,hier_leaf,hier,26,12,0.82991452991453,0.8961538461538462,0.815633158752365,0.8632129591221166,0.360579391645907
Wine quality (Low),PCA,2,2,leaf3,hier_leaf,flat,26,12,0.7970085470085471,0.7991452991452992,0.701988110225187,0.752193564171212,0.5815500844821699
Wine quality (Low),PCA,2,2,leaf4,hier_leaf,hier,47,20,0.9233397807865895,0.9517085751128305,0.8340850179867592,0.8833286123447132,0.3122631271566173
Wine quality (Low),PCA,2,2,leaf4,hier_leaf,flat,47,20,0.7778207607994843,0.8171502256608638,0.6914584234833281,0.781518399209964,0.6098785640617105
Wine quality (Low),PCA,2,2,leaf5,hier_leaf,hier,19,9,0.9333333333333333,0.9590643274853801,0.8946924501131455,0.9063318139001073,0.228121042174354
Wine quality (Low),PCA,2,2,leaf5,hier_leaf,flat,19,9,0.8245614035087719,0.8128654970760235,0.7218982448922141,0.739329139553265,0.6519591486299079
Wine quality (Low),PCA,2,2,leaf6,hier_leaf,hier,15,7,0.976190476190476,0.9785714285714283,0.9039558789558789,0.9179140679140679,0.16470735133721792
Wine quality (Low),PCA,2,2,leaf6,hier_leaf,flat,15,7,0.8666666666666667,0.8833333333333333,0.7193000693000694,0.7896396396396397,0.41149435108683313
Wine quality (Low),PCA,2,2,leaf7,hier_leaf,hier,56,20,0.8597689075630253,0.906967787114846,0.7933742897817007,0.8616587007581119,0.41091317248799397
Wine quality (Low),PCA,2,2,leaf7,hier_leaf,flat,56,20,0.8268207282913165,0.8830532212885155,0.7794181352673112,0.8235979321135363,0.5102205353209228
Wine quality (Low),PCA,2,2,leaf8,hier_leaf,hier,31,15,0.8986559139784946,0.9287634408602151,0.7954230079561001,0.8490644126058972,0.35578698938194087
Wine quality (Low),PCA,2,2,leaf8,hier_leaf,flat,31,15,0.7841397849462367,0.8209677419354838,0.675300249051489,0.7321769643437295,0.5598885271407148
Wine quality (Low),PCA,2,2,leaf9,hier_leaf,hier,15,7,0.869047619047619,0.9023809523809523,0.7707611457611457,0.8149688149688149,0.3086099020831522
Wine quality (Low),PCA,2,2,leaf9,hier_leaf,flat,15,7,0.8,0.8476190476190478,0.6766343266343267,0.7143566643566643,0.5966652352498891
Wine quality (Low),PCA,2,2,leaf10,hier_leaf,hier,37,18,0.9448395764185238,0.957799905168326,0.8658444293896563,0.8976373204488992,0.18412840861072438
Wine quality (Low),PCA,2,2,leaf10,hier_leaf,flat,37,18,0.8587008060692273,0.8820926189347241,0.7715359609967858,0.840115425345975,0.6059003753740159
Wine quality (Low),PCA,2,2,leaf11,hier_leaf,hier,22,10,0.9076923076923079,0.9216783216783216,0.8107754572948981,0.8453476141913933,0.29825727967442534
Wine quality (Low),PCA,2,2,leaf11,hier_leaf,flat,22,10,0.8363636363636364,0.893006993006993,0.795126859016004,0.8219887691708944,0.5378768741504474
Wine quality (Low),PCA,2,2,leaf12,hier_leaf,hier,45,20,0.9631417624521075,0.9704980842911877,0.9054566827977796,0.9202071977119819,0.24804989336407693
Wine quality (Low),PCA,2,2,leaf12,hier_leaf,flat,45,20,0.8773946360153257,0.8844444444444444,0.7935184642181231,0.8347936703319753,0.545174484590498
Wine quality (Low),PCA,2,2,leaf13,hier_leaf,hier,31,15,0.8233870967741934,0.846236559139785,0.7162135110559756,0.8117581370753842,0.31864871502326303
Wine quality (Low),PCA,2,2,leaf13,hier_leaf,flat,31,15,0.6500000000000001,0.710752688172043,0.5907393014484834,0.6659429075222093,0.6304101660893607
Wine quality (Low),PCA,2,2,leaf14,hier_leaf,hier,19,9,0.872514619883041,0.8970760233918128,0.8450356760034216,0.8820575146980802,0.327802599323466
Wine quality (Low),PCA,2,2,leaf14,hier_leaf,flat,19,9,0.7543859649122808,0.7555555555555555,0.6469667276605421,0.7003989865633019,0.6473879239930684
Wine quality (Low),PCA,2,2,leaf15,hier_leaf,hier,25,12,0.8871794871794872,0.8846153846153847,0.7892282783437049,0.828290384950734,0.35074534850669836
Wine quality (Low),PCA,2,2,leaf15,hier_leaf,flat,25,12,0.7810256410256412,0.8025641025641026,0.6836379072671336,0.7234827966747832,0.5389124588957582
Wine quality (Low),PCA,2,2,leaf16,hier_leaf,hier,44,20,0.8971380471380473,0.923148148148148,0.7954417975358555,0.8515747331193466,0.37146804793399335
Wine quality (Low),PCA,2,2,leaf16,hier_leaf,flat,44,20,0.6908249158249157,0.7436026936026935,0.6316406663384572,0.7508667166844384,0.6437419134864427
Wine quality (Low),PCA,2,2,leaf17,hier_leaf,hier,63,20,0.892039072039072,0.9194871794871794,0.8215216201943008,0.874161893019378,0.38318913694754053
Wine quality (Low),PCA,2,2,leaf17,hier_leaf,flat,63,20,0.7194139194139195,0.7915995115995117,0.6898408435218564,0.7725383647221445,0.6319081322870682
Wine quality (Low),PCA,2,2,leaf18,hier_leaf,hier,154,20,0.8712156264787843,0.9247936274252063,0.8289272019621983,0.9073427325022247,0.3677355971713693
Wine quality (Low),PCA,2,2,leaf18,hier_leaf,flat,154,20,0.8260029444239972,0.8822125243177875,0.7962315257600365,0.8756454839590746,0.5047978081854021
Wine quality (Low),PCA,2,2,leaf19,hier_leaf,hier,18,8,0.9255050505050506,0.9292929292929295,0.8464163632517175,0.86185805005326,0.30487226678573626
Wine quality (Low),PCA,2,2,leaf19,hier_leaf,flat,18,8,0.7032828282828283,0.7613636363636362,0.5879235282983154,0.6612998407767423,0.6116305304523194
Wine quality (Low),PCA,2,2,leaf20,hier_leaf,hier,47,20,0.8817537072856221,0.9274661508704063,0.8055992714131576,0.8734675557761716,0.3484819272505464
Wine quality (Low),PCA,2,2,leaf20,hier_leaf,flat,47,20,0.7726627981947132,0.8257898130238558,0.686332834066678,0.7664867314898502,0.581120926980919
Wine quality (Low),PCA,2,2,class0,gt_class,hier,757,20,0.8444515560662994,0.9343980158575026,0.835832753446707,0.9405689237468423,0.3772149386543959
Wine quality (Low),PCA,2,2,class0,gt_class,flat,757,20,0.8080081205832055,0.911714477676124,0.7978483062064321,0.922555640543911,0.4454611939918042
Wine quality (Low),PCA,2,2,class1,gt_class,hier,243,20,0.8489634471072381,0.9114567901234567,0.8266019208621391,0.9026049986881678,0.34638192709144894
Wine quality (Low),PCA,2,2,class1,gt_class,flat,243,20,0.7975802469135803,0.8862900024207213,0.7834857932095922,0.8879015297097899,0.5263841270519944
Wine quality (Low),PCA,3,2,leaf0,hier_leaf,hier,157,20,0.8721331285717883,0.9266483723974724,0.8324091429493782,0.9098104291453001,0.3645926517749985
Wine quality (Low),PCA,3,2,leaf0,hier_leaf,flat,157,20,0.8253241358475366,0.8837692908033535,0.7924441210157553,0.8769798545517227,0.5016883199634175
Wine quality (Low),PCA,3,2,leaf1,hier_leaf,hier,27,13,0.886039886039886,0.916971916971917,0.8236267168845033,0.8490322958150948,0.34680848245490375
Wine quality (Low),PCA,3,2,leaf1,hier_leaf,flat,27,13,0.7155067155067155,0.7557997557997558,0.6218995830811234,0.7076546638428167,0.6019801424904223
Wine quality (Low),PCA,3,2,leaf2,hier_leaf,hier,37,18,0.8778251936146673,0.9356725146198828,0.7859283604323879,0.8538934686335747,0.352920216845626
Wine quality (Low),PCA,3,2,leaf2,hier_leaf,flat,37,18,0.6856330014224751,0.7507507507507508,0.6248101406082548,0.6963958948723015,0.6554466605695413
Wine quality (Low),PCA,3,2,leaf3,hier_leaf,hier,19,9,0.9333333333333333,0.9590643274853801,0.8946924501131455,0.9063318139001073,0.228121042174354
Wine quality (Low),PCA,3,2,leaf3,hier_leaf,flat,19,9,0.8245614035087719,0.8128654970760235,0.7218982448922141,0.739329139553265,0.6519591486299079
Wine quality (Low),PCA,3,2,leaf4,hier_leaf,hier,31,15,0.8833333333333333,0.924193548387097,0.8037598703946377,0.855175796721585,0.3198389224095956
Wine quality (Low),PCA,3,2,leaf4,hier_leaf,flat,31,15,0.7112903225806452,0.7454301075268819,0.6489064204441017,0.7325666037374851,0.6792540810060336
Wine quality (Low),PCA,3,2,leaf5,hier_leaf,hier,20,9,0.9074074074074074,0.9287037037037036,0.8733068836308926,0.8980282513488392,0.2884351609175858
Wine quality (Low),PCA,3,2,leaf5,hier_leaf,flat,20,9,0.8055555555555556,0.8685185185185187,0.7916534897315739,0.8418240711458662,0.5548109015662912
Wine quality (Low),PCA,3,2,leaf6,hier_leaf,hier,26,12,0.8363247863247861,0.8854700854700857,0.8133390247480926,0.8567304228583777,0.3792188809585645
Wine quality (Low),PCA,3,2,leaf6,hier_leaf,flat,26,12,0.758974358974359,0.770940170940171,0.6718642251787688,0.7273236319358083,0.6031912388987384
Wine quality (Low),PCA,3,2,leaf7,hier_leaf,hier,34,16,0.8782894736842105,0.9088622291021671,0.8229879294646445,0.868034602685115,0.3709641036722497
Wine quality (Low),PCA,3,2,leaf7,hier_leaf,flat,34,16,0.7757352941176471,0.7999226006191951,0.7553019427858171,0.8129167683533671,0.5439932116405443
Wine quality (Low),PCA,3,2,leaf8,hier_leaf,hier,41,20,0.846109175377468,0.9080139372822299,0.7622337978152536,0.819870493207694,0.37923785169631935
Wine quality (Low),PCA,3,2,leaf8,hier_leaf,flat,41,20,0.7879210220673635,0.8238095238095237,0.7111881356255404,0.7528463325088869,0.5706901291502267
Wine quality (Low),PCA,3,2,leaf9,hier_leaf,hier,32,15,0.9402777777777778,0.9627314814814815,0.8282005884391599,0.8849694592927456,0.26065240400226836
Wine quality (Low),PCA,3,2,leaf9,hier_leaf,flat,32,15,0.8157407407407407,0.85,0.7338508734333453,0.8162925735119618,0.6045252516235705
Wine quality (Low),PCA,3,2,leaf10,hier_leaf,hier,35,17,0.9219421101774044,0.9508870214752566,0.8410942047064314,0.8813421422963992,0.28542968316384276
Wine quality (Low),PCA,3,2,leaf10,hier_leaf,flat,35,17,0.8563958916900094,0.8997198879551821,0.7789344696461088,0.8479129307573019,0.5416676395118829
Wine quality (Low),PCA,3,2,leaf11,hier_leaf,hier,171,20,0.8477242929387525,0.9190276997356975,0.8149566270187067,0.9086936273987831,0.38628413755257035
Wine quality (Low),PCA,3,2,leaf11,hier_leaf,flat,171,20,0.7101600382926472,0.8081996212357704,0.6882192660488325,0.8179206716225134,0.6311116265504497
Wine quality (Low),PCA,3,2,leaf12,hier_leaf,hier,33,16,0.9547682709447416,0.9717023172905527,0.8318523152256748,0.8736136177065802,0.2999764435180557
Wine quality (Low),PCA,3,2,leaf12,hier_leaf,flat,33,16,0.7811942959001783,0.8348930481283421,0.7565178040760446,0.7877047582574179,0.6313058373900491
Wine quality (Low),PCA,3,2,leaf13,hier_leaf,hier,53,20,0.8651572327044025,0.9045283018867925,0.7743455859320971,0.8547963950606555,0.4022403102307222
Wine quality (Low),PCA,3,2,leaf13,hier_leaf,flat,53,20,0.8256603773584905,0.8798322851153041,0.7512277610501147,0.8190118402973858,0.5131026834291215
Wine quality (Low),PCA,3,2,leaf14,hier_leaf,hier,35,17,0.8957983193277311,0.9182072829131653,0.8417363090778417,0.8727310545386767,0.3281217131678743
Wine quality (Low),PCA,3,2,leaf14,hier_leaf,flat,35,17,0.7492063492063493,0.7929038281979459,0.642870798469097,0.717320062286565,0.6049122180017911
Wine quality (Low),PCA,3,2,leaf15,hier_leaf,hier,35,17,0.8657329598506069,0.8797385620915033,0.7549297924292931,0.8212631039412077,0.3911381601274864
Wine quality (Low),PCA,3,2,leaf15,hier_leaf,flat,35,17,0.7880485527544353,0.7936507936507938,0.6606305926137656,0.7383121396587786,0.5598467836094345
Wine quality (Low),PCA,3,2,leaf16,hier_leaf,hier,42,20,0.8655279503105591,0.8962732919254657,0.7672071594141385,0.8400773297255862,0.37576395499339316
Wine quality (Low),PCA,3,2,leaf16,hier_leaf,flat,42,20,0.7148033126293996,0.732815734989648,0.6148258152062285,0.7232677090144446,0.6219437701978164
Wine quality (Low),PCA,3,2,leaf17,hier_leaf,hier,31,15,0.9241935483870968,0.9459677419354837,0.8190657231187324,0.8585812724007549,0.3206506801829027
Wine quality (Low),PCA,3,2,leaf17,hier_leaf,flat,31,15,0.8099462365591398,0.8102150537634408,0.674935021678194,0.7446847325738829,0.6159082973036784
Wine quality (Low),PCA,3,2,class0,gt_class,hier,757,20,0.8444515560662994,0.9343980158575026,0.835832753446707,0.9405689237468423,0.3772149386543959
Wine quality (Low),PCA,3,2,class0,gt_class,flat,757,20,0.8080081205832055,0.911714477676124,0.7978483062064321,0.922555640543911,0.4454611939918042
Wine quality (Low),PCA,3,2,class1,gt_class,hier,243,20,0.8489634471072381,0.9114567901234567,0.8266019208621391,0.9026049986881678,0.34638192709144894
Wine quality (Low),PCA,3,2,class1,gt_class,flat,243,20,0.7975802469135803,0.8862900024207213,0.7834857932095922,0.8879015297097899,0.5263841270519944
Wine quality (Low),PCA,4,2,leaf0,hier_leaf,hier,86,20,0.8876807039597736,0.9328724072910121,0.826406852753838,0.8924120778597188,0.313565658392963
Wine quality (Low),PCA,4,2,leaf0,hier_leaf,flat,86,20,0.8162371673999582,0.878828828828829,0.7598394225273125,0.8351548447410245,0.5449274465356758
Wine quality (Low),PCA,4,2,leaf1,hier_leaf,hier,158,20,0.8738595184909407,0.9276147927525441,0.8345383571057472,0.9106850962310566,0.3603430239614209
Wine quality (Low),PCA,4,2,leaf1,hier_leaf,flat,158,20,0.8266120625465377,0.8852097294614047,0.794191255835156,0.8782519170587565,0.49787953576800503
Wine quality (Low),PCA,4,2,leaf2,hier_leaf,hier,31,15,0.8884408602150538,0.9166666666666666,0.8142367643843716,0.8676648576077961,0.3107797842313688
Wine quality (Low),PCA,4,2,leaf2,hier_leaf,flat,31,15,0.6924731182795698,0.736021505376344,0.641857668088229,0.7262497831165413,0.7019346411402765
Wine quality (Low),PCA,4,2,leaf3,hier_leaf,hier,20,9,0.9203703703703703,0.9462962962962962,0.8830122952783448,0.9019367698780055,0.26061358336047014
Wine quality (Low),PCA,4,2,leaf3,hier_leaf,flat,20,9,0.8555555555555555,0.8407407407407408,0.7476080269096973,0.7642291732551343,0.5848523504218153
Wine quality (Low),PCA,4,2,leaf4,hier_leaf,hier,35,17,0.8971055088702149,0.9167133520074695,0.8258651548038844,0.8665244880023782,0.36983137716294884
Wine quality (Low),PCA,4,2,leaf4,hier_leaf,flat,35,17,0.7719887955182074,0.7908496732026146,0.7593674041273462,0.8171979497270578,0.5392192074263411
Wine quality (Low),PCA,4,2,leaf5,hier_leaf,hier,606,20,0.8364736647426689,0.9257166246598596,0.824886212085799,0.9314036056359905,0.3999207131620878
Wine quality (Low),PCA,4,2,leaf5,hier_leaf,flat,606,20,0.7775008387024628,0.8922373427612093,0.7657292728062824,0.9043520035282534,0.5005305098515551
Wine quality (Low),PCA,4,2,leaf6,hier_leaf,hier,20,9,0.913888888888889,0.9444444444444444,0.8562343673633672,0.8972203854373305,0.31033347707382647
Wine quality (Low),PCA,4,2,leaf6,hier_leaf,flat,20,9,0.7944444444444445,0.8675925925925926,0.7845192574916864,0.8329332336677879,0.5478687902723433
Wine quality (Low),PCA,4,2,leaf7,hier_leaf,hier,25,12,0.8307692307692308,0.9030769230769231,0.8007969369922088,0.8564319472323593,0.35948008539639503
Wine quality (Low),PCA,4,2,leaf7,hier_leaf,flat,25,12,0.7635897435897436,0.7528205128205129,0.6803249863485877,0.7315797325214192,0.5879406568816279
Wine quality (Low),PCA,4,2,class0,gt_class,hier,757,20,0.8444515560662994,0.9343980158575026,0.835832753446707,0.9405689237468423,0.3772149386543959
Wine quality (Low),PCA,4,2,class0,gt_class,flat,757,20,0.8080081205832055,0.911714477676124,0.7978483062064321,0.922555640543911,0.4454611939918042
Wine quality (Low),PCA,4,2,class1,gt_class,hier,243,20,0.8489634471072381,0.9114567901234567,0.8266019208621391,0.9026049986881678,0.34638192709144894
Wine quality (Low),PCA,4,2,class1,gt_class,flat,243,20,0.7975802469135803,0.8862900024207213,0.7834857932095922,0.8879015297097899,0.5263841270519944
Wine quality (Low),MDS,0,2,leaf0,hier_leaf,hier,84,20,0.9302514463729418,0.9457943925233645,0.8883809254481195,0.913091558203581,0.16894002460205396
Wine quality (Low),MDS,0,2,leaf0,hier_leaf,flat,84,20,0.8458500222518914,0.8719514908767243,0.7798308775196836,0.8304621703254708,0.3404484400336128
Wine quality (Low),MDS,0,2,leaf1,hier_leaf,hier,155,20,0.8968182407047545,0.9359528436325949,0.8649026462481747,0.9194786864034874,0.2262705412066941
Wine quality (Low),MDS,0,2,leaf1,hier_leaf,flat,155,20,0.8669050395128902,0.906586345381526,0.838436303476897,0.8937184899694378,0.3660942028507239
Wine quality (Low),MDS,0,2,leaf2,hier_leaf,hier,19,9,0.9614035087719299,0.9590643274853801,0.9197479401032925,0.9257446485994867,0.1442371719726162
Wine quality (Low),MDS,0,2,leaf2,hier_leaf,flat,19,9,0.7076023391812863,0.7555555555555556,0.7396523349105122,0.7548982773741596,0.5600935823664928
Wine quality (Low),MDS,0,2,leaf3,hier_leaf,hier,35,17,0.9129785247432306,0.9239962651727357,0.8553084244707273,0.8828030356818349,0.23521649230855782
Wine quality (Low),MDS,0,2,leaf3,hier_leaf,flat,35,17,0.8201680672268908,0.8259570494864613,0.7591829225864691,0.7983904634062515,0.4138799687979406
Wine quality (Low),MDS,0,2,leaf4,hier_leaf,hier,18,8,0.9482323232323231,0.9570707070707071,0.9241165707244474,0.9283124190429533,0.1677653409033357
Wine quality (Low),MDS,0,2,leaf4,hier_leaf,flat,18,8,0.7840909090909091,0.8042929292929294,0.7851321107659418,0.8238170528480179,0.4297855369094432
Wine quality (Low),MDS,0,2,leaf5,hier_leaf,hier,30,14,0.930812324929972,0.9369747899159664,0.8624239454657519,0.8861192680457431,0.1788244986464825
Wine quality (Low),MDS,0,2,leaf5,hier_leaf,flat,30,14,0.6428571428571429,0.7173669467787117,0.6340371090155746,0.7276796249762185,0.5479023904041873
Wine quality (Low),MDS,0,2,leaf6,hier_leaf,hier,25,12,0.8794871794871796,0.9030769230769229,0.8679212813107392,0.8877117941837983,0.22080676004379496
Wine quality (Low),MDS,0,2,leaf6,hier_leaf,flat,25,12,0.8502564102564102,0.8553846153846153,0.7365979789545501,0.7984259571581133,0.36486195593285903
Wine quality (Low),MDS,0,2,leaf7,hier_leaf,hier,33,16,0.946301247771836,0.9532085561497327,0.868666345105609,0.9004823911621619,0.1576288899697516
Wine quality (Low),MDS,0,2,leaf7,hier_leaf,flat,33,16,0.8560606060606061,0.8721033868092692,0.7488104621822128,0.8058446085939611,0.3820923425833021
Wine quality (Low),MDS,0,2,leaf8,hier_leaf,hier,37,18,0.9516358463726886,0.9566935356409042,0.8841436880136374,0.9009698651234377,0.14686602414020158
Wine quality (Low),MDS,0,2,leaf8,hier_leaf,flat,37,18,0.890627469574838,0.9220799747115538,0.7952180660160482,0.8579046416848535,0.2567275130721495
Wine quality (Low),MDS,0,2,leaf9,hier_leaf,hier,140,20,0.8658447488584475,0.9095368558382257,0.8357973928865907,0.8957837789003079,0.264754087836581
Wine quality (Low),MDS,0,2,leaf9,hier_leaf,flat,140,20,0.7947325505544683,0.8511513372472277,0.7544645653796795,0.835310315192536,0.38019874973381074
Wine quality (Low),MDS,0,2,leaf10,hier_leaf,hier,25,12,0.9200000000000002,0.9379487179487179,0.8521668769005376,0.87976228086142,0.1892444334617116
Wine quality (Low),MDS,0,2,leaf10,hier_leaf,flat,25,12,0.8641025641025641,0.8989743589743588,0.7379969018613016,0.7911671225623159,0.3647979020927953
Wine quality (Low),MDS,0,2,leaf11,hier_leaf,hier,58,20,0.9271786833855798,0.939435736677116,0.8578291400863636,0.8899525241698828,0.21614912794819952
Wine quality (Low),MDS,0,2,leaf11,hier_leaf,flat,58,20,0.7921003134796238,0.8154545454545454,0.6898324245984048,0.787542584019801,0.4193458245359131
Wine quality (Low),MDS,0,2,leaf12,hier_leaf,hier,18,8,0.9217171717171718,0.9217171717171717,0.8566563858176245,0.8877067768239227,0.1851176311751775
Wine quality (Low),MDS,0,2,leaf12,hier_leaf,flat,18,8,0.8143939393939393,0.8005050505050506,0.6951227206763834,0.7580437437136506,0.39470418415221453
Wine quality (Low),MDS,0,2,leaf13,hier_leaf,hier,24,11,0.9134199134199134,0.9177489177489178,0.8561500504067947,0.8640446423252985,0.21996414745119192
Wine quality (Low),MDS,0,2,leaf13,hier_leaf,flat,24,11,0.7738095238095237,0.8046536796536797,0.6869678767669072,0.7296661406827226,0.45574586151530255
Wine quality (Low),MDS,0,2,leaf14,hier_leaf,hier,16,7,0.9267857142857143,0.9357142857142857,0.859593920683923,0.8881154515950289,0.15218240162671884
Wine quality (Low),MDS,0,2,leaf14,hier_leaf,flat,16,7,0.7857142857142858,0.8321428571428571,0.6862532652576585,0.7281870893691127,0.3629400966560974
Wine quality (Low),MDS,0,2,leaf15,hier_leaf,hier,35,17,0.880672268907563,0.89187675070028,0.848712440134839,0.8479261021670994,0.24444015113761508
Wine quality (Low),MDS,0,2,leaf15,hier_leaf,flat,35,17,0.7787114845938377,0.8014939309056957,0.6795613993903709,0.7447365051331148,0.43010214082433407
Wine quality (Low),MDS,0,2,leaf16,hier_leaf,hier,53,20,0.8929559748427675,0.9135010482180294,0.8412678753484124,0.8599467897302402,0.25499352001190206
Wine quality (Low),MDS,0,2,leaf16,hier_leaf,flat,53,20,0.7484696016771489,0.7771488469601677,0.6734881809828902,0.7521863395654632,0.5214442462229156
Wine quality (Low),MDS,0,2,leaf17,hier_leaf,hier,17,8,0.880718954248366,0.8937908496732025,0.8462832735611059,0.8558447028192923,0.20865747332086287
Wine quality (Low),MDS,0,2,leaf17,hier_leaf,flat,17,8,0.8921568627450981,0.9068627450980392,0.8073185880991581,0.8138275922215273,0.3938647472537379
Wine quality (Low),MDS,0,2,class0,gt_class,hier,757,20,0.8569052686511122,0.9197230528374312,0.8486338944841233,0.9218818088584383,0.236408865805655
Wine quality (Low),MDS,0,2,class0,gt_class,flat,757,20,0.8361149573469369,0.9132121306893859,0.8301504676167766,0.9193079441895854,0.2654823781165646
Wine quality (Low),MDS,0,2,class1,gt_class,hier,243,20,0.9220392156862744,0.9478537884289518,0.8985980711998315,0.9348346939929165,0.17695411168808223
Wine quality (Low),MDS,0,2,class1,gt_class,flat,243,20,0.8571309610263859,0.8994383926410069,0.8331883226705364,0.8983479491572041,0.3197883132298008
Wine quality (Low),MDS,1,2,leaf0,hier_leaf,hier,20,9,0.9490740740740741,0.959259259259259,0.9040575376860345,0.9100106373803296,0.15314622742390943
Wine quality (Low),MDS,1,2,leaf0,hier_leaf,flat,20,9,0.8324074074074075,0.8138888888888889,0.7157193648238124,0.7099449922855035,0.5486087904731629
Wine quality (Low),MDS,1,2,leaf1,hier_leaf,hier,35,17,0.9140989729225024,0.9219421101774041,0.8504503948457912,0.8758885134365999,0.23582021402443368
Wine quality (Low),MDS,1,2,leaf1,hier_leaf,flat,35,17,0.8259570494864613,0.8253968253968255,0.762991411183153,0.8024346749360367,0.4089382439200538
Wine quality (Low),MDS,1,2,leaf2,hier_leaf,hier,32,15,0.924074074074074,0.9460648148148149,0.8497511117769825,0.8805540745649937,0.19268813665240533
Wine quality (Low),MDS,1,2,leaf2,hier_leaf,flat,32,15,0.6782407407407407,0.733101851851852,0.6343140697023766,0.7236583187578731,0.5399325559245942
Wine quality (Low),MDS,1,2,leaf3,hier_leaf,hier,47,20,0.9300451321727916,0.9272082527401676,0.8524878937874577,0.8692601142119385,0.23096599747175492
Wine quality (Low),MDS,1,2,leaf3,hier_leaf,flat,47,20,0.812701482914249,0.814442295293359,0.7175585561644042,0.7417760924582185,0.4399327739873527
Wine quality (Low),MDS,1,2,leaf4,hier_leaf,hier,20,9,0.9398148148148147,0.9481481481481483,0.9237472328436306,0.9291761301018697,0.18573490371039258
Wine quality (Low),MDS,1,2,leaf4,hier_leaf,flat,20,9,0.7287037037037036,0.7916666666666667,0.7560704942069401,0.78641817362888,0.45949660507333134
Wine quality (Low),MDS,1,2,leaf5,hier_leaf,hier,25,12,0.9005128205128204,0.9282051282051281,0.8425204898470404,0.8740418999711062,0.21103268307679984
Wine quality (Low),MDS,1,2,leaf5,hier_leaf,flat,25,12,0.8266666666666665,0.82,0.7345344454726316,0.7803374603663543,0.39225948944168837
Wine quality (Low),MDS,1,2,leaf6,hier_leaf,hier,16,7,0.9303571428571429,0.9410714285714286,0.7960302382648619,0.8332739650122695,0.21109438507363648
Wine quality (Low),MDS,1,2,leaf6,hier_leaf,flat,16,7,0.7410714285714286,0.7214285714285715,0.6603093089527429,0.6854023193224096,0.4114171244820837
Wine quality (Low),MDS,1,2,leaf7,hier_leaf,hier,29,14,0.9589490968801314,0.9661740558292282,0.8752824670503208,0.8981550777310242,0.14310091365757294
Wine quality (Low),MDS,1,2,leaf7,hier_leaf,flat,29,14,0.8656814449917899,0.8768472906403941,0.753874765221062,0.8076740621593652,0.326410244993699
Wine quality (Low),MDS,1,2,leaf8,hier_leaf,hier,34,16,0.9554953560371517,0.9587848297213623,0.8824686202032054,0.8921221837294645,0.16468272887123767
Wine quality (Low),MDS,1,2,leaf8,hier_leaf,flat,34,16,0.8730650154798761,0.924342105263158,0.7878237323794036,0.8539789176022061,0.2976806967505127
Wine quality (Low),MDS,1,2,leaf9,hier_leaf,hier,57,20,0.8999337967560411,0.9069182389937109,0.8361202205442348,0.8714231641950188,0.2635357162075365
Wine quality (Low),MDS,1,2,leaf9,hier_leaf,flat,57,20,0.833730552797087,0.8828533598146309,0.7755754576178313,0.8346940825962533,0.38657025718192567
Wine quality (Low),MDS,1,2,leaf10,hier_leaf,hier,19,9,0.9567251461988304,0.9625730994152046,0.8739917062765945,0.8752124860598317,0.17218585502438605
Wine quality (Low),MDS,1,2,leaf10,hier_leaf,flat,19,9,0.7578947368421054,0.7403508771929824,0.672998841477279,0.7165203174568802,0.40288723839541984
Wine quality (Low),MDS,1,2,leaf11,hier_leaf,hier,62,20,0.9389144905273937,0.9597030209933436,0.8638109714521979,0.906785805473301,0.20132767099307025
Wine quality (Low),MDS,1,2,leaf11,hier_leaf,flat,62,20,0.8222734254992319,0.8413978494623654,0.7212165830837901,0.8088531213107913,0.38942720099658584
Wine quality (Low),MDS,1,2,leaf12,hier_leaf,hier,62,20,0.9278289810547875,0.9338709677419355,0.8758480889996857,0.9007437877960658,0.22271506031626984
Wine quality (Low),MDS,1,2,leaf12,hier_leaf,flat,62,20,0.8053763440860215,0.8041986687147976,0.7353981151817355,0.7780699200235116,0.37200294257555805
Wine quality (Low),MDS,1,2,leaf13,hier_leaf,hier,22,10,0.9013986013986016,0.9139860139860141,0.8487528113249652,0.8715404423328991,0.2173423633159835
Wine quality (Low),MDS,1,2,leaf13,hier_leaf,flat,22,10,0.7685314685314686,0.8244755244755246,0.6927020936135988,0.760163991734914,0.4659675736626407
Wine quality (Low),MDS,1,2,leaf14,hier_leaf,hier,31,15,0.9099462365591398,0.9112903225806452,0.8546880509918507,0.8507965556735352,0.23269430446122702
Wine quality (Low),MDS,1,2,leaf14,hier_leaf,flat,31,15,0.8153225806451612,0.8274193548387095,0.6851090813580919,0.7816448817035979,0.3886394186807521
Wine quality (Low),MDS,1,2,leaf15,hier_leaf,hier,56,20,0.884138655462185,0.8995448179271709,0.8310357885680938,0.868247688099798,0.2597894570078981
Wine quality (Low),MDS,1,2,leaf15,hier_leaf,flat,56,20,0.7430672268907562,0.7877450980392157,0.681658748402299,0.7619128756475225,0.5238095929078257
Wine quality (Low),MDS,1,2,leaf16,hier_leaf,hier,35,17,0.8875816993464053,0.8980392156862744,0.8273719729894233,0.851149300405975,0.23632260054242754
Wine quality (Low),MDS,1,2,leaf16,hier_leaf,flat,35,17,0.8330532212885154,0.8298786181139123,0.7332572169672023,0.7755693570278602,0.3948295494193408
Wine quality (Low),MDS,1,2,leaf17,hier_leaf,hier,71,20,0.9423752390888541,0.9621457137889061,0.8883585381112452,0.9201883416447832,0.17772482300083764
Wine quality (Low),MDS,1,2,leaf17,hier_leaf,flat,71,20,0.8649452269170579,0.8842636063293339,0.7821114653132548,0.8334941874196679,0.398107617047638
Wine quality (Low),MDS,1,2,leaf18,hier_leaf,hier,152,20,0.8983376651505308,0.9352853584578731,0.8677135469620979,0.9173765379559463,0.225434761603451
Wine quality (Low),MDS,1,2,leaf18,hier_leaf,flat,152,20,0.8694985921594109,0.9042993285683344,0.8410275195730225,0.8889627881534868,0.40630249302705185
Wine quality (Low),MDS,1,2,class0,gt_class,hier,757,20,0.8552730605198009,0.9201888135602465,0.8477011176830167,0.9223161702085775,0.23770548729114663
Wine quality (Low),MDS,1,2,class0,gt_class,flat,757,20,0.8342895535224802,0.9130327541705269,0.827522841088489,0.9168196894319273,0.2671971395331598
Wine quality (Low),MDS,1,2,class1,gt_class,hier,243,20,0.9255453885257806,0.9512273057371097,0.8978588426475894,0.937328946480983,0.1763246811301507
Wine quality (Low),MDS,1,2,class1,gt_class,flat,243,20,0.8675042362624062,0.9042236746550472,0.8433050858233224,0.9018533804470622,0.31779010279753467
Wine quality (Low),MDS,2,2,leaf0,hier_leaf,hier,157,20,0.894156743284409,0.9354749376903905,0.8613859172191655,0.9194145102803751,0.22723191125220507
Wine quality (Low),MDS,2,2,leaf0,hier_leaf,flat,157,20,0.8682283930414643,0.9059011605951512,0.8421364348850663,0.8920176482748173,0.39442604993514063
Wine quality (Low),MDS,2,2,leaf1,hier_leaf,hier,16,7,0.9428571428571428,0.9357142857142857,0.8940720731417716,0.8917220770996597,0.18215339194433694
Wine quality (Low),MDS,2,2,leaf1,hier_leaf,flat,16,7,0.7107142857142856,0.7625000000000001,0.5944451040924563,0.6907553629383362,0.4691600869898732
Wine quality (Low),MDS,2,2,leaf2,hier_leaf,hier,15,7,0.945238095238095,0.9547619047619048,0.8753638253638253,0.8965985215985215,0.18078717066556949
Wine quality (Low),MDS,2,2,leaf2,hier_leaf,flat,15,7,0.719047619047619,0.7833333333333333,0.6155809655809656,0.7134211134211133,0.6196727292556483
Wine quality (Low),MDS,2,2,leaf3,hier_leaf,hier,29,14,0.9231527093596059,0.9343185550082103,0.8536446578176562,0.8570850222371389,0.19284634796037015
Wine quality (Low),MDS,2,2,leaf3,hier_leaf,flat,29,14,0.8124794745484403,0.839408866995074,0.6844283739884482,0.7287476066682261,0.5439903746249869
Wine quality (Low),MDS,2,2,leaf4,hier_leaf,hier,19,9,0.9614035087719299,0.9590643274853801,0.919615305492697,0.9243592936259596,0.14424006182861465
Wine quality (Low),MDS,2,2,leaf4,hier_leaf,flat,19,9,0.702923976608187,0.7380116959064329,0.7477387152307842,0.7036195714548663,0.5571392031092655
Wine quality (Low),MDS,2,2,leaf5,hier_leaf,hier,34,16,0.9117647058823529,0.9295665634674922,0.8659947961149058,0.8903765268339315,0.2370177087638461
Wine quality (Low),MDS,2,2,leaf5,hier_leaf,flat,34,16,0.8243034055727554,0.8314628482972136,0.7579451577043426,0.7947018771280195,0.43045064373248104
Wine quality (Low),MDS,2,2,leaf6,hier_leaf,hier,31,15,0.9276881720430107,0.938978494623656,0.8561285223504598,0.8841938082524434,0.18308789353601623
Wine quality (Low),MDS,2,2,leaf6,hier_leaf,flat,31,15,0.6244623655913978,0.6975806451612904,0.607576718228827,0.70859455307569,0.5766476078029674
Wine quality (Low),MDS,2,2,leaf7,hier_leaf,hier,19,9,0.9497076023391813,0.9695906432748537,0.9183869465888542,0.92367013501662,0.17912435332444013
Wine quality (Low),MDS,2,2,leaf7,hier_leaf,flat,19,9,0.7111111111111111,0.7883040935672516,0.7587446810814322,0.8024935306791975,0.45091604120877954
Wine quality (Low),MDS,2,2,leaf8,hier_leaf,hier,26,12,0.873931623931624,0.8957264957264957,0.864347436039002,0.8857354728634116,0.22086535405661523
Wine quality (Low),MDS,2,2,leaf8,hier_leaf,flat,26,12,0.8397435897435896,0.847008547008547,0.7496128403738249,0.7930941212494136,0.37598308227517196
Wine quality (Low),MDS,2,2,leaf9,hier_leaf,hier,30,14,0.931372549019608,0.9378151260504202,0.8442173852865192,0.8695363761207952,0.21795059235471492
Wine quality (Low),MDS,2,2,leaf9,hier_leaf,flat,30,14,0.7112044817927171,0.7481792717086834,0.6207724816056491,0.6702752937007898,0.5213590714051922
Wine quality (Low),MDS,2,2,leaf10,hier_leaf,hier,65,20,0.9399108138238574,0.955139353400223,0.8933171289345282,0.9165507538258478,0.1599961293893665
Wine quality (Low),MDS,2,2,leaf10,hier_leaf,flat,65,20,0.8566332218506131,0.8860646599777035,0.7661183366549915,0.8340083235483658,0.32280808692136553
Wine quality (Low),MDS,2,2,leaf11,hier_leaf,hier,64,20,0.9065998134328358,0.9194029850746268,0.8516303606746152,0.8844619034905996,0.22710869472856748
Wine quality (Low),MDS,2,2,leaf11,hier_leaf,flat,64,20,0.7879897388059701,0.8041277985074626,0.7042457946053523,0.783983931206777,0.37259092881917466
Wine quality (Low),MDS,2,2,leaf12,hier_leaf,hier,30,14,0.9400560224089636,0.9563025210084034,0.8643432633431812,0.8883144949915394,0.20215044356119352
Wine quality (Low),MDS,2,2,leaf12,hier_leaf,flat,30,14,0.7476190476190478,0.7624649859943979,0.6605438749014003,0.7243261601143234,0.4170351793218289
Wine quality (Low),MDS,2,2,leaf13,hier_leaf,hier,52,20,0.9033542039355993,0.9170393559928444,0.8541439995405311,0.8766204346242781,0.2502796349232961
Wine quality (Low),MDS,2,2,leaf13,hier_leaf,flat,52,20,0.8318872987477639,0.8704830053667264,0.7904384121385154,0.8182685971246915,0.39205478993893633
Wine quality (Low),MDS,2,2,leaf14,hier_leaf,hier,41,20,0.9272938443670149,0.9392566782810686,0.8420558247111013,0.865315091604349,0.21839222473748277
Wine quality (Low),MDS,2,2,leaf14,hier_leaf,flat,41,20,0.7871080139372822,0.8195121951219513,0.7052274689876477,0.7885574918434959,0.4257215072341046
Wine quality (Low),MDS,2,2,leaf15,hier_leaf,hier,32,15,0.9182870370370371,0.9175925925925926,0.8691936887305785,0.8673975422718019,0.22018882414756794
Wine quality (Low),MDS,2,2,leaf15,hier_leaf,flat,32,15,0.8300925925925926,0.8479166666666667,0.7238700547408319,0.7719307043628927,0.3742303541383842
Wine quality (Low),MDS,2,2,leaf16,hier_leaf,hier,24,11,0.9491341991341992,0.9523809523809522,0.8766267570729668,0.8884553829623911,0.1936304380259964
Wine quality (Low),MDS,2,2,leaf16,hier_leaf,flat,24,11,0.8241341991341992,0.8235930735930735,0.6882259955201452,0.7663750153131009,0.45367551231512526
Wine quality (Low),MDS,2,2,leaf17,hier_leaf,hier,21,10,0.8900432900432899,0.8995670995670993,0.8154018800640579,0.855412136814505,0.21693116778815974
Wine quality (Low),MDS,2,2,leaf17,hier_leaf,flat,21,10,0.8034632034632034,0.8562770562770562,0.7184704854776831,0.7851329848079325,0.44488247973823725
Wine quality (Low),MDS,2,2,leaf18,hier_leaf,hier,20,9,0.912037037037037,0.9212962962962962,0.9011351330630865,0.901728813884177,0.1889921460998119
Wine quality (Low),MDS,2,2,leaf18,hier_leaf,flat,20,9,0.7907407407407409,0.7842592592592592,0.7157342188233715,0.7801430775570439,0.48369757985617606
Wine quality (Low),MDS,2,2,leaf19,hier_leaf,hier,56,20,0.8891806722689076,0.9062675070028012,0.8218608025231166,0.8591000107974934,0.26175379524988146
Wine quality (Low),MDS,2,2,leaf19,hier_leaf,flat,56,20,0.7585434173669467,0.7975840336134452,0.6915364363301949,0.7768774291236785,0.5043057249941535
Wine quality (Low),MDS,2,2,leaf20,hier_leaf,hier,28,13,0.8883928571428571,0.8808379120879118,0.8410258521617633,0.8481237703497587,0.2436457450951471
Wine quality (Low),MDS,2,2,leaf20,hier_leaf,flat,28,13,0.840315934065934,0.8255494505494506,0.7142004933353938,0.7650509042866948,0.3846160729965016
Wine quality (Low),MDS,2,2,class0,gt_class,hier,757,20,0.8612630361635063,0.9240039057350482,0.8541137729087875,0.9238545385760684,0.23381015277214245
Wine quality (Low),MDS,2,2,class0,gt_class,flat,757,20,0.8347749520192814,0.912598359336716,0.8299478478758956,0.9175948226077829,0.2654370497320796
Wine quality (Low),MDS,2,2,class1,gt_class,hier,243,20,0.9068554829339145,0.9346860324376665,0.8827567547752617,0.9183644759924681,0.18832603578458212
Wine quality (Low),MDS,2,2,class1,gt_class,flat,243,20,0.8595216654563059,0.8969411764705882,0.8390323507405956,0.8957241656580104,0.32579631770509865
Wine quality (Low),MDS,3,2,leaf0,hier_leaf,hier,160,20,0.8908035714285714,0.9345583976833977,0.8579925635143411,0.9181554590635796,0.22835184586864013
Wine quality (Low),MDS,3,2,leaf0,hier_leaf,flat,160,20,0.8599107142857143,0.9022876447876447,0.8340432988532299,0.8911498316077335,0.364960632597418
Wine quality (Low),MDS,3,2,leaf1,hier_leaf,hier,16,7,0.9446428571428571,0.9392857142857143,0.9005729042982664,0.9000089052481597,0.18139135257898512
Wine quality (Low),MDS,3,2,leaf1,hier_leaf,flat,16,7,0.6946428571428571,0.755357142857143,0.5888793239927175,0.6728459194173988,0.4636855290428081
Wine quality (Low),MDS,3,2,leaf2,hier_leaf,hier,47,20,0.9244358478401031,0.9401676337846552,0.8538807998061093,0.880471131808423,0.21377496901460882
Wine quality (Low),MDS,3,2,leaf2,hier_leaf,flat,47,20,0.8314635718891039,0.8697614442295294,0.7197167692512486,0.7971180296064986,0.4470731996870932
Wine quality (Low),MDS,3,2,leaf3,hier_leaf,hier,20,9,0.9509259259259257,0.951851851851852,0.9057168731851768,0.9153135152229537,0.15889476801621683
Wine quality (Low),MDS,3,2,leaf3,hier_leaf,flat,20,9,0.737037037037037,0.7120370370370369,0.7034547528006976,0.6328512970895744,0.5788679349619532
Wine quality (Low),MDS,3,2,leaf4,hier_leaf,hier,30,14,0.934733893557423,0.9417366946778712,0.86285607632408,0.8865306049945103,0.17881949992200635
Wine quality (Low),MDS,3,2,leaf4,hier_leaf,flat,30,14,0.6389355742296919,0.7117647058823532,0.6213270862406212,0.7180000594402134,0.5632293096447119
Wine quality (Low),MDS,3,2,leaf5,hier_leaf,hier,20,9,0.9453703703703702,0.9351851851851853,0.9105650269767798,0.9208842442189192,0.17820942686661206
Wine quality (Low),MDS,3,2,leaf5,hier_leaf,flat,20,9,0.7398148148148147,0.7999999999999998,0.7479410439965885,0.7901862979041485,0.45101301247884756
Wine quality (Low),MDS,3,2,leaf6,hier_leaf,hier,24,11,0.8739177489177488,0.9107142857142856,0.825626235584612,0.8672709581561789,0.22223391793311406
Wine quality (Low),MDS,3,2,leaf6,hier_leaf,flat,24,11,0.8344155844155844,0.8522727272727272,0.7458649850915021,0.803900569928329,0.36567094037145315
Wine quality (Low),MDS,3,2,leaf7,hier_leaf,hier,50,20,0.9413846153846154,0.952923076923077,0.859359079610259,0.8971479493121494,0.20681225812115775
Wine quality (Low),MDS,3,2,leaf7,hier_leaf,flat,50,20,0.8295897435897436,0.8405641025641026,0.7383668712067102,0.8037117815804568,0.38329226212890727
Wine quality (Low),MDS,3,2,leaf8,hier_leaf,hier,35,17,0.9064425770308123,0.91484593837535,0.8654858415875523,0.8888150264213601,0.2348290425215284
Wine quality (Low),MDS,3,2,leaf8,hier_leaf,flat,35,17,0.8220354808590103,0.823342670401494,0.7708295375022964,0.8067833345103879,0.402262645044512
Wine quality (Low),MDS,3,2,leaf9,hier_leaf,hier,107,20,0.8983018752672408,0.9240669476513348,0.8547401306827426,0.8935426576261419,0.2481296560312796
Wine quality (Low),MDS,3,2,leaf9,hier_leaf,flat,107,20,0.8344450552806792,0.863997312320567,0.7934847008896287,0.8249275310326571,0.355684220102605
Wine quality (Low),MDS,3,2,leaf10,hier_leaf,hier,38,18,0.9284321915900863,0.9285714285714285,0.8505784803312323,0.8776420981119144,0.19986038210419835
Wine quality (Low),MDS,3,2,leaf10,hier_leaf,flat,38,18,0.8362573099415206,0.8586744639376219,0.7457134057037144,0.7836007818468748,0.38324896359669924
Wine quality (Low),MDS,3,2,leaf11,hier_leaf,hier,30,14,0.946218487394958,0.9537815126050421,0.8883178037199537,0.9035907746400299,0.1697065494605319
Wine quality (Low),MDS,3,2,leaf11,hier_leaf,flat,30,14,0.8792717086834735,0.9280112044817928,0.7752546161176829,0.8404332025102274,0.32420101966063225
Wine quality (Low),MDS,3,2,leaf12,hier_leaf,hier,31,15,0.9653225806451613,0.9669354838709678,0.8920801951228262,0.9092901866178174,0.13582403531482656
Wine quality (Low),MDS,3,2,leaf12,hier_leaf,flat,31,15,0.8637096774193549,0.8889784946236557,0.7435229713822502,0.8103716069289079,0.3678433680298424
Wine quality (Low),MDS,3,2,leaf13,hier_leaf,hier,39,19,0.8873144399460188,0.8821862348178136,0.8099802104211399,0.8275482269037425,0.24592293930931275
Wine quality (Low),MDS,3,2,leaf13,hier_leaf,flat,39,19,0.8159244264507421,0.8129554655870446,0.6854188760096803,0.7366071325767323,0.41286361337961336
Wine quality (Low),MDS,3,2,leaf14,hier_leaf,hier,18,8,0.9444444444444444,0.9444444444444444,0.8972546050409564,0.9171185415298052,0.14123682075879349
Wine quality (Low),MDS,3,2,leaf14,hier_leaf,flat,18,8,0.8459595959595959,0.8484848484848485,0.7746230046059688,0.8094442774270413,0.30740434629432833
Wine quality (Low),MDS,3,2,leaf15,hier_leaf,hier,45,20,0.9222222222222223,0.9257471264367818,0.8382779950258541,0.8712009739586802,0.2402729888745774
Wine quality (Low),MDS,3,2,leaf15,hier_leaf,flat,45,20,0.7383141762452108,0.7537164750957855,0.6979445134446164,0.7364484012092506,0.43291016547969086
Wine quality (Low),MDS,3,2,leaf16,hier_leaf,hier,21,10,0.8961038961038961,0.9220779220779223,0.8636953558012299,0.8836390372262206,0.2050738905285799
Wine quality (Low),MDS,3,2,leaf16,hier_leaf,flat,21,10,0.8043290043290043,0.8536796536796536,0.715546971409521,0.7829646941557784,0.44539447983235186
Wine quality (Low),MDS,3,2,leaf17,hier_leaf,hier,17,8,0.9264705882352943,0.9248366013071895,0.8863923525582939,0.9022309292560591,0.18857517475342683
Wine quality (Low),MDS,3,2,leaf17,hier_leaf,flat,17,8,0.7499999999999999,0.7630718954248367,0.6582815378266733,0.7471358254736045,0.4402659979741087
Wine quality (Low),MDS,3,2,leaf18,hier_leaf,hier,74,20,0.9015222118670394,0.9220410065237651,0.8437367092647383,0.8825732566720546,0.2543789415540491
Wine quality (Low),MDS,3,2,leaf18,hier_leaf,flat,74,20,0.7518949984467225,0.810282696489593,0.6759393869498367,0.7917528637232728,0.4964533024295897
Wine quality (Low),MDS,3,2,class0,gt_class,hier,757,20,0.850953386652314,0.9147268758392648,0.8438153133868523,0.9152290155282827,0.24068587353890802
Wine quality (Low),MDS,3,2,class0,gt_class,flat,757,20,0.8320124808963553,0.9113334503114314,0.8247692164509386,0.9152170716883481,0.2678567279411444
Wine quality (Low),MDS,3,2,class1,gt_class,hier,243,20,0.9224139433551197,0.9493759380295329,0.8979344705576263,0.937291713968599,0.17322591953579156
Wine quality (Low),MDS,3,2,class1,gt_class,flat,243,20,0.8623374485596708,0.9054466230936818,0.8407434649180502,0.9011529438317635,0.3139855521284794
Wine quality (Low),MDS,4,2,leaf0,hier_leaf,hier,85,20,0.9245331894225579,0.9428170534268754,0.8823512703810048,0.9126016656309306,0.17266281662002567
Wine quality (Low),MDS,4,2,leaf0,hier_leaf,flat,85,20,0.8432379924446843,0.8641554236373449,0.7796700320138058,0.8280345989520264,0.3375904614305678
Wine quality (Low),MDS,4,2,leaf1,hier_leaf,hier,157,20,0.8931900002517561,0.9356259912892424,0.862216754098372,0.9197650277920411,0.22723379379678768
Wine quality (Low),MDS,4,2,leaf1,hier_leaf,flat,157,20,0.863404748118124,0.9060421439540797,0.8374302806830095,0.8941265038146264,0.360386529744601
Wine quality (Low),MDS,4,2,leaf2,hier_leaf,hier,19,9,0.9614035087719299,0.9590643274853801,0.9192931928669649,0.9255172749813227,0.1442355639719345
Wine quality (Low),MDS,4,2,leaf2,hier_leaf,flat,19,9,0.776608187134503,0.7719298245614034,0.7313753938435885,0.7732852239630139,0.485629412314747
Wine quality (Low),MDS,4,2,leaf3,hier_leaf,hier,30,14,0.9330532212885154,0.9481792717086834,0.8784840341592409,0.8950939575313017,0.17910466005589282
Wine quality (Low),MDS,4,2,leaf3,hier_leaf,flat,30,14,0.6876750700280113,0.7086834733893558,0.6739059064982574,0.7256579461724014,0.5439879654866664
Wine quality (Low),MDS,4,2,leaf4,hier_leaf,hier,18,8,0.9393939393939394,0.9457070707070707,0.9255751893791777,0.9279858072322248,0.1677502349375432
Wine quality (Low),MDS,4,2,leaf4,hier_leaf,flat,18,8,0.7941919191919191,0.8219696969696969,0.7818418679226375,0.8189568464145075,0.45470552539650305
Wine quality (Low),MDS,4,2,leaf5,hier_leaf,hier,25,12,0.8666666666666667,0.8774358974358976,0.8596637870354223,0.874829596007296,0.2262694053326154
Wine quality (Low),MDS,4,2,leaf5,hier_leaf,flat,25,12,0.86,0.8635897435897435,0.7573401066401233,0.8145061625466344,0.3645696814678808
Wine quality (Low),MDS,4,2,leaf6,hier_leaf,hier,36,17,0.9184640522875817,0.9366013071895423,0.8675830354921547,0.8928186981795024,0.22714613086869626
Wine quality (Low),MDS,4,2,leaf6,hier_leaf,flat,36,17,0.8176470588235293,0.8196078431372549,0.7370213287794946,0.7979399003009111,0.43218049086321014
Wine quality (Low),MDS,4,2,leaf7,hier_leaf,hier,42,20,0.9079710144927534,0.9222567287784681,0.8493753027992211,0.8646077065547454,0.23224604972865148
Wine quality (Low),MDS,4,2,leaf7,hier_leaf,flat,42,20,0.7522774327122153,0.7761904761904762,0.6890587994652048,0.7471388079166907,0.4573400773515039
Wine quality (Low),MDS,4,2,leaf8,hier_leaf,hier,35,17,0.9258636788048552,0.9295985060690942,0.8437234818677332,0.8782592668601764,0.20828754677479758
Wine quality (Low),MDS,4,2,leaf8,hier_leaf,flat,35,17,0.7473389355742297,0.7747899159663867,0.6543371968781635,0.7071212340676222,0.4345469145940697
Wine quality (Low),MDS,4,2,leaf9,hier_leaf,hier,60,20,0.8882203389830508,0.9224858757062148,0.8348148602146435,0.867687570904623,0.25238363379138495
Wine quality (Low),MDS,4,2,leaf9,hier_leaf,flat,60,20,0.8387570621468927,0.8862146892655365,0.7724062130058378,0.8311055392247245,0.366512403521297
Wine quality (Low),MDS,4,2,leaf10,hier_leaf,hier,16,7,0.9571428571428571,0.9535714285714285,0.8757767355339191,0.8960757539776775,0.14032049607610947
Wine quality (Low),MDS,4,2,leaf10,hier_leaf,flat,16,7,0.9071428571428571,0.9285714285714286,0.7977519195757143,0.8271194490619805,0.3556836752417955
Wine quality (Low),MDS,4,2,leaf11,hier_leaf,hier,36,17,0.9679738562091504,0.9671568627450983,0.8747485981208505,0.8992563532092172,0.14803032506053726
Wine quality (Low),MDS,4,2,leaf11,hier_leaf,flat,36,17,0.8380718954248366,0.8676470588235293,0.703676872341779,0.7902994996238599,0.4121312084032517
Wine quality (Low),MDS,4,2,leaf12,hier_leaf,hier,31,15,0.9658602150537634,0.964247311827957,0.876125127885805,0.8961073736164697,0.18351992511091023
Wine quality (Low),MDS,4,2,leaf12,hier_leaf,flat,31,15,0.8543010752688172,0.8575268817204302,0.783661741592456,0.787036501319236,0.3723522718042574
Wine quality (Low),MDS,4,2,leaf13,hier_leaf,hier,28,13,0.9089972527472528,0.8949175824175823,0.8414887660185382,0.8514800166576616,0.1817151345135835
Wine quality (Low),MDS,4,2,leaf13,hier_leaf,flat,28,13,0.8004807692307693,0.7771291208791208,0.6793899268247081,0.6977595873845971,0.33488245911005277
Wine quality (Low),MDS,4,2,leaf14,hier_leaf,hier,22,10,0.941958041958042,0.9321678321678323,0.8847328203577628,0.8820115568019024,0.18367086744020827
Wine quality (Low),MDS,4,2,leaf14,hier_leaf,flat,22,10,0.8370629370629371,0.8531468531468532,0.7395393577878938,0.8010362583806615,0.350421895933412
Wine quality (Low),MDS,4,2,leaf15,hier_leaf,hier,49,20,0.9388858246001102,0.951130722559294,0.848736519547162,0.8796999051400889,0.19758485529515218
Wine quality (Low),MDS,4,2,leaf15,hier_leaf,flat,49,20,0.8520132377275234,0.856811913954771,0.7374646298408104,0.8167778554217485,0.35880149295445035
Wine quality (Low),MDS,4,2,leaf16,hier_leaf,hier,46,20,0.8845021037868163,0.900350631136045,0.8266114820917024,0.8674227861600403,0.2508879960991641
Wine quality (Low),MDS,4,2,leaf16,hier_leaf,flat,46,20,0.7918653576437586,0.8124824684431976,0.685278591234035,0.775010907684104,0.45192444241453655
Wine quality (Low),MDS,4,2,leaf17,hier_leaf,hier,33,16,0.8843582887700536,0.8801247771836007,0.837363428288455,0.8229193118786399,0.24356989205165983
Wine quality (Low),MDS,4,2,leaf17,hier_leaf,flat,33,16,0.7990196078431372,0.8023618538324421,0.6823188684579673,0.7366808928474923,0.42407600083564395
Wine quality (Low),MDS,4,2,leaf18,hier_leaf,hier,22,10,0.8895104895104896,0.893006993006993,0.8559089804743819,0.8765065769581407,0.2196657371442482
Wine quality (Low),MDS,4,2,leaf18,hier_leaf,flat,22,10,0.8321678321678323,0.867832167832168,0.7316996358701074,0.7821892424407442,0.4192911965910998
Wine quality (Low),MDS,4,2,leaf19,hier_leaf,hier,29,14,0.9106732348111659,0.9024630541871921,0.8709060936668847,0.8546580475696193,0.2317330594476219
Wine quality (Low),MDS,4,2,leaf19,hier_leaf,flat,29,14,0.7510673234811167,0.7829228243021347,0.7098394006048939,0.7610481183707012,0.48449581333934394
Wine quality (Low),MDS,4,2,leaf20,hier_leaf,hier,16,7,0.9660714285714286,0.9642857142857142,0.8956008074091665,0.8957343861315603,0.16249838771871666
Wine quality (Low),MDS,4,2,leaf20,hier_leaf,flat,16,7,0.7732142857142856,0.7678571428571428,0.7406000158315522,0.753012942293992,0.563937104653568
Wine quality (Low),MDS,4,2,class0,gt_class,hier,757,20,0.8573445729284193,0.9218469326433444,0.8498501463101019,0.9233395720180804,0.23467016084470213
Wine quality (Low),MDS,4,2,class0,gt_class,flat,757,20,0.8350923384497614,0.9143876696599118,0.8248565271642028,0.9206961846182932,0.2679248630839859
Wine quality (Low),MDS,4,2,class1,gt_class,hier,243,20,0.9215463568143306,0.9466550472040668,0.8962311126083402,0.9317063680970599,0.1759208063411138
Wine quality (Low),MDS,4,2,class1,gt_class,flat,243,20,0.8446109900750424,0.8936131687242799,0.8212724035609534,0.8933643646125274,0.3310173187402136
Breast cancer (Low),UMAP,0,2,leaf0,hier_leaf,hier,23,11,0.7180500658761528,0.7417654808959157,0.7516186301027973,0.7720169241634306,0.6523907237465983
Breast cancer (Low),UMAP,0,2,leaf0,hier_leaf,flat,23,11,0.7015810276679844,0.7226613965744401,0.6568546752249508,0.6944498925988541,0.9255432117141551
Breast cancer (Low),UMAP,0,2,leaf1,hier_leaf,hier,73,20,0.8536502820306204,0.9126833199033038,0.8491874618897245,0.8965523513112024,0.7105627292543746
Breast cancer (Low),UMAP,0,2,leaf1,hier_leaf,flat,73,20,0.837211925866237,0.9017244157937148,0.818360247110997,0.8810876421972174,0.8752075224397718
Breast cancer (Low),UMAP,0,2,leaf2,hier_leaf,hier,61,20,0.8148347218489653,0.8209352324643912,0.8293914051177674,0.8439890045483067,0.6661866023703072
Breast cancer (Low),UMAP,0,2,leaf2,hier_leaf,flat,61,20,0.7413329750067187,0.782504703036818,0.7334316974928421,0.7984948558907334,0.8728146055496292
Breast cancer (Low),UMAP,0,2,leaf3,hier_leaf,hier,48,20,0.7630357142857142,0.8093452380952382,0.8217256804127867,0.8542394901123633,0.49840847735231697
Breast cancer (Low),UMAP,0,2,leaf3,hier_leaf,flat,48,20,0.7814285714285715,0.80875,0.7890181656143129,0.8319406688774181,0.7666593596451522
Breast cancer (Low),UMAP,0,2,leaf4,hier_leaf,hier,32,15,0.7986111111111112,0.837037037037037,0.783974743030176,0.8491770966768648,0.7667968409286147
Breast cancer (Low),UMAP,0,2,leaf4,hier_leaf,flat,32,15,0.6597222222222222,0.6891203703703703,0.7195905606778079,0.7397055205085967,0.9103852470529503
Breast cancer (Low),UMAP,0,2,leaf5,hier_leaf,hier,42,20,0.8727743271221532,0.8654244306418222,0.8629747971734462,0.8690120609346875,0.45603197845386
Breast cancer (Low),UMAP,0,2,leaf5,hier_leaf,flat,42,20,0.7239130434782609,0.6983436853002071,0.7502167102700807,0.7778046344056794,0.7737996188479671
Breast cancer (Low),UMAP,0,2,leaf6,hier_leaf,hier,19,9,0.767251461988304,0.7766081871345029,0.7521530116177091,0.7759249233967453,0.5976292860706842
Breast cancer (Low),UMAP,0,2,leaf6,hier_leaf,flat,19,9,0.6853801169590643,0.6842105263157895,0.7151750235494104,0.7348276832793773,0.8885595887920267
Breast cancer (Low),UMAP,0,2,leaf7,hier_leaf,hier,23,11,0.7859025032938077,0.83399209486166,0.770882692990823,0.7888908734257423,0.4894528102320514
Breast cancer (Low),UMAP,0,2,leaf7,hier_leaf,flat,23,11,0.6765480895915679,0.7444005270092227,0.6866520299823332,0.7456243758963043,0.8504202729177089
Breast cancer (Low),UMAP,0,2,leaf8,hier_leaf,hier,109,20,0.8658213054403086,0.8970431835446735,0.8784455473285138,0.9098430978337869,0.3986311843071078
Breast cancer (Low),UMAP,0,2,leaf8,hier_leaf,flat,109,20,0.8339332671068779,0.8789224566119325,0.8261539122671628,0.8847809155932798,0.6366061546844715
Breast cancer (Low),UMAP,0,2,class0,gt_class,hier,212,20,0.8849849264514789,0.9182324964915016,0.8911311635241447,0.9279949134871642,0.6443397654052297
Breast cancer (Low),UMAP,0,2,class0,gt_class,flat,212,20,0.8844898383491867,0.9006120380477157,0.8835557591421165,0.9133048987722195,0.7201880142564795
Breast cancer (Low),UMAP,0,2,class1,gt_class,hier,357,20,0.8838191325534809,0.8991214862667886,0.9003400076442452,0.9206892398861001,0.5456834806732139
Breast cancer (Low),UMAP,0,2,class1,gt_class,flat,357,20,0.8715636943904668,0.8943467126513699,0.8866824989263605,0.9166573073699741,0.615988353662147
Breast cancer (Low),UMAP,1,2,leaf0,hier_leaf,hier,40,19,0.7568181818181818,0.7648325358851674,0.80353148916488,0.8305738665487995,0.5520359989880761
Breast cancer (Low),UMAP,1,2,leaf0,hier_leaf,flat,40,19,0.7021531100478469,0.7196172248803828,0.7693181642465027,0.7817974860039623,0.8674324727059123
Breast cancer (Low),UMAP,1,2,leaf1,hier_leaf,hier,20,9,0.737037037037037,0.7574074074074074,0.7509252604241536,0.8256701070446291,0.7517474157660162
Breast cancer (Low),UMAP,1,2,leaf1,hier_leaf,flat,20,9,0.662037037037037,0.6962962962962964,0.7152502659345081,0.736671170782662,0.9097659645465372
Breast cancer (Low),UMAP,1,2,leaf2,hier_leaf,hier,251,20,0.9066202310937653,0.902372369930708,0.9139211708500371,0.9219308233712789,0.44674940053659257
Breast cancer (Low),UMAP,1,2,leaf2,hier_leaf,flat,251,20,0.8501449982383391,0.8853384647351636,0.8659732346105427,0.9063706257227006,0.5786913835266272
Breast cancer (Low),UMAP,1,2,leaf3,hier_leaf,hier,61,20,0.8073367374361732,0.8366568126847621,0.8272520041283452,0.8434313909079593,0.6638082030309715
Breast cancer (Low),UMAP,1,2,leaf3,hier_leaf,flat,61,20,0.7365224402042463,0.7771835528083849,0.7473795699061665,0.796987951334659,0.8703549377569274
Breast cancer (Low),UMAP,1,2,leaf4,hier_leaf,hier,22,10,0.7202797202797203,0.7188811188811189,0.7472926359851119,0.7543924453519555,0.6528614192323643
Breast cancer (Low),UMAP,1,2,leaf4,hier_leaf,flat,22,10,0.6671328671328671,0.6811188811188811,0.6589456303270466,0.6956834499498474,0.9385122171834716
Breast cancer (Low),UMAP,1,2,leaf5,hier_leaf,hier,24,11,0.804112554112554,0.8208874458874459,0.7960609365885896,0.818452539502181,0.5462653029043006
Breast cancer (Low),UMAP,1,2,leaf5,hier_leaf,flat,24,11,0.7673160173160172,0.8176406926406926,0.7461352262011932,0.7842112938193514,0.8453487928360379
Breast cancer (Low),UMAP,1,2,leaf6,hier_leaf,hier,23,11,0.7891963109354413,0.8208168642951251,0.7260927423374298,0.811052442981439,0.754230994428202
Breast cancer (Low),UMAP,1,2,leaf6,hier_leaf,flat,23,11,0.7786561264822133,0.8241106719367588,0.6973997264073577,0.7731731551078375,0.9211815939869225
Breast cancer (Low),UMAP,1,2,class0,gt_class,hier,212,20,0.8838907947398513,0.9174294401995946,0.8879757171198617,0.9276762966207657,0.6389688925545939
Breast cancer (Low),UMAP,1,2,class0,gt_class,flat,212,20,0.8829357035188938,0.9004249181350382,0.8836301569307591,0.9128753714110815,0.7248812425277381
Breast cancer (Low),UMAP,1,2,class1,gt_class,hier,357,20,0.8909690675657705,0.8971070817300887,0.903650861863371,0.9208456048633633,0.5364326977679171
Breast cancer (Low),UMAP,1,2,class1,gt_class,flat,357,20,0.8554501739440034,0.8951660296584177,0.8773910069033888,0.9176379972360501,0.6172326001620697
Breast cancer (Low),UMAP,2,2,leaf0,hier_leaf,hier,20,9,0.6333333333333333,0.6888888888888889,0.7037020000191664,0.7504504115995362,0.7594058380744562
Breast cancer (Low),UMAP,2,2,leaf0,hier_leaf,flat,20,9,0.6444444444444445,0.687962962962963,0.6585170916827185,0.7378187620389272,0.9057520056457505
Breast cancer (Low),UMAP,2,2,leaf1,hier_leaf,hier,259,20,0.8972449160632967,0.8976783285317202,0.9078039543409319,0.9195640691187367,0.4462469607036568
Breast cancer (Low),UMAP,2,2,leaf1,hier_leaf,flat,259,20,0.8590970151145205,0.8873381039683009,0.8670590827411245,0.9085682376592559,0.5765325474547596
Breast cancer (Low),UMAP,2,2,leaf2,hier_leaf,hier,17,8,0.7941176470588236,0.815359477124183,0.7767603027325055,0.7924329636389161,0.5840284915740169
Breast cancer (Low),UMAP,2,2,leaf2,hier_leaf,flat,17,8,0.7696078431372549,0.7924836601307188,0.717390102059483,0.7337902398972174,0.9225352068560949
Breast cancer (Low),UMAP,2,2,leaf3,hier_leaf,hier,22,10,0.7902097902097903,0.8006993006993007,0.7667413306849314,0.8025617806035524,0.5216074381426394
Breast cancer (Low),UMAP,2,2,leaf3,hier_leaf,flat,22,10,0.6293706293706293,0.6797202797202797,0.6419535366905992,0.6872622321672697,0.8518605599127611
Breast cancer (Low),UMAP,2,2,leaf4,hier_leaf,hier,59,20,0.7714243235206663,0.7917633065715136,0.8115741388810092,0.824563522616044,0.6675997899866329
Breast cancer (Low),UMAP,2,2,leaf4,hier_leaf,flat,59,20,0.744454356229557,0.7856080880166518,0.7453445873582051,0.7930939097793137,0.8747605223889537
Breast cancer (Low),UMAP,2,2,leaf5,hier_leaf,hier,28,13,0.7805631868131867,0.8217719780219781,0.8027432663566654,0.820332443986482,0.7348180483590233
Breast cancer (Low),UMAP,2,2,leaf5,hier_leaf,flat,28,13,0.673076923076923,0.7269917582417582,0.7023610427994952,0.7625058336206058,0.9274342128142605
Breast cancer (Low),UMAP,2,2,leaf6,hier_leaf,hier,17,8,0.7973856209150327,0.7892156862745097,0.792956236519342,0.8003820317452215,0.5572945950247116
Breast cancer (Low),UMAP,2,2,leaf6,hier_leaf,flat,17,8,0.5947712418300654,0.6830065359477124,0.659740745940381,0.707224569150724,0.8813766988810957
Breast cancer (Low),UMAP,2,2,leaf7,hier_leaf,hier,28,13,0.6902472527472527,0.7730082417582418,0.7283577442032259,0.7816226863907519,0.6556311628213207
Breast cancer (Low),UMAP,2,2,leaf7,hier_leaf,flat,28,13,0.7283653846153847,0.7441620879120878,0.6957060041744484,0.7181217360615476,0.9169452624703569
Breast cancer (Low),UMAP,2,2,class0,gt_class,hier,212,20,0.888962524039711,0.9155374499714123,0.893373296363726,0.9255071109081136,0.637322288580831
Breast cancer (Low),UMAP,2,2,class0,gt_class,flat,212,20,0.8809293622329644,0.9052055720151776,0.885815153119013,0.9155128421177716,0.7254426802693954
Breast cancer (Low),UMAP,2,2,class1,gt_class,hier,357,20,0.88220366247571,0.9027333444863398,0.8967877177001762,0.9235077060904514,0.5394512911329343
Breast cancer (Low),UMAP,2,2,class1,gt_class,flat,357,20,0.8591469665967459,0.8948721908365183,0.8771312450734887,0.9165757029717139,0.6122443793471258
Breast cancer (Low),UMAP,3,2,leaf0,hier_leaf,hier,39,19,0.7556005398110661,0.7897435897435897,0.8156790957755531,0.8385712132751669,0.4921233022225331
Breast cancer (Low),UMAP,3,2,leaf0,hier_leaf,flat,39,19,0.6186234817813766,0.6844804318488528,0.7322749655609759,0.7782504323888114,0.8233051901796903
Breast cancer (Low),UMAP,3,2,leaf1,hier_leaf,hier,28,13,0.7651098901098902,0.8128434065934067,0.7951359769589966,0.825182321951039,0.789979986841583
Breast cancer (Low),UMAP,3,2,leaf1,hier_leaf,flat,28,13,0.7458791208791207,0.7651098901098902,0.7255116428205345,0.7870176866104153,0.9236813790300843
Breast cancer (Low),UMAP,3,2,leaf2,hier_leaf,hier,41,20,0.8385598141695704,0.8481997677119627,0.8570758231725698,0.8644329748468639,0.4927496424040454
Breast cancer (Low),UMAP,3,2,leaf2,hier_leaf,flat,41,20,0.7685249709639954,0.7449477351916375,0.7828560409286187,0.7916686627053672,0.7608970085531049
Breast cancer (Low),UMAP,3,2,leaf3,hier_leaf,hier,25,12,0.8569230769230769,0.8502564102564102,0.8062040163791491,0.8279379303058808,0.5273415656680743
Breast cancer (Low),UMAP,3,2,leaf3,hier_leaf,flat,25,12,0.8261538461538461,0.7861538461538463,0.750504243075329,0.7752922038661819,0.7913876655357418
Breast cancer (Low),UMAP,3,2,leaf4,hier_leaf,hier,47,20,0.788007736943907,0.8163120567375886,0.8210988491124457,0.8640146493319383,0.5295683837626626
Breast cancer (Low),UMAP,3,2,leaf4,hier_leaf,flat,47,20,0.737846550612508,0.7714377820760799,0.728054015687027,0.801354345570555,0.825713654968484
Breast cancer (Low),UMAP,3,2,leaf5,hier_leaf,hier,26,12,0.7952991452991451,0.8076923076923077,0.8003074394384408,0.7989030357352802,0.45665677598326715
Breast cancer (Low),UMAP,3,2,leaf5,hier_leaf,flat,26,12,0.6196581196581197,0.644017094017094,0.6170264785389988,0.68426461207615,0.8512164572754524
Breast cancer (Low),UMAP,3,2,leaf6,hier_leaf,hier,39,19,0.8543859649122808,0.8634278002699056,0.824922827680181,0.8265071722047842,0.35922938281542216
Breast cancer (Low),UMAP,3,2,leaf6,hier_leaf,flat,39,19,0.7677462887989203,0.7597840755735493,0.7513567626616214,0.765276603905391,0.7420963993173633
Breast cancer (Low),UMAP,3,2,leaf7,hier_leaf,hier,59,20,0.8042818911685995,0.8236098721379721,0.8215025765845627,0.8287400107523806,0.6597291459500259
Breast cancer (Low),UMAP,3,2,leaf7,hier_leaf,flat,59,20,0.7442164733868569,0.7833482010110021,0.7457398968043775,0.7955589654328772,0.8754878829799371
Breast cancer (Low),UMAP,3,2,leaf8,hier_leaf,hier,25,12,0.7938461538461539,0.777948717948718,0.7794443461514473,0.7792840168373784,0.7558478795129452
Breast cancer (Low),UMAP,3,2,leaf8,hier_leaf,flat,25,12,0.6082051282051283,0.5784615384615384,0.6217004377361949,0.6706231535589774,0.9442812079892224
Breast cancer (Low),UMAP,3,2,leaf9,hier_leaf,hier,36,17,0.7413398692810458,0.7447712418300653,0.7961668429996764,0.8258520336564885,0.5858874306089462
Breast cancer (Low),UMAP,3,2,leaf9,hier_leaf,flat,36,17,0.7856209150326797,0.8093137254901961,0.7493270055573916,0.8003749139447608,0.8263769885403607
Breast cancer (Low),UMAP,3,2,leaf10,hier_leaf,hier,22,10,0.674125874125874,0.7587412587412588,0.6840558175100706,0.754938145138626,0.6680903492157038
Breast cancer (Low),UMAP,3,2,leaf10,hier_leaf,flat,22,10,0.6741258741258741,0.6573426573426574,0.6237401874952876,0.6760839547507107,0.9364166223195906
Breast cancer (Low),UMAP,3,2,class0,gt_class,hier,212,20,0.8838037320027028,0.9190537449971412,0.890032806205826,0.9275754073819482,0.6491930975129474
Breast cancer (Low),UMAP,3,2,class0,gt_class,flat,212,20,0.8810099277509225,0.9027912053641044,0.8792389281426595,0.9145999119833119,0.7221472495971509
Breast cancer (Low),UMAP,3,2,class1,gt_class,hier,357,20,0.8768412112164928,0.9015635657019317,0.898160782084271,0.9228814214479664,0.53723659085888
Breast cancer (Low),UMAP,3,2,class1,gt_class,flat,357,20,0.8624448247905595,0.8922117698534238,0.8846401837265951,0.915546583263878,0.606923782463435
Breast cancer (Low),UMAP,4,2,leaf0,hier_leaf,hier,54,20,0.8053191489361702,0.8492907801418441,0.8494145694146517,0.8718312155385097,0.5408421972147098
Breast cancer (Low),UMAP,4,2,leaf0,hier_leaf,flat,54,20,0.7505122143420018,0.7768715524034673,0.7762548056997873,0.8191793924289986,0.8021790294676213
Breast cancer (Low),UMAP,4,2,leaf1,hier_leaf,hier,34,16,0.8014705882352942,0.8602941176470588,0.8100160466636004,0.8641920038408558,0.7600112119794021
Breast cancer (Low),UMAP,4,2,leaf1,hier_leaf,flat,34,16,0.6580882352941175,0.7122678018575852,0.7458010954485162,0.7863458008378094,0.9016946546117253
Breast cancer (Low),UMAP,4,2,leaf2,hier_leaf,hier,238,20,0.8894725118963249,0.8915713273261111,0.9061620213123638,0.9152932183302294,0.42975246203511697
Breast cancer (Low),UMAP,4,2,leaf2,hier_leaf,flat,238,20,0.8626759137389896,0.887137794876987,0.87692819369144,0.9087840527214454,0.5752805355167103
Breast cancer (Low),UMAP,4,2,leaf3,hier_leaf,hier,55,20,0.7899814471243044,0.7992578849721708,0.8038256733327888,0.8236021879995862,0.6666951297234436
Breast cancer (Low),UMAP,4,2,leaf3,hier_leaf,flat,55,20,0.7058627087198514,0.767161410018553,0.731380094123233,0.7795116273120829,0.8823620326936281
Breast cancer (Low),UMAP,4,2,leaf4,hier_leaf,hier,45,20,0.7771647509578543,0.7973946360153256,0.7908982406052941,0.8279953161725923,0.7673257905321734
Breast cancer (Low),UMAP,4,2,leaf4,hier_leaf,flat,45,20,0.7324904214559388,0.7811494252873564,0.7130784474075066,0.8071512386766967,0.921177498178226
Breast cancer (Low),UMAP,4,2,leaf5,hier_leaf,hier,34,16,0.7976006191950464,0.8432662538699691,0.8147774840507784,0.8474694350756113,0.5749944041503373
Breast cancer (Low),UMAP,4,2,leaf5,hier_leaf,flat,34,16,0.765092879256966,0.7859907120743033,0.7222140429544004,0.7797358158841714,0.8437178022828561
Breast cancer (Low),UMAP,4,2,leaf6,hier_leaf,hier,26,12,0.7012820512820513,0.7217948717948719,0.6668316722079288,0.7169087653032196,0.6646618732360406
Breast cancer (Low),UMAP,4,2,leaf6,hier_leaf,flat,26,12,0.6542735042735044,0.6722222222222223,0.6360976611868582,0.700033316730666,0.9234700852202952
Breast cancer (Low),UMAP,4,2,class0,gt_class,hier,212,20,0.8825627631373771,0.9183572430999533,0.8892848002895732,0.9266952723255203,0.6358203839921134
Breast cancer (Low),UMAP,4,2,class0,gt_class,flat,212,20,0.8821235511201206,0.9028691719943863,0.8776020526808183,0.9144311107357042,0.7199089288696633
Breast cancer (Low),UMAP,4,2,class1,gt_class,hier,357,20,0.8877522831490943,0.899452644763878,0.902930327287646,0.9219296657430647,0.5418329433880581
Breast cancer (Low),UMAP,4,2,class1,gt_class,flat,357,20,0.8650203113404626,0.8939739448612523,0.8878015322940512,0.9171656027686212,0.6105716066994239
Breast cancer (Low),t-SNE,0,2,leaf0,hier_leaf,hier,19,9,0.5391812865497077,0.5415204678362574,0.5265204257300319,0.4803906495306358,34.06521827597487
Breast cancer (Low),t-SNE,0,2,leaf0,hier_leaf,flat,19,9,0.6444444444444444,0.623391812865497,0.773964637988718,0.6995761106118517,3.959123195452595
Breast cancer (Low),t-SNE,0,2,leaf1,hier_leaf,hier,16,7,0.5839285714285714,0.5446428571428572,0.5649835747645058,0.5080641969445104,57.09510621472282
Breast cancer (Low),t-SNE,0,2,leaf1,hier_leaf,flat,16,7,0.9160714285714286,0.9035714285714286,0.8881500831156495,0.8663767513654714,0.24733394875539688
Breast cancer (Low),t-SNE,0,2,leaf2,hier_leaf,hier,38,18,0.7493734335839599,0.7777777777777779,0.7255772224268853,0.6986487271553344,73.13276817877527
Breast cancer (Low),t-SNE,0,2,leaf2,hier_leaf,flat,38,18,0.8476747424115845,0.8603453077137289,0.8507299263211261,0.8623320464454277,1.305752885804979
Breast cancer (Low),t-SNE,0,2,leaf3,hier_leaf,hier,19,9,0.4865497076023391,0.4900584795321637,0.5165571303283926,0.5291211468292207,21.0301389932066
Breast cancer (Low),t-SNE,0,2,leaf3,hier_leaf,flat,19,9,0.7111111111111112,0.7251461988304094,0.8427554434326922,0.8580062581881571,0.6428558813413601
Breast cancer (Low),t-SNE,0,2,leaf4,hier_leaf,hier,17,8,0.6045751633986928,0.5490196078431373,0.5133966365891116,0.5373587056866574,178.13862162950258
Breast cancer (Low),t-SNE,0,2,leaf4,hier_leaf,flat,17,8,0.7369281045751634,0.7303921568627451,0.821438447368533,0.7700364589315875,2.0847820657300176
Breast cancer (Low),t-SNE,0,2,leaf5,hier_leaf,hier,33,16,0.5880124777183601,0.5227272727272727,0.6802412716479145,0.5930890063798905,25.83455590224881
Breast cancer (Low),t-SNE,0,2,leaf5,hier_leaf,flat,33,16,0.7248217468805704,0.6434937611408199,0.8449245404895396,0.8155366475217812,1.5155463556570519
Breast cancer (Low),t-SNE,0,2,leaf6,hier_leaf,hier,43,20,0.7917209302325581,0.8070697674418604,0.7663582671818052,0.7677811210764268,55.28800677967711
Breast cancer (Low),t-SNE,0,2,leaf6,hier_leaf,flat,43,20,0.8445581395348836,0.833953488372093,0.8335864551349234,0.8199569794847711,1.7860490478551443
Breast cancer (Low),t-SNE,0,2,leaf7,hier_leaf,hier,24,11,0.5665584415584415,0.586038961038961,0.5198111627729244,0.4975772145553694,50.52253034953998
Breast cancer (Low),t-SNE,0,2,leaf7,hier_leaf,flat,24,11,0.7840909090909092,0.7391774891774893,0.8089914314068608,0.7869147726187143,0.44573032726567496
Breast cancer (Low),t-SNE,0,2,leaf8,hier_leaf,hier,22,10,0.5160839160839161,0.5062937062937063,0.4971286975635057,0.4982467537907667,42.24732301218454
Breast cancer (Low),t-SNE,0,2,leaf8,hier_leaf,flat,22,10,0.7594405594405593,0.7965034965034966,0.8111756879130353,0.8340524283069293,1.0569989115168437
Breast cancer (Low),t-SNE,0,2,leaf9,hier_leaf,hier,15,7,0.42380952380952386,0.41428571428571437,0.3969334719334719,0.39729729729729724,125.60560008935963
Breast cancer (Low),t-SNE,0,2,leaf9,hier_leaf,flat,15,7,0.8023809523809524,0.8142857142857143,0.7841302841302842,0.8092919842919843,0.3565557259842453
Breast cancer (Low),t-SNE,0,2,leaf10,hier_leaf,hier,18,8,0.5542929292929292,0.5277777777777778,0.5034758177357636,0.45437641268886886,58.084926772944605
Breast cancer (Low),t-SNE,0,2,leaf10,hier_leaf,flat,18,8,0.8030303030303031,0.7815656565656567,0.7991337364019997,0.7940768205824825,0.4067368908404181
Breast cancer (Low),t-SNE,0,2,leaf11,hier_leaf,hier,43,20,0.7911627906976745,0.8140465116279071,0.7991600330042835,0.7741120964700664,11.524387167484976
Breast cancer (Low),t-SNE,0,2,leaf11,hier_leaf,flat,43,20,0.8192558139534882,0.8111627906976745,0.8611542610796432,0.8444643970096135,0.43617699375923746
Breast cancer (Low),t-SNE,0,2,leaf12,hier_leaf,hier,40,19,0.8175837320574162,0.843062200956938,0.7670908267645954,0.768372107024771,36.97067567723999
Breast cancer (Low),t-SNE,0,2,leaf12,hier_leaf,flat,40,19,0.830263157894737,0.8705741626794257,0.8420414507265732,0.8689977526266158,0.4334137811370176
Breast cancer (Low),t-SNE,0,2,leaf13,hier_leaf,hier,23,11,0.5421607378129117,0.4815546772068512,0.5028991535432435,0.41998263509537836,50.52438378703625
Breast cancer (Low),t-SNE,0,2,leaf13,hier_leaf,flat,23,11,0.7977602108036891,0.8181818181818182,0.7965835845906142,0.7901778290028586,0.6054457105203926
Breast cancer (Low),t-SNE,0,2,class0,gt_class,hier,212,20,0.8980820208950571,0.8571599355475856,0.9207963681350956,0.886920317381476,0.6415451119616985
Breast cancer (Low),t-SNE,0,2,class0,gt_class,flat,212,20,0.8988941732938304,0.8774845366183273,0.9236928515427318,0.9027352403134231,1.6317753091771479
Breast cancer (Low),t-SNE,0,2,class1,gt_class,hier,357,20,0.8901810647689398,0.8942643519888813,0.9269283368892336,0.9171895354945785,2.1499005786327325
Breast cancer (Low),t-SNE,0,2,class1,gt_class,flat,357,20,0.8860325753578614,0.8729136371240686,0.9267502688447405,0.900617023620992,2.358057999181808
Breast cancer (Low),t-SNE,1,2,leaf0,hier_leaf,hier,25,12,0.46,0.43948717948717947,0.4887030458241952,0.45058939733947023,10.228774867867955
Breast cancer (Low),t-SNE,1,2,leaf0,hier_leaf,flat,25,12,0.7343589743589745,0.7630769230769231,0.7777466577905969,0.7892118839203548,0.82372485389432
Breast cancer (Low),t-SNE,1,2,leaf1,hier_leaf,hier,33,16,0.6766934046345812,0.6704545454545454,0.6360967150767532,0.5985313379118186,34.97835905068443
Breast cancer (Low),t-SNE,1,2,leaf1,hier_leaf,flat,33,16,0.696301247771836,0.6677807486631017,0.8120077111391526,0.7581952587239474,2.6546173858551834
Breast cancer (Low),t-SNE,1,2,leaf2,hier_leaf,hier,22,10,0.4727272727272727,0.4545454545454545,0.46009727393824645,0.506123033405357,84.30936295281903
Breast cancer (Low),t-SNE,1,2,leaf2,hier_leaf,flat,22,10,0.7328671328671329,0.7846153846153847,0.8103500932602078,0.8115435497371274,3.9446222237928588
Breast cancer (Low),t-SNE,1,2,leaf3,hier_leaf,hier,197,20,0.8954954954954953,0.8877867715431168,0.9168227460934183,0.8968358872022444,1.6132566782801572
Breast cancer (Low),t-SNE,1,2,leaf3,hier_leaf,flat,197,20,0.8915351900123474,0.8909162970076676,0.9173001184325473,0.9040985354210176,2.2397782460498754
Breast cancer (Low),t-SNE,1,2,leaf4,hier_leaf,hier,62,20,0.7958269329237071,0.8129544290834614,0.8124469370792176,0.7983087374048972,10.808131460665365
Breast cancer (Low),t-SNE,1,2,leaf4,hier_leaf,flat,62,20,0.7712237583205324,0.7457501280081924,0.8289216083094814,0.8067411374061993,0.5302174178512257
Breast cancer (Low),t-SNE,1,2,leaf5,hier_leaf,hier,31,15,0.4881720430107527,0.5193548387096775,0.4594217476209185,0.4881624296222695,52.262407110499694
Breast cancer (Low),t-SNE,1,2,leaf5,hier_leaf,flat,31,15,0.7970430107526881,0.8456989247311827,0.8234373183727349,0.8463424911247689,0.8665485569163102
Breast cancer (Low),t-SNE,1,2,leaf6,hier_leaf,hier,21,10,0.4545454545454546,0.46060606060606063,0.49817615245987656,0.4342598427808552,24.41432473643761
Breast cancer (Low),t-SNE,1,2,leaf6,hier_leaf,flat,21,10,0.8086580086580086,0.8199134199134199,0.7816260436413677,0.7764674764906946,0.633825486541317
Breast cancer (Low),t-SNE,1,2,leaf7,hier_leaf,hier,34,16,0.799922600619195,0.8028250773993808,0.7433358505543626,0.7190217952545566,27.93882986931567
Breast cancer (Low),t-SNE,1,2,leaf7,hier_leaf,flat,34,16,0.8177244582043343,0.863970588235294,0.8364117146198888,0.8384666424801033,0.3847202815325071
Breast cancer (Low),t-SNE,1,2,class0,gt_class,hier,212,20,0.8980820208950571,0.8571599355475856,0.9207963681350956,0.886920317381476,0.6415451119616985
Breast cancer (Low),t-SNE,1,2,class0,gt_class,flat,212,20,0.8988941732938304,0.8774845366183273,0.9236928515427318,0.9027352403134231,1.6317753091771479
Breast cancer (Low),t-SNE,1,2,class1,gt_class,hier,357,20,0.8901810647689398,0.8942643519888813,0.9269283368892336,0.9171895354945785,2.1499005786327325
Breast cancer (Low),t-SNE,1,2,class1,gt_class,flat,357,20,0.8860325753578614,0.8729136371240686,0.9267502688447405,0.900617023620992,2.358057999181808
Breast cancer (Low),t-SNE,2,2,leaf0,hier_leaf,hier,27,13,0.5278795278795279,0.5067155067155067,0.48841942402980293,0.4987107456896321,3.485181294163272
Breast cancer (Low),t-SNE,2,2,leaf0,hier_leaf,flat,27,13,0.7932437932437933,0.7570207570207571,0.8218514616321173,0.7887199378945469,3.297307502133941
Breast cancer (Low),t-SNE,2,2,leaf1,hier_leaf,hier,38,18,0.808131439710387,0.825118351434141,0.7810267444009282,0.8050928222818685,38.79308715925495
Breast cancer (Low),t-SNE,2,2,leaf1,hier_leaf,flat,38,18,0.640629351155667,0.5724032302979672,0.8126282333484423,0.7478839141756763,2.9181856754641062
Breast cancer (Low),t-SNE,2,2,leaf2,hier_leaf,hier,224,20,0.8820805647840532,0.8873650332225912,0.9145500339780612,0.9041108508340405,1.6176635838968905
Breast cancer (Low),t-SNE,2,2,leaf2,hier_leaf,flat,224,20,0.8866486710963455,0.8866359819121448,0.9178018816773786,0.9024070367070738,2.3384618618883506
Breast cancer (Low),t-SNE,2,2,leaf3,hier_leaf,hier,59,20,0.8327683615819209,0.8431162652393696,0.8413736188682155,0.8334240257728206,10.061829471210114
Breast cancer (Low),t-SNE,2,2,leaf3,hier_leaf,flat,59,20,0.7671424323520666,0.7389235801367827,0.8300064657878258,0.8035855119960618,0.521492271641136
Breast cancer (Low),t-SNE,2,2,leaf4,hier_leaf,hier,23,11,0.4644268774703557,0.5032938076416338,0.45418749498169037,0.4476995199078048,11.84927564081168
Breast cancer (Low),t-SNE,2,2,leaf4,hier_leaf,flat,23,11,0.8076416337285902,0.8287220026350461,0.7958204908111802,0.7858384361617582,0.5997603991454215
Breast cancer (Low),t-SNE,2,2,leaf5,hier_leaf,hier,84,20,0.9195705384957721,0.9383400089007564,0.9122810398241382,0.9187286483229707,0.49135618585450275
Breast cancer (Low),t-SNE,2,2,leaf5,hier_leaf,flat,84,20,0.9048842901646642,0.9297730307076102,0.90441006779518,0.9154003017547467,0.5882176728871034
Breast cancer (Low),t-SNE,2,2,class0,gt_class,hier,212,20,0.8980820208950571,0.8571599355475856,0.9207963681350956,0.886920317381476,0.6415451119616985
Breast cancer (Low),t-SNE,2,2,class0,gt_class,flat,212,20,0.8988941732938304,0.8774845366183273,0.9236928515427318,0.9027352403134231,1.6317753091771479
Breast cancer (Low),t-SNE,2,2,class1,gt_class,hier,357,20,0.8901810647689398,0.8942643519888813,0.9269283368892336,0.9171895354945785,2.1499005786327325
Breast cancer (Low),t-SNE,2,2,class1,gt_class,flat,357,20,0.8860325753578614,0.8729136371240686,0.9267502688447405,0.900617023620992,2.358057999181808
Breast cancer (Low),t-SNE,3,2,leaf0,hier_leaf,hier,41,20,0.7341463414634146,0.7744483159117305,0.7641352006094956,0.7456793326851384,48.14417301211322
Breast cancer (Low),t-SNE,3,2,leaf0,hier_leaf,flat,41,20,0.6645760743321719,0.6030197444831591,0.8165216440955108,0.7548115432225401,2.4974266622624994
Breast cancer (Low),t-SNE,3,2,leaf1,hier_leaf,hier,30,14,0.4966386554621849,0.52296918767507,0.45064841737763983,0.501760110099844,16.520130175481114
Breast cancer (Low),t-SNE,3,2,leaf1,hier_leaf,flat,30,14,0.7319327731092437,0.7596638655462183,0.8062108390105536,0.8291443408501569,0.6138525500385352
Breast cancer (Low),t-SNE,3,2,leaf2,hier_leaf,hier,230,20,0.8960466383349678,0.8731045003813883,0.923913154987969,0.8961131205629727,1.7527150800397822
Breast cancer (Low),t-SNE,3,2,leaf2,hier_leaf,flat,230,20,0.8877596164323852,0.8900305110602593,0.9172953904973965,0.9070988564224204,2.3754177293740915
Breast cancer (Low),t-SNE,3,2,leaf3,hier_leaf,hier,22,10,0.5447552447552447,0.5335664335664336,0.5100072886908004,0.45705498810732426,30.679341727792718
Breast cancer (Low),t-SNE,3,2,leaf3,hier_leaf,flat,22,10,0.8510489510489511,0.8601398601398601,0.8162290278775287,0.8239316584322993,0.2981807161878255
Breast cancer (Low),t-SNE,3,2,leaf4,hier_leaf,hier,22,10,0.5314685314685315,0.5307692307692308,0.480256558869697,0.4634586779975217,35.90254703241906
Breast cancer (Low),t-SNE,3,2,leaf4,hier_leaf,flat,22,10,0.6811188811188812,0.6636363636363636,0.7829699015912499,0.7530184852470654,0.4828506830518174
Breast cancer (Low),t-SNE,3,2,leaf5,hier_leaf,hier,17,8,0.6127450980392157,0.6143790849673202,0.5861081685874611,0.5536609957500032,27.313259701463508
Breast cancer (Low),t-SNE,3,2,leaf5,hier_leaf,flat,17,8,0.7205882352941178,0.6911764705882353,0.7847348963451729,0.724537243840908,0.5412970785095902
Breast cancer (Low),t-SNE,3,2,leaf6,hier_leaf,hier,34,16,0.7041408668730651,0.7200077399380804,0.7094330698078913,0.6632448197928879,25.708113568570457
Breast cancer (Low),t-SNE,3,2,leaf6,hier_leaf,flat,34,16,0.7836687306501549,0.8084365325077401,0.8090353288729303,0.8313599042168601,0.9460227189156529
Breast cancer (Low),t-SNE,3,2,leaf7,hier_leaf,hier,21,10,0.48398268398268407,0.5229437229437229,0.4953844622987879,0.47784507884345356,44.65760289282276
Breast cancer (Low),t-SNE,3,2,leaf7,hier_leaf,flat,21,10,0.774025974025974,0.7930735930735932,0.763919116252527,0.7741312166666241,0.6094972818766644
Breast cancer (Low),t-SNE,3,2,class0,gt_class,hier,212,20,0.8980820208950571,0.8571599355475856,0.9207963681350956,0.886920317381476,0.6415451119616985
Breast cancer (Low),t-SNE,3,2,class0,gt_class,flat,212,20,0.8988941732938304,0.8774845366183273,0.9236928515427318,0.9027352403134231,1.6317753091771479
Breast cancer (Low),t-SNE,3,2,class1,gt_class,hier,357,20,0.8901810647689398,0.8942643519888813,0.9269283368892336,0.9171895354945785,2.1499005786327325
Breast cancer (Low),t-SNE,3,2,class1,gt_class,flat,357,20,0.8860325753578614,0.8729136371240686,0.9267502688447405,0.900617023620992,2.358057999181808
Breast cancer (Low),t-SNE,4,2,leaf0,hier_leaf,hier,59,20,0.8327683615819209,0.8431162652393696,0.8413736188682155,0.8334240257728206,10.061829471210114
Breast cancer (Low),t-SNE,4,2,leaf0,hier_leaf,flat,59,20,0.7671424323520666,0.7389235801367827,0.8300064657878258,0.8035855119960618,0.521492271641136
Breast cancer (Low),t-SNE,4,2,leaf1,hier_leaf,hier,18,8,0.5303030303030303,0.5075757575757576,0.5470859174637107,0.5021248325186596,10.602097060258886
Breast cancer (Low),t-SNE,4,2,leaf1,hier_leaf,flat,18,8,0.7714646464646465,0.8257575757575757,0.8095444878689693,0.8122241893160822,0.561693294089636
Breast cancer (Low),t-SNE,4,2,leaf2,hier_leaf,hier,32,15,0.7074074074074074,0.7122685185185185,0.6770010098630743,0.6211077879503781,21.239756784270682
Breast cancer (Low),t-SNE,4,2,leaf2,hier_leaf,flat,32,15,0.8034722222222223,0.8418981481481481,0.8246337707262905,0.8444073039121084,0.5452440963420282
Breast cancer (Low),t-SNE,4,2,leaf3,hier_leaf,hier,21,10,0.48311688311688306,0.47532467532467526,0.4488876188435047,0.44327149516376363,15.186287229418818
Breast cancer (Low),t-SNE,4,2,leaf3,hier_leaf,flat,21,10,0.8051948051948052,0.8147186147186147,0.7881415465580778,0.778375521235981,0.6276331433255756
Breast cancer (Low),t-SNE,4,2,leaf4,hier_leaf,hier,24,11,0.5573593073593074,0.5102813852813853,0.5120082246805603,0.5045629950065242,40.50858523317478
Breast cancer (Low),t-SNE,4,2,leaf4,hier_leaf,flat,24,11,0.7705627705627706,0.7045454545454546,0.7995940482893721,0.7408878620213745,3.266718443042389
Breast cancer (Low),t-SNE,4,2,leaf5,hier_leaf,hier,17,8,0.5604575163398693,0.5147058823529411,0.5662557060142348,0.560542246840155,34.781473520471295
Breast cancer (Low),t-SNE,4,2,leaf5,hier_leaf,flat,17,8,0.7728758169934641,0.7875816993464052,0.8455770678850841,0.842613982021535,0.7634949728735348
Breast cancer (Low),t-SNE,4,2,leaf6,hier_leaf,hier,22,10,0.5503496503496503,0.5524475524475524,0.4927292072387285,0.4823700507161881,21.066570511238215
Breast cancer (Low),t-SNE,4,2,leaf6,hier_leaf,flat,22,10,0.7678321678321679,0.7244755244755244,0.8111631212047589,0.7572587972670075,0.5341333690362065
Breast cancer (Low),t-SNE,4,2,leaf7,hier_leaf,hier,36,17,0.8285947712418299,0.8433006535947711,0.7753192124631073,0.7442389064710822,28.004227680921083
Breast cancer (Low),t-SNE,4,2,leaf7,hier_leaf,flat,36,17,0.8429738562091502,0.8470588235294116,0.8381801313630509,0.8525080861667527,1.266790231374353
Breast cancer (Low),t-SNE,4,2,leaf8,hier_leaf,hier,23,11,0.484848484848485,0.510540184453228,0.46814041522145566,0.5012564728424624,56.34957055563455
Breast cancer (Low),t-SNE,4,2,leaf8,hier_leaf,flat,23,11,0.7562582345191041,0.8194993412384718,0.8351827435281518,0.8432079371199288,0.6020704067520286
Breast cancer (Low),t-SNE,4,2,leaf9,hier_leaf,hier,48,20,0.8375,0.8425595238095237,0.8432250327312558,0.8219303439217917,33.93973463585435
Breast cancer (Low),t-SNE,4,2,leaf9,hier_leaf,flat,48,20,0.8611309523809524,0.8317857142857142,0.8412938721862511,0.8117019568700928,1.8709889085387306
Breast cancer (Low),t-SNE,4,2,leaf10,hier_leaf,hier,19,9,0.5766081871345028,0.5777777777777777,0.5517491527625896,0.547734384304724,35.22315558260076
Breast cancer (Low),t-SNE,4,2,leaf10,hier_leaf,flat,19,9,0.6304093567251463,0.6093567251461988,0.7574832988663802,0.6876070550785522,3.1148732585861936
Breast cancer (Low),t-SNE,4,2,leaf11,hier_leaf,hier,17,8,0.5277777777777777,0.5032679738562091,0.549221684768505,0.5148622260794099,90.02963727481658
Breast cancer (Low),t-SNE,4,2,leaf11,hier_leaf,flat,17,8,0.8921568627450981,0.9117647058823528,0.8588545854445054,0.8580016081069007,0.27583394310455694
Breast cancer (Low),t-SNE,4,2,class0,gt_class,hier,212,20,0.8980820208950571,0.8571599355475856,0.9207963681350956,0.886920317381476,0.6415451119616985
Breast cancer (Low),t-SNE,4,2,class0,gt_class,flat,212,20,0.8988941732938304,0.8774845366183273,0.9236928515427318,0.9027352403134231,1.6317753091771479
Breast cancer (Low),t-SNE,4,2,class1,gt_class,hier,357,20,0.8901810647689398,0.8942643519888813,0.9269283368892336,0.9171895354945785,2.1499005786327325
Breast cancer (Low),t-SNE,4,2,class1,gt_class,flat,357,20,0.8860325753578614,0.8729136371240686,0.9267502688447405,0.900617023620992,2.358057999181808
Breast cancer (Low),PCA,0,2,leaf0,hier_leaf,hier,41,20,0.8533101045296168,0.8849012775842043,0.7448600113133618,0.8407863520546273,0.40861306591275615
Breast cancer (Low),PCA,0,2,leaf0,hier_leaf,flat,41,20,0.7917537746806039,0.8183507549361208,0.6717051568573696,0.7488653155136727,0.5782060882573223
Breast cancer (Low),PCA,0,2,leaf1,hier_leaf,hier,289,20,0.8613648076137954,0.9261891535542423,0.8344370621136808,0.922975313071023,0.3395774408735097
Breast cancer (Low),PCA,0,2,leaf1,hier_leaf,flat,289,20,0.8347687282900417,0.9135583918400675,0.8103294030303468,0.9094768629822022,0.40875716367126186
Breast cancer (Low),PCA,0,2,leaf2,hier_leaf,hier,58,20,0.8549529780564263,0.8864263322884013,0.7580486316762078,0.8140886727563034,0.4036593680869501
Breast cancer (Low),PCA,0,2,leaf2,hier_leaf,flat,58,20,0.8012852664576802,0.8582131661442007,0.7283729272779855,0.8101352933132077,0.4548929277485143
Breast cancer (Low),PCA,0,2,leaf3,hier_leaf,hier,20,9,0.8629629629629632,0.9083333333333334,0.7412763898072813,0.8303850540014759,0.35824210943048956
Breast cancer (Low),PCA,0,2,leaf3,hier_leaf,flat,20,9,0.7907407407407407,0.8212962962962962,0.6788392797247698,0.7501883103815081,0.5299732442135859
Breast cancer (Low),PCA,0,2,leaf4,hier_leaf,hier,44,20,0.881060606060606,0.9064814814814816,0.7704560222760496,0.8277930024554183,0.415835768775537
Breast cancer (Low),PCA,0,2,leaf4,hier_leaf,flat,44,20,0.7997474747474748,0.837878787878788,0.7313220261091956,0.797578731755554,0.5378260615374187
Breast cancer (Low),PCA,0,2,leaf5,hier_leaf,hier,21,10,0.9012987012987014,0.9229437229437228,0.7783244926267914,0.826799119926587,0.37208132220552215
Breast cancer (Low),PCA,0,2,leaf5,hier_leaf,flat,21,10,0.6121212121212122,0.7437229437229438,0.6477478098095698,0.7319811602374872,0.6280680483525172
Breast cancer (Low),PCA,0,2,class0,gt_class,hier,212,20,0.896935911429908,0.9499454233588026,0.8722337769993369,0.9351291413486916,0.2986779556425336
Breast cancer (Low),PCA,0,2,class0,gt_class,flat,212,20,0.8849875253391548,0.9440407505587609,0.8622855520586936,0.93006412410435,0.3324577494059192
Breast cancer (Low),PCA,0,2,class1,gt_class,hier,357,20,0.8313292238794445,0.9204842120615475,0.8072745133396555,0.9205462215078415,0.36167437896674437
Breast cancer (Low),PCA,0,2,class1,gt_class,flat,357,20,0.8012911749692219,0.9044298883412477,0.7771572546222864,0.9060589019108031,0.43044492118340655
Breast cancer (Low),PCA,1,2,leaf0,hier_leaf,hier,16,7,0.9,0.9178571428571428,0.8162154674265812,0.8724075833135438,0.3110120871870542
Breast cancer (Low),PCA,1,2,leaf0,hier_leaf,flat,16,7,0.7678571428571428,0.8178571428571428,0.6895135755560833,0.7727380669674662,0.5841111698253723
Breast cancer (Low),PCA,1,2,leaf1,hier_leaf,hier,17,8,0.9362745098039217,0.9558823529411765,0.8440987156416049,0.8679884624711243,0.28846917779789266
Breast cancer (Low),PCA,1,2,leaf1,hier_leaf,flat,17,8,0.8349673202614379,0.8709150326797386,0.795987390399857,0.8132149800688339,0.4710492611171546
Breast cancer (Low),PCA,1,2,leaf2,hier_leaf,hier,19,9,0.8912280701754386,0.9415204678362573,0.8316487835511429,0.8807831397048475,0.33633059182616665
Breast cancer (Low),PCA,1,2,leaf2,hier_leaf,flat,19,9,0.7567251461988306,0.7836257309941521,0.678070355893849,0.7380255308091253,0.5989847325360297
Breast cancer (Low),PCA,1,2,leaf3,hier_leaf,hier,27,13,0.9059829059829061,0.9173789173789174,0.8093279856014134,0.8444328007805595,0.3540721194032084
Breast cancer (Low),PCA,1,2,leaf3,hier_leaf,flat,27,13,0.6288156288156288,0.6463166463166464,0.5897352845572099,0.664821849725402,0.6949375542068085
Breast cancer (Low),PCA,1,2,leaf4,hier_leaf,hier,217,20,0.8318355345251479,0.9155619525333266,0.8061824760240026,0.9062375387934565,0.4048666613539366
Breast cancer (Low),PCA,1,2,leaf4,hier_leaf,flat,217,20,0.8058598238222904,0.8877750460211759,0.7694180497100668,0.8840553588990319,0.4960711957209851
Breast cancer (Low),PCA,1,2,leaf5,hier_leaf,hier,22,10,0.876923076923077,0.8902097902097903,0.7226908292732711,0.7816016536264855,0.4024280553974867
Breast cancer (Low),PCA,1,2,leaf5,hier_leaf,flat,22,10,0.7286713286713287,0.7482517482517483,0.6283521694327389,0.7237643308075519,0.6304311588339344
Breast cancer (Low),PCA,1,2,leaf6,hier_leaf,hier,18,8,0.8434343434343435,0.8547979797979799,0.7346297595320543,0.8129349411542016,0.3958044130024338
Breast cancer (Low),PCA,1,2,leaf6,hier_leaf,flat,18,8,0.7361111111111112,0.7828282828282829,0.6438409548941666,0.7162392876893328,0.5821383339055051
Breast cancer (Low),PCA,1,2,leaf7,hier_leaf,hier,40,19,0.8816985645933014,0.9125598086124402,0.7978989617967163,0.8519367162877984,0.40940740599475395
Breast cancer (Low),PCA,1,2,leaf7,hier_leaf,flat,40,19,0.7681818181818182,0.8558612440191389,0.7242274332080931,0.8105765595239613,0.5352056551591599
Breast cancer (Low),PCA,1,2,leaf8,hier_leaf,hier,15,7,0.95,0.9547619047619047,0.8218237468237467,0.8502483252483253,0.2813986952506906
Breast cancer (Low),PCA,1,2,leaf8,hier_leaf,flat,15,7,0.7999999999999999,0.8380952380952382,0.6809136059136058,0.7289039039039038,0.5023141480706692
Breast cancer (Low),PCA,1,2,leaf9,hier_leaf,hier,26,12,0.8670940170940171,0.8948717948717947,0.7527606169694112,0.8234013225785924,0.4328249860089051
Breast cancer (Low),PCA,1,2,leaf9,hier_leaf,flat,26,12,0.6115384615384615,0.6944444444444445,0.625374041569607,0.6817974891401521,0.6236185808353261
Breast cancer (Low),PCA,1,2,class0,gt_class,hier,212,20,0.896935911429908,0.9499454233588026,0.8722337769993369,0.9351291413486916,0.2986779556425336
Breast cancer (Low),PCA,1,2,class0,gt_class,flat,212,20,0.8849875253391548,0.9440407505587609,0.8622855520586936,0.93006412410435,0.3324577494059192
Breast cancer (Low),PCA,1,2,class1,gt_class,hier,357,20,0.8313292238794445,0.9204842120615475,0.8072745133396555,0.9205462215078415,0.36167437896674437
Breast cancer (Low),PCA,1,2,class1,gt_class,flat,357,20,0.8012911749692219,0.9044298883412477,0.7771572546222864,0.9060589019108031,0.43044492118340655
Breast cancer (Low),PCA,2,2,leaf0,hier_leaf,hier,16,7,0.9392857142857143,0.9571428571428571,0.8540776141850709,0.8717842159423732,0.30188316219887096
Breast cancer (Low),PCA,2,2,leaf0,hier_leaf,flat,16,7,0.8428571428571429,0.8625,0.7877978310773371,0.82384429668329,0.47842714862835645
Breast cancer (Low),PCA,2,2,leaf1,hier_leaf,hier,16,7,0.9607142857142856,0.9678571428571429,0.8504907781207948,0.8687218000474947,0.30035067533886045
Breast cancer (Low),PCA,2,2,leaf1,hier_leaf,flat,16,7,0.8410714285714286,0.8696428571428572,0.7174364758964616,0.7508756827356922,0.5640224699006633
Breast cancer (Low),PCA,2,2,leaf2,hier_leaf,hier,21,10,0.9004329004329005,0.9203463203463202,0.8032166734279574,0.8560308587009308,0.3045427856723236
Breast cancer (Low),PCA,2,2,leaf2,hier_leaf,flat,21,10,0.7740259740259742,0.8086580086580087,0.69998026893778,0.7826517186860813,0.5740598412902684
Breast cancer (Low),PCA,2,2,leaf3,hier_leaf,hier,26,12,0.8726495726495725,0.908119658119658,0.7743551776069982,0.8311278520952524,0.38331036557369963
Breast cancer (Low),PCA,2,2,leaf3,hier_leaf,flat,26,12,0.6401709401709401,0.6773504273504274,0.6027158566054968,0.628539525510901,0.6913499902452089
Breast cancer (Low),PCA,2,2,leaf4,hier_leaf,hier,180,20,0.8847064288368636,0.9357878112225939,0.850022079009319,0.9178572323341011,0.3408641990485749
Breast cancer (Low),PCA,2,2,leaf4,hier_leaf,flat,180,20,0.8280620587142327,0.8945113340765515,0.7994134917353086,0.8840584507663926,0.48580772695139063
Breast cancer (Low),PCA,2,2,leaf5,hier_leaf,hier,17,8,0.8823529411764706,0.9133986928104576,0.8153910294862141,0.847942431474651,0.3633581828512626
Breast cancer (Low),PCA,2,2,leaf5,hier_leaf,flat,17,8,0.6633986928104576,0.7401960784313726,0.6474587231290867,0.675224092674605,0.6157333879243808
Breast cancer (Low),PCA,2,2,leaf6,hier_leaf,hier,58,20,0.8605015673981192,0.8932288401253918,0.7601402637715003,0.8196955960500089,0.3986142163829661
Breast cancer (Low),PCA,2,2,leaf6,hier_leaf,flat,58,20,0.8061755485893417,0.8626018808777428,0.7297725167871701,0.8093193298628056,0.45280163086364433
Breast cancer (Low),PCA,2,2,leaf7,hier_leaf,hier,22,10,0.876923076923077,0.8902097902097903,0.7226908292732711,0.7816016536264855,0.4024280553974867
Breast cancer (Low),PCA,2,2,leaf7,hier_leaf,flat,22,10,0.7286713286713287,0.7482517482517483,0.6283521694327389,0.7237643308075519,0.6304311588339344
Breast cancer (Low),PCA,2,2,leaf8,hier_leaf,hier,24,11,0.8744588744588744,0.9107142857142856,0.7954876927624385,0.8602425538993055,0.3342534588225739
Breast cancer (Low),PCA,2,2,leaf8,hier_leaf,flat,24,11,0.8262987012987013,0.8582251082251083,0.7277920138104502,0.7880537582564306,0.4934928057154703
Breast cancer (Low),PCA,2,2,leaf9,hier_leaf,hier,28,13,0.8890796703296704,0.9144917582417582,0.7885707222604318,0.8499238337662979,0.36124353924405495
Breast cancer (Low),PCA,2,2,leaf9,hier_leaf,flat,28,13,0.700206043956044,0.7949862637362638,0.6700153050212031,0.7725152299094373,0.573445541844287
Breast cancer (Low),PCA,2,2,class0,gt_class,hier,212,20,0.896935911429908,0.9499454233588026,0.8722337769993369,0.9351291413486916,0.2986779556425336
Breast cancer (Low),PCA,2,2,class0,gt_class,flat,212,20,0.8849875253391548,0.9440407505587609,0.8622855520586936,0.93006412410435,0.3324577494059192
Breast cancer (Low),PCA,2,2,class1,gt_class,hier,357,20,0.8313292238794445,0.9204842120615475,0.8072745133396555,0.9205462215078415,0.36167437896674437
Breast cancer (Low),PCA,2,2,class1,gt_class,flat,357,20,0.8012911749692219,0.9044298883412477,0.7771572546222864,0.9060589019108031,0.43044492118340655
Breast cancer (Low),PCA,3,2,leaf0,hier_leaf,hier,259,20,0.8489536426079096,0.9254648834517544,0.8221315600360085,0.9181015355490979,0.3767478632731308
Breast cancer (Low),PCA,3,2,leaf0,hier_leaf,flat,259,20,0.8216123281768796,0.9062088659462839,0.7918196409848375,0.9028594593566861,0.45542115451842097
Breast cancer (Low),PCA,3,2,leaf1,hier_leaf,hier,42,20,0.8572463768115942,0.8925465838509317,0.7485643782747317,0.8119162442789616,0.41540260251515393
Breast cancer (Low),PCA,3,2,leaf1,hier_leaf,flat,42,20,0.768944099378882,0.7998964803312629,0.6459182952565714,0.7441667848761777,0.5860238241919647
Breast cancer (Low),PCA,3,2,leaf2,hier_leaf,hier,58,20,0.8549529780564263,0.8864263322884013,0.7580486316762078,0.8140886727563034,0.4036593680869501
Breast cancer (Low),PCA,3,2,leaf2,hier_leaf,flat,58,20,0.8012852664576802,0.8582131661442007,0.7283729272779855,0.8101352933132077,0.4548929277485143
Breast cancer (Low),PCA,3,2,leaf3,hier_leaf,hier,66,20,0.9326504481434058,0.9679684165599659,0.8594971074520901,0.9065553615102158,0.26891256298707134
Breast cancer (Low),PCA,3,2,leaf3,hier_leaf,flat,66,20,0.9271020059752454,0.9578104993597951,0.8647420008403951,0.9038968551318931,0.3544841638076995
Breast cancer (Low),PCA,3,2,leaf4,hier_leaf,hier,37,18,0.8489015331120594,0.8863600442547811,0.7796405015563964,0.8361176421363379,0.4017328639505081
Breast cancer (Low),PCA,3,2,leaf4,hier_leaf,flat,37,18,0.7616563932353404,0.8055950687529634,0.706901048135273,0.7960986098471858,0.5260716063816624
Breast cancer (Low),PCA,3,2,class0,gt_class,hier,212,20,0.896935911429908,0.9499454233588026,0.8722337769993369,0.9351291413486916,0.2986779556425336
Breast cancer (Low),PCA,3,2,class0,gt_class,flat,212,20,0.8849875253391548,0.9440407505587609,0.8622855520586936,0.93006412410435,0.3324577494059192
Breast cancer (Low),PCA,3,2,class1,gt_class,hier,357,20,0.8313292238794445,0.9204842120615475,0.8072745133396555,0.9205462215078415,0.36167437896674437
Breast cancer (Low),PCA,3,2,class1,gt_class,flat,357,20,0.8012911749692219,0.9044298883412477,0.7771572546222864,0.9060589019108031,0.43044492118340655
Breast cancer (Low),PCA,4,2,leaf0,hier_leaf,hier,51,20,0.8879483500717359,0.9253945480631277,0.7971225251765012,0.8751448578324861,0.38155777733308643
Breast cancer (Low),PCA,4,2,leaf0,hier_leaf,flat,51,20,0.7958393113342898,0.8558584409373505,0.7023921165770969,0.7966659863155644,0.5352035252719021
Breast cancer (Low),PCA,4,2,leaf1,hier_leaf,hier,20,9,0.837962962962963,0.9027777777777777,0.7471604902778177,0.8487196810702546,0.3652653466476518
Breast cancer (Low),PCA,4,2,leaf1,hier_leaf,flat,20,9,0.7462962962962962,0.836111111111111,0.7105602353640188,0.8235780889131664,0.5300691020849636
Breast cancer (Low),PCA,4,2,leaf2,hier_leaf,hier,21,10,0.8969696969696968,0.9082251082251082,0.8179316233646394,0.844100795110779,0.3478413244802247
Breast cancer (Low),PCA,4,2,leaf2,hier_leaf,flat,21,10,0.5186147186147186,0.6233766233766234,0.548979810530774,0.5377892365354635,0.7623746024700169
Breast cancer (Low),PCA,4,2,leaf3,hier_leaf,hier,16,7,0.9178571428571429,0.9285714285714286,0.8338181746220217,0.8681676957175651,0.33040578226528344
Breast cancer (Low),PCA,4,2,leaf3,hier_leaf,flat,16,7,0.8392857142857142,0.8357142857142856,0.7416439088102588,0.7657969207630808,0.6026245650239161
Breast cancer (Low),PCA,4,2,leaf4,hier_leaf,hier,21,10,0.9367965367965367,0.9393939393939393,0.8415004622341516,0.857844500519216,0.3164745821228273
Breast cancer (Low),PCA,4,2,leaf4,hier_leaf,flat,21,10,0.6545454545454545,0.7411255411255412,0.5950539670066022,0.6603314648357601,0.6510368455349479
Breast cancer (Low),PCA,4,2,leaf5,hier_leaf,hier,99,20,0.8781095627810956,0.9265059352650594,0.821643590536513,0.8866861732286129,0.38550923164227524
Breast cancer (Low),PCA,4,2,leaf5,hier_leaf,flat,99,20,0.7618078596180786,0.8445476664454767,0.7085013414271729,0.8191160025285771,0.589346646904088
Breast cancer (Low),PCA,4,2,leaf6,hier_leaf,hier,17,8,0.965686274509804,0.9624183006535948,0.8185391752708895,0.8269285583619431,0.313407484219015
Breast cancer (Low),PCA,4,2,leaf6,hier_leaf,flat,17,8,0.6633986928104576,0.6879084967320261,0.5809711604320617,0.6236327900654729,0.7059927369340416
Breast cancer (Low),PCA,4,2,leaf7,hier_leaf,hier,16,7,0.8517857142857144,0.8785714285714286,0.8000573893770284,0.8383054302224333,0.36443848434072074
Breast cancer (Low),PCA,4,2,leaf7,hier_leaf,flat,16,7,0.7982142857142857,0.7839285714285714,0.6573854191403468,0.7261487770125862,0.5165041621558489
Breast cancer (Low),PCA,4,2,leaf8,hier_leaf,hier,58,20,0.8549529780564263,0.8864263322884013,0.7580486316762078,0.8140886727563034,0.4036593680869501
Breast cancer (Low),PCA,4,2,leaf8,hier_leaf,flat,58,20,0.8012852664576802,0.8582131661442007,0.7283729272779855,0.8101352933132077,0.4548929277485143
Breast cancer (Low),PCA,4,2,leaf9,hier_leaf,hier,23,11,0.8438735177865613,0.8412384716732543,0.7078835187901669,0.7320642510171477,0.4431763301471031
Breast cancer (Low),PCA,4,2,leaf9,hier_leaf,flat,23,11,0.7140974967061924,0.7055335968379446,0.6122038700208737,0.6990696582378952,0.6476045577356906
Breast cancer (Low),PCA,4,2,leaf10,hier_leaf,hier,20,9,0.8425925925925928,0.9046296296296296,0.767777841665948,0.8285604078620782,0.3819074914361747
Breast cancer (Low),PCA,4,2,leaf10,hier_leaf,flat,20,9,0.5981481481481482,0.7305555555555556,0.6271032784214511,0.7012942146067522,0.6519794309855006
Breast cancer (Low),PCA,4,2,leaf11,hier_leaf,hier,17,8,0.8758169934640523,0.8839869281045751,0.801545569410233,0.8338948944733025,0.3531890605221218
Breast cancer (Low),PCA,4,2,leaf11,hier_leaf,flat,17,8,0.8611111111111112,0.8741830065359478,0.7484801688086821,0.7842881999838338,0.5026043668058711
Breast cancer (Low),PCA,4,2,leaf12,hier_leaf,hier,16,7,0.8339285714285714,0.8785714285714286,0.74436495685902,0.8234138763555767,0.3954839585593382
Breast cancer (Low),PCA,4,2,leaf12,hier_leaf,flat,16,7,0.7196428571428571,0.7660714285714286,0.644007757460619,0.7168724768463548,0.5936385991215253
Breast cancer (Low),PCA,4,2,class0,gt_class,hier,212,20,0.896935911429908,0.9499454233588026,0.8722337769993369,0.9351291413486916,0.2986779556425336
Breast cancer (Low),PCA,4,2,class0,gt_class,flat,212,20,0.8849875253391548,0.9440407505587609,0.8622855520586936,0.93006412410435,0.3324577494059192
Breast cancer (Low),PCA,4,2,class1,gt_class,hier,357,20,0.8313292238794445,0.9204842120615475,0.8072745133396555,0.9205462215078415,0.36167437896674437
Breast cancer (Low),PCA,4,2,class1,gt_class,flat,357,20,0.8012911749692219,0.9044298883412477,0.7771572546222864,0.9060589019108031,0.43044492118340655
Breast cancer (Low),MDS,0,2,leaf0,hier_leaf,hier,38,18,0.9035087719298245,0.9165970481759955,0.8418913464142087,0.8597644852083132,0.2128020703287535
Breast cancer (Low),MDS,0,2,leaf0,hier_leaf,flat,38,18,0.8313840155945418,0.8220551378446115,0.7421123367782821,0.7590811755036212,0.39780428488352937
Breast cancer (Low),MDS,0,2,leaf1,hier_leaf,hier,30,14,0.9078431372549021,0.9187675070028012,0.856099026480361,0.8567040917649142,0.22410402524301515
Breast cancer (Low),MDS,0,2,leaf1,hier_leaf,flat,30,14,0.6910364145658264,0.7224089635854342,0.6621923840314514,0.6902955351391088,0.5531063676527951
Breast cancer (Low),MDS,0,2,leaf2,hier_leaf,hier,42,20,0.9290890269151139,0.9443064182194616,0.8627924872503717,0.8864090331379307,0.17513307749109183
Breast cancer (Low),MDS,0,2,leaf2,hier_leaf,flat,42,20,0.8217391304347824,0.8738095238095239,0.7050830125448461,0.78348911463056,0.341534366870525
Breast cancer (Low),MDS,0,2,leaf3,hier_leaf,hier,20,9,0.9092592592592592,0.913888888888889,0.8437071749609484,0.8407718329835456,0.21981337278540725
Breast cancer (Low),MDS,0,2,leaf3,hier_leaf,flat,20,9,0.7194444444444444,0.7046296296296297,0.6183509185521663,0.611693930943277,0.5875843523122246
Breast cancer (Low),MDS,0,2,leaf4,hier_leaf,hier,19,9,0.9111111111111112,0.9064327485380118,0.8441440466007644,0.8601744280470772,0.19985028837084254
Breast cancer (Low),MDS,0,2,leaf4,hier_leaf,flat,19,9,0.8011695906432749,0.8350877192982458,0.7164564362974913,0.724587208609881,0.4290466353574733
Breast cancer (Low),MDS,0,2,leaf5,hier_leaf,hier,122,20,0.9140956732061274,0.9429320075248591,0.8671549527759875,0.9143468998221115,0.21874052047701034
Breast cancer (Low),MDS,0,2,leaf5,hier_leaf,flat,122,20,0.8258308698378574,0.8887037534712889,0.7779709958814544,0.8677719516055817,0.33576889998116344
Breast cancer (Low),MDS,0,2,leaf6,hier_leaf,hier,59,20,0.8895926256318762,0.9068986024382992,0.8278344267888942,0.8612528219510339,0.23846687864448846
Breast cancer (Low),MDS,0,2,leaf6,hier_leaf,flat,59,20,0.8063336306868867,0.8585191793041927,0.7133636285200066,0.804883127963476,0.38561816391094805
Breast cancer (Low),MDS,0,2,leaf7,hier_leaf,hier,59,20,0.9561106155218555,0.964644662503717,0.8859182557961741,0.9054576511616482,0.16928847377379724
Breast cancer (Low),MDS,0,2,leaf7,hier_leaf,flat,59,20,0.9206958073148973,0.9475765685399941,0.8472439491165631,0.8834740999148097,0.2559019334383852
Breast cancer (Low),MDS,0,2,leaf8,hier_leaf,hier,22,10,0.8937062937062937,0.9076923076923077,0.7986992314505866,0.804737344372742,0.2410741344888551
Breast cancer (Low),MDS,0,2,leaf8,hier_leaf,flat,22,10,0.7944055944055944,0.8013986013986014,0.6394085878599506,0.7259833068416968,0.4273795594267668
Breast cancer (Low),MDS,0,2,class0,gt_class,hier,212,20,0.9164860439731795,0.9517867352773013,0.8890237851038061,0.9349735027687166,0.18445385209110013
Breast cancer (Low),MDS,0,2,class0,gt_class,flat,212,20,0.900765372420604,0.9428764488798795,0.8764403436757933,0.9265085791763219,0.22340562367983613
Breast cancer (Low),MDS,0,2,class1,gt_class,hier,357,20,0.8587514638320872,0.9179923730594841,0.8417824742712255,0.9124033761132161,0.22202991957179924
Breast cancer (Low),MDS,0,2,class1,gt_class,flat,357,20,0.8362434100745963,0.9144946186744223,0.8213186232514745,0.9122380055689019,0.25250261120516215
Breast cancer (Low),MDS,1,2,leaf0,hier_leaf,hier,33,16,0.9320409982174688,0.9422905525846703,0.8609667244566769,0.8695383885469306,0.1825619936912388
Breast cancer (Low),MDS,1,2,leaf0,hier_leaf,flat,33,16,0.9206773618538324,0.9425133689839573,0.8328089897359442,0.8558797780230091,0.2796526668899122
Breast cancer (Low),MDS,1,2,leaf1,hier_leaf,hier,32,15,0.8840277777777779,0.8810185185185185,0.8614386491973365,0.859764223059291,0.2445282177319414
Breast cancer (Low),MDS,1,2,leaf1,hier_leaf,flat,32,15,0.7474537037037037,0.8381944444444445,0.7261480812488148,0.8010599958337379,0.45015862596921846
Breast cancer (Low),MDS,1,2,leaf2,hier_leaf,hier,22,10,0.8909090909090908,0.911888111888112,0.7864744899630082,0.7993816417909311,0.2428986056434206
Breast cancer (Low),MDS,1,2,leaf2,hier_leaf,flat,22,10,0.7944055944055944,0.8006993006993007,0.6471911883764804,0.7350583742639908,0.4294574786623946
Breast cancer (Low),MDS,1,2,leaf3,hier_leaf,hier,60,20,0.8862146892655366,0.9044915254237288,0.8339189442139856,0.8557314222156353,0.23851902091808752
Breast cancer (Low),MDS,1,2,leaf3,hier_leaf,flat,60,20,0.8089265536723165,0.8601694915254237,0.7090759052583583,0.8054364185443611,0.38593052502700864
Breast cancer (Low),MDS,1,2,leaf4,hier_leaf,hier,51,20,0.9307508369201339,0.9433285509325682,0.8602351893546206,0.8787048453063075,0.21337227612772788
Breast cancer (Low),MDS,1,2,leaf4,hier_leaf,flat,51,20,0.8622190339550454,0.8629842180774749,0.7929147998759274,0.8089208356098778,0.38074836664830586
Breast cancer (Low),MDS,1,2,leaf5,hier_leaf,hier,18,8,0.9545454545454545,0.9545454545454545,0.8777451165967051,0.8757223502688979,0.18398242003601895
Breast cancer (Low),MDS,1,2,leaf5,hier_leaf,flat,18,8,0.8080808080808081,0.811868686868687,0.7808508979969045,0.7883277104140919,0.38660969334977163
Breast cancer (Low),MDS,1,2,leaf6,hier_leaf,hier,21,10,0.9073593073593071,0.9272727272727271,0.879950944497032,0.885418659971713,0.20990406116570484
Breast cancer (Low),MDS,1,2,leaf6,hier_leaf,flat,21,10,0.612121212121212,0.6398268398268399,0.6531011361519837,0.6000335087867013,0.5395226784325476
Breast cancer (Low),MDS,1,2,leaf7,hier_leaf,hier,24,11,0.9280303030303029,0.9442640692640693,0.8700868547845996,0.8715710454830005,0.21634080225772473
Breast cancer (Low),MDS,1,2,leaf7,hier_leaf,flat,24,11,0.6769480519480519,0.7294372294372294,0.6426620463247996,0.7043780577031361,0.5882181960150918
Breast cancer (Low),MDS,1,2,leaf8,hier_leaf,hier,26,12,0.9273504273504272,0.9294871794871794,0.8814443308667906,0.8985116128857678,0.17579233165202615
Breast cancer (Low),MDS,1,2,leaf8,hier_leaf,flat,26,12,0.7923076923076923,0.791025641025641,0.7499663374771307,0.6915240900431758,0.5795588388663807
Breast cancer (Low),MDS,1,2,leaf9,hier_leaf,hier,160,20,0.9076351351351353,0.9409169884169885,0.8779877203344325,0.9210937616694889,0.21671226351883316
Breast cancer (Low),MDS,1,2,leaf9,hier_leaf,flat,160,20,0.8721887065637066,0.9163730694980694,0.8366548827758249,0.8954157133047549,0.29981096939130486
Breast cancer (Low),MDS,1,2,class0,gt_class,hier,212,20,0.9157622537553926,0.9512799521804668,0.8893659349323694,0.9343850473228497,0.18485784003377478
Breast cancer (Low),MDS,1,2,class0,gt_class,flat,212,20,0.9031186652112897,0.9436860023909767,0.8771617444598204,0.9273591871344403,0.22284578152264478
Breast cancer (Low),MDS,1,2,class1,gt_class,hier,357,20,0.8623839122172605,0.925004182377392,0.8445274820604823,0.9209286644235817,0.21955359295988455
Breast cancer (Low),MDS,1,2,class1,gt_class,flat,357,20,0.8314047211533924,0.9035127680474947,0.8176283411399401,0.8964729132254856,0.2635464109913343
Breast cancer (Low),MDS,2,2,leaf0,hier_leaf,hier,45,20,0.8958620689655176,0.906360153256705,0.8206072222861222,0.8463455530407026,0.23772426797662524
Breast cancer (Low),MDS,2,2,leaf0,hier_leaf,flat,45,20,0.8141762452107282,0.81816091954023,0.75358317288398,0.765108263963839,0.3900513739173486
Breast cancer (Low),MDS,2,2,leaf1,hier_leaf,hier,285,20,0.8788481025747079,0.9299906938269052,0.8586443585974647,0.9241900894581433,0.2266836872588599
Breast cancer (Low),MDS,2,2,leaf1,hier_leaf,flat,285,20,0.8499141764036812,0.9128025367938513,0.8294527116301886,0.9056180840481062,0.2689665428836849
Breast cancer (Low),MDS,2,2,leaf2,hier_leaf,hier,30,14,0.919607843137255,0.9277310924369748,0.8319805335461797,0.8499521981500371,0.2043821774625504
Breast cancer (Low),MDS,2,2,leaf2,hier_leaf,flat,30,14,0.8420168067226892,0.858263305322129,0.7457912739505272,0.7877820069951144,0.3895145989909919
Breast cancer (Low),MDS,2,2,leaf3,hier_leaf,hier,24,11,0.8587662337662337,0.8755411255411255,0.7876469074279497,0.8034419355310023,0.25031217202443606
Breast cancer (Low),MDS,2,2,leaf3,hier_leaf,flat,24,11,0.7602813852813851,0.7678571428571429,0.6308962462953535,0.7202583615150585,0.44648118355006994
Breast cancer (Low),MDS,2,2,leaf4,hier_leaf,hier,24,11,0.9615800865800864,0.9594155844155844,0.8758685197485616,0.8892579299384891,0.1877115298473428
Breast cancer (Low),MDS,2,2,leaf4,hier_leaf,flat,24,11,0.7213203463203463,0.7976190476190476,0.6941956323102496,0.7778892590257384,0.4724840401233798
Breast cancer (Low),MDS,2,2,leaf5,hier_leaf,hier,59,20,0.8877192982456138,0.9101397561700864,0.8317021263222819,0.8534483336230951,0.23827161390591747
Breast cancer (Low),MDS,2,2,leaf5,hier_leaf,flat,59,20,0.8065417781742492,0.8619387451680048,0.720759940723205,0.8112044432381113,0.38497327573655005
Breast cancer (Low),MDS,2,2,class0,gt_class,hier,212,20,0.9164548573210666,0.9517854358334633,0.889231260601112,0.934987549027011,0.18445780480471052
Breast cancer (Low),MDS,2,2,class0,gt_class,flat,212,20,0.9012474660845159,0.943732782369146,0.8744885236807132,0.9274410819545829,0.22195875240449134
Breast cancer (Low),MDS,2,2,class1,gt_class,hier,357,20,0.8628574860265699,0.9242076003448854,0.8452727076986822,0.9197739481356073,0.2191641362701725
Breast cancer (Low),MDS,2,2,class1,gt_class,flat,357,20,0.8370906095975909,0.9088679269563874,0.8233210878539958,0.906678099695468,0.2555596855126879
Breast cancer (Low),MDS,3,2,leaf0,hier_leaf,hier,323,20,0.8774565372707788,0.9322600619195046,0.8590192645578157,0.9276446812343894,0.20744504104630834
Breast cancer (Low),MDS,3,2,leaf0,hier_leaf,flat,323,20,0.8526823846947685,0.9087285332486571,0.8344706094141673,0.8989795663767914,0.2470801945074035
Breast cancer (Low),MDS,3,2,leaf1,hier_leaf,hier,49,20,0.9308328736900165,0.9455598455598454,0.866758864172053,0.8727518580082735,0.21726181753435747
Breast cancer (Low),MDS,3,2,leaf1,hier_leaf,flat,49,20,0.8760066188637617,0.8693325979040264,0.8048229850302339,0.8136924763186594,0.3764636692034086
Breast cancer (Low),MDS,3,2,leaf2,hier_leaf,hier,60,20,0.8810169491525424,0.8992372881355932,0.8178177352665228,0.8457536627637344,0.24377931933066715
Breast cancer (Low),MDS,3,2,leaf2,hier_leaf,flat,60,20,0.8102542372881355,0.8566101694915255,0.7169160973583406,0.8002035104214179,0.39738907271978663
Breast cancer (Low),MDS,3,2,leaf3,hier_leaf,hier,23,11,0.8754940711462449,0.8682476943346508,0.762407311978391,0.7854433724630969,0.254587118366066
Breast cancer (Low),MDS,3,2,leaf3,hier_leaf,flat,23,11,0.8036890645586298,0.816205533596838,0.6600992686878118,0.7395738171891052,0.4367439948938248
Breast cancer (Low),MDS,3,2,leaf4,hier_leaf,hier,39,19,0.9109311740890689,0.9271255060728746,0.8563344082200205,0.8737415809051386,0.23434400985533763
Breast cancer (Low),MDS,3,2,leaf4,hier_leaf,flat,39,19,0.7794871794871795,0.8439946018893386,0.7483896216206357,0.8156181143922101,0.4447004758857204
Breast cancer (Low),MDS,3,2,leaf5,hier_leaf,hier,34,16,0.9388544891640866,0.9498839009287925,0.8564556376016709,0.8832860425274287,0.17766387772065523
Breast cancer (Low),MDS,3,2,leaf5,hier_leaf,flat,34,16,0.9237616099071206,0.9423374613003096,0.8450953083984191,0.867452887079343,0.26449766190838864
Breast cancer (Low),MDS,3,2,class0,gt_class,hier,212,20,0.9167199438640263,0.9517321586361038,0.888993779353482,0.9349484831343041,0.18445020003520476
Breast cancer (Low),MDS,3,2,class0,gt_class,flat,212,20,0.8978871043193514,0.9395173865585529,0.8718552795115513,0.9228184237426056,0.22768614102707133
Breast cancer (Low),MDS,3,2,class1,gt_class,hier,357,20,0.8633833931735022,0.9264219010728334,0.8455519584821991,0.9230827777876811,0.2184564705130502
Breast cancer (Low),MDS,3,2,class1,gt_class,flat,357,20,0.8364626095461155,0.9004495519494168,0.8179587135503467,0.8948021725007853,0.26006877039954146
Breast cancer (Low),MDS,4,2,leaf0,hier_leaf,hier,28,13,0.9110576923076924,0.924107142857143,0.876702596958694,0.8967378291208558,0.18361875838735378
Breast cancer (Low),MDS,4,2,leaf0,hier_leaf,flat,28,13,0.674793956043956,0.6888736263736263,0.6529944940367004,0.6537592003532288,0.6805069318333861
Breast cancer (Low),MDS,4,2,leaf1,hier_leaf,hier,324,20,0.855407807012009,0.9169306160220414,0.8407931265740449,0.9134467472173758,0.25423988194701813
Breast cancer (Low),MDS,4,2,leaf1,hier_leaf,flat,324,20,0.8050097797968325,0.8866631964161776,0.7852857264758547,0.8854437836478085,0.3127715833761021
Breast cancer (Low),MDS,4,2,leaf2,hier_leaf,hier,59,20,0.8934582218257506,0.9069283377936365,0.8248678899343915,0.8493404655117351,0.24059589660346736
Breast cancer (Low),MDS,4,2,leaf2,hier_leaf,flat,59,20,0.8055307760927742,0.8619684805233423,0.7178244782521828,0.809980897318035,0.38691340408687236
Breast cancer (Low),MDS,4,2,leaf3,hier_leaf,hier,15,7,0.9261904761904761,0.9428571428571428,0.8328655578655579,0.847008547008547,0.14852708721711266
Breast cancer (Low),MDS,4,2,leaf3,hier_leaf,flat,15,7,0.8785714285714286,0.888095238095238,0.8110764610764611,0.806057981057981,0.31220183842179855
Breast cancer (Low),MDS,4,2,leaf4,hier_leaf,hier,96,20,0.9130009541984734,0.9413167938931298,0.8695390840373055,0.9068647119316006,0.2023651927047759
Breast cancer (Low),MDS,4,2,leaf4,hier_leaf,flat,96,20,0.8404182569974555,0.8928594147582697,0.800532115780262,0.860560937282119,0.3114556354206135
Breast cancer (Low),MDS,4,2,class0,gt_class,hier,212,20,0.9161040074847966,0.9518166224855763,0.8889463486134059,0.9350034618743625,0.18450065005374228
Breast cancer (Low),MDS,4,2,class0,gt_class,flat,212,20,0.9007640729767661,0.9421578564374448,0.8758457299533299,0.9258482423415243,0.2273005348004038
Breast cancer (Low),MDS,4,2,class1,gt_class,hier,357,20,0.8652691091750636,0.9275033137297798,0.8466348472028791,0.924395882439987,0.21889365592018079
Breast cancer (Low),MDS,4,2,class1,gt_class,flat,357,20,0.8249758708996616,0.8825717116862059,0.8105106807120408,0.8798033451993466,0.2792562607273672
Digits (Low),UMAP,0,2,leaf0,hier_leaf,hier,17,8,0.7369281045751634,0.7091503267973857,0.7506136757154587,0.7403758205386732,0.6847281070044126
Digits (Low),UMAP,0,2,leaf0,hier_leaf,flat,17,8,0.69281045751634,0.6666666666666667,0.6823223105688359,0.6931493795174829,0.949300953012623
Digits (Low),UMAP,0,2,leaf1,hier_leaf,hier,18,8,0.827020202020202,0.8787878787878788,0.8060352666525629,0.8361280912137712,0.6829417983948473
Digits (Low),UMAP,0,2,leaf1,hier_leaf,flat,18,8,0.6957070707070707,0.6401515151515151,0.6772073205583576,0.6991979453147908,0.9548994026253973
Digits (Low),UMAP,0,2,leaf2,hier_leaf,hier,29,14,0.8742200328407225,0.8610837438423646,0.8378763258253469,0.8433848142597603,0.6237161936111365
Digits (Low),UMAP,0,2,leaf2,hier_leaf,flat,29,14,0.7665024630541875,0.8022988505747127,0.6676513949820184,0.7492906029577319,0.9234428870342218
Digits (Low),UMAP,0,2,leaf3,hier_leaf,hier,36,17,0.8031045751633986,0.801470588235294,0.8248367225660247,0.8312942871658899,0.6059318847137469
Digits (Low),UMAP,0,2,leaf3,hier_leaf,flat,36,17,0.6962418300653594,0.7258169934640523,0.6940986529431731,0.7516194936680024,0.9256506680160381
Digits (Low),UMAP,0,2,leaf4,hier_leaf,hier,17,8,0.8120915032679739,0.8643790849673202,0.824410041734203,0.8634810834726601,0.8341663666049649
Digits (Low),UMAP,0,2,leaf4,hier_leaf,flat,17,8,0.8464052287581698,0.8415032679738562,0.7696897374701672,0.7600708758226657,0.9700788292526038
Digits (Low),UMAP,0,2,leaf5,hier_leaf,hier,36,17,0.8408496732026144,0.8630718954248365,0.8440582903368088,0.8633787685226628,0.6578968441617514
Digits (Low),UMAP,0,2,leaf5,hier_leaf,flat,36,17,0.8083333333333333,0.8604575163398692,0.8030006473628771,0.8381970265202274,0.9267388657444627
Digits (Low),UMAP,0,2,leaf6,hier_leaf,hier,21,10,0.8294372294372294,0.7662337662337664,0.8141818710660134,0.7785218032489916,0.7856174615837933
Digits (Low),UMAP,0,2,leaf6,hier_leaf,flat,21,10,0.7913419913419913,0.8458874458874458,0.7110364675955575,0.7553628942066369,0.9711819178168751
Digits (Low),UMAP,0,2,leaf7,hier_leaf,hier,31,15,0.8145161290322581,0.8548387096774194,0.8300167421151946,0.8520113909194691,0.7219111957109645
Digits (Low),UMAP,0,2,leaf7,hier_leaf,flat,31,15,0.7556451612903224,0.8029569892473117,0.6863492604079007,0.7574124498653523,0.9428550320366705
Digits (Low),UMAP,0,2,leaf8,hier_leaf,hier,21,10,0.7619047619047619,0.7601731601731603,0.8051000543454688,0.8176841346100691,0.7045214054136224
Digits (Low),UMAP,0,2,leaf8,hier_leaf,flat,21,10,0.7004329004329004,0.7047619047619047,0.7276845513437108,0.7519546083511722,0.9507970462955263
Digits (Low),UMAP,0,2,leaf9,hier_leaf,hier,45,20,0.8547892720306517,0.8741762452107279,0.8549785874130352,0.8798315273107812,0.6874869026070034
Digits (Low),UMAP,0,2,leaf9,hier_leaf,flat,45,20,0.823448275862069,0.8379310344827585,0.8153786009820014,0.8591010679433663,0.9233283889201784
Digits (Low),UMAP,0,2,leaf10,hier_leaf,hier,15,7,0.7166666666666666,0.6928571428571428,0.7298625548625548,0.758939708939709,0.6953061070384344
Digits (Low),UMAP,0,2,leaf10,hier_leaf,flat,15,7,0.7142857142857143,0.7595238095238095,0.7214599214599214,0.726166551166551,0.9694812829954261
Digits (Low),UMAP,0,2,leaf11,hier_leaf,hier,47,20,0.8406189555125725,0.90715667311412,0.8567183951597671,0.8896973257080716,0.7045413252885424
Digits (Low),UMAP,0,2,leaf11,hier_leaf,flat,47,20,0.8403610573823342,0.9096711798839457,0.8228280384413434,0.8716786934267159,0.9191680369939653
Digits (Low),UMAP,0,2,leaf12,hier_leaf,hier,18,8,0.7803030303030303,0.8409090909090909,0.8233939420932106,0.8399193862667157,0.6903549530202074
Digits (Low),UMAP,0,2,leaf12,hier_leaf,flat,18,8,0.6388888888888888,0.6401515151515151,0.6475635872369012,0.6519357317032434,0.9738546953064781
Digits (Low),UMAP,0,2,leaf13,hier_leaf,hier,24,11,0.7824675324675324,0.808982683982684,0.7787393468583136,0.8361137990988592,0.8306561485286332
Digits (Low),UMAP,0,2,leaf13,hier_leaf,flat,24,11,0.7970779220779219,0.8766233766233765,0.8245158250361614,0.8758294362193894,0.9568541471823392
Digits (Low),UMAP,0,2,leaf14,hier_leaf,hier,78,20,0.8343589743589743,0.8326315789473683,0.8477527652251521,0.8591641802404263,0.693641163437699
Digits (Low),UMAP,0,2,leaf14,hier_leaf,flat,78,20,0.8010661268556006,0.839851551956815,0.77520119464917,0.845695305950855,0.9133296781625732
Digits (Low),UMAP,0,2,leaf15,hier_leaf,hier,102,20,0.8710407239819004,0.8748594542712189,0.8836297925992056,0.9032932214669008,0.744331776975019
Digits (Low),UMAP,0,2,leaf15,hier_leaf,flat,102,20,0.8638009049773755,0.8899424105306459,0.8629396820296334,0.9021992652944621,0.9107010053590523
Digits (Low),UMAP,0,2,leaf16,hier_leaf,hier,39,19,0.8398110661268557,0.8480431848852902,0.8819628122131087,0.8842292681534241,0.7642012356490927
Digits (Low),UMAP,0,2,leaf16,hier_leaf,flat,39,19,0.8129554655870446,0.8542510121457492,0.8039385683368082,0.8446271341746916,0.9496733329660969
Digits (Low),UMAP,0,2,leaf17,hier_leaf,hier,66,20,0.8307511737089203,0.8479726845924029,0.8608104991306316,0.8709956969927144,0.7673973094428969
Digits (Low),UMAP,0,2,leaf17,hier_leaf,flat,66,20,0.827144686299616,0.8516431924882629,0.806580374527279,0.8590716811533653,0.9270373458531076
Digits (Low),UMAP,0,2,leaf18,hier_leaf,hier,53,20,0.9165618448637316,0.9285115303983228,0.9020727401218878,0.920053121176724,0.7683726462243227
Digits (Low),UMAP,0,2,leaf18,hier_leaf,flat,53,20,0.8855765199161425,0.9085534591194968,0.8579685571759654,0.8827291824845213,0.9321584733422514
Digits (Low),UMAP,0,2,leaf19,hier_leaf,hier,55,20,0.8385899814471245,0.8612987012987013,0.8435790342978362,0.8646547657071705,0.6414776472548771
Digits (Low),UMAP,0,2,leaf19,hier_leaf,flat,55,20,0.8117996289424864,0.8447866419294993,0.8201387434657371,0.846130755504222,0.9035417987936853
Digits (Low),UMAP,0,2,leaf20,hier_leaf,hier,18,8,0.8409090909090909,0.8068181818181818,0.808030196746501,0.810206990235049,0.7297137202356817
Digits (Low),UMAP,0,2,leaf20,hier_leaf,flat,18,8,0.8295454545454545,0.797979797979798,0.7653108565023586,0.7997053070707745,0.9471709755038327
Digits (Low),UMAP,0,2,leaf21,hier_leaf,hier,40,19,0.8322966507177032,0.8683014354066986,0.8270109606092548,0.8515609520124505,0.6930036941058711
Digits (Low),UMAP,0,2,leaf21,hier_leaf,flat,40,19,0.8257177033492823,0.8398325358851675,0.7784954284240067,0.8164688697563482,0.903905239550651
Digits (Low),UMAP,0,2,leaf22,hier_leaf,hier,23,11,0.7740447957839263,0.7575757575757575,0.78134740647549,0.7918570516974752,0.7559840153151776
Digits (Low),UMAP,0,2,leaf22,hier_leaf,flat,23,11,0.6989459815546774,0.7450592885375492,0.6608322836832043,0.713197520165836,0.9486332498514549
Digits (Low),UMAP,0,2,class0,gt_class,hier,100,20,0.8331079136690646,0.8409136690647483,0.8559885373810705,0.8666801088316326,0.6286476638147694
Digits (Low),UMAP,0,2,class0,gt_class,flat,100,20,0.7958345323741008,0.8425683453237408,0.7772887623689674,0.8552929114897319,0.893270343782168
Digits (Low),UMAP,0,2,class1,gt_class,hier,105,20,0.9455928411633109,0.941061041866411,0.9370653181784809,0.936949044823103,0.4858034928605336
Digits (Low),UMAP,0,2,class1,gt_class,flat,105,20,0.9419750719079578,0.945573665707894,0.9282187622357944,0.9308006174836054,0.7061317054701506
Digits (Low),UMAP,0,2,class2,gt_class,hier,95,20,0.8887311301509584,0.9051162790697674,0.8928881270478657,0.9056866533628971,0.7309675162292822
Digits (Low),UMAP,0,2,class2,gt_class,flat,95,20,0.8807833537331702,0.9038514891880861,0.8686424016771743,0.8974403827723144,0.8789485553561944
Digits (Low),UMAP,0,2,class3,gt_class,hier,109,20,0.8692456027581371,0.8781160521241161,0.8915998579181003,0.9063114237634595,0.7413423716540954
Digits (Low),UMAP,0,2,class3,gt_class,flat,109,20,0.8638345117746742,0.8879740548121312,0.8700453438456359,0.9031467611930205,0.8984891090145367
Digits (Low),UMAP,0,2,class4,gt_class,hier,107,20,0.8582310182640036,0.9185449880886936,0.8621625089538583,0.9270862396167375,0.8150243209675544
Digits (Low),UMAP,0,2,class4,gt_class,flat,107,20,0.8649074583104271,0.915362531305357,0.8578297510601376,0.9154214504424352,0.8990318542579326
Digits (Low),UMAP,0,2,class5,gt_class,hier,95,20,0.9032884536923703,0.9162056303549574,0.9006709668373328,0.9160554680404587,0.6625118181382904
Digits (Low),UMAP,0,2,class5,gt_class,flat,95,20,0.8804977560179518,0.9015259077927376,0.8564109796188059,0.8924315122937787,0.8523059024811966
Digits (Low),UMAP,0,2,class6,gt_class,hier,100,20,0.8951510791366906,0.9104244604316548,0.9015467906846353,0.9137207523928421,0.7021917018785344
Digits (Low),UMAP,0,2,class6,gt_class,flat,100,20,0.8846618705035972,0.9087769784172661,0.8735957080180452,0.9009225987550828,0.8973170511149928
Digits (Low),UMAP,0,2,class7,gt_class,hier,89,20,0.8982617881494286,0.9250552194372419,0.8961949392433567,0.9231678540948028,0.7090234275313702
Digits (Low),UMAP,0,2,class7,gt_class,flat,89,20,0.8991645059060789,0.919802170363968,0.8814862458750529,0.9126555003312358,0.8604292335804379
Digits (Low),UMAP,0,2,class8,gt_class,hier,98,20,0.8599319727891155,0.8528420256991686,0.8730503591064713,0.8861435831833314,0.7097298340805743
Digits (Low),UMAP,0,2,class8,gt_class,flat,98,20,0.8286621315192746,0.8367951625094485,0.8376635408515957,0.8623952572064971,0.8411806907527477
Digits (Low),UMAP,0,2,class9,gt_class,hier,102,20,0.859591389003154,0.8716097627862333,0.8779661154458642,0.8953057748573502,0.624635126518367
Digits (Low),UMAP,0,2,class9,gt_class,flat,102,20,0.8479912244618126,0.8787193198957903,0.8313613590359764,0.8812906027753967,0.7008455567339377
Digits (Low),UMAP,1,2,leaf0,hier_leaf,hier,26,12,0.7846153846153846,0.814102564102564,0.8000972256279273,0.8153701246026231,0.6697540781896101
Digits (Low),UMAP,1,2,leaf0,hier_leaf,flat,26,12,0.6081196581196581,0.6243589743589744,0.6175476964646252,0.645686850302285,0.956929426142886
Digits (Low),UMAP,1,2,leaf1,hier_leaf,hier,60,20,0.8338418079096044,0.8416384180790961,0.8586346132983812,0.876349777349313,0.5797103558961186
Digits (Low),UMAP,1,2,leaf1,hier_leaf,flat,60,20,0.802768361581921,0.8298870056497175,0.760720736310526,0.8232677118951105,0.890801076833786
Digits (Low),UMAP,1,2,leaf2,hier_leaf,hier,36,17,0.7854575163398693,0.7828431372549018,0.8182585998006457,0.8245868501119653,0.5976608079207719
Digits (Low),UMAP,1,2,leaf2,hier_leaf,flat,36,17,0.7758169934640522,0.7934640522875815,0.728106798628702,0.7860265826642209,0.9222344479645104
Digits (Low),UMAP,1,2,leaf3,hier_leaf,hier,16,7,0.8160714285714287,0.8107142857142857,0.8647292804559488,0.8568926620755165,0.8372765584354943
Digits (Low),UMAP,1,2,leaf3,hier_leaf,flat,16,7,0.8678571428571429,0.8660714285714285,0.7437514842080266,0.7369340220058577,0.9752603318206918
Digits (Low),UMAP,1,2,leaf4,hier_leaf,hier,40,19,0.8063397129186605,0.8389952153110048,0.8284790238083192,0.845125013594114,0.6193856261456079
Digits (Low),UMAP,1,2,leaf4,hier_leaf,flat,40,19,0.8028708133971293,0.8453349282296649,0.7596584203483575,0.8298053454514301,0.9211775379049923
Digits (Low),UMAP,1,2,leaf5,hier_leaf,hier,16,7,0.7107142857142857,0.7785714285714286,0.7925176126019156,0.8202723026992796,0.7114045986983023
Digits (Low),UMAP,1,2,leaf5,hier_leaf,flat,16,7,0.7232142857142858,0.7517857142857143,0.7076357555608328,0.7477736879601045,0.967878770562984
Digits (Low),UMAP,1,2,leaf6,hier_leaf,hier,48,20,0.887202380952381,0.9001190476190475,0.8664098010015442,0.895822474890272,0.6920654125118993
Digits (Low),UMAP,1,2,leaf6,hier_leaf,flat,48,20,0.8541666666666666,0.8636904761904761,0.8343929305460777,0.8599665442253679,0.9235813301853948
Digits (Low),UMAP,1,2,leaf7,hier_leaf,hier,39,19,0.8477732793522267,0.8209176788124156,0.871913947253841,0.870127249828652,0.7623389028063841
Digits (Low),UMAP,1,2,leaf7,hier_leaf,flat,39,19,0.815519568151147,0.8520917678812415,0.8057067052741859,0.8460993091723831,0.9498930638586109
Digits (Low),UMAP,1,2,leaf8,hier_leaf,hier,66,20,0.8198890311566367,0.8288305591122492,0.8579181041279328,0.8636859434825888,0.7614468613057468
Digits (Low),UMAP,1,2,leaf8,hier_leaf,flat,66,20,0.8451771233461375,0.8560606060606061,0.8247536568283084,0.8588350086906787,0.9268795602084434
Digits (Low),UMAP,1,2,leaf9,hier_leaf,hier,29,14,0.8003284072249589,0.8292282430213466,0.8076459345731403,0.8192850604074414,0.679886683945122
Digits (Low),UMAP,1,2,leaf9,hier_leaf,flat,29,14,0.8141215106732349,0.8430213464696223,0.7978348982097974,0.8194764856722603,0.9251712140684182
Digits (Low),UMAP,1,2,leaf10,hier_leaf,hier,59,20,0.8777579542075528,0.8941421349985131,0.8827289384860425,0.8949704621092929,0.649650615516934
Digits (Low),UMAP,1,2,leaf10,hier_leaf,flat,59,20,0.8489741302408563,0.8937853107344632,0.812982841810008,0.8588608316753892,0.9053933731604729
Digits (Low),UMAP,1,2,leaf11,hier_leaf,hier,19,9,0.8374269005847953,0.816374269005848,0.848962201842809,0.8456116891694367,0.777347708437992
Digits (Low),UMAP,1,2,leaf11,hier_leaf,flat,19,9,0.7216374269005847,0.7461988304093566,0.7017735142216786,0.7578389761690795,0.9712312922886828
Digits (Low),UMAP,1,2,leaf12,hier_leaf,hier,76,20,0.8091526894158472,0.8270387507229612,0.8408654323912369,0.8562303336503447,0.6991328005324192
Digits (Low),UMAP,1,2,leaf12,hier_leaf,flat,76,20,0.7996240601503759,0.8334731058415269,0.7815563685764231,0.8419784449015725,0.9124741120448534
Digits (Low),UMAP,1,2,leaf13,hier_leaf,hier,31,15,0.8043010752688173,0.8225806451612903,0.8530556780752178,0.8519679308019897,0.6962563557009069
Digits (Low),UMAP,1,2,leaf13,hier_leaf,flat,31,15,0.7946236559139784,0.7916666666666667,0.8051449035775953,0.8257972860601309,0.9324280266929724
Digits (Low),UMAP,1,2,leaf14,hier_leaf,hier,26,12,0.726068376068376,0.7683760683760684,0.8001696563303575,0.8409901706361522,0.8844243891823272
Digits (Low),UMAP,1,2,leaf14,hier_leaf,flat,26,12,0.6170940170940169,0.6987179487179487,0.6936078477842215,0.7563706643633658,0.9794932487737669
Digits (Low),UMAP,1,2,leaf15,hier_leaf,hier,33,16,0.7745098039215687,0.7858734402852049,0.8308656646244694,0.8456880399150323,0.6809153584522639
Digits (Low),UMAP,1,2,leaf15,hier_leaf,flat,33,16,0.7263814616755794,0.7154634581105169,0.7540575301623876,0.7949285739174246,0.9254354782613496
Digits (Low),UMAP,1,2,leaf16,hier_leaf,hier,53,20,0.9189098532494758,0.9296436058700208,0.9023178954797979,0.9176454326658531,0.7762450630834035
Digits (Low),UMAP,1,2,leaf16,hier_leaf,flat,53,20,0.9100628930817609,0.9165618448637315,0.8734596199486278,0.8949794794004768,0.9311307991492433
Digits (Low),UMAP,1,2,leaf17,hier_leaf,hier,26,12,0.8713675213675214,0.8863247863247863,0.8415633502223816,0.8486370054933616,0.6182568658382559
Digits (Low),UMAP,1,2,leaf17,hier_leaf,flat,26,12,0.8581196581196582,0.876068376068376,0.7761325727390145,0.7968936581292195,0.9254283027053885
Digits (Low),UMAP,1,2,leaf18,hier_leaf,hier,26,12,0.75,0.7811965811965813,0.8121783697368977,0.8133058611871273,0.6642260051246819
Digits (Low),UMAP,1,2,leaf18,hier_leaf,flat,26,12,0.6910256410256408,0.7346153846153846,0.6886223132700056,0.729275640526679,0.9374529842001064
Digits (Low),UMAP,1,2,leaf19,hier_leaf,hier,15,7,0.7976190476190477,0.7738095238095237,0.8178447678447679,0.7888715638715639,0.7166442968766233
Digits (Low),UMAP,1,2,leaf19,hier_leaf,flat,15,7,0.8261904761904761,0.811904761904762,0.7243647493647495,0.77508085008085,0.9557101612209534
Digits (Low),UMAP,1,2,leaf20,hier_leaf,hier,22,10,0.8405594405594407,0.7965034965034964,0.8352790151965777,0.8112480416879603,0.7533420585099451
Digits (Low),UMAP,1,2,leaf20,hier_leaf,flat,22,10,0.7272727272727273,0.7888111888111887,0.6680450695472101,0.6812054595873702,0.9525805311680762
Digits (Low),UMAP,1,2,leaf21,hier_leaf,hier,37,18,0.8489015331120594,0.859333017227754,0.8346407815446617,0.8458136511151935,0.6946901428952286
Digits (Low),UMAP,1,2,leaf21,hier_leaf,flat,37,18,0.8104947052315473,0.8454243717401613,0.7891183088882358,0.8202793213294797,0.906104120247816
Digits (Low),UMAP,1,2,leaf22,hier_leaf,hier,19,9,0.7672514619883041,0.7742690058479532,0.8403209216210655,0.8401947833995603,0.6857430444875271
Digits (Low),UMAP,1,2,leaf22,hier_leaf,flat,19,9,0.7356725146198829,0.7567251461988304,0.7168424300826124,0.7026185861691877,0.9663054878039916
Digits (Low),UMAP,1,2,leaf23,hier_leaf,hier,20,9,0.8629629629629629,0.9240740740740743,0.8146791056933944,0.8435054480637092,0.8548706095984845
Digits (Low),UMAP,1,2,leaf23,hier_leaf,flat,20,9,0.8268518518518517,0.9101851851851851,0.7754674218248379,0.8606723591026266,0.9634989502483662
Digits (Low),UMAP,1,2,leaf24,hier_leaf,hier,16,7,0.7785714285714286,0.8035714285714286,0.7788628987572231,0.8039410670466239,0.9000576476834268
Digits (Low),UMAP,1,2,leaf24,hier_leaf,flat,16,7,0.7339285714285714,0.7571428571428571,0.7653912372358109,0.8365985909918467,0.9851068891199072
Digits (Low),UMAP,1,2,class0,gt_class,hier,100,20,0.8491654676258993,0.8446690647482016,0.8612001290146124,0.8641571508754463,0.6265435841365322
Digits (Low),UMAP,1,2,class0,gt_class,flat,100,20,0.8018129496402878,0.8464892086330935,0.7829553040650036,0.8540265318824143,0.8949717730094721
Digits (Low),UMAP,1,2,class1,gt_class,hier,105,20,0.9494598913390861,0.9474464685202941,0.9415364107359867,0.9402509881566724,0.4966786831205391
Digits (Low),UMAP,1,2,class1,gt_class,flat,105,20,0.9471396612336209,0.9485011185682325,0.9302628855768104,0.9348352113761297,0.7063365674321674
Digits (Low),UMAP,1,2,class2,gt_class,hier,95,20,0.881705426356589,0.8973725010199919,0.8898236082957012,0.9030917826753834,0.7221571336736914
Digits (Low),UMAP,1,2,class2,gt_class,flat,95,20,0.8910648714810281,0.9087882496940023,0.8783194153256798,0.9003887169614684,0.8754272639658539
Digits (Low),UMAP,1,2,class3,gt_class,hier,109,20,0.8621749547127914,0.8821539180739788,0.888699553465852,0.9086686311536304,0.7455341410778619
Digits (Low),UMAP,1,2,class3,gt_class,flat,109,20,0.8474142464792849,0.8748203120434758,0.8533547970485733,0.8926478344037271,0.9020886123790648
Digits (Low),UMAP,1,2,class4,gt_class,hier,107,20,0.8550913200171035,0.9086433327224971,0.8752816815798129,0.9226584578385802,0.8211848550634218
Digits (Low),UMAP,1,2,class4,gt_class,flat,107,20,0.861083623480545,0.9187587807708755,0.8519600874474696,0.9189829032838289,0.895479207354461
Digits (Low),UMAP,1,2,class5,gt_class,hier,95,20,0.9021215830273357,0.9147776417788658,0.9001410833692791,0.9143209300589151,0.6546142968483848
Digits (Low),UMAP,1,2,class5,gt_class,flat,95,20,0.8856140350877192,0.9013953488372091,0.8645466145832756,0.8948938158991997,0.8534394994944333
Digits (Low),UMAP,1,2,class6,gt_class,hier,100,20,0.8899928057553957,0.9101942446043165,0.8968974716118956,0.9114594551521652,0.7012853491616945
Digits (Low),UMAP,1,2,class6,gt_class,flat,100,20,0.8889928057553956,0.9158992805755396,0.8667982684887048,0.9083701498393256,0.8952933804251058
Digits (Low),UMAP,1,2,class7,gt_class,hier,89,20,0.8985018726591759,0.9184673004897727,0.902267940370131,0.9250879908680604,0.7268644088027589
Digits (Low),UMAP,1,2,class7,gt_class,flat,89,20,0.8991068856237395,0.9167675021607606,0.8875511779597003,0.9100738064485828,0.8616029671092998
Digits (Low),UMAP,1,2,class8,gt_class,hier,98,20,0.8462887377173091,0.858291761148904,0.8763133936786413,0.8861676763981166,0.6966896305919866
Digits (Low),UMAP,1,2,class8,gt_class,flat,98,20,0.8471126228269086,0.8423356009070294,0.8497831909958554,0.8677623789672824,0.8424889086333018
Digits (Low),UMAP,1,2,class9,gt_class,hier,102,20,0.8570547099958865,0.874297271356095,0.87030098416008,0.8957965648503816,0.6240265457904356
Digits (Low),UMAP,1,2,class9,gt_class,flat,102,20,0.830926916221034,0.864678458796106,0.8241311299665514,0.8725347896968876,0.680845037327898
Digits (Low),UMAP,2,2,leaf0,hier_leaf,hier,27,13,0.7671957671957672,0.7871387871387873,0.7827048040464065,0.7778979379371554,0.6599473200600882
Digits (Low),UMAP,2,2,leaf0,hier_leaf,flat,27,13,0.6345136345136345,0.6243386243386243,0.61053706129861,0.6654385993845158,0.9257766387486536
Digits (Low),UMAP,2,2,leaf1,hier_leaf,hier,19,9,0.7473684210526317,0.7099415204678362,0.791846490325794,0.7654413755021167,0.6516670534750882
Digits (Low),UMAP,2,2,leaf1,hier_leaf,flat,19,9,0.6631578947368421,0.6900584795321638,0.6642205957188796,0.6900827206877511,0.9470439932919288
Digits (Low),UMAP,2,2,leaf2,hier_leaf,hier,24,11,0.8170995670995671,0.8906926406926406,0.8230480713360105,0.8551507652054878,0.6817681460945416
Digits (Low),UMAP,2,2,leaf2,hier_leaf,flat,24,11,0.6536796536796537,0.685064935064935,0.6780724823857193,0.7101646959127225,0.9465926360634134
Digits (Low),UMAP,2,2,leaf3,hier_leaf,hier,35,17,0.7137254901960784,0.7775910364145661,0.7601989140466373,0.8083498822550214,0.6174562291184412
Digits (Low),UMAP,2,2,leaf3,hier_leaf,flat,35,17,0.781512605042017,0.8059757236227826,0.7301185994029948,0.7766840263744943,0.9218932225766717
Digits (Low),UMAP,2,2,leaf4,hier_leaf,hier,36,17,0.8589869281045752,0.8926470588235293,0.8492780169502484,0.8638222398103713,0.627878037418965
Digits (Low),UMAP,2,2,leaf4,hier_leaf,flat,36,17,0.8066993464052286,0.8678104575163399,0.7640631815430442,0.8160986942524668,0.9165362812472588
Digits (Low),UMAP,2,2,leaf5,hier_leaf,hier,51,20,0.872883787661406,0.9033955045432807,0.8521172279563234,0.8904888310666444,0.6827632212890017
Digits (Low),UMAP,2,2,leaf5,hier_leaf,flat,51,20,0.8519846963175515,0.8835963653754186,0.7943212293491725,0.856636186907394,0.9277947159026058
Digits (Low),UMAP,2,2,leaf6,hier_leaf,hier,16,7,0.7410714285714286,0.7910714285714285,0.8094375841051216,0.8487047811287896,0.6969266046201938
Digits (Low),UMAP,2,2,leaf6,hier_leaf,flat,16,7,0.6821428571428572,0.7375,0.7474718989946965,0.770289123723581,0.9681746553537598
Digits (Low),UMAP,2,2,leaf7,hier_leaf,hier,21,10,0.7541125541125541,0.754978354978355,0.7964375226971001,0.8177474951331464,0.6883997756629578
Digits (Low),UMAP,2,2,leaf7,hier_leaf,flat,21,10,0.6554112554112554,0.6865800865800866,0.6123360812239381,0.6796491953213569,0.9615569291377405
Digits (Low),UMAP,2,2,leaf8,hier_leaf,hier,28,13,0.7788461538461539,0.7273351648351646,0.8456818896909837,0.8416708181418951,0.693750761232804
Digits (Low),UMAP,2,2,leaf8,hier_leaf,flat,28,13,0.8125000000000001,0.8458104395604396,0.7723577092079373,0.8225677396034944,0.9180635851748112
Digits (Low),UMAP,2,2,leaf9,hier_leaf,hier,39,19,0.7912280701754386,0.8757085020242916,0.8693538727407641,0.9035365505940037,0.8527453530824661
Digits (Low),UMAP,2,2,leaf9,hier_leaf,flat,39,19,0.7126855600539812,0.844804318488529,0.761732502415178,0.8611516290714217,0.9621719283047405
Digits (Low),UMAP,2,2,leaf10,hier_leaf,hier,22,10,0.8713286713286713,0.8636363636363638,0.8643926509890001,0.8632243279286329,0.7811176324000519
Digits (Low),UMAP,2,2,leaf10,hier_leaf,flat,22,10,0.8370629370629371,0.8790209790209791,0.7272228412489632,0.7585238459001684,0.9610492197976568
Digits (Low),UMAP,2,2,leaf11,hier_leaf,hier,29,14,0.7763546798029557,0.7589490968801315,0.7895915740467206,0.8190665958957168,0.7144133112886497
Digits (Low),UMAP,2,2,leaf11,hier_leaf,flat,29,14,0.749096880131363,0.7221674876847292,0.7770653292118431,0.779283221650594,0.9392625525944508
Digits (Low),UMAP,2,2,leaf12,hier_leaf,hier,28,13,0.8399725274725275,0.8434065934065933,0.8310533682399462,0.8327698494266953,0.696835748884907
Digits (Low),UMAP,2,2,leaf12,hier_leaf,flat,28,13,0.7785027472527472,0.8276098901098902,0.7274740637830975,0.7664834273813252,0.9476272081002259
Digits (Low),UMAP,2,2,leaf13,hier_leaf,hier,39,19,0.8259109311740891,0.8468286099865048,0.8663344963059373,0.8688072515313788,0.7539893427189412
Digits (Low),UMAP,2,2,leaf13,hier_leaf,flat,39,19,0.8087719298245613,0.8418353576248313,0.8098773205487674,0.8447726022790804,0.9514534515190766
Digits (Low),UMAP,2,2,leaf14,hier_leaf,hier,67,20,0.8385810672664077,0.8629932529135147,0.867426989644221,0.8742686881765339,0.7671488268266297
Digits (Low),UMAP,2,2,leaf14,hier_leaf,flat,67,20,0.8349621754242487,0.8596401553874463,0.8364511418598926,0.8664561922146107,0.9272944619874218
Digits (Low),UMAP,2,2,leaf15,hier_leaf,hier,53,20,0.9247798742138363,0.9320335429769391,0.8944500070133796,0.9175443482079821,0.7752679936711065
Digits (Low),UMAP,2,2,leaf15,hier_leaf,flat,53,20,0.9108595387840671,0.9161844863731655,0.8756236311643311,0.8961575327556319,0.9295126242646624
Digits (Low),UMAP,2,2,leaf16,hier_leaf,hier,26,12,0.8662393162393163,0.8927350427350428,0.8089822518554536,0.8521688435098123,0.614790181047373
Digits (Low),UMAP,2,2,leaf16,hier_leaf,flat,26,12,0.8551282051282053,0.87008547008547,0.7691720077637544,0.8013562109454976,0.9215694192410369
Digits (Low),UMAP,2,2,leaf17,hier_leaf,hier,26,12,0.7662393162393163,0.7756410256410257,0.8182449574329799,0.8227653434150558,0.6783581035782045
Digits (Low),UMAP,2,2,leaf17,hier_leaf,flat,26,12,0.7136752136752136,0.7602564102564103,0.6911056118547035,0.7587940411045279,0.9415936423417596
Digits (Low),UMAP,2,2,leaf18,hier_leaf,hier,15,7,0.7785714285714286,0.7785714285714286,0.7991452991452991,0.8102102102102101,0.7184574744477228
Digits (Low),UMAP,2,2,leaf18,hier_leaf,flat,15,7,0.8499999999999999,0.8499999999999999,0.7857588357588356,0.8062485562485562,0.9455749951394108
Digits (Low),UMAP,2,2,leaf19,hier_leaf,hier,19,9,0.7052631578947368,0.7052631578947369,0.7537819811821264,0.7741492437120367,0.7376485095105282
Digits (Low),UMAP,2,2,leaf19,hier_leaf,flat,19,9,0.728654970760234,0.7614035087719299,0.6670264944401737,0.7247571974577464,0.9522704302720097
Digits (Low),UMAP,2,2,leaf20,hier_leaf,hier,15,7,0.8595238095238095,0.8333333333333334,0.8172499422499422,0.8122372372372372,0.7560914178675716
Digits (Low),UMAP,2,2,leaf20,hier_leaf,flat,15,7,0.6452380952380954,0.6595238095238095,0.6465465465465464,0.6651247401247402,0.9515414162083132
Digits (Low),UMAP,2,2,leaf21,hier_leaf,hier,23,11,0.9202898550724636,0.909090909090909,0.8271235559387078,0.8408847860764561,0.6449561005715766
Digits (Low),UMAP,2,2,leaf21,hier_leaf,flat,23,11,0.8853754940711462,0.8926218708827405,0.8165140416961552,0.8371864007105555,0.9327524001482668
Digits (Low),UMAP,2,2,leaf22,hier_leaf,hier,84,20,0.8226079216733423,0.822774810858923,0.8465344892274052,0.8554624754368098,0.7022621616671355
Digits (Low),UMAP,2,2,leaf22,hier_leaf,flat,84,20,0.7872274143302181,0.8268914107699156,0.7855931684237183,0.8438508911781177,0.8988869739653442
Digits (Low),UMAP,2,2,leaf23,hier_leaf,hier,34,16,0.7666408668730651,0.7656733746130031,0.8371688980776504,0.8449561265369328,0.6903854005901361
Digits (Low),UMAP,2,2,leaf23,hier_leaf,flat,34,16,0.7430340557275542,0.7482585139318885,0.725870744998072,0.7906329297751116,0.92176133960047
Digits (Low),UMAP,2,2,leaf24,hier_leaf,hier,33,16,0.7462121212121211,0.7831996434937611,0.8244471719687981,0.8399599579443175,0.6922414831473964
Digits (Low),UMAP,2,2,leaf24,hier_leaf,flat,33,16,0.7963458110516934,0.8170677361853832,0.8211808511840967,0.8363538106334212,0.9255581265540499
Digits (Low),UMAP,2,2,leaf25,hier_leaf,hier,25,12,0.7256410256410257,0.8020512820512821,0.7481885816914513,0.8257324475932145,0.887519259332441
Digits (Low),UMAP,2,2,leaf25,hier_leaf,flat,25,12,0.5876923076923076,0.6384615384615384,0.669059828189498,0.7362450915376517,0.9826160544048086
Digits (Low),UMAP,2,2,class0,gt_class,hier,100,20,0.8362302158273383,0.8392949640287769,0.8636546579566198,0.8659270012688896,0.6295098087484202
Digits (Low),UMAP,2,2,class0,gt_class,flat,100,20,0.8004604316546762,0.8400719424460432,0.7986313653771556,0.852116760533258,0.8896741558901874
Digits (Low),UMAP,2,2,class1,gt_class,hier,105,20,0.9209459891339086,0.8913199105145414,0.9329319686576647,0.9208642616424422,0.5522416856103044
Digits (Low),UMAP,2,2,class1,gt_class,flat,105,20,0.948162352189198,0.9481943112815597,0.9276311458045421,0.9351581055021705,0.718858597708939
Digits (Low),UMAP,2,2,class2,gt_class,hier,95,20,0.8846838025295796,0.9027580579355364,0.8953481308633813,0.9065306356242179,0.737800567854631
Digits (Low),UMAP,2,2,class2,gt_class,flat,95,20,0.8887392900856793,0.9071154630762952,0.8850963840987942,0.9002094651578686,0.8795404528779719
Digits (Low),UMAP,2,2,class3,gt_class,hier,109,20,0.8589376497399637,0.8790101092736516,0.8888259304008266,0.9055689049121912,0.7485415244987518
Digits (Low),UMAP,2,2,class3,gt_class,flat,109,20,0.8539940396190031,0.8927072985449659,0.867041699932018,0.9087140402126518,0.9010036607671624
Digits (Low),UMAP,2,2,class4,gt_class,hier,107,20,0.8719809419094742,0.9080874717488242,0.8851989549807397,0.9240977635285101,0.8209925208304814
Digits (Low),UMAP,2,2,class4,gt_class,flat,107,20,0.8581210677417385,0.9158573086555496,0.8483395544391019,0.9167734667913611,0.893564531120964
Digits (Low),UMAP,2,2,class5,gt_class,hier,95,20,0.9007751937984494,0.9253773969808241,0.8972523426566004,0.9214447246537054,0.6696856016860351
Digits (Low),UMAP,2,2,class5,gt_class,flat,95,20,0.8834271725826194,0.8978947368421052,0.8566118797308545,0.8871815600812313,0.8486745183785804
Digits (Low),UMAP,2,2,class6,gt_class,hier,100,20,0.8911870503597121,0.9113812949640289,0.8998247780292234,0.912443141561532,0.7010700582254514
Digits (Low),UMAP,2,2,class6,gt_class,flat,100,20,0.8887194244604316,0.9144748201438847,0.8742281518028571,0.9066091022541376,0.8957924925965279
Digits (Low),UMAP,2,2,class7,gt_class,hier,89,20,0.891318544127533,0.9159416114472295,0.8955845750344976,0.922389580185649,0.7262302820849359
Digits (Low),UMAP,2,2,class7,gt_class,flat,89,20,0.8974262940555078,0.911956208585422,0.8699396043495806,0.9047948524326057,0.8593405187795241
Digits (Low),UMAP,2,2,class8,gt_class,hier,98,20,0.8631292517006802,0.8687301587301587,0.8664712368657226,0.8892480174463866,0.7057493551429825
Digits (Low),UMAP,2,2,class8,gt_class,flat,98,20,0.8368253968253967,0.8323809523809523,0.8391032683341838,0.8620069314597796,0.8359435262575448
Digits (Low),UMAP,2,2,class9,gt_class,hier,102,20,0.8584601672836969,0.8780268750856988,0.8675133119170266,0.8977503325910859,0.6375585749032189
Digits (Low),UMAP,2,2,class9,gt_class,flat,102,20,0.8383381324557796,0.8747908953791307,0.8355726438972307,0.8722077199590879,0.6881694689843774
Digits (Low),UMAP,3,2,leaf0,hier_leaf,hier,20,9,0.8194444444444446,0.7842592592592593,0.8143297971231156,0.7819648487287851,0.6486947666709896
Digits (Low),UMAP,3,2,leaf0,hier_leaf,flat,20,9,0.7277777777777779,0.7759259259259259,0.646811181707539,0.7386390861436143,0.9418258422332996
Digits (Low),UMAP,3,2,leaf1,hier_leaf,hier,53,20,0.8440251572327045,0.8586163522012578,0.8477437281957643,0.8665116298422306,0.608804919757192
Digits (Low),UMAP,3,2,leaf1,hier_leaf,flat,53,20,0.7877148846960167,0.8327463312368972,0.7665366669857585,0.8117008175134874,0.8988147960488768
Digits (Low),UMAP,3,2,leaf2,hier_leaf,hier,58,20,0.8478056426332287,0.8846081504702196,0.8539435295764153,0.8871937426363525,0.7263154850880416
Digits (Low),UMAP,3,2,leaf2,hier_leaf,flat,58,20,0.8586833855799374,0.8915673981191222,0.8582342740628749,0.8838164953723864,0.9206650457921923
Digits (Low),UMAP,3,2,leaf3,hier_leaf,hier,32,15,0.8168981481481481,0.8108796296296297,0.8197054863016853,0.837701453402804,0.6046671007794309
Digits (Low),UMAP,3,2,leaf3,hier_leaf,flat,32,15,0.7525462962962963,0.7465277777777778,0.7231192086695253,0.7693150536746582,0.9279954954844862
Digits (Low),UMAP,3,2,leaf4,hier_leaf,hier,15,7,0.7547619047619047,0.7880952380952381,0.7643277893277892,0.8031242781242781,0.7059173280314734
Digits (Low),UMAP,3,2,leaf4,hier_leaf,flat,15,7,0.6595238095238095,0.7166666666666666,0.6713848463848463,0.7534707784707784,0.973130241657953
Digits (Low),UMAP,3,2,leaf5,hier_leaf,hier,48,20,0.8805952380952382,0.9054166666666669,0.848065216432928,0.8872885990016314,0.697393021080908
Digits (Low),UMAP,3,2,leaf5,hier_leaf,flat,48,20,0.8591071428571428,0.8660714285714285,0.8284581064717331,0.8645930257619842,0.9239909198990556
Digits (Low),UMAP,3,2,leaf6,hier_leaf,hier,19,9,0.7216374269005847,0.704093567251462,0.8247837243798655,0.8262540737773254,0.6960663826429508
Digits (Low),UMAP,3,2,leaf6,hier_leaf,flat,19,9,0.7087719298245613,0.6865497076023391,0.6922579283015191,0.6679798395391895,0.9696183840655772
Digits (Low),UMAP,3,2,leaf7,hier_leaf,hier,41,20,0.7368176538908247,0.8475029036004645,0.8356493974417933,0.8964555833470068,0.8452125979265055
Digits (Low),UMAP,3,2,leaf7,hier_leaf,flat,41,20,0.6337979094076654,0.8135888501742161,0.7543560519254746,0.857161360986383,0.961668902142807
Digits (Low),UMAP,3,2,leaf8,hier_leaf,hier,26,12,0.7991452991452992,0.8025641025641025,0.8523700063834632,0.8528067488983733,0.670741848130674
Digits (Low),UMAP,3,2,leaf8,hier_leaf,flat,26,12,0.8397435897435896,0.8534188034188033,0.8246712154354585,0.8401981904531554,0.9293959048077136
Digits (Low),UMAP,3,2,leaf9,hier_leaf,hier,66,20,0.8369184805804524,0.8578318395219802,0.85874582296709,0.8785330235901777,0.7747201349722761
Digits (Low),UMAP,3,2,leaf9,hier_leaf,flat,66,20,0.8621425522833972,0.8714255228339736,0.8418587028449434,0.869021939088617,0.9271082623361144
Digits (Low),UMAP,3,2,leaf10,hier_leaf,hier,37,18,0.8283546704599337,0.8409988936304725,0.8602066474654961,0.8580938368045012,0.7556290552995399
Digits (Low),UMAP,3,2,leaf10,hier_leaf,flat,37,18,0.8054370159633318,0.8544333807491702,0.8100018481438823,0.847130046143253,0.9496653817717866
Digits (Low),UMAP,3,2,leaf11,hier_leaf,hier,22,10,0.8090909090909091,0.8370629370629371,0.8336186864667215,0.8561111902348297,0.7829361909436892
Digits (Low),UMAP,3,2,leaf11,hier_leaf,flat,22,10,0.851748251748252,0.8825174825174826,0.7372731613953768,0.7753552379944143,0.9676762732513702
Digits (Low),UMAP,3,2,leaf12,hier_leaf,hier,31,15,0.7997311827956991,0.8241935483870968,0.8294921222024572,0.8470011480229677,0.7004807258156812
Digits (Low),UMAP,3,2,leaf12,hier_leaf,flat,31,15,0.753494623655914,0.7911290322580646,0.7180997121148802,0.775100611928606,0.9459668263841069
Digits (Low),UMAP,3,2,leaf13,hier_leaf,hier,29,14,0.8183908045977013,0.7950738916256159,0.8410630989280214,0.8360291745934162,0.7137932203501995
Digits (Low),UMAP,3,2,leaf13,hier_leaf,flat,29,14,0.7405582922824304,0.7277504105090312,0.7520420871134034,0.7677369734004504,0.9407494202244654
Digits (Low),UMAP,3,2,leaf14,hier_leaf,hier,53,20,0.9158490566037736,0.9277568134171906,0.9035046998501791,0.9194035835524506,0.7714297561449394
Digits (Low),UMAP,3,2,leaf14,hier_leaf,flat,53,20,0.9136268343815512,0.9154297693920335,0.8764133194327468,0.8951773624992301,0.9274510993354826
Digits (Low),UMAP,3,2,leaf15,hier_leaf,hier,86,20,0.8785983658076684,0.8820657867169497,0.890821429323703,0.8964926304125885,0.6633730598423603
Digits (Low),UMAP,3,2,leaf15,hier_leaf,flat,86,20,0.8335114183951393,0.833773308191913,0.8349293229437027,0.8649605157539152,0.8673064613003738
Digits (Low),UMAP,3,2,leaf16,hier_leaf,hier,55,20,0.8467903525046381,0.8688682745825603,0.8612726362142027,0.8754296788248866,0.625801780443695
Digits (Low),UMAP,3,2,leaf16,hier_leaf,flat,55,20,0.8204081632653061,0.8416326530612247,0.80390885735644,0.8432942713187502,0.9072775071906107
Digits (Low),UMAP,3,2,leaf17,hier_leaf,hier,84,20,0.8270582999554961,0.8366933689363595,0.8432481199108834,0.8684066381178288,0.6870326207564884
Digits (Low),UMAP,3,2,leaf17,hier_leaf,flat,84,20,0.7791722296395195,0.8222963951935914,0.7942113487382082,0.8414451921222389,0.8982202278769642
Digits (Low),UMAP,3,2,leaf18,hier_leaf,hier,103,20,0.8735051891529962,0.8812587880816874,0.891119145194196,0.9072567135597001,0.7593821628790636
Digits (Low),UMAP,3,2,leaf18,hier_leaf,flat,103,20,0.8580984265148982,0.8919584867760294,0.8598008401334465,0.9030477933926969,0.9039985895134572
Digits (Low),UMAP,3,2,class0,gt_class,hier,100,20,0.8439136690647482,0.8439208633093525,0.8604747757176578,0.8692451133732247,0.6258899769005608
Digits (Low),UMAP,3,2,class0,gt_class,flat,100,20,0.8143884892086333,0.8524172661870505,0.8033245981965671,0.861123278952039,0.8886779138822593
Digits (Low),UMAP,3,2,class1,gt_class,hier,105,20,0.9378203899009269,0.9385874081176095,0.9362551074982561,0.9361811374266201,0.45421485427200636
Digits (Low),UMAP,3,2,class1,gt_class,flat,105,20,0.9487376158517099,0.9484947267497604,0.9292795838008816,0.9343234462289579,0.7311612127767984
Digits (Low),UMAP,3,2,class2,gt_class,hier,95,20,0.8732598939208487,0.8959363525091799,0.8849590548514028,0.9051667093682652,0.7090273409124647
Digits (Low),UMAP,3,2,class2,gt_class,flat,95,20,0.8983108935128519,0.9121501427988574,0.8861164234965719,0.902294752242405,0.8822917302216304
Digits (Low),UMAP,3,2,class3,gt_class,hier,109,20,0.8388827207386198,0.8705779232162687,0.8803440500457832,0.9031722945063523,0.7360347997366711
Digits (Low),UMAP,3,2,class3,gt_class,flat,109,20,0.859551218371998,0.892076199380588,0.8689606677361353,0.9066659498240809,0.8957066058116274
Digits (Low),UMAP,3,2,class4,gt_class,hier,107,20,0.8575346649563254,0.922649807586586,0.8686831444086471,0.9303562618937864,0.8290601167763841
Digits (Low),UMAP,3,2,class4,gt_class,flat,107,20,0.8690183861706678,0.9194673508032499,0.8558843810098075,0.919382735249605,0.8894153694077402
Digits (Low),UMAP,3,2,class5,gt_class,hier,95,20,0.8985230518155853,0.9125499796001633,0.8971901802940854,0.9139121479603439,0.661261455517119
Digits (Low),UMAP,3,2,class5,gt_class,flat,95,20,0.8903386372909018,0.9031578947368423,0.8663365819789657,0.8960940848793968,0.8539779763604148
Digits (Low),UMAP,3,2,class6,gt_class,hier,100,20,0.893525179856115,0.9085035971223021,0.895924915173478,0.9114091304101082,0.7013985845580973
Digits (Low),UMAP,3,2,class6,gt_class,flat,100,20,0.8852014388489209,0.9138992805755395,0.8816998017658811,0.908711862849163,0.8985671555432005
Digits (Low),UMAP,3,2,class7,gt_class,hier,89,20,0.8954095841736293,0.9152693748199366,0.8985320741050138,0.923063779812719,0.7328828859589178
Digits (Low),UMAP,3,2,class7,gt_class,flat,89,20,0.8944780562758092,0.899644674925574,0.8800903855113511,0.9001969996213407,0.8614990052308764
Digits (Low),UMAP,3,2,class8,gt_class,hier,98,20,0.8507482993197277,0.859886621315193,0.8736648839999216,0.8854457366290107,0.6952090894312623
Digits (Low),UMAP,3,2,class8,gt_class,flat,98,20,0.8469992441421013,0.8305895691609979,0.8377641004318428,0.8601459186207773,0.8396272485776751
Digits (Low),UMAP,3,2,class9,gt_class,hier,102,20,0.8436857260386671,0.8681475387357741,0.8660189316200435,0.8906249343736784,0.617072461736539
Digits (Low),UMAP,3,2,class9,gt_class,flat,102,20,0.8340326340326341,0.8671260112436582,0.8381247623657484,0.8684922908940432,0.6846540515561311
Digits (Low),UMAP,4,2,leaf0,hier_leaf,hier,33,16,0.7415329768270945,0.786319073083779,0.7910296351953379,0.8431205992585501,0.6601343707737187
Digits (Low),UMAP,4,2,leaf0,hier_leaf,flat,33,16,0.7199197860962566,0.7274955436720143,0.7290068716332156,0.7506056242482589,0.9359205665628906
Digits (Low),UMAP,4,2,leaf1,hier_leaf,hier,41,20,0.7849012775842045,0.7944250871080138,0.8082068102535074,0.8126611981221077,0.6552850326444601
Digits (Low),UMAP,4,2,leaf1,hier_leaf,flat,41,20,0.6932636469221836,0.6955865272938443,0.6843162542430922,0.7322494861335209,0.9074296305085675
Digits (Low),UMAP,4,2,leaf2,hier_leaf,hier,35,17,0.8218487394957984,0.7996265172735763,0.8239061871855213,0.8176269665452873,0.600162090986966
Digits (Low),UMAP,4,2,leaf2,hier_leaf,flat,35,17,0.7432306255835669,0.7602240896358544,0.749332175462178,0.7755662116479513,0.9218548842566683
Digits (Low),UMAP,4,2,leaf3,hier_leaf,hier,19,9,0.8502923976608187,0.8269005847953216,0.8727563096179041,0.8557189878625798,0.8184936287758905
Digits (Low),UMAP,4,2,leaf3,hier_leaf,flat,19,9,0.7999999999999999,0.8257309941520466,0.7721451076776491,0.778625797161078,0.9718148460411771
Digits (Low),UMAP,4,2,leaf4,hier_leaf,hier,38,18,0.8354218880534671,0.8664717348927875,0.829548701428361,0.8666799192782513,0.6615187534697529
Digits (Low),UMAP,4,2,leaf4,hier_leaf,flat,38,18,0.8163464216095795,0.8444722918407128,0.7964824152358617,0.8128964833976121,0.9208505843301503
Digits (Low),UMAP,4,2,leaf5,hier_leaf,hier,16,7,0.7857142857142857,0.825,0.8220632470513735,0.8322647035541835,0.7016638534142192
Digits (Low),UMAP,4,2,leaf5,hier_leaf,flat,16,7,0.5982142857142857,0.6178571428571429,0.6304668328979657,0.6265435763476609,0.9754816393420893
Digits (Low),UMAP,4,2,leaf6,hier_leaf,hier,46,20,0.8678120617110802,0.8813464235624123,0.8623645788496106,0.8896974969217112,0.6699120228109491
Digits (Low),UMAP,4,2,leaf6,hier_leaf,flat,46,20,0.856591865357644,0.873632538569425,0.8178011236945286,0.8601491655723946,0.9210302587418345
Digits (Low),UMAP,4,2,leaf7,hier_leaf,hier,20,9,0.799074074074074,0.7787037037037038,0.7997062741377493,0.7942016693978858,0.7082996778900458
Digits (Low),UMAP,4,2,leaf7,hier_leaf,flat,20,9,0.6916666666666667,0.7398148148148148,0.576901551524212,0.6513330266701166,0.9645489146965579
Digits (Low),UMAP,4,2,leaf8,hier_leaf,hier,81,20,0.8753208654198753,0.8867742329788534,0.8906616662633124,0.9170213005343022,0.8135359650800015
Digits (Low),UMAP,4,2,leaf8,hier_leaf,flat,81,20,0.8400928981787068,0.8904534897934238,0.8168313732377074,0.9044273857512041,0.9370342880574706
Digits (Low),UMAP,4,2,leaf9,hier_leaf,hier,54,20,0.9204097714736014,0.933490937746257,0.901364678631816,0.919157605077089,0.7662654879150957
Digits (Low),UMAP,4,2,leaf9,hier_leaf,flat,54,20,0.9165090622537432,0.9217494089834516,0.8679513665144843,0.8936884387927398,0.9182817099355342
Digits (Low),UMAP,4,2,leaf10,hier_leaf,hier,40,19,0.8507177033492823,0.8547846889952154,0.8737285361455356,0.8761026761299803,0.763826798612299
Digits (Low),UMAP,4,2,leaf10,hier_leaf,flat,40,19,0.7938995215311004,0.8421052631578949,0.7965196937787733,0.8346964543073053,0.9464057145365308
Digits (Low),UMAP,4,2,leaf11,hier_leaf,hier,66,20,0.844131455399061,0.8584080239009816,0.8655901477005944,0.8802203470396612,0.76841096842613
Digits (Low),UMAP,4,2,leaf11,hier_leaf,flat,66,20,0.8410584720443874,0.8644472897994024,0.8125820007721469,0.862014270715181,0.9272399456782482
Digits (Low),UMAP,4,2,leaf12,hier_leaf,hier,15,7,0.8190476190476192,0.7761904761904762,0.8295680295680297,0.8404365904365905,0.7157705703503088
Digits (Low),UMAP,4,2,leaf12,hier_leaf,flat,15,7,0.7904761904761906,0.7690476190476192,0.7750288750288751,0.8011723261723261,0.9607565072001124
Digits (Low),UMAP,4,2,leaf13,hier_leaf,hier,55,20,0.834100185528757,0.8673840445269018,0.8423698643008247,0.8659751847290359,0.6311023442287669
Digits (Low),UMAP,4,2,leaf13,hier_leaf,flat,55,20,0.8104638218923933,0.8318738404452691,0.7937881211959271,0.8386524675670028,0.9074929503549715
Digits (Low),UMAP,4,2,leaf14,hier_leaf,hier,80,20,0.8772348484848486,0.9055429292929293,0.8841561023097981,0.903218977519586,0.6617041705281367
Digits (Low),UMAP,4,2,leaf14,hier_leaf,flat,80,20,0.8427272727272728,0.8539015151515151,0.8422763153165274,0.859132170442229,0.8560194821227798
Digits (Low),UMAP,4,2,leaf15,hier_leaf,hier,22,10,0.834965034965035,0.8195804195804197,0.8073580742623914,0.8164369497781023,0.7881511560493707
Digits (Low),UMAP,4,2,leaf15,hier_leaf,flat,22,10,0.8132867132867133,0.8167832167832167,0.6979012835559673,0.7337826629692618,0.965420286791684
Digits (Low),UMAP,4,2,leaf16,hier_leaf,hier,25,12,0.801025641025641,0.7635897435897435,0.8064354730516666,0.7998711357593176,0.7132959498068924
Digits (Low),UMAP,4,2,leaf16,hier_leaf,flat,25,12,0.7343589743589743,0.7205128205128204,0.7178629461847963,0.7431919993177476,0.9457917508479065
Digits (Low),UMAP,4,2,leaf17,hier_leaf,hier,31,15,0.8233870967741935,0.8607526881720428,0.8138960418573747,0.8361078901981349,0.7156400291088088
Digits (Low),UMAP,4,2,leaf17,hier_leaf,flat,31,15,0.7564516129032257,0.7876344086021507,0.7020065670309057,0.7593604541323891,0.9515529965279557
Digits (Low),UMAP,4,2,leaf18,hier_leaf,hier,74,20,0.8161385523454489,0.8273532152842497,0.8370383065632613,0.8522797194566089,0.6900004718562747
Digits (Low),UMAP,4,2,leaf18,hier_leaf,flat,74,20,0.825846536191364,0.8527648337993166,0.807538782530284,0.8492169991178112,0.9157904394410982
Digits (Low),UMAP,4,2,leaf19,hier_leaf,hier,31,15,0.6725806451612903,0.7389784946236558,0.7997122537664212,0.8375217322912599,0.873678645786965
Digits (Low),UMAP,4,2,leaf19,hier_leaf,flat,31,15,0.6983870967741935,0.7473118279569892,0.7173052709904411,0.7803777972608116,0.9705425133819318
Digits (Low),UMAP,4,2,leaf20,hier_leaf,hier,23,11,0.7575757575757575,0.7951251646903821,0.8158593309732673,0.831308173549115,0.6889996562023627
Digits (Low),UMAP,4,2,leaf20,hier_leaf,flat,23,11,0.6870882740447957,0.7259552042160737,0.6325036622783958,0.7444180861491176,0.929434795523505
Digits (Low),UMAP,4,2,class0,gt_class,hier,100,20,0.8400071942446042,0.8425971223021584,0.8574039782031667,0.8655698076632633,0.6252034559926535
Digits (Low),UMAP,4,2,class0,gt_class,flat,100,20,0.7966115107913668,0.8351079136690646,0.7896362660190664,0.8543064340491372,0.8924726197569998
Digits (Low),UMAP,4,2,class1,gt_class,hier,105,20,0.9545030361137744,0.9419814637264302,0.9406512749083128,0.9351997432528045,0.5881130224903441
Digits (Low),UMAP,4,2,class1,gt_class,flat,105,20,0.9447299456695429,0.9483796740172579,0.9257388347011273,0.933714214692742,0.7100253765079287
Digits (Low),UMAP,4,2,class2,gt_class,hier,95,20,0.883778049775602,0.8912117503059975,0.8911506198049138,0.902074513403874,0.712965952145053
Digits (Low),UMAP,4,2,class2,gt_class,flat,95,20,0.8897429620563035,0.9088943288453694,0.8740693109642468,0.8983771132747106,0.878283160333285
Digits (Low),UMAP,4,2,class3,gt_class,hier,109,20,0.8609069128732542,0.8802372465377198,0.8857562578646473,0.9068567482200304,0.7485777632299395
Digits (Low),UMAP,4,2,class3,gt_class,flat,109,20,0.85306492140478,0.8856015894349325,0.8639821101506313,0.9044023670200443,0.8980262804436926
Digits (Low),UMAP,4,2,class4,gt_class,hier,107,20,0.8596787001404925,0.9182212448842466,0.8733750184443252,0.9280867502268111,0.8217421344046473
Digits (Low),UMAP,4,2,class4,gt_class,flat,107,20,0.8642905137132736,0.9172744487202983,0.8386650563961255,0.9173269500749458,0.8868977783047886
Digits (Low),UMAP,4,2,class5,gt_class,hier,95,20,0.9061036311709504,0.9210526315789473,0.9036807673427718,0.9188233955751359,0.6587107414311562
Digits (Low),UMAP,4,2,class5,gt_class,flat,95,20,0.8846430028559771,0.8951611587107304,0.8564379003912493,0.8887258929111111,0.8473423734643977
Digits (Low),UMAP,4,2,class6,gt_class,hier,100,20,0.8903597122302159,0.9141151079136689,0.892091222472759,0.9136887686184256,0.697797383063135
Digits (Low),UMAP,4,2,class6,gt_class,flat,100,20,0.8928561151079137,0.9120359712230214,0.8817453283688964,0.9053361551512954,0.8954136374785127
Digits (Low),UMAP,4,2,class7,gt_class,hier,89,20,0.9018342456544706,0.920944972630366,0.8978019975663865,0.9255310199266598,0.7250550894083563
Digits (Low),UMAP,4,2,class7,gt_class,flat,89,20,0.8893018342456547,0.8953711706520696,0.8805015444335726,0.8947674398449227,0.863168802529169
Digits (Low),UMAP,4,2,class8,gt_class,hier,98,20,0.8409221466364323,0.8532275132275132,0.8709064097230844,0.8832762972389432,0.6947587196395255
Digits (Low),UMAP,4,2,class8,gt_class,flat,98,20,0.8426681783824642,0.8383295540438397,0.8437492958283344,0.8636548192471419,0.8456618021668247
Digits (Low),UMAP,4,2,class9,gt_class,hier,102,20,0.8465720553955848,0.8586041409570822,0.8683155325743109,0.8894129887689836,0.6056152934734431
Digits (Low),UMAP,4,2,class9,gt_class,flat,102,20,0.8547922665569724,0.8669614699026462,0.8542461571570348,0.8742519688687522,0.7200060038095881
Digits (Low),t-SNE,0,2,leaf0,hier_leaf,hier,18,8,0.6073232323232323,0.5808080808080808,0.5299462203961652,0.5319337274944049,25.787842196692683
Digits (Low),t-SNE,0,2,leaf0,hier_leaf,flat,18,8,0.8358585858585859,0.835858585858586,0.829874217337891,0.8200925647563587,0.4395854808718875
Digits (Low),t-SNE,0,2,leaf1,hier_leaf,hier,26,12,0.5235042735042735,0.5235042735042735,0.49845669922729596,0.435714444520101,31.018878721064166
Digits (Low),t-SNE,0,2,leaf1,hier_leaf,flat,26,12,0.8158119658119658,0.7739316239316238,0.8042116190728953,0.7841031758530659,0.4545666805435331
Digits (Low),t-SNE,0,2,leaf2,hier_leaf,hier,29,14,0.5169129720853858,0.5080459770114942,0.4586620699396566,0.5153667623015606,35.40970698002685
Digits (Low),t-SNE,0,2,leaf2,hier_leaf,flat,29,14,0.8029556650246307,0.7977011494252875,0.8297918441667606,0.8102445036146968,0.3642323445190795
Digits (Low),t-SNE,0,2,leaf3,hier_leaf,hier,17,8,0.5,0.48856209150326807,0.517402013962452,0.43234889963796325,7.848012847377191
Digits (Low),t-SNE,0,2,leaf3,hier_leaf,flat,17,8,0.849673202614379,0.869281045751634,0.8954624158190071,0.8742230674000996,0.6430637226223407
Digits (Low),t-SNE,0,2,leaf4,hier_leaf,hier,31,15,0.4564516129032259,0.4543010752688173,0.4417505151105519,0.45038850104347516,6.555225689751603
Digits (Low),t-SNE,0,2,leaf4,hier_leaf,flat,31,15,0.843010752688172,0.8400537634408602,0.8298301210548571,0.8464069275316812,0.3684880051184066
Digits (Low),t-SNE,0,2,leaf5,hier_leaf,hier,38,18,0.8049289891395153,0.8203842940685044,0.8041658071871105,0.7976643005758102,27.54446995189197
Digits (Low),t-SNE,0,2,leaf5,hier_leaf,flat,38,18,0.8813700918964076,0.8893065998329156,0.8788900275064175,0.8829794935151083,0.3442230355784786
Digits (Low),t-SNE,0,2,leaf6,hier_leaf,hier,17,8,0.47875816993464054,0.4428104575163399,0.4599972772793213,0.47047549764101776,30.349851125958683
Digits (Low),t-SNE,0,2,leaf6,hier_leaf,flat,17,8,0.8741830065359478,0.8447712418300655,0.8806235881204294,0.8767224398980682,0.5604073174431995
Digits (Low),t-SNE,0,2,leaf7,hier_leaf,hier,48,20,0.8474404761904761,0.8372619047619048,0.847353219603514,0.8125079640050469,21.072214119057154
Digits (Low),t-SNE,0,2,leaf7,hier_leaf,flat,48,20,0.91125,0.9194642857142857,0.9055711183733677,0.9153832043167586,0.3525561731867555
Digits (Low),t-SNE,0,2,leaf8,hier_leaf,hier,29,14,0.4939244663382594,0.5277504105090312,0.5221084176111794,0.5270260574987963,29.78983751395759
Digits (Low),t-SNE,0,2,leaf8,hier_leaf,flat,29,14,0.8495894909688013,0.8725779967159278,0.8682939816115234,0.8728171005597599,0.4261926060344995
Digits (Low),t-SNE,0,2,leaf9,hier_leaf,hier,21,10,0.4761904761904763,0.5212121212121212,0.4745209901931518,0.4951837497693082,25.94960208528569
Digits (Low),t-SNE,0,2,leaf9,hier_leaf,flat,21,10,0.8199134199134198,0.7887445887445887,0.8604354781508254,0.8507030466631117,0.49960740280525184
Digits (Low),t-SNE,0,2,leaf10,hier_leaf,hier,22,10,0.5272727272727272,0.5699300699300699,0.47985328177682596,0.48985295428079206,9.239247352492828
Digits (Low),t-SNE,0,2,leaf10,hier_leaf,flat,22,10,0.8958041958041959,0.9307692307692309,0.895563799654682,0.9189611064186939,0.6777504626351202
Digits (Low),t-SNE,0,2,leaf11,hier_leaf,hier,16,7,0.44107142857142856,0.5160714285714286,0.4958392701654397,0.469736998337687,2.455955834613667
Digits (Low),t-SNE,0,2,leaf11,hier_leaf,flat,16,7,0.8571428571428571,0.9178571428571428,0.9189721364679807,0.9384894720177313,0.6939150385205418
Digits (Low),t-SNE,0,2,leaf12,hier_leaf,hier,40,19,0.7962918660287082,0.7915071770334927,0.8025804950717991,0.7746390794025103,23.73770033460838
Digits (Low),t-SNE,0,2,leaf12,hier_leaf,flat,40,19,0.8553827751196172,0.8307416267942583,0.8947886993250188,0.8735789383848942,0.4866685017575882
Digits (Low),t-SNE,0,2,leaf13,hier_leaf,hier,19,9,0.6105263157894737,0.5660818713450291,0.564333741162204,0.5444120226507433,52.052510490036944
Digits (Low),t-SNE,0,2,leaf13,hier_leaf,flat,19,9,0.8339181286549708,0.7777777777777777,0.8409066793707164,0.8344595545642548,0.5111130276077401
Digits (Low),t-SNE,0,2,leaf14,hier_leaf,hier,21,10,0.45454545454545453,0.4744588744588744,0.42221156291274714,0.482410438412296,3.737082540284189
Digits (Low),t-SNE,0,2,leaf14,hier_leaf,flat,21,10,0.8623376623376622,0.8623376623376625,0.8763478994498266,0.8742370159830108,0.521003457401364
Digits (Low),t-SNE,0,2,leaf15,hier_leaf,hier,53,20,0.8846960167714882,0.8943396226415095,0.8814367211063535,0.8787328903756182,12.13434271307743
Digits (Low),t-SNE,0,2,leaf15,hier_leaf,flat,53,20,0.932830188679245,0.9418029350104822,0.9293409933351056,0.9327678604352044,0.5624174335459646
Digits (Low),t-SNE,0,2,leaf16,hier_leaf,hier,71,20,0.836776212832551,0.8428447226569293,0.8210451785229503,0.8158312733055733,10.741600785572558
Digits (Low),t-SNE,0,2,leaf16,hier_leaf,flat,71,20,0.8461137193531559,0.851208485480786,0.8832216329621859,0.8869941211233893,0.44049860490816845
Digits (Low),t-SNE,0,2,leaf17,hier_leaf,hier,66,20,0.9036491677336749,0.8995091762697397,0.8978518677948358,0.8868951383852867,1.503740661116416
Digits (Low),t-SNE,0,2,leaf17,hier_leaf,flat,66,20,0.8816047801963294,0.8935979513444302,0.9020786457935538,0.893910385336933,0.3843428997271688
Digits (Low),t-SNE,0,2,leaf18,hier_leaf,hier,23,11,0.4499341238471673,0.4018445322793149,0.44194452875618756,0.42755810736336086,35.267277370054444
Digits (Low),t-SNE,0,2,leaf18,hier_leaf,flat,23,11,0.8998682476943346,0.8550724637681159,0.8879938793403253,0.8756449537619485,0.6061771088537939
Digits (Low),t-SNE,0,2,leaf19,hier_leaf,hier,18,8,0.5012626262626262,0.5265151515151515,0.5102381668169823,0.4868149038907632,43.35448071145887
Digits (Low),t-SNE,0,2,leaf19,hier_leaf,flat,18,8,0.8535353535353535,0.8510101010101011,0.8659017269599492,0.8425452709950154,0.5319538572547815
Digits (Low),t-SNE,0,2,leaf20,hier_leaf,hier,32,15,0.725,0.755787037037037,0.6596164542190578,0.663263287308283,13.782257674157737
Digits (Low),t-SNE,0,2,leaf20,hier_leaf,flat,32,15,0.8347222222222221,0.8293981481481482,0.8510953550469732,0.8478929423846358,0.41337214449650844
Digits (Low),t-SNE,0,2,leaf21,hier_leaf,hier,79,20,0.8520944799686807,0.8549262690852149,0.8700395970442839,0.8663100731523004,0.4360167403701613
Digits (Low),t-SNE,0,2,leaf21,hier_leaf,flat,79,20,0.8607072947931619,0.8544695289051285,0.8786183516866533,0.8663101836670303,0.3832484932358449
Digits (Low),t-SNE,0,2,leaf22,hier_leaf,hier,32,15,0.6363425925925926,0.6178240740740741,0.6206046289333715,0.5508108711292654,28.061003492544334
Digits (Low),t-SNE,0,2,leaf22,hier_leaf,flat,32,15,0.7289351851851853,0.7513888888888889,0.8405339045730488,0.8464348476925048,0.4025203735183255
Digits (Low),t-SNE,0,2,leaf23,hier_leaf,hier,23,11,0.4472990777338604,0.46969696969696967,0.43701347256081585,0.45354033502793717,20.790735514695115
Digits (Low),t-SNE,0,2,leaf23,hier_leaf,flat,23,11,0.8372859025032937,0.83201581027668,0.8404336353889571,0.8465131542477333,0.5912811297775749
Digits (Low),t-SNE,0,2,leaf24,hier_leaf,hier,26,12,0.5299145299145299,0.5311965811965812,0.5081355390327221,0.45693051354412356,15.526217140305725
Digits (Low),t-SNE,0,2,leaf24,hier_leaf,flat,26,12,0.8858974358974359,0.8623931623931623,0.8904532388916807,0.8785654135110808,0.42481091464771714
Digits (Low),t-SNE,0,2,class0,gt_class,hier,100,20,0.854820143884892,0.8373741007194246,0.8814308211376287,0.859079783328452,0.35295964545536457
Digits (Low),t-SNE,0,2,class0,gt_class,flat,100,20,0.869640287769784,0.8565683453237409,0.8932537698428036,0.8738743880195173,0.43070869076520324
Digits (Low),t-SNE,0,2,class1,gt_class,hier,105,20,0.9564461489293703,0.9468967721316716,0.9496962092675699,0.9421212788785817,0.3157096969261561
Digits (Low),t-SNE,0,2,class1,gt_class,flat,105,20,0.9599552572706936,0.9564781080217322,0.952890668265356,0.9488593322372313,1.6737524170821134
Digits (Low),t-SNE,0,2,class2,gt_class,hier,95,20,0.8982700938392495,0.9011750305997552,0.9162230383482363,0.9083336502484588,0.4313899318029401
Digits (Low),t-SNE,0,2,class2,gt_class,flat,95,20,0.909596083231334,0.890126478988168,0.9173390110268238,0.8935440236853853,0.8630632559010395
Digits (Low),t-SNE,0,2,class3,gt_class,hier,109,20,0.8824285630806988,0.8964471454449835,0.9086991497249955,0.9131269623964328,0.49131074450433576
Digits (Low),t-SNE,0,2,class3,gt_class,flat,109,20,0.8765499912347339,0.8662011336410916,0.9052261266191213,0.8837346329288491,0.990008685489339
Digits (Low),t-SNE,0,2,class4,gt_class,hier,107,20,0.9100116058884614,0.926785168896219,0.9175494274108629,0.9299548286814505,0.5988398020978609
Digits (Low),t-SNE,0,2,class4,gt_class,flat,107,20,0.9183861706676439,0.9225154236149288,0.9232467440254896,0.9268199613546987,0.6048201563092459
Digits (Low),t-SNE,0,2,class5,gt_class,hier,95,20,0.9001713586291308,0.911219910240718,0.9104806093497736,0.9084588609153892,3.80486591599203
Digits (Low),t-SNE,0,2,class5,gt_class,flat,95,20,0.9031742146062832,0.9026846185230518,0.9101532070212313,0.9093941141769536,1.3473893039318499
Digits (Low),t-SNE,0,2,class6,gt_class,hier,100,20,0.8982302158273382,0.8783812949640288,0.9089168619519532,0.8852470959057703,0.4072643514505737
Digits (Low),t-SNE,0,2,class6,gt_class,flat,100,20,0.9202733812949642,0.9148129496402878,0.9238241224988631,0.9212255047185876,0.3603324492753981
Digits (Low),t-SNE,0,2,class7,gt_class,hier,89,20,0.9188610390857583,0.9399404590415827,0.9239992017467052,0.934563247821682,0.44972973019215046
Digits (Low),t-SNE,0,2,class7,gt_class,flat,89,20,0.9340055699606262,0.9254873715547874,0.9326943057444149,0.9300355511161069,0.34806273337799565
Digits (Low),t-SNE,0,2,class8,gt_class,hier,98,20,0.8489191232048374,0.8267573696145124,0.8910776858911761,0.8696133996063017,2.6717573118880287
Digits (Low),t-SNE,0,2,class8,gt_class,flat,98,20,0.8518065003779289,0.8509145880574451,0.8861755750266118,0.8753928269668692,0.7353183385446094
Digits (Low),t-SNE,0,2,class9,gt_class,hier,102,20,0.8837583984642808,0.8930961195667079,0.9117462653699178,0.9078767948667394,0.35997435793687116
Digits (Low),t-SNE,0,2,class9,gt_class,flat,102,20,0.8727889757301521,0.8871589195118608,0.8991288968301845,0.9000456899887078,2.506742655972365
Digits (Low),t-SNE,1,2,leaf0,hier_leaf,hier,61,20,0.8581832840634239,0.8662456328943833,0.8531572841224835,0.8450184315729813,9.196598916342623
Digits (Low),t-SNE,1,2,leaf0,hier_leaf,flat,61,20,0.8600376242945444,0.8563020693362,0.8677698514156876,0.85189629755641,0.5378021598296618
Digits (Low),t-SNE,1,2,leaf1,hier_leaf,hier,29,14,0.5349753694581281,0.5300492610837437,0.4811230572059627,0.4794627453539572,59.389853778704726
Digits (Low),t-SNE,1,2,leaf1,hier_leaf,flat,29,14,0.8190476190476192,0.8272577996715929,0.8269209701508976,0.816069125039442,0.3691026409994836
Digits (Low),t-SNE,1,2,leaf2,hier_leaf,hier,18,8,0.46464646464646464,0.46590909090909094,0.4196367928204785,0.5103198197696645,11.790297183268805
Digits (Low),t-SNE,1,2,leaf2,hier_leaf,flat,18,8,0.8787878787878787,0.8573232323232323,0.9066075796209075,0.8845872628816811,0.6394097232524774
Digits (Low),t-SNE,1,2,leaf3,hier_leaf,hier,34,16,0.7507739938080497,0.7639318885448916,0.7320995143218642,0.7028821201441258,28.722203087754952
Digits (Low),t-SNE,1,2,leaf3,hier_leaf,flat,34,16,0.8407507739938079,0.8382352941176471,0.8326101947995328,0.8381272589368103,0.366775361875114
Digits (Low),t-SNE,1,2,leaf4,hier_leaf,hier,35,17,0.715219421101774,0.7088702147525677,0.7269850809540184,0.6839090968430165,23.588310546090263
Digits (Low),t-SNE,1,2,leaf4,hier_leaf,flat,35,17,0.8418300653594772,0.84593837535014,0.8638632573929218,0.8657844901359002,0.3528429826044596
Digits (Low),t-SNE,1,2,leaf5,hier_leaf,hier,86,20,0.8985229415461974,0.9168552273203433,0.9150178503351094,0.9148053321375342,0.9853897040352035
Digits (Low),t-SNE,1,2,leaf5,hier_leaf,flat,86,20,0.9421223549130526,0.9291954745443118,0.9414342904301365,0.9348596486000141,0.3199142247183286
Digits (Low),t-SNE,1,2,leaf6,hier_leaf,hier,20,9,0.562037037037037,0.6222222222222221,0.5055362293840862,0.47533948576411855,29.021388671260134
Digits (Low),t-SNE,1,2,leaf6,hier_leaf,flat,20,9,0.8398148148148147,0.8342592592592594,0.8695272594849974,0.8635219312116073,0.5025860322894479
Digits (Low),t-SNE,1,2,leaf7,hier_leaf,hier,21,10,0.39826839826839827,0.4562770562770563,0.42878489825320576,0.47742749472491763,19.79046144389403
Digits (Low),t-SNE,1,2,leaf7,hier_leaf,flat,21,10,0.9047619047619048,0.9264069264069266,0.89284629927769,0.9011558830458297,0.4670260832848418
Digits (Low),t-SNE,1,2,leaf8,hier_leaf,hier,18,8,0.5593434343434344,0.5883838383838383,0.47879806853651924,0.47375043146162493,29.240983086289972
Digits (Low),t-SNE,1,2,leaf8,hier_leaf,flat,18,8,0.8143939393939393,0.8813131313131314,0.8799330445788006,0.904779666930183,0.6961475690150272
Digits (Low),t-SNE,1,2,leaf9,hier_leaf,hier,21,10,0.503030303030303,0.4822510822510823,0.48621972408831016,0.48432783840260046,30.661217489284798
Digits (Low),t-SNE,1,2,leaf9,hier_leaf,flat,21,10,0.8623376623376624,0.8406926406926407,0.8730280631836239,0.864183104257402,0.4717482233208443
Digits (Low),t-SNE,1,2,leaf10,hier_leaf,hier,39,19,0.8425101214574899,0.8472334682861,0.8525163671819803,0.8365119957448109,8.95538032294779
Digits (Low),t-SNE,1,2,leaf10,hier_leaf,flat,39,19,0.8449392712550607,0.8225371120107963,0.8939721174872839,0.8714852146909445,0.49226482298061
Digits (Low),t-SNE,1,2,leaf11,hier_leaf,hier,27,13,0.4928774928774929,0.46479446479446473,0.48353016117164044,0.4619870989860501,17.51216916617732
Digits (Low),t-SNE,1,2,leaf11,hier_leaf,flat,27,13,0.800976800976801,0.7680097680097681,0.828870061438806,0.7944654066912263,0.4183358559222851
Digits (Low),t-SNE,1,2,leaf12,hier_leaf,hier,21,10,0.4606060606060606,0.5056277056277058,0.45909674258873245,0.502004999102747,27.98354368271198
Digits (Low),t-SNE,1,2,leaf12,hier_leaf,flat,21,10,0.8848484848484847,0.8606060606060605,0.8886696076155096,0.8813125578855787,0.5194819275616102
Digits (Low),t-SNE,1,2,leaf13,hier_leaf,hier,54,20,0.8221040189125296,0.8425531914893617,0.8447031201931554,0.8248944524038428,8.290173315900429
Digits (Low),t-SNE,1,2,leaf13,hier_leaf,flat,54,20,0.9343183609141057,0.9369582348305753,0.9298198630217341,0.9322352655801474,0.5882474499060025
Digits (Low),t-SNE,1,2,leaf14,hier_leaf,hier,15,7,0.4666666666666668,0.4904761904761905,0.428915453915454,0.5007045507045508,77.70881569250739
Digits (Low),t-SNE,1,2,leaf14,hier_leaf,flat,15,7,0.8095238095238096,0.8047619047619049,0.8642122892122892,0.8666262416262415,0.5854605379317313
Digits (Low),t-SNE,1,2,leaf15,hier_leaf,hier,26,12,0.541025641025641,0.5277777777777778,0.5147057997614358,0.4925240653967784,43.229778755794456
Digits (Low),t-SNE,1,2,leaf15,hier_leaf,flat,26,12,0.9277777777777778,0.9337606837606836,0.8676217400904194,0.8660937330802597,0.3593064022602259
Digits (Low),t-SNE,1,2,leaf16,hier_leaf,hier,26,12,0.49743589743589745,0.5235042735042735,0.47648353093849255,0.5297522164467962,28.94346937640439
Digits (Low),t-SNE,1,2,leaf16,hier_leaf,flat,26,12,0.7341880341880344,0.7841880341880341,0.7968450847680576,0.8132884555393148,0.4354755476482744
Digits (Low),t-SNE,1,2,leaf17,hier_leaf,hier,24,11,0.5833333333333334,0.5476190476190476,0.5031878785426648,0.5162754099134487,23.590410615817085
Digits (Low),t-SNE,1,2,leaf17,hier_leaf,flat,24,11,0.8165584415584416,0.8181818181818182,0.8434756636894627,0.8072623434832499,0.4179518257812429
Digits (Low),t-SNE,1,2,leaf18,hier_leaf,hier,39,19,0.8642375168690958,0.8626180836707155,0.8511597089548368,0.833918458610018,12.43657639388031
Digits (Low),t-SNE,1,2,leaf18,hier_leaf,flat,39,19,0.89055330634278,0.8877192982456139,0.8823294331424094,0.8749385949522193,0.3361806744807415
Digits (Low),t-SNE,1,2,leaf19,hier_leaf,hier,31,15,0.4827956989247311,0.4583333333333334,0.48071612300116356,0.4916671443476471,19.837853223826876
Digits (Low),t-SNE,1,2,leaf19,hier_leaf,flat,31,15,0.8357526881720431,0.8392473118279571,0.8542863371890541,0.8312151366126558,0.41732916717942986
Digits (Low),t-SNE,1,2,leaf20,hier_leaf,hier,36,17,0.6952614379084967,0.6697712418300653,0.7162408371978881,0.6618570956149749,16.810285372748893
Digits (Low),t-SNE,1,2,leaf20,hier_leaf,flat,36,17,0.7782679738562092,0.8019607843137256,0.8381393960821583,0.8414117592850693,0.418056813791184
Digits (Low),t-SNE,1,2,leaf21,hier_leaf,hier,21,10,0.496969696969697,0.4995670995670996,0.49054950157805977,0.5079953325832128,20.129207294206243
Digits (Low),t-SNE,1,2,leaf21,hier_leaf,flat,21,10,0.8926406926406927,0.8753246753246754,0.9042843620275708,0.8964387133646478,0.6360777214994678
Digits (Low),t-SNE,1,2,leaf22,hier_leaf,hier,60,20,0.8901694915254236,0.8994350282485877,0.8901938214288104,0.8886567116289951,5.327442808951024
Digits (Low),t-SNE,1,2,leaf22,hier_leaf,flat,60,20,0.8909604519774011,0.8845762711864407,0.8919732296652761,0.8875235820102443,0.5305428312720936
Digits (Low),t-SNE,1,2,leaf23,hier_leaf,hier,34,16,0.7637383900928792,0.7662538699690403,0.7317986929753887,0.7255795962284184,20.47116910759488
Digits (Low),t-SNE,1,2,leaf23,hier_leaf,flat,34,16,0.7445820433436533,0.7441950464396285,0.8278924856284045,0.8180779647699519,0.455840059939579
Digits (Low),t-SNE,1,2,leaf24,hier_leaf,hier,78,20,0.8731309041835357,0.8666531713900136,0.8846175661464029,0.8793122984483318,0.4375745008139831
Digits (Low),t-SNE,1,2,leaf24,hier_leaf,flat,78,20,0.8660863697705802,0.8544669365721999,0.8794908742933154,0.8639678689081239,0.3727274636089207
Digits (Low),t-SNE,1,2,class0,gt_class,hier,100,20,0.854820143884892,0.8373741007194246,0.8814308211376287,0.859079783328452,0.35295964545536457
Digits (Low),t-SNE,1,2,class0,gt_class,flat,100,20,0.869640287769784,0.8565683453237409,0.8932537698428036,0.8738743880195173,0.43070869076520324
Digits (Low),t-SNE,1,2,class1,gt_class,hier,105,20,0.9564461489293703,0.9468967721316716,0.9496962092675699,0.9421212788785817,0.3157096969261561
Digits (Low),t-SNE,1,2,class1,gt_class,flat,105,20,0.9599552572706936,0.9564781080217322,0.952890668265356,0.9488593322372313,1.6737524170821134
Digits (Low),t-SNE,1,2,class2,gt_class,hier,95,20,0.8982700938392495,0.9011750305997552,0.9162230383482363,0.9083336502484588,0.4313899318029401
Digits (Low),t-SNE,1,2,class2,gt_class,flat,95,20,0.909596083231334,0.890126478988168,0.9173390110268238,0.8935440236853853,0.8630632559010395
Digits (Low),t-SNE,1,2,class3,gt_class,hier,109,20,0.8824285630806988,0.8964471454449835,0.9086991497249955,0.9131269623964328,0.49131074450433576
Digits (Low),t-SNE,1,2,class3,gt_class,flat,109,20,0.8765499912347339,0.8662011336410916,0.9052261266191213,0.8837346329288491,0.990008685489339
Digits (Low),t-SNE,1,2,class4,gt_class,hier,107,20,0.9100116058884614,0.926785168896219,0.9175494274108629,0.9299548286814505,0.5988398020978609
Digits (Low),t-SNE,1,2,class4,gt_class,flat,107,20,0.9183861706676439,0.9225154236149288,0.9232467440254896,0.9268199613546987,0.6048201563092459
Digits (Low),t-SNE,1,2,class5,gt_class,hier,95,20,0.9001713586291308,0.911219910240718,0.9104806093497736,0.9084588609153892,3.80486591599203
Digits (Low),t-SNE,1,2,class5,gt_class,flat,95,20,0.9031742146062832,0.9026846185230518,0.9101532070212313,0.9093941141769536,1.3473893039318499
Digits (Low),t-SNE,1,2,class6,gt_class,hier,100,20,0.8982302158273382,0.8783812949640288,0.9089168619519532,0.8852470959057703,0.4072643514505737
Digits (Low),t-SNE,1,2,class6,gt_class,flat,100,20,0.9202733812949642,0.9148129496402878,0.9238241224988631,0.9212255047185876,0.3603324492753981
Digits (Low),t-SNE,1,2,class7,gt_class,hier,89,20,0.9188610390857583,0.9399404590415827,0.9239992017467052,0.934563247821682,0.44972973019215046
Digits (Low),t-SNE,1,2,class7,gt_class,flat,89,20,0.9340055699606262,0.9254873715547874,0.9326943057444149,0.9300355511161069,0.34806273337799565
Digits (Low),t-SNE,1,2,class8,gt_class,hier,98,20,0.8489191232048374,0.8267573696145124,0.8910776858911761,0.8696133996063017,2.6717573118880287
Digits (Low),t-SNE,1,2,class8,gt_class,flat,98,20,0.8518065003779289,0.8509145880574451,0.8861755750266118,0.8753928269668692,0.7353183385446094
Digits (Low),t-SNE,1,2,class9,gt_class,hier,102,20,0.8837583984642808,0.8930961195667079,0.9117462653699178,0.9078767948667394,0.35997435793687116
Digits (Low),t-SNE,1,2,class9,gt_class,flat,102,20,0.8727889757301521,0.8871589195118608,0.8991288968301845,0.9000456899887078,2.506742655972365
Digits (Low),t-SNE,2,2,leaf0,hier_leaf,hier,37,18,0.6554449186028134,0.6623992413466099,0.701536369542268,0.6705458683667482,43.771877747005384
Digits (Low),t-SNE,2,2,leaf0,hier_leaf,flat,37,18,0.8267741425636163,0.8351509404140983,0.8306205057378699,0.8357695744256048,0.3575201445903148
Digits (Low),t-SNE,2,2,leaf1,hier_leaf,hier,17,8,0.48692810457516345,0.5686274509803922,0.4960073853798408,0.5581003067315013,26.2011796364272
Digits (Low),t-SNE,2,2,leaf1,hier_leaf,flat,17,8,0.8480392156862745,0.8415032679738562,0.8919930740792739,0.8689903385958421,0.6207753216262836
Digits (Low),t-SNE,2,2,leaf2,hier_leaf,hier,39,19,0.7292847503373818,0.7651821862348179,0.7644213694704536,0.7363723648050287,28.201363153200692
Digits (Low),t-SNE,2,2,leaf2,hier_leaf,flat,39,19,0.8767881241565453,0.8883940620782727,0.8777782812801809,0.8834040888041579,0.3410994231062759
Digits (Low),t-SNE,2,2,leaf3,hier_leaf,hier,21,10,0.5264069264069265,0.5463203463203462,0.4546143045098233,0.46454829900383643,52.91992834534229
Digits (Low),t-SNE,2,2,leaf3,hier_leaf,flat,21,10,0.8571428571428571,0.8346320346320346,0.830022427073739,0.8295334029023373,0.4086592121476677
Digits (Low),t-SNE,2,2,leaf4,hier_leaf,hier,18,8,0.5757575757575757,0.5871212121212122,0.544122286431135,0.5462805224304371,24.44088180001884
Digits (Low),t-SNE,2,2,leaf4,hier_leaf,flat,18,8,0.8143939393939396,0.8055555555555556,0.8060519683928844,0.8223268864615693,0.43224130513828457
Digits (Low),t-SNE,2,2,leaf5,hier_leaf,hier,19,9,0.4736842105263157,0.47485380116959053,0.4811891640229973,0.591339771976743,46.097846315274495
Digits (Low),t-SNE,2,2,leaf5,hier_leaf,flat,19,9,0.7918128654970761,0.8105263157894737,0.7992599530094522,0.7732473283599866,0.37395076968157376
Digits (Low),t-SNE,2,2,leaf6,hier_leaf,hier,31,15,0.49704301075268825,0.5158602150537634,0.4780068822345521,0.49163825553675805,36.594415243621555
Digits (Low),t-SNE,2,2,leaf6,hier_leaf,flat,31,15,0.9266129032258064,0.9440860215053766,0.8948467681821942,0.9051152164644969,0.40818766862454164
Digits (Low),t-SNE,2,2,leaf7,hier_leaf,hier,28,13,0.5951236263736263,0.5841346153846153,0.5384820996555311,0.5277811752752791,12.162814596377451
Digits (Low),t-SNE,2,2,leaf7,hier_leaf,flat,28,13,0.8932005494505496,0.9021291208791207,0.9056924969868047,0.9112330096033692,0.43805851920154787
Digits (Low),t-SNE,2,2,leaf8,hier_leaf,hier,20,9,0.6037037037037039,0.6000000000000001,0.5472376352432702,0.5380823007407833,10.689271810506646
Digits (Low),t-SNE,2,2,leaf8,hier_leaf,flat,20,9,0.836111111111111,0.8537037037037036,0.8685679786102407,0.8737132123930271,0.5159108193365668
Digits (Low),t-SNE,2,2,leaf9,hier_leaf,hier,42,20,0.8585921325051762,0.8820910973084886,0.8392886299663554,0.8353525547612402,12.199576982272081
Digits (Low),t-SNE,2,2,leaf9,hier_leaf,flat,42,20,0.8513457556935817,0.8711180124223603,0.8742061486969441,0.8929407365116921,0.6480495112122842
Digits (Low),t-SNE,2,2,leaf10,hier_leaf,hier,35,17,0.6879551820728291,0.6849673202614379,0.6508516387463076,0.6436271947213025,15.216712534178265
Digits (Low),t-SNE,2,2,leaf10,hier_leaf,flat,35,17,0.8788048552754435,0.9053221288515407,0.890004949002438,0.899807512183863,0.6281005384413577
Digits (Low),t-SNE,2,2,leaf11,hier_leaf,hier,39,19,0.8425101214574899,0.8472334682861,0.8525163671819803,0.8365119957448109,8.95538032294779
Digits (Low),t-SNE,2,2,leaf11,hier_leaf,flat,39,19,0.8449392712550607,0.8225371120107963,0.8939721174872839,0.8714852146909445,0.49226482298061
Digits (Low),t-SNE,2,2,leaf12,hier_leaf,hier,67,20,0.8319362093641383,0.768799836434267,0.8552426755334229,0.8021691921059242,8.227896706186142
Digits (Low),t-SNE,2,2,leaf12,hier_leaf,flat,67,20,0.8537722347168268,0.8469229196483337,0.8882558485538014,0.8615425677874697,0.550579297064796
Digits (Low),t-SNE,2,2,leaf13,hier_leaf,hier,53,20,0.8846960167714882,0.8943396226415095,0.8814367211063535,0.8787328903756182,12.13434271307743
Digits (Low),t-SNE,2,2,leaf13,hier_leaf,flat,53,20,0.932830188679245,0.9418029350104822,0.9293409933351056,0.9327678604352044,0.5624174335459646
Digits (Low),t-SNE,2,2,leaf14,hier_leaf,hier,15,7,0.5238095238095238,0.4571428571428572,0.5195021945021946,0.4808154308154308,46.18256565884921
Digits (Low),t-SNE,2,2,leaf14,hier_leaf,flat,15,7,0.8285714285714287,0.8047619047619049,0.8976264726264725,0.8640390390390389,0.7864419611111891
Digits (Low),t-SNE,2,2,leaf15,hier_leaf,hier,55,20,0.8456400742115028,0.8433395176252318,0.8233540192643258,0.8196015464509783,12.167434260450266
Digits (Low),t-SNE,2,2,leaf15,hier_leaf,flat,55,20,0.8657513914656774,0.8806679035250463,0.8591058264287241,0.8701993340376198,0.3357174588779534
Digits (Low),t-SNE,2,2,leaf16,hier_leaf,hier,68,20,0.8932156862745098,0.9117647058823528,0.8930466537392215,0.8924642921482364,6.333429949590416
Digits (Low),t-SNE,2,2,leaf16,hier_leaf,flat,68,20,0.874686274509804,0.8767058823529412,0.8963325023923183,0.8807161440926597,0.4067654214230193
Digits (Low),t-SNE,2,2,leaf17,hier_leaf,hier,20,9,0.525,0.5148148148148148,0.47727098486808683,0.4928935591141267,6.013487111297123
Digits (Low),t-SNE,2,2,leaf17,hier_leaf,flat,20,9,0.8999999999999998,0.8703703703703702,0.9013934009909054,0.8930349116905768,0.6462013573901264
Digits (Low),t-SNE,2,2,leaf18,hier_leaf,hier,31,15,0.48037634408602153,0.4913978494623657,0.4697376522317897,0.5448166813304858,48.02240644117029
Digits (Low),t-SNE,2,2,leaf18,hier_leaf,flat,31,15,0.8284946236559139,0.8384408602150537,0.8556466258235486,0.8391823971133918,0.4278069180791413
Digits (Low),t-SNE,2,2,leaf19,hier_leaf,hier,29,14,0.541871921182266,0.5490968801313628,0.48038800576321766,0.49761889656454744,21.600316662115308
Digits (Low),t-SNE,2,2,leaf19,hier_leaf,flat,29,14,0.7688013136289,0.7628899835796389,0.8372788550571296,0.8312114417786828,0.46388018339241593
Digits (Low),t-SNE,2,2,leaf20,hier_leaf,hier,84,20,0.867512238540276,0.8771806853582552,0.886436790050796,0.8865532817083602,0.3881678330078141
Digits (Low),t-SNE,2,2,leaf20,hier_leaf,flat,84,20,0.8567311971517577,0.8457387627948376,0.8732209443229048,0.852183142004843,0.5548845426940497
Digits (Low),t-SNE,2,2,leaf21,hier_leaf,hier,22,10,0.5118881118881118,0.5440559440559439,0.471818585476084,0.46331930177845587,11.90019013523833
Digits (Low),t-SNE,2,2,leaf21,hier_leaf,flat,22,10,0.8139860139860139,0.804895104895105,0.8270044090105583,0.8325969750029132,0.6110212162963025
Digits (Low),t-SNE,2,2,leaf22,hier_leaf,hier,34,16,0.6875000000000001,0.6704721362229102,0.6767611602714685,0.6424968073429139,22.293761713251108
Digits (Low),t-SNE,2,2,leaf22,hier_leaf,flat,34,16,0.7486455108359132,0.7496130030959753,0.842579343103876,0.8442675885451938,0.38563667226384146
Digits (Low),t-SNE,2,2,class0,gt_class,hier,100,20,0.854820143884892,0.8373741007194246,0.8814308211376287,0.859079783328452,0.35295964545536457
Digits (Low),t-SNE,2,2,class0,gt_class,flat,100,20,0.869640287769784,0.8565683453237409,0.8932537698428036,0.8738743880195173,0.43070869076520324
Digits (Low),t-SNE,2,2,class1,gt_class,hier,105,20,0.9564461489293703,0.9468967721316716,0.9496962092675699,0.9421212788785817,0.3157096969261561
Digits (Low),t-SNE,2,2,class1,gt_class,flat,105,20,0.9599552572706936,0.9564781080217322,0.952890668265356,0.9488593322372313,1.6737524170821134
Digits (Low),t-SNE,2,2,class2,gt_class,hier,95,20,0.8982700938392495,0.9011750305997552,0.9162230383482363,0.9083336502484588,0.4313899318029401
Digits (Low),t-SNE,2,2,class2,gt_class,flat,95,20,0.909596083231334,0.890126478988168,0.9173390110268238,0.8935440236853853,0.8630632559010395
Digits (Low),t-SNE,2,2,class3,gt_class,hier,109,20,0.8824285630806988,0.8964471454449835,0.9086991497249955,0.9131269623964328,0.49131074450433576
Digits (Low),t-SNE,2,2,class3,gt_class,flat,109,20,0.8765499912347339,0.8662011336410916,0.9052261266191213,0.8837346329288491,0.990008685489339
Digits (Low),t-SNE,2,2,class4,gt_class,hier,107,20,0.9100116058884614,0.926785168896219,0.9175494274108629,0.9299548286814505,0.5988398020978609
Digits (Low),t-SNE,2,2,class4,gt_class,flat,107,20,0.9183861706676439,0.9225154236149288,0.9232467440254896,0.9268199613546987,0.6048201563092459
Digits (Low),t-SNE,2,2,class5,gt_class,hier,95,20,0.9001713586291308,0.911219910240718,0.9104806093497736,0.9084588609153892,3.80486591599203
Digits (Low),t-SNE,2,2,class5,gt_class,flat,95,20,0.9031742146062832,0.9026846185230518,0.9101532070212313,0.9093941141769536,1.3473893039318499
Digits (Low),t-SNE,2,2,class6,gt_class,hier,100,20,0.8982302158273382,0.8783812949640288,0.9089168619519532,0.8852470959057703,0.4072643514505737
Digits (Low),t-SNE,2,2,class6,gt_class,flat,100,20,0.9202733812949642,0.9148129496402878,0.9238241224988631,0.9212255047185876,0.3603324492753981
Digits (Low),t-SNE,2,2,class7,gt_class,hier,89,20,0.9188610390857583,0.9399404590415827,0.9239992017467052,0.934563247821682,0.44972973019215046
Digits (Low),t-SNE,2,2,class7,gt_class,flat,89,20,0.9340055699606262,0.9254873715547874,0.9326943057444149,0.9300355511161069,0.34806273337799565
Digits (Low),t-SNE,2,2,class8,gt_class,hier,98,20,0.8489191232048374,0.8267573696145124,0.8910776858911761,0.8696133996063017,2.6717573118880287
Digits (Low),t-SNE,2,2,class8,gt_class,flat,98,20,0.8518065003779289,0.8509145880574451,0.8861755750266118,0.8753928269668692,0.7353183385446094
Digits (Low),t-SNE,2,2,class9,gt_class,hier,102,20,0.8837583984642808,0.8930961195667079,0.9117462653699178,0.9078767948667394,0.35997435793687116
Digits (Low),t-SNE,2,2,class9,gt_class,flat,102,20,0.8727889757301521,0.8871589195118608,0.8991288968301845,0.9000456899887078,2.506742655972365
Digits (Low),t-SNE,3,2,leaf0,hier_leaf,hier,44,20,0.7734848484848484,0.8107744107744107,0.7961520002801621,0.7912795806168739,14.77301736388126
Digits (Low),t-SNE,3,2,leaf0,hier_leaf,flat,44,20,0.8042087542087543,0.7847643097643098,0.8197526346788404,0.7955747262350935,0.42226698595957396
Digits (Low),t-SNE,3,2,leaf1,hier_leaf,hier,16,7,0.5142857142857142,0.4875,0.4628156415736563,0.47977024459748274,98.40177244219731
Digits (Low),t-SNE,3,2,leaf1,hier_leaf,flat,16,7,0.8160714285714286,0.8303571428571428,0.8214893532810892,0.8185902002691363,0.46966839997330667
Digits (Low),t-SNE,3,2,leaf2,hier_leaf,hier,24,11,0.5416666666666666,0.4783549783549783,0.518430960673709,0.49125163948521006,24.73452209727768
Digits (Low),t-SNE,3,2,leaf2,hier_leaf,flat,24,11,0.8555194805194803,0.8647186147186146,0.8475391706312143,0.8404277103626704,0.3719566519920541
Digits (Low),t-SNE,3,2,leaf3,hier_leaf,hier,17,8,0.5261437908496732,0.5294117647058824,0.5009529522375233,0.5000297797574227,18.866528203298543
Digits (Low),t-SNE,3,2,leaf3,hier_leaf,flat,17,8,0.8692810457516339,0.8398692810457516,0.9041921389948906,0.8769968390914622,0.6506479970076962
Digits (Low),t-SNE,3,2,leaf4,hier_leaf,hier,38,18,0.8698134224450014,0.8824839877471458,0.8369565554730262,0.8361727371484823,23.196794871298234
Digits (Low),t-SNE,3,2,leaf4,hier_leaf,flat,38,18,0.8873572820941242,0.8998886104149262,0.8811087555825637,0.8863082503585101,0.342516213172069
Digits (Low),t-SNE,3,2,leaf5,hier_leaf,hier,37,18,0.7581792318634424,0.77161371898214,0.762545778405838,0.74955050385206,15.400281075523473
Digits (Low),t-SNE,3,2,leaf5,hier_leaf,flat,37,18,0.8338865180970443,0.8376797850482061,0.8217936927399746,0.8323830392288053,0.3542143772259913
Digits (Low),t-SNE,3,2,leaf6,hier_leaf,hier,35,17,0.7288515406162466,0.7225023342670402,0.7085947262368855,0.7099375611882212,6.426025993823064
Digits (Low),t-SNE,3,2,leaf6,hier_leaf,flat,35,17,0.8853408029878618,0.9017740429505134,0.8910340237082023,0.9003853723192587,0.6250242034536558
Digits (Low),t-SNE,3,2,leaf7,hier_leaf,hier,36,17,0.8331699346405228,0.8901960784313725,0.8203096935559784,0.8319933189673252,10.542770221453223
Digits (Low),t-SNE,3,2,leaf7,hier_leaf,flat,36,17,0.8596405228758169,0.8766339869281047,0.8951778715868988,0.915160893036546,0.6610841325286506
Digits (Low),t-SNE,3,2,leaf8,hier_leaf,hier,20,9,0.4601851851851852,0.4814814814814815,0.4478945653528065,0.4661074854574552,18.129446868562177
Digits (Low),t-SNE,3,2,leaf8,hier_leaf,flat,20,9,0.8342592592592591,0.825925925925926,0.8706360386778982,0.8608477321296804,0.5135976210345015
Digits (Low),t-SNE,3,2,leaf9,hier_leaf,hier,17,8,0.47875816993464054,0.4428104575163399,0.4599972772793213,0.47047549764101776,30.349851125958683
Digits (Low),t-SNE,3,2,leaf9,hier_leaf,flat,17,8,0.8741830065359478,0.8447712418300655,0.8806235881204294,0.8767224398980682,0.5604073174431995
Digits (Low),t-SNE,3,2,leaf10,hier_leaf,hier,51,20,0.9034911525585844,0.913868962219034,0.881854466539572,0.8871065557685334,7.128339255580367
Digits (Low),t-SNE,3,2,leaf10,hier_leaf,flat,51,20,0.9128646580583453,0.9231468197034911,0.9084044006209449,0.914716608534637,0.35181945352759414
Digits (Low),t-SNE,3,2,leaf11,hier_leaf,hier,40,19,0.7962918660287082,0.7915071770334927,0.8025804950717991,0.7746390794025103,23.73770033460838
Digits (Low),t-SNE,3,2,leaf11,hier_leaf,flat,40,19,0.8553827751196172,0.8307416267942583,0.8947886993250188,0.8735789383848942,0.4866685017575882
Digits (Low),t-SNE,3,2,leaf12,hier_leaf,hier,67,20,0.8319362093641383,0.768799836434267,0.8552426755334229,0.8021691921059242,8.227896706186142
Digits (Low),t-SNE,3,2,leaf12,hier_leaf,flat,67,20,0.8537722347168268,0.8469229196483337,0.8882558485538014,0.8615425677874697,0.550579297064796
Digits (Low),t-SNE,3,2,leaf13,hier_leaf,hier,22,10,0.5342657342657342,0.5664335664335663,0.4894035992575741,0.5477325469366554,14.445278764630206
Digits (Low),t-SNE,3,2,leaf13,hier_leaf,flat,22,10,0.9181818181818181,0.888111888111888,0.8954727862220134,0.8895226402577928,0.6105777401318354
Digits (Low),t-SNE,3,2,leaf14,hier_leaf,hier,27,13,0.6043956043956044,0.577126577126577,0.5187399538715147,0.4820365517729738,22.915946359919477
Digits (Low),t-SNE,3,2,leaf14,hier_leaf,flat,27,13,0.8339438339438339,0.8315018315018314,0.8470419648653952,0.8354961803363463,0.4601027359022847
Digits (Low),t-SNE,3,2,leaf15,hier_leaf,hier,26,12,0.5264957264957265,0.5448717948717949,0.47706255882238674,0.46651048926997507,24.795071291235338
Digits (Low),t-SNE,3,2,leaf15,hier_leaf,flat,26,12,0.7713675213675214,0.7576923076923077,0.8445317558153776,0.8352697696712945,0.4925338345648491
Digits (Low),t-SNE,3,2,leaf16,hier_leaf,hier,77,20,0.8641111576595447,0.8766931992738444,0.8699024100582927,0.8776949574866588,0.44805156807369323
Digits (Low),t-SNE,3,2,leaf16,hier_leaf,flat,77,20,0.8670297444490993,0.853917050691244,0.8778263790437446,0.8629386887924353,0.37110003325021007
Digits (Low),t-SNE,3,2,leaf17,hier_leaf,hier,32,15,0.5414351851851852,0.5502314814814815,0.48872834161472195,0.4694680091814841,5.208879891728412
Digits (Low),t-SNE,3,2,leaf17,hier_leaf,flat,32,15,0.8650462962962964,0.860648148148148,0.8648845221352053,0.8698181797500599,0.5591302883602254
Digits (Low),t-SNE,3,2,leaf18,hier_leaf,hier,35,17,0.7432306255835668,0.7322128851540618,0.7691422096562377,0.7611213849405593,9.801882977626214
Digits (Low),t-SNE,3,2,leaf18,hier_leaf,flat,35,17,0.7471521942110179,0.7505135387488329,0.8391756003522226,0.8388858598670339,0.3822318837061708
Digits (Low),t-SNE,3,2,leaf19,hier_leaf,hier,53,20,0.8846960167714882,0.8943396226415095,0.8814367211063535,0.8787328903756182,12.13434271307743
Digits (Low),t-SNE,3,2,leaf19,hier_leaf,flat,53,20,0.932830188679245,0.9418029350104822,0.9293409933351056,0.9327678604352044,0.5624174335459646
Digits (Low),t-SNE,3,2,leaf20,hier_leaf,hier,55,20,0.8614842300556587,0.8679406307977735,0.8386516520331436,0.8294799569112444,12.753998657531392
Digits (Low),t-SNE,3,2,leaf20,hier_leaf,flat,55,20,0.8679777365491651,0.8814842300556586,0.8643267525036118,0.8768988247871936,0.33003387151114455
Digits (Low),t-SNE,3,2,leaf21,hier_leaf,hier,17,8,0.6127450980392156,0.5718954248366014,0.514464453605265,0.5038905125947103,97.3398376090691
Digits (Low),t-SNE,3,2,leaf21,hier_leaf,flat,17,8,0.8088235294117647,0.7598039215686275,0.8538473319464476,0.8329972474995639,0.7784059512794929
Digits (Low),t-SNE,3,2,leaf22,hier_leaf,hier,35,17,0.8128851540616248,0.8188608776844072,0.7400121191196871,0.7450900235394212,19.10158641775723
Digits (Low),t-SNE,3,2,leaf22,hier_leaf,flat,35,17,0.8950513538748832,0.9012138188608777,0.8829384041807747,0.8791744761236542,0.3375715539119807
Digits (Low),t-SNE,3,2,leaf23,hier_leaf,hier,21,10,0.4813852813852814,0.5056277056277055,0.45414016368276866,0.4749670652851521,50.4287285148055
Digits (Low),t-SNE,3,2,leaf23,hier_leaf,flat,21,10,0.8398268398268397,0.8363636363636363,0.8584279276176188,0.8419503644718411,0.4120323794170879
Digits (Low),t-SNE,3,2,class0,gt_class,hier,100,20,0.854820143884892,0.8373741007194246,0.8814308211376287,0.859079783328452,0.35295964545536457
Digits (Low),t-SNE,3,2,class0,gt_class,flat,100,20,0.869640287769784,0.8565683453237409,0.8932537698428036,0.8738743880195173,0.43070869076520324
Digits (Low),t-SNE,3,2,class1,gt_class,hier,105,20,0.9564461489293703,0.9468967721316716,0.9496962092675699,0.9421212788785817,0.3157096969261561
Digits (Low),t-SNE,3,2,class1,gt_class,flat,105,20,0.9599552572706936,0.9564781080217322,0.952890668265356,0.9488593322372313,1.6737524170821134
Digits (Low),t-SNE,3,2,class2,gt_class,hier,95,20,0.8982700938392495,0.9011750305997552,0.9162230383482363,0.9083336502484588,0.4313899318029401
Digits (Low),t-SNE,3,2,class2,gt_class,flat,95,20,0.909596083231334,0.890126478988168,0.9173390110268238,0.8935440236853853,0.8630632559010395
Digits (Low),t-SNE,3,2,class3,gt_class,hier,109,20,0.8824285630806988,0.8964471454449835,0.9086991497249955,0.9131269623964328,0.49131074450433576
Digits (Low),t-SNE,3,2,class3,gt_class,flat,109,20,0.8765499912347339,0.8662011336410916,0.9052261266191213,0.8837346329288491,0.990008685489339
Digits (Low),t-SNE,3,2,class4,gt_class,hier,107,20,0.9100116058884614,0.926785168896219,0.9175494274108629,0.9299548286814505,0.5988398020978609
Digits (Low),t-SNE,3,2,class4,gt_class,flat,107,20,0.9183861706676439,0.9225154236149288,0.9232467440254896,0.9268199613546987,0.6048201563092459
Digits (Low),t-SNE,3,2,class5,gt_class,hier,95,20,0.9001713586291308,0.911219910240718,0.9104806093497736,0.9084588609153892,3.80486591599203
Digits (Low),t-SNE,3,2,class5,gt_class,flat,95,20,0.9031742146062832,0.9026846185230518,0.9101532070212313,0.9093941141769536,1.3473893039318499
Digits (Low),t-SNE,3,2,class6,gt_class,hier,100,20,0.8982302158273382,0.8783812949640288,0.9089168619519532,0.8852470959057703,0.4072643514505737
Digits (Low),t-SNE,3,2,class6,gt_class,flat,100,20,0.9202733812949642,0.9148129496402878,0.9238241224988631,0.9212255047185876,0.3603324492753981
Digits (Low),t-SNE,3,2,class7,gt_class,hier,89,20,0.9188610390857583,0.9399404590415827,0.9239992017467052,0.934563247821682,0.44972973019215046
Digits (Low),t-SNE,3,2,class7,gt_class,flat,89,20,0.9340055699606262,0.9254873715547874,0.9326943057444149,0.9300355511161069,0.34806273337799565
Digits (Low),t-SNE,3,2,class8,gt_class,hier,98,20,0.8489191232048374,0.8267573696145124,0.8910776858911761,0.8696133996063017,2.6717573118880287
Digits (Low),t-SNE,3,2,class8,gt_class,flat,98,20,0.8518065003779289,0.8509145880574451,0.8861755750266118,0.8753928269668692,0.7353183385446094
Digits (Low),t-SNE,3,2,class9,gt_class,hier,102,20,0.8837583984642808,0.8930961195667079,0.9117462653699178,0.9078767948667394,0.35997435793687116
Digits (Low),t-SNE,3,2,class9,gt_class,flat,102,20,0.8727889757301521,0.8871589195118608,0.8991288968301845,0.9000456899887078,2.506742655972365
Digits (Low),t-SNE,4,2,leaf0,hier_leaf,hier,17,8,0.5408496732026143,0.48039215686274517,0.5248937500797671,0.4415338276773065,88.43703030668071
Digits (Low),t-SNE,4,2,leaf0,hier_leaf,flat,17,8,0.8480392156862745,0.8366013071895425,0.8229572149970859,0.8220382967680454,0.45159960384829295
Digits (Low),t-SNE,4,2,leaf1,hier_leaf,hier,60,20,0.8061581920903955,0.8257627118644066,0.831777397715851,0.8233214516699948,13.203531576946563
Digits (Low),t-SNE,4,2,leaf1,hier_leaf,flat,60,20,0.8550282485875706,0.8448587570621469,0.8561244622668998,0.843728197712245,0.382606483002216
Digits (Low),t-SNE,4,2,leaf2,hier_leaf,hier,17,8,0.5261437908496732,0.5294117647058824,0.5009529522375233,0.5000297797574227,18.866528203298543
Digits (Low),t-SNE,4,2,leaf2,hier_leaf,flat,17,8,0.8692810457516339,0.8398692810457516,0.9041921389948906,0.8769968390914622,0.6506479970076962
Digits (Low),t-SNE,4,2,leaf3,hier_leaf,hier,30,14,0.5305322128851541,0.5501400560224089,0.49944001804603855,0.47159169366348913,48.53162727523332
Digits (Low),t-SNE,4,2,leaf3,hier_leaf,flat,30,14,0.8254901960784315,0.8310924369747902,0.8067506496651391,0.8119939371999028,0.38001096056847944
Digits (Low),t-SNE,4,2,leaf4,hier_leaf,hier,36,17,0.8158496732026144,0.8021241830065359,0.7941157951887203,0.7545515407238625,22.75281783549269
Digits (Low),t-SNE,4,2,leaf4,hier_leaf,flat,36,17,0.8815359477124183,0.8841503267973856,0.8700430767881523,0.8753195730024861,0.35369983546405315
Digits (Low),t-SNE,4,2,leaf5,hier_leaf,hier,39,19,0.8425101214574899,0.8472334682861,0.8525163671819803,0.8365119957448109,8.95538032294779
Digits (Low),t-SNE,4,2,leaf5,hier_leaf,flat,39,19,0.8449392712550607,0.8225371120107963,0.8939721174872839,0.8714852146909445,0.49226482298061
Digits (Low),t-SNE,4,2,leaf6,hier_leaf,hier,67,20,0.8319362093641383,0.768799836434267,0.8552426755334229,0.8021691921059242,8.227896706186142
Digits (Low),t-SNE,4,2,leaf6,hier_leaf,flat,67,20,0.8537722347168268,0.8469229196483337,0.8882558485538014,0.8615425677874697,0.550579297064796
Digits (Low),t-SNE,4,2,leaf7,hier_leaf,hier,17,8,0.47875816993464054,0.4428104575163399,0.4599972772793213,0.47047549764101776,30.349851125958683
Digits (Low),t-SNE,4,2,leaf7,hier_leaf,flat,17,8,0.8741830065359478,0.8447712418300655,0.8806235881204294,0.8767224398980682,0.5604073174431995
Digits (Low),t-SNE,4,2,leaf8,hier_leaf,hier,51,20,0.8695361071257771,0.8902917264466762,0.8719773531548083,0.8658764246009558,12.050212107091658
Digits (Low),t-SNE,4,2,leaf8,hier_leaf,flat,51,20,0.9093735054997608,0.9229076996652321,0.905617632992565,0.9143577955554529,0.35786215276122396
Digits (Low),t-SNE,4,2,leaf9,hier_leaf,hier,21,10,0.5272727272727272,0.48051948051948057,0.5138104678387938,0.43998270130148465,48.809585334095864
Digits (Low),t-SNE,4,2,leaf9,hier_leaf,flat,21,10,0.8432900432900432,0.8380952380952381,0.8684780121975386,0.8682764491912393,0.501954487741549
Digits (Low),t-SNE,4,2,leaf10,hier_leaf,hier,32,15,0.5599537037037037,0.5840277777777778,0.5684897676481572,0.5559660359488112,12.293332589992259
Digits (Low),t-SNE,4,2,leaf10,hier_leaf,flat,32,15,0.8833333333333333,0.9226851851851852,0.8971004496166924,0.9098205700016345,0.6425348097320948
Digits (Low),t-SNE,4,2,leaf11,hier_leaf,hier,41,20,0.8373983739837397,0.8754936120789778,0.831539801697714,0.8105399245744787,7.152824098641875
Digits (Low),t-SNE,4,2,leaf11,hier_leaf,flat,41,20,0.8537746806039489,0.8659698025551684,0.876804568534511,0.8985440175497378,0.6470628664250989
Digits (Low),t-SNE,4,2,leaf12,hier_leaf,hier,29,14,0.5067323481116583,0.5034482758620689,0.4710458867935307,0.46801755305575077,9.447925280723906
Digits (Low),t-SNE,4,2,leaf12,hier_leaf,flat,29,14,0.8302134646962233,0.8249589490968803,0.8493732314400065,0.8341059661922184,0.4275061983762242
Digits (Low),t-SNE,4,2,leaf13,hier_leaf,hier,21,10,0.44502164502164504,0.41558441558441556,0.467197959536014,0.509034190018634,24.566473782091077
Digits (Low),t-SNE,4,2,leaf13,hier_leaf,flat,21,10,0.9108225108225109,0.8874458874458875,0.9067345857454983,0.8987018321822129,0.6359428033176506
Digits (Low),t-SNE,4,2,leaf14,hier_leaf,hier,31,15,0.48279569892473123,0.49784946236559147,0.4762740658858341,0.4759800559056889,19.78237663610935
Digits (Low),t-SNE,4,2,leaf14,hier_leaf,flat,31,15,0.7795698924731184,0.7712365591397848,0.8318235559321687,0.8294427929069743,0.4508729874276641
Digits (Low),t-SNE,4,2,leaf15,hier_leaf,hier,53,20,0.8846960167714882,0.8943396226415095,0.8814367211063535,0.8787328903756182,12.13434271307743
Digits (Low),t-SNE,4,2,leaf15,hier_leaf,flat,53,20,0.932830188679245,0.9418029350104822,0.9293409933351056,0.9327678604352044,0.5624174335459646
Digits (Low),t-SNE,4,2,leaf16,hier_leaf,hier,26,12,0.5115384615384614,0.5247863247863248,0.4973702154833123,0.5213486072302318,56.58823118628682
Digits (Low),t-SNE,4,2,leaf16,hier_leaf,flat,26,12,0.9128205128205127,0.9145299145299146,0.8520886382846924,0.8523199709478851,0.3565040457760117
Digits (Low),t-SNE,4,2,leaf17,hier_leaf,hier,25,12,0.5241025641025641,0.5287179487179486,0.46633927037178935,0.4752942913548693,9.711708366870374
Digits (Low),t-SNE,4,2,leaf17,hier_leaf,flat,25,12,0.7507692307692309,0.778974358974359,0.7873507350124039,0.804047946051146,0.4415833974982563
Digits (Low),t-SNE,4,2,leaf18,hier_leaf,hier,50,20,0.8525128205128205,0.8685641025641025,0.836801103820905,0.8259820612246267,14.608564838599898
Digits (Low),t-SNE,4,2,leaf18,hier_leaf,flat,50,20,0.8560000000000001,0.8733846153846154,0.8715828231252916,0.8638722178059307,0.3593415325210267
Digits (Low),t-SNE,4,2,leaf19,hier_leaf,hier,33,16,0.8471479500891266,0.8453654188948307,0.7820095275680982,0.7571740252386306,18.737722905187994
Digits (Low),t-SNE,4,2,leaf19,hier_leaf,flat,33,16,0.8484848484848485,0.838903743315508,0.8696054111019553,0.85851871775196,0.4339511342977731
Digits (Low),t-SNE,4,2,leaf20,hier_leaf,hier,23,11,0.5243741765480897,0.5085638998682478,0.4896623134462854,0.49196455227729946,25.68106349732012
Digits (Low),t-SNE,4,2,leaf20,hier_leaf,flat,23,11,0.8866930171277996,0.8722002635046112,0.8903483210196756,0.8827811452758039,0.47556717698776835
Digits (Low),t-SNE,4,2,leaf21,hier_leaf,hier,32,15,0.5780092592592592,0.5724537037037036,0.5140639120713434,0.5116976380581351,4.77798593952852
Digits (Low),t-SNE,4,2,leaf21,hier_leaf,flat,32,15,0.8659722222222221,0.8574074074074074,0.8640376501949568,0.8667384069373572,0.5596569846445001
Digits (Low),t-SNE,4,2,leaf22,hier_leaf,hier,24,11,0.5178571428571428,0.4718614718614718,0.45066762310328273,0.4202499041877538,16.19752080237342
Digits (Low),t-SNE,4,2,leaf22,hier_leaf,flat,24,11,0.744047619047619,0.7884199134199134,0.822805421905433,0.8497887354019787,0.4241515203985271
Digits (Low),t-SNE,4,2,leaf23,hier_leaf,hier,78,20,0.8661403508771931,0.8628070175438595,0.8865702409493045,0.8637950685230589,0.4387794181619861
Digits (Low),t-SNE,4,2,leaf23,hier_leaf,flat,78,20,0.8608232118758437,0.8504588394062079,0.8781948391971712,0.8628505219712653,0.37754825028304767
Digits (Low),t-SNE,4,2,class0,gt_class,hier,100,20,0.854820143884892,0.8373741007194246,0.8814308211376287,0.859079783328452,0.35295964545536457
Digits (Low),t-SNE,4,2,class0,gt_class,flat,100,20,0.869640287769784,0.8565683453237409,0.8932537698428036,0.8738743880195173,0.43070869076520324
Digits (Low),t-SNE,4,2,class1,gt_class,hier,105,20,0.9564461489293703,0.9468967721316716,0.9496962092675699,0.9421212788785817,0.3157096969261561
Digits (Low),t-SNE,4,2,class1,gt_class,flat,105,20,0.9599552572706936,0.9564781080217322,0.952890668265356,0.9488593322372313,1.6737524170821134
Digits (Low),t-SNE,4,2,class2,gt_class,hier,95,20,0.8982700938392495,0.9011750305997552,0.9162230383482363,0.9083336502484588,0.4313899318029401
Digits (Low),t-SNE,4,2,class2,gt_class,flat,95,20,0.909596083231334,0.890126478988168,0.9173390110268238,0.8935440236853853,0.8630632559010395
Digits (Low),t-SNE,4,2,class3,gt_class,hier,109,20,0.8824285630806988,0.8964471454449835,0.9086991497249955,0.9131269623964328,0.49131074450433576
Digits (Low),t-SNE,4,2,class3,gt_class,flat,109,20,0.8765499912347339,0.8662011336410916,0.9052261266191213,0.8837346329288491,0.990008685489339
Digits (Low),t-SNE,4,2,class4,gt_class,hier,107,20,0.9100116058884614,0.926785168896219,0.9175494274108629,0.9299548286814505,0.5988398020978609
Digits (Low),t-SNE,4,2,class4,gt_class,flat,107,20,0.9183861706676439,0.9225154236149288,0.9232467440254896,0.9268199613546987,0.6048201563092459
Digits (Low),t-SNE,4,2,class5,gt_class,hier,95,20,0.9001713586291308,0.911219910240718,0.9104806093497736,0.9084588609153892,3.80486591599203
Digits (Low),t-SNE,4,2,class5,gt_class,flat,95,20,0.9031742146062832,0.9026846185230518,0.9101532070212313,0.9093941141769536,1.3473893039318499
Digits (Low),t-SNE,4,2,class6,gt_class,hier,100,20,0.8982302158273382,0.8783812949640288,0.9089168619519532,0.8852470959057703,0.4072643514505737
Digits (Low),t-SNE,4,2,class6,gt_class,flat,100,20,0.9202733812949642,0.9148129496402878,0.9238241224988631,0.9212255047185876,0.3603324492753981
Digits (Low),t-SNE,4,2,class7,gt_class,hier,89,20,0.9188610390857583,0.9399404590415827,0.9239992017467052,0.934563247821682,0.44972973019215046
Digits (Low),t-SNE,4,2,class7,gt_class,flat,89,20,0.9340055699606262,0.9254873715547874,0.9326943057444149,0.9300355511161069,0.34806273337799565
Digits (Low),t-SNE,4,2,class8,gt_class,hier,98,20,0.8489191232048374,0.8267573696145124,0.8910776858911761,0.8696133996063017,2.6717573118880287
Digits (Low),t-SNE,4,2,class8,gt_class,flat,98,20,0.8518065003779289,0.8509145880574451,0.8861755750266118,0.8753928269668692,0.7353183385446094
Digits (Low),t-SNE,4,2,class9,gt_class,hier,102,20,0.8837583984642808,0.8930961195667079,0.9117462653699178,0.9078767948667394,0.35997435793687116
Digits (Low),t-SNE,4,2,class9,gt_class,flat,102,20,0.8727889757301521,0.8871589195118608,0.8991288968301845,0.9000456899887078,2.506742655972365
Digits (Low),PCA,0,2,leaf0,hier_leaf,hier,52,20,0.8867620751341684,0.9158765652951698,0.814132077356996,0.860835683863347,0.4499541731372791
Digits (Low),PCA,0,2,leaf0,hier_leaf,flat,52,20,0.7716905187835419,0.8036225402504472,0.6920796970987636,0.7461809378603822,0.7106177399292576
Digits (Low),PCA,0,2,leaf1,hier_leaf,hier,25,12,0.8984615384615385,0.9148717948717949,0.811259303007893,0.8472502300692564,0.4136798285326458
Digits (Low),PCA,0,2,leaf1,hier_leaf,flat,25,12,0.6369230769230768,0.662051282051282,0.5795871863834641,0.6432886093124907,0.7601960609482529
Digits (Low),PCA,0,2,leaf2,hier_leaf,hier,34,16,0.882546439628483,0.8988003095975232,0.7610909013037178,0.8124537028972135,0.46229834046801477
Digits (Low),PCA,0,2,leaf2,hier_leaf,flat,34,16,0.6178405572755418,0.6764705882352942,0.5682816025069186,0.6444129589460071,0.8185431658727603
Digits (Low),PCA,0,2,leaf3,hier_leaf,hier,36,17,0.8712418300653595,0.9104575163398692,0.8066038591812467,0.865129547444345,0.4113750437766203
Digits (Low),PCA,0,2,leaf3,hier_leaf,flat,36,17,0.6138888888888889,0.6849673202614378,0.5914018531426911,0.6400195275599194,0.8034336134181853
Digits (Low),PCA,0,2,leaf4,hier_leaf,hier,18,8,0.9772727272727272,0.9760101010101009,0.9058003288387096,0.9106549680254461,0.16386735311432346
Digits (Low),PCA,0,2,leaf4,hier_leaf,flat,18,8,0.7941919191919191,0.8434343434343434,0.6848177468981157,0.7454265067753393,0.8416273301173545
Digits (Low),PCA,0,2,leaf5,hier_leaf,hier,52,20,0.9030411449016099,0.9391771019677997,0.8291580373072593,0.8857609851168559,0.42025399858122
Digits (Low),PCA,0,2,leaf5,hier_leaf,flat,52,20,0.8466457960644007,0.8886404293381038,0.7590826290984988,0.8138751684635004,0.6793286175491358
Digits (Low),PCA,0,2,leaf6,hier_leaf,hier,15,7,0.869047619047619,0.8714285714285714,0.7773273273273272,0.8338530838530839,0.4107456491253504
Digits (Low),PCA,0,2,leaf6,hier_leaf,flat,15,7,0.5142857142857145,0.6190476190476191,0.5690748440748441,0.606179256179256,0.792440028660535
Digits (Low),PCA,0,2,leaf7,hier_leaf,hier,18,8,0.9154040404040403,0.9356060606060608,0.8419384410966733,0.8575638470417507,0.35830934451645696
Digits (Low),PCA,0,2,leaf7,hier_leaf,flat,18,8,0.7007575757575757,0.7563131313131314,0.6255525492422978,0.6621163703035633,0.7897155252341848
Digits (Low),PCA,0,2,leaf8,hier_leaf,hier,35,17,0.8707749766573295,0.8950513538748832,0.7718646313359471,0.7816872298841041,0.29919951617096296
Digits (Low),PCA,0,2,leaf8,hier_leaf,flat,35,17,0.8997198879551821,0.907563025210084,0.792417192717353,0.8317936088201179,0.7327779421340287
Digits (Low),PCA,0,2,leaf9,hier_leaf,hier,41,20,0.9303135888501743,0.9605110336817654,0.8837051496482984,0.8997588002285484,0.2816191788867461
Digits (Low),PCA,0,2,leaf9,hier_leaf,flat,41,20,0.7603948896631822,0.8197444831591173,0.7135045362588529,0.7859207522310402,0.8633218899367361
Digits (Low),PCA,0,2,leaf10,hier_leaf,hier,23,11,0.942687747035573,0.9492753623188407,0.8335036451260314,0.8650758656537326,0.3271931813581224
Digits (Low),PCA,0,2,leaf10,hier_leaf,flat,23,11,0.6758893280632412,0.7806324110671936,0.6540335773692201,0.6942047567235404,0.8179150322259827
Digits (Low),PCA,0,2,leaf11,hier_leaf,hier,64,20,0.8691930970149253,0.9127565298507462,0.8088202189651238,0.8595808935105629,0.47479330960757266
Digits (Low),PCA,0,2,leaf11,hier_leaf,flat,64,20,0.7098880597014925,0.7715951492537314,0.6527484869199252,0.7469092679862184,0.7226146131276819
Digits (Low),PCA,0,2,leaf12,hier_leaf,hier,52,20,0.8752236135957066,0.9076475849731663,0.7829961110546889,0.834879323510431,0.3917966740036586
Digits (Low),PCA,0,2,leaf12,hier_leaf,flat,52,20,0.7829606440071556,0.8127906976744186,0.7024237773256397,0.7523602107101106,0.8406392759146073
Digits (Low),PCA,0,2,leaf13,hier_leaf,hier,75,20,0.8995805243445694,0.9359400749063673,0.8477325626691979,0.8902641830206051,0.45213737495104145
Digits (Low),PCA,0,2,leaf13,hier_leaf,flat,75,20,0.7545917602996254,0.8056479400749065,0.7108910136848612,0.7794417435296371,0.698500734185273
Digits (Low),PCA,0,2,leaf14,hier_leaf,hier,17,8,0.8545751633986929,0.9133986928104575,0.8362283511799165,0.8601010810051944,0.37904410295460295
Digits (Low),PCA,0,2,leaf14,hier_leaf,flat,17,8,0.7450980392156863,0.7794117647058824,0.6771406327773027,0.6853726085791227,0.7403230266546356
Digits (Low),PCA,0,2,leaf15,hier_leaf,hier,57,20,0.8794769943727243,0.9176431645150612,0.8218729961393085,0.8744805230028775,0.40696058660090595
Digits (Low),PCA,0,2,leaf15,hier_leaf,flat,57,20,0.6867262495862296,0.7524329692154915,0.6585610147303677,0.7393528211874795,0.7379795204327162
Digits (Low),PCA,0,2,leaf16,hier_leaf,hier,81,20,0.8048160371592713,0.8686468646864686,0.7614128591230601,0.8400112944766446,0.5263718564352189
Digits (Low),PCA,0,2,leaf16,hier_leaf,flat,81,20,0.7442855396650776,0.7984476225400319,0.6772371835513868,0.7565280895096755,0.7353361644711787
Digits (Low),PCA,0,2,leaf17,hier_leaf,hier,24,11,0.8046536796536796,0.8354978354978355,0.7125216490720542,0.7729819018815166,0.3297108852078004
Digits (Low),PCA,0,2,leaf17,hier_leaf,flat,24,11,0.7261904761904763,0.7700216450216452,0.6811206604919748,0.7692545245296208,0.8649305647447084
Digits (Low),PCA,0,2,leaf18,hier_leaf,hier,29,14,0.8361247947454845,0.8541871921182266,0.7714334126417615,0.832337318485193,0.4569554168781681
Digits (Low),PCA,0,2,leaf18,hier_leaf,flat,29,14,0.6981937602627258,0.7257799671592776,0.6612319954313414,0.7226221729337055,0.717721181423973
Digits (Low),PCA,0,2,leaf19,hier_leaf,hier,40,19,0.8843301435406697,0.9260765550239235,0.8049255425003187,0.8643130539084789,0.3708925817989424
Digits (Low),PCA,0,2,leaf19,hier_leaf,flat,40,19,0.7712918660287083,0.7783492822966507,0.7415070099884015,0.7784792153893322,0.7140466373806228
Digits (Low),PCA,0,2,leaf20,hier_leaf,hier,18,8,0.827020202020202,0.8371212121212122,0.7375507083393645,0.7981539009698144,0.36696876655357713
Digits (Low),PCA,0,2,leaf20,hier_leaf,flat,18,8,0.7411616161616161,0.73989898989899,0.6348665530948324,0.747833413130537,0.8196358954328524
Digits (Low),PCA,0,2,leaf21,hier_leaf,hier,24,11,0.9090909090909092,0.9366883116883117,0.8344905261075727,0.8742435890087338,0.3425584724363902
Digits (Low),PCA,0,2,leaf21,hier_leaf,flat,24,11,0.8170995670995671,0.8544372294372294,0.6732767001475678,0.7881082391788357,0.693573137018873
Digits (Low),PCA,0,2,class0,gt_class,hier,100,20,0.8185755395683452,0.8825971223021583,0.7748740172518355,0.8566953004221654,0.4920080108289365
Digits (Low),PCA,0,2,class0,gt_class,flat,100,20,0.7447769784172661,0.8043525179856116,0.6991854930421502,0.7749107079168296,0.7147711367736921
Digits (Low),PCA,0,2,class1,gt_class,hier,105,20,0.9279642058165548,0.9477085330776607,0.8745233845425348,0.9167459914065801,0.3415004856464851
Digits (Low),PCA,0,2,class1,gt_class,flat,105,20,0.8395525727069351,0.8728539469479065,0.8014765782468983,0.8513173771109458,0.673815550914897
Digits (Low),PCA,0,2,class2,gt_class,hier,95,20,0.8807915136678908,0.9284781721746226,0.8134227269220072,0.8913223072269673,0.4878503675301452
Digits (Low),PCA,0,2,class2,gt_class,flat,95,20,0.7552917176662585,0.8199102407180742,0.6968998534258901,0.8050438239539736,0.7210642704035528
Digits (Low),PCA,0,2,class3,gt_class,hier,109,20,0.7915853444749605,0.8494244141880442,0.7540614229561942,0.8324997207718751,0.5321679298880315
Digits (Low),PCA,0,2,class3,gt_class,flat,109,20,0.8066090106936249,0.8696780225559516,0.7586828479451113,0.8506672407238984,0.7152483867357896
Digits (Low),PCA,0,2,class4,gt_class,hier,107,20,0.8605583043186124,0.8927738073422516,0.8327467510965876,0.882852463206405,0.5554932928820502
Digits (Low),PCA,0,2,class4,gt_class,flat,107,20,0.7488302486103476,0.8277502901472116,0.7030025260043166,0.8259454303451885,0.8057569034546391
Digits (Low),PCA,0,2,class5,gt_class,hier,95,20,0.8793472052223582,0.9205630354957162,0.8315440873882675,0.887318824128176,0.44060140776343903
Digits (Low),PCA,0,2,class5,gt_class,flat,95,20,0.8054508363933087,0.8563361893104856,0.7618801996067083,0.831274577313016,0.6877496445289921
Digits (Low),PCA,0,2,class6,gt_class,hier,100,20,0.87668345323741,0.8978705035971225,0.8354970682941611,0.8692826669985142,0.41368091727666595
Digits (Low),PCA,0,2,class6,gt_class,flat,100,20,0.7151438848920862,0.7672661870503596,0.6649192522171044,0.7439537362033635,0.8172055177017673
Digits (Low),PCA,0,2,class7,gt_class,hier,89,20,0.9011043887448382,0.9268990684721022,0.8512560187366937,0.8912369053799195,0.3935286783504294
Digits (Low),PCA,0,2,class7,gt_class,flat,89,20,0.8539133775088831,0.897291846730049,0.8151239381432559,0.8589554417748275,0.6588129160266639
Digits (Low),PCA,0,2,class8,gt_class,hier,98,20,0.8110959939531368,0.8684958427815569,0.786384212033326,0.8481684642956223,0.566339060792274
Digits (Low),PCA,0,2,class8,gt_class,flat,98,20,0.714777021919879,0.7769614512471656,0.6859546827103419,0.774834047959102,0.7393953581287506
Digits (Low),PCA,0,2,class9,gt_class,hier,102,20,0.8352049910873438,0.8824969148498563,0.7859763673077053,0.8551872506487993,0.49769629490142986
Digits (Low),PCA,0,2,class9,gt_class,flat,102,20,0.8284862196626903,0.8701905937200054,0.7731793958631472,0.8323744859946761,0.6217461430752812
Digits (Low),PCA,1,2,leaf0,hier_leaf,hier,28,13,0.9048763736263735,0.9261675824175823,0.8225694292066715,0.855651455343363,0.4015399396199751
Digits (Low),PCA,1,2,leaf0,hier_leaf,flat,28,13,0.6531593406593407,0.67135989010989,0.5563867886045547,0.6248672179923144,0.7827320306814353
Digits (Low),PCA,1,2,leaf1,hier_leaf,hier,20,9,0.875925925925926,0.9185185185185183,0.7707414541586408,0.796734995064639,0.4294764742801198
Digits (Low),PCA,1,2,leaf1,hier_leaf,flat,20,9,0.7407407407407408,0.7962962962962963,0.6562089718157338,0.7147222302082434,0.6976543678357433
Digits (Low),PCA,1,2,leaf2,hier_leaf,hier,31,15,0.8518817204301076,0.8825268817204301,0.7325649751727779,0.808041245983884,0.4842737334103077
Digits (Low),PCA,1,2,leaf2,hier_leaf,flat,31,15,0.6430107526881721,0.6922043010752686,0.5947340061738629,0.6253900271472572,0.7726865153676753
Digits (Low),PCA,1,2,leaf3,hier_leaf,hier,34,16,0.8784829721362231,0.8939628482972136,0.76554608328594,0.8204387443216866,0.45845965176965797
Digits (Low),PCA,1,2,leaf3,hier_leaf,flat,34,16,0.6046826625386996,0.6578947368421053,0.5584603466305305,0.6345144576564997,0.8165161340083645
Digits (Low),PCA,1,2,leaf4,hier_leaf,hier,52,20,0.9202593917710199,0.9488819320214669,0.8587368085633821,0.893005592064952,0.384112730136325
Digits (Low),PCA,1,2,leaf4,hier_leaf,flat,52,20,0.7465563506261179,0.7848389982110913,0.6728880465120839,0.7278604121532222,0.7788998197733991
Digits (Low),PCA,1,2,leaf5,hier_leaf,hier,18,8,0.8573232323232323,0.8762626262626263,0.8165202480765161,0.844757323713131,0.4162081026859364
Digits (Low),PCA,1,2,leaf5,hier_leaf,flat,18,8,0.6287878787878788,0.6881313131313131,0.5831282730771657,0.6624875200884821,0.7627383003091546
Digits (Low),PCA,1,2,leaf6,hier_leaf,hier,52,20,0.9128354203935599,0.9428443649373883,0.8391358729112379,0.8903059089122187,0.4177830995237105
Digits (Low),PCA,1,2,leaf6,hier_leaf,flat,52,20,0.8406082289803221,0.8902951699463328,0.7635512260374355,0.8144121454645649,0.683516228383928
Digits (Low),PCA,1,2,leaf7,hier_leaf,hier,21,10,0.8805194805194804,0.9177489177489178,0.8005912514851452,0.8436202757075755,0.40236637766735095
Digits (Low),PCA,1,2,leaf7,hier_leaf,flat,21,10,0.6952380952380952,0.7212121212121211,0.6264089211616493,0.6768940756635208,0.7939659814322302
Digits (Low),PCA,1,2,leaf8,hier_leaf,hier,73,20,0.9210314262691379,0.9296051571313458,0.8777757853868955,0.9019260593619884,0.4072757369045998
Digits (Low),PCA,1,2,leaf8,hier_leaf,flat,73,20,0.8444802578565673,0.8772602739726029,0.7798171027828789,0.8410326320023783,0.8009617515684242
Digits (Low),PCA,1,2,leaf9,hier_leaf,hier,32,15,0.8636574074074075,0.8854166666666667,0.7451449495624325,0.8200053683471789,0.45735281414167817
Digits (Low),PCA,1,2,leaf9,hier_leaf,flat,32,15,0.7546296296296297,0.813425925925926,0.711362559325867,0.739027189599242,0.6863468569844069
Digits (Low),PCA,1,2,leaf10,hier_leaf,hier,19,9,0.9450292397660819,0.9578947368421052,0.8566528437943244,0.8664472330796132,0.3080693294204267
Digits (Low),PCA,1,2,leaf10,hier_leaf,flat,19,9,0.7567251461988304,0.7719298245614036,0.6569007893112745,0.6817532671423467,0.8095738561085083
Digits (Low),PCA,1,2,leaf11,hier_leaf,hier,30,14,0.8747899159663867,0.8941176470588237,0.7933559831295004,0.8222065764941608,0.4465033428523773
Digits (Low),PCA,1,2,leaf11,hier_leaf,flat,30,14,0.7366946778711487,0.773669467787115,0.6801185015236604,0.7281293477488685,0.6950443295196511
Digits (Low),PCA,1,2,leaf12,hier_leaf,hier,70,20,0.8313924050632909,0.882622061482821,0.7887485349508292,0.8386248041203075,0.5026823256901017
Digits (Low),PCA,1,2,leaf12,hier_leaf,flat,70,20,0.7571609403254975,0.8074864376130197,0.6849311717553576,0.7466229948005625,0.734621699821938
Digits (Low),PCA,1,2,leaf13,hier_leaf,hier,29,14,0.872249589490969,0.9080459770114944,0.8192118568611173,0.8666052078288499,0.42096170518145304
Digits (Low),PCA,1,2,leaf13,hier_leaf,flat,29,14,0.7500821018062398,0.8039408866995076,0.7094179614980772,0.7853579753718581,0.6918393277232574
Digits (Low),PCA,1,2,leaf14,hier_leaf,hier,26,12,0.7662393162393162,0.7978632478632479,0.6902190841927894,0.7486192331665689,0.36125508540392215
Digits (Low),PCA,1,2,leaf14,hier_leaf,flat,26,12,0.7337606837606837,0.7811965811965812,0.6805466264582277,0.7773571180814464,0.8568778715849152
Digits (Low),PCA,1,2,leaf15,hier_leaf,hier,15,7,0.8809523809523808,0.8952380952380954,0.8311388311388312,0.8645992145992145,0.3786837250594437
Digits (Low),PCA,1,2,leaf15,hier_leaf,flat,15,7,0.8285714285714285,0.8404761904761905,0.7607530607530606,0.7806883806883805,0.6823501869398865
Digits (Low),PCA,1,2,leaf16,hier_leaf,hier,25,12,0.9220512820512821,0.941025641025641,0.8579855734165953,0.8792973563992348,0.3665565251072879
Digits (Low),PCA,1,2,leaf16,hier_leaf,flat,25,12,0.5969230769230769,0.6271794871794871,0.60717011632658,0.6277638795722684,0.7687375101435108
Digits (Low),PCA,1,2,leaf17,hier_leaf,hier,40,19,0.8845693779904306,0.9301435406698566,0.8087852697959061,0.8691981252391077,0.368419771631587
Digits (Low),PCA,1,2,leaf17,hier_leaf,flat,40,19,0.7510765550239235,0.7617224880382775,0.7202760515653053,0.7693681780640711,0.7236802116952196
Digits (Low),PCA,1,2,leaf18,hier_leaf,hier,23,11,0.9433465085638998,0.9650856389986824,0.8639951424006699,0.8915110151738763,0.31170154139280776
Digits (Low),PCA,1,2,leaf18,hier_leaf,flat,23,11,0.83399209486166,0.8550724637681159,0.693538238213529,0.7939840381090737,0.6952049906677924
Digits (Low),PCA,1,2,leaf19,hier_leaf,hier,16,7,0.9017857142857143,0.8982142857142857,0.7933834006174305,0.807513061030634,0.3378608718063889
Digits (Low),PCA,1,2,leaf19,hier_leaf,flat,16,7,0.7107142857142857,0.7285714285714286,0.7058843900894483,0.7103419615293279,0.8349549591730863
Digits (Low),PCA,1,2,leaf20,hier_leaf,hier,53,20,0.8738364779874213,0.9075471698113207,0.7909421409621933,0.8352605400491913,0.3941107614431316
Digits (Low),PCA,1,2,leaf20,hier_leaf,flat,53,20,0.7882599580712788,0.8154297693920335,0.7085367945368909,0.7575669648764474,0.8371228854647477
Digits (Low),PCA,1,2,leaf21,hier_leaf,hier,54,20,0.8757683215130023,0.9205673758865247,0.8201722514706098,0.8741140074657744,0.4004180924882089
Digits (Low),PCA,1,2,leaf21,hier_leaf,flat,54,20,0.714342001576044,0.7711189913317574,0.6829586414109333,0.7509153253843104,0.720057087483577
Digits (Low),PCA,1,2,leaf22,hier_leaf,hier,16,7,0.8803571428571428,0.9214285714285715,0.8175067284097206,0.8358762764189028,0.38929762944663093
Digits (Low),PCA,1,2,leaf22,hier_leaf,flat,16,7,0.7696428571428572,0.8071428571428572,0.684907583313544,0.7045189187049791,0.7416319675107711
Digits (Low),PCA,1,2,leaf23,hier_leaf,hier,37,18,0.8692903429745532,0.927927927927928,0.7914455591845236,0.8498336305608316,0.4408987913773395
Digits (Low),PCA,1,2,leaf23,hier_leaf,flat,37,18,0.6789947842579422,0.7192982456140352,0.6136955858080289,0.6896951718026845,0.7249768523155269
Digits (Low),PCA,1,2,leaf24,hier_leaf,hier,23,11,0.8590250329380764,0.8959156785243743,0.775918931710968,0.8243757906556405,0.4422746336283146
Digits (Low),PCA,1,2,leaf24,hier_leaf,flat,23,11,0.5895915678524374,0.6271409749670618,0.5379956567230184,0.5892261027168102,0.808663960742004
Digits (Low),PCA,1,2,class0,gt_class,hier,100,20,0.8185755395683452,0.8825971223021583,0.7748740172518355,0.8566953004221654,0.4920080108289365
Digits (Low),PCA,1,2,class0,gt_class,flat,100,20,0.7447769784172661,0.8043525179856116,0.6991854930421502,0.7749107079168296,0.7147711367736921
Digits (Low),PCA,1,2,class1,gt_class,hier,105,20,0.9279642058165548,0.9477085330776607,0.8745233845425348,0.9167459914065801,0.3415004856464851
Digits (Low),PCA,1,2,class1,gt_class,flat,105,20,0.8395525727069351,0.8728539469479065,0.8014765782468983,0.8513173771109458,0.673815550914897
Digits (Low),PCA,1,2,class2,gt_class,hier,95,20,0.8807915136678908,0.9284781721746226,0.8134227269220072,0.8913223072269673,0.4878503675301452
Digits (Low),PCA,1,2,class2,gt_class,flat,95,20,0.7552917176662585,0.8199102407180742,0.6968998534258901,0.8050438239539736,0.7210642704035528
Digits (Low),PCA,1,2,class3,gt_class,hier,109,20,0.7915853444749605,0.8494244141880442,0.7540614229561942,0.8324997207718751,0.5321679298880315
Digits (Low),PCA,1,2,class3,gt_class,flat,109,20,0.8066090106936249,0.8696780225559516,0.7586828479451113,0.8506672407238984,0.7152483867357896
Digits (Low),PCA,1,2,class4,gt_class,hier,107,20,0.8605583043186124,0.8927738073422516,0.8327467510965876,0.882852463206405,0.5554932928820502
Digits (Low),PCA,1,2,class4,gt_class,flat,107,20,0.7488302486103476,0.8277502901472116,0.7030025260043166,0.8259454303451885,0.8057569034546391
Digits (Low),PCA,1,2,class5,gt_class,hier,95,20,0.8793472052223582,0.9205630354957162,0.8315440873882675,0.887318824128176,0.44060140776343903
Digits (Low),PCA,1,2,class5,gt_class,flat,95,20,0.8054508363933087,0.8563361893104856,0.7618801996067083,0.831274577313016,0.6877496445289921
Digits (Low),PCA,1,2,class6,gt_class,hier,100,20,0.87668345323741,0.8978705035971225,0.8354970682941611,0.8692826669985142,0.41368091727666595
Digits (Low),PCA,1,2,class6,gt_class,flat,100,20,0.7151438848920862,0.7672661870503596,0.6649192522171044,0.7439537362033635,0.8172055177017673
Digits (Low),PCA,1,2,class7,gt_class,hier,89,20,0.9011043887448382,0.9268990684721022,0.8512560187366937,0.8912369053799195,0.3935286783504294
Digits (Low),PCA,1,2,class7,gt_class,flat,89,20,0.8539133775088831,0.897291846730049,0.8151239381432559,0.8589554417748275,0.6588129160266639
Digits (Low),PCA,1,2,class8,gt_class,hier,98,20,0.8110959939531368,0.8684958427815569,0.786384212033326,0.8481684642956223,0.566339060792274
Digits (Low),PCA,1,2,class8,gt_class,flat,98,20,0.714777021919879,0.7769614512471656,0.6859546827103419,0.774834047959102,0.7393953581287506
Digits (Low),PCA,1,2,class9,gt_class,hier,102,20,0.8352049910873438,0.8824969148498563,0.7859763673077053,0.8551872506487993,0.49769629490142986
Digits (Low),PCA,1,2,class9,gt_class,flat,102,20,0.8284862196626903,0.8701905937200054,0.7731793958631472,0.8323744859946761,0.6217461430752812
Digits (Low),PCA,2,2,leaf0,hier_leaf,hier,60,20,0.8703107344632769,0.9057627118644068,0.7993463336784248,0.8560352218538106,0.4628188055347811
Digits (Low),PCA,2,2,leaf0,hier_leaf,flat,60,20,0.7403954802259886,0.7867514124293785,0.6998910002755304,0.7488522956850958,0.7268685600495947
Digits (Low),PCA,2,2,leaf1,hier_leaf,hier,27,13,0.8945868945868947,0.9145299145299146,0.8083892834679465,0.8518273261763617,0.41584490571928034
Digits (Low),PCA,2,2,leaf1,hier_leaf,flat,27,13,0.6304436304436304,0.6711436711436712,0.561724750880663,0.6405072508976016,0.7604882314609932
Digits (Low),PCA,2,2,leaf2,hier_leaf,hier,18,8,0.9772727272727272,0.9772727272727272,0.9138746924096157,0.9093076943061913,0.16688503863208448
Digits (Low),PCA,2,2,leaf2,hier_leaf,flat,18,8,0.7803030303030303,0.8308080808080809,0.682739308102571,0.7320632587693415,0.8479171919204239
Digits (Low),PCA,2,2,leaf3,hier_leaf,hier,18,8,0.8017676767676769,0.8901515151515151,0.7558038547616663,0.8242791343302416,0.43509548357684397
Digits (Low),PCA,2,2,leaf3,hier_leaf,flat,18,8,0.6224747474747475,0.6893939393939394,0.5653669001198813,0.6256471924374519,0.8164252635263338
Digits (Low),PCA,2,2,leaf4,hier_leaf,hier,48,20,0.8575595238095238,0.9018452380952381,0.7769273299166493,0.8506437482254979,0.4348266409706821
Digits (Low),PCA,2,2,leaf4,hier_leaf,flat,48,20,0.6831547619047619,0.7207738095238095,0.6224981521790097,0.667738959802021,0.7980386917997166
Digits (Low),PCA,2,2,leaf5,hier_leaf,hier,48,20,0.9023214285714286,0.9389880952380952,0.8292934818966202,0.8882148716075928,0.41313937026480313
Digits (Low),PCA,2,2,leaf5,hier_leaf,flat,48,20,0.8293452380952381,0.8826785714285714,0.7511476019309807,0.8070762406480648,0.6793461537992177
Digits (Low),PCA,2,2,leaf6,hier_leaf,hier,15,7,0.8190476190476192,0.8595238095238096,0.7492607992607992,0.8141198891198891,0.4146396098359676
Digits (Low),PCA,2,2,leaf6,hier_leaf,flat,15,7,0.6214285714285716,0.6738095238095237,0.6032571032571032,0.6625259875259875,0.7809964432602157
Digits (Low),PCA,2,2,leaf7,hier_leaf,hier,33,16,0.841577540106952,0.8649732620320856,0.7765914055250854,0.8082132155353609,0.3364799351245814
Digits (Low),PCA,2,2,leaf7,hier_leaf,flat,33,16,0.8990641711229946,0.8977272727272727,0.780608955484883,0.8191124613705718,0.7414119908086272
Digits (Low),PCA,2,2,leaf8,hier_leaf,hier,19,9,0.8842105263157896,0.9146198830409358,0.8394081789538648,0.858714905964768,0.38064385160896375
Digits (Low),PCA,2,2,leaf8,hier_leaf,flat,19,9,0.697076023391813,0.7333333333333334,0.6081681265496595,0.6629640857956453,0.7922395072003536
Digits (Low),PCA,2,2,leaf9,hier_leaf,hier,20,9,0.9203703703703704,0.9527777777777778,0.8702589387536056,0.8996420665267516,0.3550796214152632
Digits (Low),PCA,2,2,leaf9,hier_leaf,flat,20,9,0.7981481481481482,0.8203703703703704,0.7282245158075304,0.7934747817420388,0.7034589925283548
Digits (Low),PCA,2,2,leaf10,hier_leaf,hier,18,8,0.9646464646464646,0.9633838383838383,0.862990056897262,0.8742767218566396,0.22561457371203927
Digits (Low),PCA,2,2,leaf10,hier_leaf,flat,18,8,0.7348484848484849,0.73989898989899,0.6354956519802698,0.7101041817446268,0.905197156062506
Digits (Low),PCA,2,2,leaf11,hier_leaf,hier,40,19,0.8845693779904306,0.9301435406698566,0.8087852697959061,0.8691981252391077,0.368419771631587
Digits (Low),PCA,2,2,leaf11,hier_leaf,flat,40,19,0.7510765550239235,0.7617224880382775,0.7202760515653053,0.7693681780640711,0.7236802116952196
Digits (Low),PCA,2,2,leaf12,hier_leaf,hier,23,11,0.9433465085638998,0.9650856389986824,0.8639951424006699,0.8915110151738763,0.31170154139280776
Digits (Low),PCA,2,2,leaf12,hier_leaf,flat,23,11,0.83399209486166,0.8550724637681159,0.693538238213529,0.7939840381090737,0.6952049906677924
Digits (Low),PCA,2,2,leaf13,hier_leaf,hier,23,11,0.8833992094861659,0.893939393939394,0.8042118811694133,0.8401568360002775,0.3907897110099339
Digits (Low),PCA,2,2,leaf13,hier_leaf,flat,23,11,0.8083003952569168,0.8050065876152831,0.7061745280427487,0.7530244093061272,0.6839227037284319
Digits (Low),PCA,2,2,leaf14,hier_leaf,hier,22,10,0.9468531468531469,0.9566433566433566,0.8431476786243338,0.8667304395377584,0.31716826257185377
Digits (Low),PCA,2,2,leaf14,hier_leaf,flat,22,10,0.7762237762237764,0.8090909090909091,0.705362100178752,0.7291318384789561,0.7938254737818619
Digits (Low),PCA,2,2,leaf15,hier_leaf,hier,26,12,0.8158119658119658,0.8504273504273504,0.7661979395333366,0.821409002507388,0.4593294623856546
Digits (Low),PCA,2,2,leaf15,hier_leaf,flat,26,12,0.7307692307692307,0.7594017094017095,0.679391007481133,0.7294296456985238,0.6926875464714973
Digits (Low),PCA,2,2,leaf16,hier_leaf,hier,26,12,0.8512820512820514,0.8914529914529914,0.7837568730841892,0.8195370134813936,0.44487571636232126
Digits (Low),PCA,2,2,leaf16,hier_leaf,flat,26,12,0.7863247863247863,0.811965811965812,0.7085413134190444,0.7315284883343404,0.6731191227362613
Digits (Low),PCA,2,2,leaf17,hier_leaf,hier,54,20,0.878723404255319,0.9113081166272655,0.7934890256990357,0.8427356830937178,0.3975274248476053
Digits (Low),PCA,2,2,leaf17,hier_leaf,flat,54,20,0.8002364066193851,0.826162332545311,0.7185265610275031,0.7656343992790814,0.8295370763684115
Digits (Low),PCA,2,2,leaf18,hier_leaf,hier,25,12,0.9358974358974359,0.9512820512820512,0.8496015060467164,0.8832678871686908,0.30292935421380257
Digits (Low),PCA,2,2,leaf18,hier_leaf,flat,25,12,0.7405128205128204,0.7589743589743589,0.6360872315699571,0.7113173199190972,0.7339020723681041
Digits (Low),PCA,2,2,leaf19,hier_leaf,hier,26,12,0.7833333333333333,0.8576923076923078,0.7494099601429232,0.7990636782608239,0.46463517400436505
Digits (Low),PCA,2,2,leaf19,hier_leaf,flat,26,12,0.7363247863247863,0.7696581196581196,0.6990932492960809,0.7552919087270108,0.7032694437925673
Digits (Low),PCA,2,2,leaf20,hier_leaf,hier,15,7,0.9357142857142856,0.9523809523809523,0.8513917763917764,0.847204897204897,0.3692280053665021
Digits (Low),PCA,2,2,leaf20,hier_leaf,flat,15,7,0.6976190476190477,0.7476190476190477,0.6629591129591129,0.6823284823284823,0.7455425585369604
Digits (Low),PCA,2,2,leaf21,hier_leaf,hier,67,20,0.8917399304845633,0.9268247802085464,0.8121820252677803,0.8729381050129653,0.4702985485351703
Digits (Low),PCA,2,2,leaf21,hier_leaf,flat,67,20,0.7047025148231446,0.7581271723573911,0.6618570273549949,0.7349148441847583,0.7385557699827207
Digits (Low),PCA,2,2,leaf22,hier_leaf,hier,15,7,0.9095238095238095,0.9285714285714286,0.801986601986602,0.834927234927235,0.3972364042128871
Digits (Low),PCA,2,2,leaf22,hier_leaf,flat,15,7,0.7404761904761905,0.7904761904761904,0.6457149457149457,0.7497805497805499,0.7331453378264089
Digits (Low),PCA,2,2,leaf23,hier_leaf,hier,37,18,0.8503240082187451,0.8784574047731942,0.7635335304685806,0.8164099018487361,0.47548209359522886
Digits (Low),PCA,2,2,leaf23,hier_leaf,flat,37,18,0.7804646752015174,0.8177651335546073,0.7065634525659,0.7404514598824697,0.7061901795927243
Digits (Low),PCA,2,2,leaf24,hier_leaf,hier,23,11,0.7733860342555994,0.7990777338603425,0.7020941296902706,0.7520465691666611,0.3260740471593848
Digits (Low),PCA,2,2,leaf24,hier_leaf,flat,23,11,0.7193675889328064,0.761528326745718,0.6602273210318563,0.759692888157386,0.8655417842388077
Digits (Low),PCA,2,2,leaf25,hier_leaf,hier,23,11,0.8972332015810275,0.9011857707509882,0.822148313760994,0.8554055676575016,0.3948957211058423
Digits (Low),PCA,2,2,leaf25,hier_leaf,flat,23,11,0.6732542819499342,0.6673254281949934,0.6297487812499301,0.7119168724328939,0.7457231337599171
Digits (Low),PCA,2,2,class0,gt_class,hier,100,20,0.8185755395683452,0.8825971223021583,0.7748740172518355,0.8566953004221654,0.4920080108289365
Digits (Low),PCA,2,2,class0,gt_class,flat,100,20,0.7447769784172661,0.8043525179856116,0.6991854930421502,0.7749107079168296,0.7147711367736921
Digits (Low),PCA,2,2,class1,gt_class,hier,105,20,0.9279642058165548,0.9477085330776607,0.8745233845425348,0.9167459914065801,0.3415004856464851
Digits (Low),PCA,2,2,class1,gt_class,flat,105,20,0.8395525727069351,0.8728539469479065,0.8014765782468983,0.8513173771109458,0.673815550914897
Digits (Low),PCA,2,2,class2,gt_class,hier,95,20,0.8807915136678908,0.9284781721746226,0.8134227269220072,0.8913223072269673,0.4878503675301452
Digits (Low),PCA,2,2,class2,gt_class,flat,95,20,0.7552917176662585,0.8199102407180742,0.6968998534258901,0.8050438239539736,0.7210642704035528
Digits (Low),PCA,2,2,class3,gt_class,hier,109,20,0.7915853444749605,0.8494244141880442,0.7540614229561942,0.8324997207718751,0.5321679298880315
Digits (Low),PCA,2,2,class3,gt_class,flat,109,20,0.8066090106936249,0.8696780225559516,0.7586828479451113,0.8506672407238984,0.7152483867357896
Digits (Low),PCA,2,2,class4,gt_class,hier,107,20,0.8605583043186124,0.8927738073422516,0.8327467510965876,0.882852463206405,0.5554932928820502
Digits (Low),PCA,2,2,class4,gt_class,flat,107,20,0.7488302486103476,0.8277502901472116,0.7030025260043166,0.8259454303451885,0.8057569034546391
Digits (Low),PCA,2,2,class5,gt_class,hier,95,20,0.8793472052223582,0.9205630354957162,0.8315440873882675,0.887318824128176,0.44060140776343903
Digits (Low),PCA,2,2,class5,gt_class,flat,95,20,0.8054508363933087,0.8563361893104856,0.7618801996067083,0.831274577313016,0.6877496445289921
Digits (Low),PCA,2,2,class6,gt_class,hier,100,20,0.87668345323741,0.8978705035971225,0.8354970682941611,0.8692826669985142,0.41368091727666595
Digits (Low),PCA,2,2,class6,gt_class,flat,100,20,0.7151438848920862,0.7672661870503596,0.6649192522171044,0.7439537362033635,0.8172055177017673
Digits (Low),PCA,2,2,class7,gt_class,hier,89,20,0.9011043887448382,0.9268990684721022,0.8512560187366937,0.8912369053799195,0.3935286783504294
Digits (Low),PCA,2,2,class7,gt_class,flat,89,20,0.8539133775088831,0.897291846730049,0.8151239381432559,0.8589554417748275,0.6588129160266639
Digits (Low),PCA,2,2,class8,gt_class,hier,98,20,0.8110959939531368,0.8684958427815569,0.786384212033326,0.8481684642956223,0.566339060792274
Digits (Low),PCA,2,2,class8,gt_class,flat,98,20,0.714777021919879,0.7769614512471656,0.6859546827103419,0.774834047959102,0.7393953581287506
Digits (Low),PCA,2,2,class9,gt_class,hier,102,20,0.8352049910873438,0.8824969148498563,0.7859763673077053,0.8551872506487993,0.49769629490142986
Digits (Low),PCA,2,2,class9,gt_class,flat,102,20,0.8284862196626903,0.8701905937200054,0.7731793958631472,0.8323744859946761,0.6217461430752812
Digits (Low),PCA,3,2,leaf0,hier_leaf,hier,16,7,0.8517857142857143,0.8767857142857143,0.7518107337924484,0.7873822528298899,0.46763483769843955
Digits (Low),PCA,3,2,leaf0,hier_leaf,flat,16,7,0.6875,0.7910714285714286,0.6274687326842396,0.6734148658275945,0.7226325432103823
Digits (Low),PCA,3,2,leaf1,hier_leaf,hier,72,20,0.8580321285140562,0.9029618473895583,0.7925739825545788,0.860198364487355,0.4736465621520282
Digits (Low),PCA,3,2,leaf1,hier_leaf,flat,72,20,0.7462014725568943,0.8018741633199464,0.6887521502246725,0.7468335691584552,0.7297081356676433
Digits (Low),PCA,3,2,leaf2,hier_leaf,hier,35,17,0.8681605975723622,0.8814192343604108,0.7358072179220806,0.8002370502508674,0.4695835070288977
Digits (Low),PCA,3,2,leaf2,hier_leaf,flat,35,17,0.6067226890756303,0.6638655462184875,0.5646180006701923,0.6357189604419423,0.8175703270683574
Digits (Low),PCA,3,2,leaf3,hier_leaf,hier,18,8,0.9684343434343433,0.9696969696969696,0.8823547969253952,0.8911324893387226,0.1799142560873407
Digits (Low),PCA,3,2,leaf3,hier_leaf,flat,18,8,0.7929292929292928,0.8459595959595959,0.6884216113096763,0.749102745394959,0.8437896408099055
Digits (Low),PCA,3,2,leaf4,hier_leaf,hier,35,17,0.9215686274509802,0.9441643323996264,0.8571764285183405,0.8848558744723166,0.38101774978192776
Digits (Low),PCA,3,2,leaf4,hier_leaf,flat,35,17,0.592903828197946,0.6339869281045752,0.5850226528959357,0.6220818095938517,0.8214369074494123
Digits (Low),PCA,3,2,leaf5,hier_leaf,hier,49,20,0.8919470490899063,0.9361831218974076,0.8199327465106289,0.8801016344314558,0.4188051794680324
Digits (Low),PCA,3,2,leaf5,hier_leaf,flat,49,20,0.8330391616105903,0.8785990071704357,0.7461660303806057,0.8036531423691056,0.686213994969883
Digits (Low),PCA,3,2,leaf6,hier_leaf,hier,16,7,0.8125,0.8553571428571428,0.7818065780099739,0.834446489353281,0.4181175280658935
Digits (Low),PCA,3,2,leaf6,hier_leaf,flat,16,7,0.6214285714285714,0.6678571428571429,0.5680163064988522,0.6536798464339428,0.7802623200707236
Digits (Low),PCA,3,2,leaf7,hier_leaf,hier,19,9,0.8795321637426902,0.9157894736842105,0.7911627453740294,0.83573338819173,0.394346705565641
Digits (Low),PCA,3,2,leaf7,hier_leaf,flat,19,9,0.7005847953216374,0.7403508771929825,0.6219734947325112,0.6731877781266581,0.7827391086435274
Digits (Low),PCA,3,2,leaf8,hier_leaf,hier,60,20,0.9104802259887006,0.9271751412429378,0.8611465474614385,0.8797529118402199,0.3323624065821151
Digits (Low),PCA,3,2,leaf8,hier_leaf,flat,60,20,0.8293220338983052,0.8590112994350283,0.7566545752545886,0.810525556371995,0.8510835522155086
Digits (Low),PCA,3,2,leaf9,hier_leaf,hier,31,15,0.8650537634408602,0.8868279569892472,0.751937820450069,0.8109493925467742,0.44854659096683014
Digits (Low),PCA,3,2,leaf9,hier_leaf,flat,31,15,0.75,0.8088709677419355,0.7065690674339342,0.733501197777617,0.689030545964516
Digits (Low),PCA,3,2,leaf10,hier_leaf,hier,22,10,0.9552447552447553,0.9608391608391608,0.8635285945926597,0.8841635103919058,0.3044273066368915
Digits (Low),PCA,3,2,leaf10,hier_leaf,flat,22,10,0.8041958041958043,0.8251748251748253,0.7236938810793355,0.7431817991413511,0.8037073505520748
Digits (Low),PCA,3,2,leaf11,hier_leaf,hier,25,12,0.8282051282051281,0.841025641025641,0.7851753681426316,0.8086479055742312,0.4521695747214857
Digits (Low),PCA,3,2,leaf11,hier_leaf,flat,25,12,0.6912820512820512,0.7184615384615385,0.6522129289375573,0.6974021712428068,0.6983200616166408
Digits (Low),PCA,3,2,leaf12,hier_leaf,hier,19,9,0.8666666666666666,0.8947368421052632,0.8205610714711074,0.8683420132309794,0.3557560457979476
Digits (Low),PCA,3,2,leaf12,hier_leaf,flat,19,9,0.5368421052631579,0.6116959064327485,0.5731764094457497,0.6782235624032309,0.8057678935851785
Digits (Low),PCA,3,2,leaf13,hier_leaf,hier,17,8,0.9607843137254901,0.9591503267973855,0.8849671784530692,0.8891299631156433,0.26327791623918695
Digits (Low),PCA,3,2,leaf13,hier_leaf,flat,17,8,0.7941176470588235,0.7843137254901961,0.6828966344619861,0.7502648271285083,0.7527081951918805
Digits (Low),PCA,3,2,leaf14,hier_leaf,hier,54,20,0.8681639085894405,0.9191489361702126,0.8180057141247419,0.8713486285068657,0.4037959602633215
Digits (Low),PCA,3,2,leaf14,hier_leaf,flat,54,20,0.7046099290780142,0.7626477541371159,0.6696685123952671,0.7446347248016321,0.7213553223481067
Digits (Low),PCA,3,2,leaf15,hier_leaf,hier,17,8,0.8545751633986929,0.9133986928104575,0.8362283511799165,0.8601010810051944,0.37904410295460295
Digits (Low),PCA,3,2,leaf15,hier_leaf,flat,17,8,0.7450980392156863,0.7794117647058824,0.6771406327773027,0.6853726085791227,0.7403230266546356
Digits (Low),PCA,3,2,leaf16,hier_leaf,hier,70,20,0.8928028933092222,0.9262386980108498,0.8113976977073132,0.8770304693565351,0.469095063177273
Digits (Low),PCA,3,2,leaf16,hier_leaf,flat,70,20,0.7019710669077757,0.7549909584086799,0.6570158677739788,0.7350994231711455,0.7343578894734779
Digits (Low),PCA,3,2,leaf17,hier_leaf,hier,39,19,0.8788124156545208,0.9244264507422401,0.8086003706761039,0.8664841369494337,0.3692923969711109
Digits (Low),PCA,3,2,leaf17,hier_leaf,flat,39,19,0.7582995951417002,0.7692307692307693,0.7385177101433081,0.7739996577003685,0.7192048707079884
Digits (Low),PCA,3,2,leaf18,hier_leaf,hier,64,20,0.8305503731343284,0.8642723880597014,0.7548754840899119,0.801262478665896,0.4640128490356541
Digits (Low),PCA,3,2,leaf18,hier_leaf,flat,64,20,0.7929337686567164,0.8330923507462686,0.7146773401950579,0.7903238164669641,0.7654425588372819
Digits (Low),PCA,3,2,leaf19,hier_leaf,hier,84,20,0.8123275478415667,0.8684245660881176,0.7627281511067426,0.8387407763851594,0.533349963109016
Digits (Low),PCA,3,2,leaf19,hier_leaf,flat,84,20,0.7334445927903871,0.7865264797507789,0.6558577680032303,0.7425714086531174,0.740861475261018
Digits (Low),PCA,3,2,leaf20,hier_leaf,hier,36,17,0.8447712418300655,0.8880718954248366,0.7733924394989419,0.8444367556797753,0.445469853280591
Digits (Low),PCA,3,2,leaf20,hier_leaf,flat,36,17,0.7534313725490196,0.784967320261438,0.6954480928101774,0.7561271235523521,0.6886107401183907
Digits (Low),PCA,3,2,leaf21,hier_leaf,hier,26,12,0.7820512820512822,0.8320512820512822,0.7305923429723956,0.7705960682451778,0.35278045290763255
Digits (Low),PCA,3,2,leaf21,hier_leaf,flat,26,12,0.7692307692307693,0.8042735042735043,0.7059191873873942,0.7913961654940134,0.8498731771906516
Digits (Low),PCA,3,2,leaf22,hier_leaf,hier,33,16,0.8201871657754012,0.8585115864527628,0.7720948362634743,0.8276737642314566,0.4509670336624379
Digits (Low),PCA,3,2,leaf22,hier_leaf,flat,33,16,0.6664438502673796,0.7007575757575758,0.6562032595578013,0.7226122321091093,0.7313720968933684
Digits (Low),PCA,3,2,class0,gt_class,hier,100,20,0.8185755395683452,0.8825971223021583,0.7748740172518355,0.8566953004221654,0.4920080108289365
Digits (Low),PCA,3,2,class0,gt_class,flat,100,20,0.7447769784172661,0.8043525179856116,0.6991854930421502,0.7749107079168296,0.7147711367736921
Digits (Low),PCA,3,2,class1,gt_class,hier,105,20,0.9279642058165548,0.9477085330776607,0.8745233845425348,0.9167459914065801,0.3415004856464851
Digits (Low),PCA,3,2,class1,gt_class,flat,105,20,0.8395525727069351,0.8728539469479065,0.8014765782468983,0.8513173771109458,0.673815550914897
Digits (Low),PCA,3,2,class2,gt_class,hier,95,20,0.8807915136678908,0.9284781721746226,0.8134227269220072,0.8913223072269673,0.4878503675301452
Digits (Low),PCA,3,2,class2,gt_class,flat,95,20,0.7552917176662585,0.8199102407180742,0.6968998534258901,0.8050438239539736,0.7210642704035528
Digits (Low),PCA,3,2,class3,gt_class,hier,109,20,0.7915853444749605,0.8494244141880442,0.7540614229561942,0.8324997207718751,0.5321679298880315
Digits (Low),PCA,3,2,class3,gt_class,flat,109,20,0.8066090106936249,0.8696780225559516,0.7586828479451113,0.8506672407238984,0.7152483867357896
Digits (Low),PCA,3,2,class4,gt_class,hier,107,20,0.8605583043186124,0.8927738073422516,0.8327467510965876,0.882852463206405,0.5554932928820502
Digits (Low),PCA,3,2,class4,gt_class,flat,107,20,0.7488302486103476,0.8277502901472116,0.7030025260043166,0.8259454303451885,0.8057569034546391
Digits (Low),PCA,3,2,class5,gt_class,hier,95,20,0.8793472052223582,0.9205630354957162,0.8315440873882675,0.887318824128176,0.44060140776343903
Digits (Low),PCA,3,2,class5,gt_class,flat,95,20,0.8054508363933087,0.8563361893104856,0.7618801996067083,0.831274577313016,0.6877496445289921
Digits (Low),PCA,3,2,class6,gt_class,hier,100,20,0.87668345323741,0.8978705035971225,0.8354970682941611,0.8692826669985142,0.41368091727666595
Digits (Low),PCA,3,2,class6,gt_class,flat,100,20,0.7151438848920862,0.7672661870503596,0.6649192522171044,0.7439537362033635,0.8172055177017673
Digits (Low),PCA,3,2,class7,gt_class,hier,89,20,0.9011043887448382,0.9268990684721022,0.8512560187366937,0.8912369053799195,0.3935286783504294
Digits (Low),PCA,3,2,class7,gt_class,flat,89,20,0.8539133775088831,0.897291846730049,0.8151239381432559,0.8589554417748275,0.6588129160266639
Digits (Low),PCA,3,2,class8,gt_class,hier,98,20,0.8110959939531368,0.8684958427815569,0.786384212033326,0.8481684642956223,0.566339060792274
Digits (Low),PCA,3,2,class8,gt_class,flat,98,20,0.714777021919879,0.7769614512471656,0.6859546827103419,0.774834047959102,0.7393953581287506
Digits (Low),PCA,3,2,class9,gt_class,hier,102,20,0.8352049910873438,0.8824969148498563,0.7859763673077053,0.8551872506487993,0.49769629490142986
Digits (Low),PCA,3,2,class9,gt_class,flat,102,20,0.8284862196626903,0.8701905937200054,0.7731793958631472,0.8323744859946761,0.6217461430752812
Digits (Low),PCA,4,2,leaf0,hier_leaf,hier,17,8,0.8872549019607844,0.9084967320261438,0.7546722312270537,0.7764412339029776,0.4389186744402024
Digits (Low),PCA,4,2,leaf0,hier_leaf,flat,17,8,0.7434640522875818,0.803921568627451,0.6384226938768565,0.6816841729097801,0.69800607851653
Digits (Low),PCA,4,2,leaf1,hier_leaf,hier,20,9,0.8898148148148148,0.9277777777777777,0.796206001015822,0.8376491389471867,0.4403518686839599
Digits (Low),PCA,4,2,leaf1,hier_leaf,flat,20,9,0.7907407407407406,0.8148148148148149,0.6706283720974806,0.7068347564423233,0.7468554937073952
Digits (Low),PCA,4,2,leaf2,hier_leaf,hier,35,17,0.8718954248366013,0.8993464052287581,0.7782744471728253,0.8264671457097118,0.44953533289883296
Digits (Low),PCA,4,2,leaf2,hier_leaf,flat,35,17,0.6560224089635855,0.6984126984126985,0.5807557614128394,0.6569704742694416,0.7505534509026307
Digits (Low),PCA,4,2,leaf3,hier_leaf,hier,16,7,0.9553571428571428,0.9624999999999999,0.9004838518166707,0.8956008074091665,0.1765972854285341
Digits (Low),PCA,4,2,leaf3,hier_leaf,flat,16,7,0.7857142857142858,0.8678571428571429,0.6646629858307607,0.7396253858940869,0.8612639908505721
Digits (Low),PCA,4,2,leaf4,hier_leaf,hier,36,17,0.8841503267973855,0.9013071895424836,0.7676235899029207,0.8206675885562851,0.4586063237049437
Digits (Low),PCA,4,2,leaf4,hier_leaf,flat,36,17,0.6241830065359477,0.6826797385620915,0.5657992678226176,0.6448302965443784,0.8080621042078572
Digits (Low),PCA,4,2,leaf5,hier_leaf,hier,37,18,0.8945787893156313,0.9279279279279278,0.8256784495882789,0.8703182081895686,0.4023972059430381
Digits (Low),PCA,4,2,leaf5,hier_leaf,flat,37,18,0.5862177967441125,0.6393235340603762,0.5656095660893528,0.6179830445127515,0.8127775487853933
Digits (Low),PCA,4,2,leaf6,hier_leaf,hier,15,7,0.830952380952381,0.8619047619047621,0.7785516285516286,0.8328078078078079,0.41121425236433445
Digits (Low),PCA,4,2,leaf6,hier_leaf,flat,15,7,0.5428571428571428,0.6166666666666667,0.567042042042042,0.6281242781242782,0.7820876399084485
Digits (Low),PCA,4,2,leaf7,hier_leaf,hier,33,16,0.9019607843137255,0.9420677361853833,0.8124688051086304,0.8654269782176413,0.38725005323549483
Digits (Low),PCA,4,2,leaf7,hier_leaf,flat,33,16,0.7814171122994653,0.8172905525846702,0.7009751074617387,0.7461482122217291,0.7341317711598645
Digits (Low),PCA,4,2,leaf8,hier_leaf,hier,19,9,0.8783625730994152,0.8947368421052632,0.8124941803181065,0.840474669496205,0.402055730704965
Digits (Low),PCA,4,2,leaf8,hier_leaf,flat,19,9,0.6865497076023391,0.7578947368421053,0.6110065072164055,0.6495279290594312,0.7845804639356041
Digits (Low),PCA,4,2,leaf9,hier_leaf,hier,77,20,0.9243541404831727,0.9325792487082807,0.8854168537682998,0.9059516142895067,0.4133440266859423
Digits (Low),PCA,4,2,leaf9,hier_leaf,flat,77,20,0.841195363776009,0.8768607736349672,0.780935832289226,0.8398533378721307,0.797707168818339
Digits (Low),PCA,4,2,leaf10,hier_leaf,hier,39,19,0.8788124156545208,0.9244264507422401,0.8086003706761039,0.8664841369494337,0.3692923969711109
Digits (Low),PCA,4,2,leaf10,hier_leaf,flat,39,19,0.7582995951417002,0.7692307692307693,0.7385177101433081,0.7739996577003685,0.7192048707079884
Digits (Low),PCA,4,2,leaf11,hier_leaf,hier,65,20,0.8300557413600891,0.8621627647714605,0.7645528181510779,0.8071224521575946,0.4649133508637458
Digits (Low),PCA,4,2,leaf11,hier_leaf,flat,65,20,0.7929988851727983,0.8327313266443702,0.7097438896190522,0.7908200839713934,0.760826752233648
Digits (Low),PCA,4,2,leaf12,hier_leaf,hier,54,20,0.9045705279747831,0.9285263987391646,0.8235198307648801,0.8622278435926882,0.39794540642385073
Digits (Low),PCA,4,2,leaf12,hier_leaf,flat,54,20,0.8190307328605201,0.8518912529550826,0.7565805075711273,0.8077191865844414,0.7002049773559137
Digits (Low),PCA,4,2,leaf13,hier_leaf,hier,29,14,0.8630541871921183,0.884072249589491,0.765169993717214,0.8142786238641387,0.4464098435879374
Digits (Low),PCA,4,2,leaf13,hier_leaf,flat,29,14,0.7599343185550084,0.7950738916256159,0.7018497448091959,0.7294006804308432,0.6822003140694715
Digits (Low),PCA,4,2,leaf14,hier_leaf,hier,53,20,0.8738364779874213,0.9075471698113207,0.7909421409621933,0.8352605400491913,0.3941107614431316
Digits (Low),PCA,4,2,leaf14,hier_leaf,flat,53,20,0.7882599580712788,0.8154297693920335,0.7085367945368909,0.7575669648764474,0.8371228854647477
Digits (Low),PCA,4,2,leaf15,hier_leaf,hier,22,10,0.9223776223776223,0.9622377622377623,0.8409108045511285,0.8838504851130203,0.2926372733402289
Digits (Low),PCA,4,2,leaf15,hier_leaf,flat,22,10,0.8048951048951047,0.7853146853146854,0.6665675293013748,0.7357815312038981,0.7262482059754228
Digits (Low),PCA,4,2,leaf16,hier_leaf,hier,26,12,0.8628205128205129,0.8829059829059828,0.7613632539668281,0.8143417525148029,0.43744968597392075
Digits (Low),PCA,4,2,leaf16,hier_leaf,flat,26,12,0.6952991452991453,0.7367521367521367,0.6728815968971718,0.7442978981728758,0.7151859718391924
Digits (Low),PCA,4,2,leaf17,hier_leaf,hier,22,10,0.9447552447552447,0.9517482517482517,0.8716093688237485,0.8863230801687443,0.3462030438675841
Digits (Low),PCA,4,2,leaf17,hier_leaf,flat,22,10,0.8391608391608393,0.8692307692307693,0.7403002148526308,0.7887806713364047,0.6783264352718545
Digits (Low),PCA,4,2,leaf18,hier_leaf,hier,31,15,0.85,0.8760752688172042,0.7817288315117317,0.8359662673441671,0.440805481948235
Digits (Low),PCA,4,2,leaf18,hier_leaf,flat,31,15,0.6537634408602151,0.6860215053763442,0.644913838962897,0.7046900292397161,0.7385742630808276
Digits (Low),PCA,4,2,leaf19,hier_leaf,hier,28,13,0.804945054945055,0.8245192307692308,0.7121584470170884,0.7528440376424073,0.34556300133500756
Digits (Low),PCA,4,2,leaf19,hier_leaf,flat,28,13,0.7936126373626374,0.8317307692307692,0.7033108841291452,0.7826669165264019,0.8404676316092929
Digits (Low),PCA,4,2,leaf20,hier_leaf,hier,35,17,0.8687208216619982,0.9140989729225023,0.8002729865090407,0.8469788115966054,0.45392603727204905
Digits (Low),PCA,4,2,leaf20,hier_leaf,flat,35,17,0.7650793650793651,0.8377217553688142,0.6909325155327917,0.7497162534084207,0.706047512283237
Digits (Low),PCA,4,2,leaf21,hier_leaf,hier,15,7,0.926190476190476,0.9095238095238096,0.7482732732732734,0.805902055902056,0.44379692767289963
Digits (Low),PCA,4,2,leaf21,hier_leaf,flat,15,7,0.5904761904761905,0.7047619047619048,0.5106953106953107,0.6363536613536614,0.7890765338035611
Digits (Low),PCA,4,2,leaf22,hier_leaf,hier,17,8,0.8545751633986929,0.9133986928104575,0.8362283511799165,0.8601010810051944,0.37904410295460295
Digits (Low),PCA,4,2,leaf22,hier_leaf,flat,17,8,0.7450980392156863,0.7794117647058824,0.6771406327773027,0.6853726085791227,0.7403230266546356
Digits (Low),PCA,4,2,leaf23,hier_leaf,hier,27,13,0.8583638583638583,0.8929588929588931,0.7932755918984201,0.8275891573351558,0.4406137364778116
Digits (Low),PCA,4,2,leaf23,hier_leaf,flat,27,13,0.5889295889295889,0.6275946275946277,0.5445616199184533,0.6068056568193373,0.7985959611938217
Digits (Low),PCA,4,2,leaf24,hier_leaf,hier,40,19,0.9004784688995215,0.9294258373205743,0.8323032568850921,0.8601349698442305,0.4259993500765727
Digits (Low),PCA,4,2,leaf24,hier_leaf,flat,40,19,0.6905502392344498,0.7366028708133971,0.6198944918768677,0.6973085182650837,0.7160665817726538
Digits (Low),PCA,4,2,class0,gt_class,hier,100,20,0.8185755395683452,0.8825971223021583,0.7748740172518355,0.8566953004221654,0.4920080108289365
Digits (Low),PCA,4,2,class0,gt_class,flat,100,20,0.7447769784172661,0.8043525179856116,0.6991854930421502,0.7749107079168296,0.7147711367736921
Digits (Low),PCA,4,2,class1,gt_class,hier,105,20,0.9279642058165548,0.9477085330776607,0.8745233845425348,0.9167459914065801,0.3415004856464851
Digits (Low),PCA,4,2,class1,gt_class,flat,105,20,0.8395525727069351,0.8728539469479065,0.8014765782468983,0.8513173771109458,0.673815550914897
Digits (Low),PCA,4,2,class2,gt_class,hier,95,20,0.8807915136678908,0.9284781721746226,0.8134227269220072,0.8913223072269673,0.4878503675301452
Digits (Low),PCA,4,2,class2,gt_class,flat,95,20,0.7552917176662585,0.8199102407180742,0.6968998534258901,0.8050438239539736,0.7210642704035528
Digits (Low),PCA,4,2,class3,gt_class,hier,109,20,0.7915853444749605,0.8494244141880442,0.7540614229561942,0.8324997207718751,0.5321679298880315
Digits (Low),PCA,4,2,class3,gt_class,flat,109,20,0.8066090106936249,0.8696780225559516,0.7586828479451113,0.8506672407238984,0.7152483867357896
Digits (Low),PCA,4,2,class4,gt_class,hier,107,20,0.8605583043186124,0.8927738073422516,0.8327467510965876,0.882852463206405,0.5554932928820502
Digits (Low),PCA,4,2,class4,gt_class,flat,107,20,0.7488302486103476,0.8277502901472116,0.7030025260043166,0.8259454303451885,0.8057569034546391
Digits (Low),PCA,4,2,class5,gt_class,hier,95,20,0.8793472052223582,0.9205630354957162,0.8315440873882675,0.887318824128176,0.44060140776343903
Digits (Low),PCA,4,2,class5,gt_class,flat,95,20,0.8054508363933087,0.8563361893104856,0.7618801996067083,0.831274577313016,0.6877496445289921
Digits (Low),PCA,4,2,class6,gt_class,hier,100,20,0.87668345323741,0.8978705035971225,0.8354970682941611,0.8692826669985142,0.41368091727666595
Digits (Low),PCA,4,2,class6,gt_class,flat,100,20,0.7151438848920862,0.7672661870503596,0.6649192522171044,0.7439537362033635,0.8172055177017673
Digits (Low),PCA,4,2,class7,gt_class,hier,89,20,0.9011043887448382,0.9268990684721022,0.8512560187366937,0.8912369053799195,0.3935286783504294
Digits (Low),PCA,4,2,class7,gt_class,flat,89,20,0.8539133775088831,0.897291846730049,0.8151239381432559,0.8589554417748275,0.6588129160266639
Digits (Low),PCA,4,2,class8,gt_class,hier,98,20,0.8110959939531368,0.8684958427815569,0.786384212033326,0.8481684642956223,0.566339060792274
Digits (Low),PCA,4,2,class8,gt_class,flat,98,20,0.714777021919879,0.7769614512471656,0.6859546827103419,0.774834047959102,0.7393953581287506
Digits (Low),PCA,4,2,class9,gt_class,hier,102,20,0.8352049910873438,0.8824969148498563,0.7859763673077053,0.8551872506487993,0.49769629490142986
Digits (Low),PCA,4,2,class9,gt_class,flat,102,20,0.8284862196626903,0.8701905937200054,0.7731793958631472,0.8323744859946761,0.6217461430752812
Digits (Low),MDS,0,2,leaf0,hier_leaf,hier,16,7,0.8285714285714286,0.8696428571428572,0.7945608723185308,0.8001810733792448,0.27236096843992064
Digits (Low),MDS,0,2,leaf0,hier_leaf,flat,16,7,0.7375,0.7875,0.6245547375920208,0.7096295416765613,0.5923917569835696
Digits (Low),MDS,0,2,leaf1,hier_leaf,hier,37,18,0.8915757863126285,0.912122648964754,0.8126312488327522,0.8272142765939146,0.2688681227244801
Digits (Low),MDS,0,2,leaf1,hier_leaf,flat,37,18,0.7515410146989094,0.7954796902165323,0.680112781565698,0.7146424766283865,0.57622009859255
Digits (Low),MDS,0,2,leaf2,hier_leaf,hier,22,10,0.904895104895105,0.9412587412587413,0.8373932686617522,0.8638511401050881,0.24161226515096257
Digits (Low),MDS,0,2,leaf2,hier_leaf,flat,22,10,0.8006993006993007,0.8181818181818182,0.7309547727977225,0.767051690298425,0.50879226720145
Digits (Low),MDS,0,2,leaf3,hier_leaf,hier,33,16,0.9077540106951872,0.8999554367201426,0.8311376585543219,0.8490413002343637,0.2684879443193664
Digits (Low),MDS,0,2,leaf3,hier_leaf,flat,33,16,0.6325757575757576,0.6818181818181818,0.6154244494997985,0.67759470850759,0.6423950932051528
Digits (Low),MDS,0,2,leaf4,hier_leaf,hier,18,8,0.9709595959595959,0.9734848484848485,0.9070009983929214,0.9130711531252668,0.11199023054482932
Digits (Low),MDS,0,2,leaf4,hier_leaf,flat,18,8,0.9255050505050504,0.9381313131313131,0.8299855622733667,0.8163253944394339,0.37950979228386067
Digits (Low),MDS,0,2,leaf5,hier_leaf,hier,37,18,0.9111743322269638,0.9099099099099098,0.8797583296701926,0.8870713934633587,0.24450147652778162
Digits (Low),MDS,0,2,leaf5,hier_leaf,flat,37,18,0.6489647542279121,0.6658764027185081,0.5694139073766395,0.6277259942320652,0.5740645791338606
Digits (Low),MDS,0,2,leaf6,hier_leaf,hier,15,7,0.8404761904761905,0.8404761904761905,0.8656964656964657,0.8603430353430354,0.24729779489900208
Digits (Low),MDS,0,2,leaf6,hier_leaf,flat,15,7,0.6476190476190476,0.6333333333333333,0.6192596442596444,0.6334661584661584,0.7328536470062489
Digits (Low),MDS,0,2,leaf7,hier_leaf,hier,16,7,0.9053571428571429,0.9125000000000001,0.8446776300166231,0.8430845800680756,0.22215043144686222
Digits (Low),MDS,0,2,leaf7,hier_leaf,flat,16,7,0.7928571428571428,0.7964285714285715,0.6804401171534868,0.6657810892107972,0.5398199106346532
Digits (Low),MDS,0,2,leaf8,hier_leaf,hier,29,14,0.9264367816091955,0.9211822660098522,0.8504591546735045,0.8743593021414182,0.2415308105834903
Digits (Low),MDS,0,2,leaf8,hier_leaf,flat,29,14,0.781609195402299,0.7553366174055829,0.7003857289188364,0.7156155365817606,0.6421175800050731
Digits (Low),MDS,0,2,leaf9,hier_leaf,hier,20,9,0.9037037037037037,0.9166666666666666,0.8357899931959099,0.8440794832724798,0.24155014289161825
Digits (Low),MDS,0,2,leaf9,hier_leaf,flat,20,9,0.6175925925925926,0.6481481481481481,0.5865647969793673,0.5839121601548649,0.7674255400368646
Digits (Low),MDS,0,2,leaf10,hier_leaf,hier,75,20,0.9549513108614235,0.9687790262172286,0.9085147269941135,0.9304597694948659,0.1710868745541398
Digits (Low),MDS,0,2,leaf10,hier_leaf,flat,75,20,0.7653632958801498,0.7890037453183522,0.7073208718619839,0.7681857198277416,0.49707364502862444
Digits (Low),MDS,0,2,leaf11,hier_leaf,hier,31,15,0.8873655913978494,0.9072580645161291,0.840328813841452,0.8546452970557484,0.26509874120495613
Digits (Low),MDS,0,2,leaf11,hier_leaf,flat,31,15,0.8118279569892474,0.8336021505376344,0.7228846208764342,0.7587522322146586,0.3899090727468209
Digits (Low),MDS,0,2,leaf12,hier_leaf,hier,20,9,0.9333333333333332,0.9296296296296298,0.8711588036301258,0.8758747089095248,0.19963465726168989
Digits (Low),MDS,0,2,leaf12,hier_leaf,flat,20,9,0.8203703703703704,0.826851851851852,0.7080211597619527,0.7477944206461011,0.6104211299133004
Digits (Low),MDS,0,2,leaf13,hier_leaf,hier,31,15,0.8384408602150537,0.84005376344086,0.8129050896082831,0.829616103447107,0.29079644938353105
Digits (Low),MDS,0,2,leaf13,hier_leaf,flat,31,15,0.7518817204301077,0.7446236559139785,0.706955924402562,0.7266967571530745,0.46470343223673377
Digits (Low),MDS,0,2,leaf14,hier_leaf,hier,52,20,0.9191860465116277,0.9347495527728085,0.8903521308603974,0.893295436049722,0.18609910109663372
Digits (Low),MDS,0,2,leaf14,hier_leaf,flat,52,20,0.818381037567084,0.8108228980322004,0.7444580051231495,0.7671741736453771,0.5223802317327021
Digits (Low),MDS,0,2,leaf15,hier_leaf,hier,78,20,0.8564237516869095,0.8938191632928476,0.8049595960435209,0.8547667467211971,0.308350070164497
Digits (Low),MDS,0,2,leaf15,hier_leaf,flat,78,20,0.7598245614035087,0.7883940620782727,0.7014336366118084,0.7629946109756082,0.5863673672551206
Digits (Low),MDS,0,2,leaf16,hier_leaf,hier,99,20,0.9004718720047187,0.9241465752414659,0.8516926083253301,0.8941140039068661,0.23884081548437475
Digits (Low),MDS,0,2,leaf16,hier_leaf,flat,99,20,0.8198407431984077,0.8728378677283787,0.7584317176879589,0.8474338313359419,0.37807322561896534
Digits (Low),MDS,0,2,leaf17,hier_leaf,hier,17,8,0.9199346405228759,0.8823529411764706,0.8608157951833368,0.8499674549793881,0.24164165630579143
Digits (Low),MDS,0,2,leaf17,hier_leaf,flat,17,8,0.6748366013071895,0.6879084967320261,0.5865846447062226,0.6324433440115035,0.6338768360108481
Digits (Low),MDS,0,2,leaf18,hier_leaf,hier,54,20,0.9137115839243499,0.9378250591016551,0.8415085473554247,0.882042740803365,0.2514844969694861
Digits (Low),MDS,0,2,leaf18,hier_leaf,flat,54,20,0.7080378250591016,0.7410165484633569,0.6448562970598647,0.7241543995815477,0.6212905775892903
Digits (Low),MDS,0,2,leaf19,hier_leaf,hier,72,20,0.9150769745649264,0.9318607764390896,0.8668807280752646,0.8897679339851925,0.2887698192392199
Digits (Low),MDS,0,2,leaf19,hier_leaf,flat,72,20,0.7989625167336011,0.8433567603748328,0.735903583773812,0.793965295057141,0.5074076550918398
Digits (Low),MDS,0,2,leaf20,hier_leaf,hier,64,20,0.903544776119403,0.9158348880597015,0.8504273723868646,0.8787665355886152,0.23129157524581892
Digits (Low),MDS,0,2,leaf20,hier_leaf,flat,64,20,0.8290578358208955,0.8371501865671642,0.733151268641224,0.7807600339418101,0.48536875758518144
Digits (Low),MDS,0,2,leaf21,hier_leaf,hier,39,19,0.9060728744939269,0.9144399460188933,0.8570292179363003,0.8782342119744688,0.24408052086178705
Digits (Low),MDS,0,2,leaf21,hier_leaf,flat,39,19,0.6990553306342779,0.7090418353576249,0.706683363005087,0.7325700534011896,0.4830223384835585
Digits (Low),MDS,0,2,class0,gt_class,hier,100,20,0.8643237410071941,0.8952733812949638,0.8058566404085978,0.8683457455120872,0.2920907665802121
Digits (Low),MDS,0,2,class0,gt_class,flat,100,20,0.7591223021582733,0.8144100719424459,0.7019430943328251,0.7880990497534259,0.5108363523934613
Digits (Low),MDS,0,2,class1,gt_class,hier,105,20,0.9501310322786833,0.9678747203579419,0.9218471249369204,0.9444309563772849,0.20331452668047145
Digits (Low),MDS,0,2,class1,gt_class,flat,105,20,0.8780185362735698,0.8886864813039309,0.8240523684969597,0.862292215149486,0.500916332590999
Digits (Low),MDS,0,2,class2,gt_class,hier,95,20,0.9113259893920846,0.9165809873521013,0.8707988437597975,0.8923747532797428,0.2509053831737961
Digits (Low),MDS,0,2,class2,gt_class,flat,95,20,0.8450346797225622,0.8637372501019993,0.7900834160317647,0.8349544818220358,0.45008668998733364
Digits (Low),MDS,0,2,class3,gt_class,hier,109,20,0.8845906620697713,0.9167241278560159,0.8384301028478702,0.8918272022745714,0.24476014026749024
Digits (Low),MDS,0,2,class3,gt_class,flat,109,20,0.8319523169520247,0.8790393268275578,0.7782389623463403,0.8553374926765319,0.3628381261008448
Digits (Low),MDS,0,2,class4,gt_class,hier,107,20,0.9348359904709549,0.9486103475658176,0.8977416045107047,0.9214496407380357,0.1782528312076525
Digits (Low),MDS,0,2,class4,gt_class,flat,107,20,0.7696719809419094,0.8161077515118197,0.7324156682405432,0.8178940802439109,0.4095803700096347
Digits (Low),MDS,0,2,class5,gt_class,hier,95,20,0.9070501835985313,0.9317503059975518,0.8780979695915565,0.9025953277738263,0.2653801516526715
Digits (Low),MDS,0,2,class5,gt_class,flat,95,20,0.8542635658914728,0.873251733986128,0.8048075550781119,0.8485657904017772,0.3615154921745616
Digits (Low),MDS,0,2,class6,gt_class,hier,100,20,0.9271223021582733,0.9451798561151077,0.8814563726040755,0.9168297934746554,0.22418935717054891
Digits (Low),MDS,0,2,class6,gt_class,flat,100,20,0.7747122302158271,0.817453237410072,0.7262087484840651,0.7913568550056831,0.4593561931453397
Digits (Low),MDS,0,2,class7,gt_class,hier,89,20,0.9319120330356284,0.9360799001248439,0.901336234655123,0.9191945576623696,0.2232605595622855
Digits (Low),MDS,0,2,class7,gt_class,flat,89,20,0.8478152309612983,0.8646595601651782,0.7839247128309629,0.8279760360816623,0.4693628823013189
Digits (Low),MDS,0,2,class8,gt_class,hier,98,20,0.8739909297052155,0.8989191232048375,0.8459661024029962,0.8744747929056602,0.29050108243949996
Digits (Low),MDS,0,2,class8,gt_class,flat,98,20,0.8006802721088434,0.8407331821617537,0.7471013628598533,0.8099311498228758,0.44070125140978295
Digits (Low),MDS,0,2,class9,gt_class,hier,102,20,0.8808720691073633,0.9045043192102016,0.8441084702505579,0.8732960276610747,0.28023274692385036
Digits (Low),MDS,0,2,class9,gt_class,flat,102,20,0.8423076923076924,0.8724873166049637,0.7990675967098746,0.8526198846289844,0.43445913630502236
Digits (Low),MDS,1,2,leaf0,hier_leaf,hier,20,9,0.8675925925925924,0.8861111111111111,0.8249609483559975,0.8238540858082013,0.2704288903122494
Digits (Low),MDS,1,2,leaf0,hier_leaf,flat,20,9,0.7324074074074074,0.8092592592592591,0.6895907004379533,0.7165813759595204,0.6480986871945504
Digits (Low),MDS,1,2,leaf1,hier_leaf,hier,32,15,0.8634259259259259,0.8631944444444445,0.8224109726731804,0.8250442362121975,0.28051699687369946
Digits (Low),MDS,1,2,leaf1,hier_leaf,flat,32,15,0.7335648148148148,0.7773148148148148,0.674360988931935,0.7155232989033788,0.5745900626614308
Digits (Low),MDS,1,2,leaf2,hier_leaf,hier,22,10,0.932867132867133,0.9447552447552447,0.8842800380504694,0.8924186953014982,0.2315476099409058
Digits (Low),MDS,1,2,leaf2,hier_leaf,flat,22,10,0.844755244755245,0.8573426573426576,0.7730741900375707,0.7864661121574905,0.41133170319190976
Digits (Low),MDS,1,2,leaf3,hier_leaf,hier,38,18,0.8887496519075468,0.8922305764411028,0.7963083882599724,0.8229876741422819,0.2828291015130689
Digits (Low),MDS,1,2,leaf3,hier_leaf,flat,38,18,0.673628515733779,0.7197159565580618,0.6227408318908222,0.6758484923222445,0.6671733618904937
Digits (Low),MDS,1,2,leaf4,hier_leaf,hier,18,8,0.9734848484848485,0.9734848484848485,0.9106104300512557,0.9161479848422428,0.11114566149831877
Digits (Low),MDS,1,2,leaf4,hier_leaf,flat,18,8,0.8497474747474747,0.8358585858585859,0.7369531571856454,0.669025323549825,0.6820190290942825
Digits (Low),MDS,1,2,leaf5,hier_leaf,hier,37,18,0.9216058163426584,0.9274537695590326,0.8665862761551956,0.8697846374445346,0.24535927178645084
Digits (Low),MDS,1,2,leaf5,hier_leaf,flat,37,18,0.6695116168800379,0.6775723091512565,0.563139525698995,0.6244591088986422,0.5812598458510543
Digits (Low),MDS,1,2,leaf6,hier_leaf,hier,19,9,0.9309941520467837,0.9005847953216373,0.8552230968286794,0.8398645502874652,0.2408967338087338
Digits (Low),MDS,1,2,leaf6,hier_leaf,flat,19,9,0.6105263157894738,0.624561403508772,0.5888143007178511,0.5839820699661106,0.7621328949432646
Digits (Low),MDS,1,2,leaf7,hier_leaf,hier,39,19,0.9581646423751686,0.972064777327935,0.9179132701815093,0.9257629901609707,0.13586775094702433
Digits (Low),MDS,1,2,leaf7,hier_leaf,flat,39,19,0.8066126855600539,0.8036437246963561,0.7060184779336719,0.732824618374298,0.44306712542912235
Digits (Low),MDS,1,2,leaf8,hier_leaf,hier,24,11,0.9053030303030303,0.8961038961038962,0.8825336522953916,0.8752967088914888,0.23800439832107792
Digits (Low),MDS,1,2,leaf8,hier_leaf,flat,24,11,0.7656926406926408,0.7738095238095238,0.6910662526228952,0.7269840440298013,0.6343964745358055
Digits (Low),MDS,1,2,leaf9,hier_leaf,hier,17,8,0.8496732026143791,0.8464052287581699,0.8616092130060963,0.8476531424025457,0.2527945935027231
Digits (Low),MDS,1,2,leaf9,hier_leaf,flat,17,8,0.5947712418300654,0.5898692810457518,0.5803436584006568,0.6321731990691698,0.726023746699893
Digits (Low),MDS,1,2,leaf10,hier_leaf,hier,50,20,0.9263076923076923,0.9388205128205128,0.8905685166367924,0.9015490108684425,0.24637471092996344
Digits (Low),MDS,1,2,leaf10,hier_leaf,flat,50,20,0.809897435897436,0.8150769230769229,0.7037002047771534,0.756660527289676,0.5623379126776078
Digits (Low),MDS,1,2,leaf11,hier_leaf,hier,54,20,0.9392434988179669,0.9414893617021276,0.8953973340651008,0.904103753481482,0.19060550422269715
Digits (Low),MDS,1,2,leaf11,hier_leaf,flat,54,20,0.8117415287628054,0.7933018124507488,0.7386620388500731,0.7600117535582661,0.4941153146773885
Digits (Low),MDS,1,2,leaf12,hier_leaf,hier,17,8,0.8562091503267972,0.8856209150326797,0.8378875090934618,0.8529220323408165,0.24699657923663207
Digits (Low),MDS,1,2,leaf12,hier_leaf,flat,17,8,0.7058823529411765,0.6437908496732028,0.6071369315788803,0.5961864893494824,0.6061879035758118
Digits (Low),MDS,1,2,leaf13,hier_leaf,hier,27,13,0.868945868945869,0.8701668701668702,0.8481989494233554,0.8470552172727375,0.27455719338407353
Digits (Low),MDS,1,2,leaf13,hier_leaf,flat,27,13,0.7277167277167279,0.7728937728937729,0.6959751097194663,0.7656637911893509,0.5964786960677151
Digits (Low),MDS,1,2,leaf14,hier_leaf,hier,68,20,0.9029019607843137,0.9113921568627451,0.8557821409914694,0.8791927853583124,0.2876479799626161
Digits (Low),MDS,1,2,leaf14,hier_leaf,flat,68,20,0.8312941176470589,0.8628823529411765,0.7582047388789438,0.8065539855868404,0.48587881538106964
Digits (Low),MDS,1,2,leaf15,hier_leaf,hier,26,12,0.9324786324786323,0.9333333333333333,0.8696471540999978,0.8876584952487919,0.19412163217924613
Digits (Low),MDS,1,2,leaf15,hier_leaf,flat,26,12,0.6957264957264957,0.7158119658119658,0.6238357536234729,0.6742038459426575,0.5701493768291623
Digits (Low),MDS,1,2,leaf16,hier_leaf,hier,20,9,0.9194444444444445,0.9333333333333333,0.8659402581720954,0.8519262283299313,0.20716630265380623
Digits (Low),MDS,1,2,leaf16,hier_leaf,flat,20,9,0.8601851851851852,0.8759259259259258,0.7444417291972132,0.7714175507192211,0.70283383466508
Digits (Low),MDS,1,2,leaf17,hier_leaf,hier,31,15,0.8381720430107527,0.8341397849462366,0.8224774169540571,0.8304778632794877,0.28958901031922546
Digits (Low),MDS,1,2,leaf17,hier_leaf,flat,31,15,0.7319892473118279,0.7354838709677419,0.702616424563407,0.7227289213953434,0.45573845792205625
Digits (Low),MDS,1,2,leaf18,hier_leaf,hier,27,13,0.868131868131868,0.901912901912902,0.8376669145514053,0.8427670225745834,0.26823349451011763
Digits (Low),MDS,1,2,leaf18,hier_leaf,flat,27,13,0.8127798127798129,0.8192918192918194,0.7152777243866668,0.7417981765535233,0.3971187495351054
Digits (Low),MDS,1,2,leaf19,hier_leaf,hier,39,19,0.9021592442645073,0.9026990553306344,0.8583231544432629,0.8742083122743713,0.24466334144598786
Digits (Low),MDS,1,2,leaf19,hier_leaf,flat,39,19,0.7078272604588394,0.696626180836707,0.6815108988202675,0.7272471704288449,0.48216945580982123
Digits (Low),MDS,1,2,leaf20,hier_leaf,hier,19,9,0.9029239766081871,0.8900584795321638,0.8443827888998365,0.8393226431641746,0.2514598973087244
Digits (Low),MDS,1,2,leaf20,hier_leaf,flat,19,9,0.8058479532163743,0.7590643274853802,0.6925432280557392,0.6997655886269881,0.5723585052653163
Digits (Low),MDS,1,2,leaf21,hier_leaf,hier,29,14,0.8985221674876848,0.89688013136289,0.8768748065394307,0.8924345818979396,0.23872861982889151
Digits (Low),MDS,1,2,leaf21,hier_leaf,flat,29,14,0.7566502463054189,0.7766830870279147,0.6683605367942689,0.7600439939499342,0.6103091449333956
Digits (Low),MDS,1,2,leaf22,hier_leaf,hier,78,20,0.8562618083670717,0.8960053981106615,0.8112671896431147,0.8521598625579468,0.3034020594649558
Digits (Low),MDS,1,2,leaf22,hier_leaf,flat,78,20,0.7447368421052633,0.7876113360323886,0.6843223331982116,0.7595561807258412,0.5796926273963221
Digits (Low),MDS,1,2,leaf23,hier_leaf,hier,31,15,0.9174731182795699,0.9249999999999999,0.8458047616186414,0.8705364366654522,0.24451711094310763
Digits (Low),MDS,1,2,leaf23,hier_leaf,flat,31,15,0.8139784946236559,0.8548387096774195,0.7774275653428571,0.8131248847432092,0.4810349884962451
Digits (Low),MDS,1,2,leaf24,hier_leaf,hier,24,11,0.8874458874458875,0.9047619047619047,0.8636714522214394,0.8695487608470138,0.26271111744721354
Digits (Low),MDS,1,2,leaf24,hier_leaf,flat,24,11,0.7949134199134198,0.8089826839826838,0.7262378043092471,0.7761489602263979,0.5611174886193114
Digits (Low),MDS,1,2,leaf25,hier_leaf,hier,32,15,0.8979166666666667,0.9101851851851852,0.8481471523130103,0.857598787029898,0.16210534160595902
Digits (Low),MDS,1,2,leaf25,hier_leaf,flat,32,15,0.7655092592592593,0.7731481481481481,0.6513167808793556,0.7077861841844624,0.3316158827426959
Digits (Low),MDS,1,2,class0,gt_class,hier,100,20,0.8601582733812948,0.8935755395683453,0.8081803855904015,0.8635687821069333,0.29576258993497195
Digits (Low),MDS,1,2,class0,gt_class,flat,100,20,0.747179856115108,0.7978776978417267,0.712191867408033,0.7739000576610975,0.5561316757766164
Digits (Low),MDS,1,2,class1,gt_class,hier,105,20,0.9413550655161395,0.9513071268775966,0.9054595830420651,0.9295779926130638,0.20970532589491128
Digits (Low),MDS,1,2,class1,gt_class,flat,105,20,0.886436561201662,0.8963374880153404,0.8309931567027568,0.8685670413181489,0.47125956922204953
Digits (Low),MDS,1,2,class2,gt_class,hier,95,20,0.9168094655242759,0.9321338229294165,0.8637138486710638,0.8994859761785103,0.24793146195078897
Digits (Low),MDS,1,2,class2,gt_class,flat,95,20,0.8157241942064465,0.832672378620971,0.7514506429601493,0.8049441033615921,0.4663787380694065
Digits (Low),MDS,1,2,class3,gt_class,hier,109,20,0.9008005609770351,0.9263074855373108,0.8677965525835785,0.9085705680197214,0.24216983835659855
Digits (Low),MDS,1,2,class3,gt_class,flat,109,20,0.8242856308069887,0.8778121895634898,0.7733668531624399,0.8523495515936025,0.3570061887666119
Digits (Low),MDS,1,2,class4,gt_class,hier,107,20,0.9420927249404435,0.9564107262842833,0.909400951773742,0.9316035076066689,0.17459866455987158
Digits (Low),MDS,1,2,class4,gt_class,flat,107,20,0.7596542666911001,0.8031091564351598,0.7273532980377339,0.8016815293910917,0.40809827022278966
Digits (Low),MDS,1,2,class5,gt_class,hier,95,20,0.9048306813545492,0.929188086495308,0.8563622328713619,0.8893099371839883,0.2664109980214377
Digits (Low),MDS,1,2,class5,gt_class,flat,95,20,0.8498816809465524,0.8702325581395348,0.8032138406054811,0.8469140554386868,0.3705439209201646
Digits (Low),MDS,1,2,class6,gt_class,hier,100,20,0.9285323741007194,0.9455755395683454,0.8800915712317079,0.9172790017530513,0.22418222500416435
Digits (Low),MDS,1,2,class6,gt_class,flat,100,20,0.7491654676258993,0.7883597122302156,0.7017676050588642,0.7537904388149915,0.5259551494702145
Digits (Low),MDS,1,2,class7,gt_class,hier,89,20,0.9404110246806877,0.9446077019110726,0.9065391350222322,0.92666962822098,0.21704121050151554
Digits (Low),MDS,1,2,class7,gt_class,flat,89,20,0.8588687217900701,0.8879285508498993,0.7951087269765322,0.8508682884689471,0.4520544951664154
Digits (Low),MDS,1,2,class8,gt_class,hier,98,20,0.8796749811035526,0.9051398337112624,0.8436677420315786,0.8786460508836997,0.29006451347490575
Digits (Low),MDS,1,2,class8,gt_class,flat,98,20,0.8099168556311414,0.8453061224489796,0.7594644308914742,0.810983233749963,0.43518840673702064
Digits (Low),MDS,1,2,class9,gt_class,hier,102,20,0.8870903606197724,0.9116412998765939,0.8510593538735207,0.8890135964919702,0.2776049416286706
Digits (Low),MDS,1,2,class9,gt_class,flat,102,20,0.845070615658851,0.8739819004524886,0.8012664582541911,0.8526612276233196,0.42911882673907076
Digits (Low),MDS,2,2,leaf0,hier_leaf,hier,21,10,0.903030303030303,0.936796536796537,0.8656884482284994,0.8811020648726707,0.2257664289350322
Digits (Low),MDS,2,2,leaf0,hier_leaf,flat,21,10,0.6857142857142857,0.7168831168831167,0.6435047809554427,0.677828324450103,0.6596807204868944
Digits (Low),MDS,2,2,leaf1,hier_leaf,hier,32,15,0.8481481481481481,0.875,0.7854830300384503,0.8175923314352338,0.2839156698524348
Digits (Low),MDS,2,2,leaf1,hier_leaf,flat,32,15,0.7030092592592592,0.7050925925925926,0.6185360674010192,0.6308114401245886,0.6261204514710732
Digits (Low),MDS,2,2,leaf2,hier_leaf,hier,16,7,0.9035714285714285,0.8696428571428572,0.827055133380828,0.8042626454523867,0.25839531989686154
Digits (Low),MDS,2,2,leaf2,hier_leaf,flat,16,7,0.6482142857142857,0.7178571428571429,0.5835856486978548,0.6287006253463152,0.5587025191797201
Digits (Low),MDS,2,2,leaf3,hier_leaf,hier,34,16,0.9005417956656347,0.8937693498452014,0.8179823229770359,0.8409926850103683,0.27460058288921146
Digits (Low),MDS,2,2,leaf3,hier_leaf,flat,34,16,0.6422213622291022,0.6590557275541796,0.5947892881778122,0.6721661710028476,0.6879223417769464
Digits (Low),MDS,2,2,leaf4,hier_leaf,hier,18,8,0.9671717171717172,0.9747474747474748,0.9171074070362576,0.9191134716237431,0.10661488832931247
Digits (Low),MDS,2,2,leaf4,hier_leaf,flat,18,8,0.8560606060606061,0.8446969696969695,0.7616494638741356,0.7251635842677029,0.6575888256790675
Digits (Low),MDS,2,2,leaf5,hier_leaf,hier,37,18,0.9186028133396554,0.9222380275011853,0.8751051987368804,0.8921157160616164,0.2454442191128338
Digits (Low),MDS,2,2,leaf5,hier_leaf,flat,37,18,0.5969653864390706,0.6507033349138611,0.5377833107439899,0.6170355893416484,0.7054378359755255
Digits (Low),MDS,2,2,leaf6,hier_leaf,hier,20,9,0.9046296296296296,0.899074074074074,0.8310745670777869,0.8563915322619288,0.2422224077686309
Digits (Low),MDS,2,2,leaf6,hier_leaf,flat,20,9,0.6037037037037037,0.6425925925925926,0.5885830242743102,0.5803874498078563,0.7714674581699287
Digits (Low),MDS,2,2,leaf7,hier_leaf,hier,74,20,0.947592420006213,0.9648493320907116,0.9105501298944727,0.9325028383176017,0.15576723688073046
Digits (Low),MDS,2,2,leaf7,hier_leaf,flat,74,20,0.7700994097545821,0.7913482447965207,0.7086158473775781,0.7607794202759464,0.39798440062018325
Digits (Low),MDS,2,2,leaf8,hier_leaf,hier,35,17,0.9290382819794585,0.9335200746965453,0.8699312979005341,0.894853522990793,0.23542839490199302
Digits (Low),MDS,2,2,leaf8,hier_leaf,flat,35,17,0.8147525676937443,0.8181139122315594,0.7354032227065599,0.7720353320021276,0.5809996396239897
Digits (Low),MDS,2,2,leaf9,hier_leaf,hier,29,14,0.9064039408866995,0.9152709359605912,0.8490100411891714,0.8615655459784907,0.24490197141606004
Digits (Low),MDS,2,2,leaf9,hier_leaf,flat,29,14,0.7868637110016421,0.7605911330049262,0.7207708031829976,0.7098463007587321,0.6018722828574669
Digits (Low),MDS,2,2,leaf10,hier_leaf,hier,39,19,0.8991902834008095,0.8995951417004048,0.8623804926673319,0.8851310449802554,0.2445695608651881
Digits (Low),MDS,2,2,leaf10,hier_leaf,flat,39,19,0.7014844804318487,0.7008097165991902,0.6899690991797109,0.7009216137267358,0.55302823035244
Digits (Low),MDS,2,2,leaf11,hier_leaf,hier,64,20,0.9118703358208956,0.9258162313432836,0.8573724626875261,0.8771334905115833,0.2307930142315197
Digits (Low),MDS,2,2,leaf11,hier_leaf,flat,64,20,0.8228777985074627,0.8316231343283582,0.7350905568721025,0.7856305224432978,0.4606418228332086
Digits (Low),MDS,2,2,leaf12,hier_leaf,hier,54,20,0.9307328605200946,0.9389676910953505,0.900014728303598,0.9053914454366158,0.1857565859425136
Digits (Low),MDS,2,2,leaf12,hier_leaf,flat,54,20,0.8207249802994484,0.8079196217494089,0.7599567508113496,0.7811188315970253,0.49303365133368826
Digits (Low),MDS,2,2,leaf13,hier_leaf,hier,57,20,0.912975835815955,0.9354849387619993,0.8417554184151064,0.8828364999415949,0.2519005674092585
Digits (Low),MDS,2,2,leaf13,hier_leaf,flat,57,20,0.724362793776895,0.7613704071499503,0.6469791553549586,0.7417644734874345,0.6152448267954674
Digits (Low),MDS,2,2,leaf14,hier_leaf,hier,90,20,0.895732959850607,0.9098319327731091,0.8646319606838522,0.8862169562542026,0.2983901111968312
Digits (Low),MDS,2,2,leaf14,hier_leaf,flat,90,20,0.8232212885154062,0.8635574229691877,0.7744097852779858,0.8315048719087074,0.46301691814184975
Digits (Low),MDS,2,2,leaf15,hier_leaf,hier,19,9,0.9333333333333333,0.9356725146198831,0.870059225413874,0.8751085438343855,0.20177117329873323
Digits (Low),MDS,2,2,leaf15,hier_leaf,flat,19,9,0.8233918128654971,0.8631578947368422,0.7316417457962948,0.7789603611992335,0.5785424303523906
Digits (Low),MDS,2,2,leaf16,hier_leaf,hier,30,14,0.8680672268907563,0.8596638655462185,0.7987962632563079,0.830306093337221,0.29051453851450026
Digits (Low),MDS,2,2,leaf16,hier_leaf,flat,30,14,0.7053221288515407,0.7212885154061627,0.6544277615833481,0.6885398010994254,0.49204439370033853
Digits (Low),MDS,2,2,leaf17,hier_leaf,hier,30,14,0.8806722689075631,0.8941176470588237,0.8136953313473594,0.8401519923608525,0.2687032195678854
Digits (Low),MDS,2,2,leaf17,hier_leaf,flat,30,14,0.8260504201680674,0.842577030812325,0.7354753588740992,0.7628174922814445,0.3766045162678967
Digits (Low),MDS,2,2,leaf18,hier_leaf,hier,75,20,0.8542172284644194,0.9012434456928841,0.7912230735970366,0.8573211246631949,0.30516151988206397
Digits (Low),MDS,2,2,leaf18,hier_leaf,flat,75,20,0.7520149812734082,0.7786516853932585,0.6835063640891859,0.747729485294674,0.605871424033622
Digits (Low),MDS,2,2,leaf19,hier_leaf,hier,24,11,0.8955627705627704,0.9107142857142856,0.8550336551051348,0.854686117957519,0.2647372355465525
Digits (Low),MDS,2,2,leaf19,hier_leaf,flat,24,11,0.7494588744588745,0.7711038961038961,0.6967894468289799,0.7641198591531883,0.5846038845908941
Digits (Low),MDS,2,2,leaf20,hier_leaf,hier,31,15,0.8822580645161292,0.8978494623655914,0.8394202486363814,0.8615456796467238,0.1605332922960105
Digits (Low),MDS,2,2,leaf20,hier_leaf,flat,31,15,0.7303763440860215,0.7387096774193548,0.632726203548799,0.7037959965658858,0.3472907357927577
Digits (Low),MDS,2,2,class0,gt_class,hier,100,20,0.862064748201439,0.8938705035971222,0.8109981493647616,0.8585120624578108,0.29266993983017797
Digits (Low),MDS,2,2,class0,gt_class,flat,100,20,0.7500575539568345,0.803093525179856,0.7096469166476136,0.7763181807149366,0.5624221163057725
Digits (Low),MDS,2,2,class1,gt_class,hier,105,20,0.9498753595397892,0.9679833812719718,0.922943426478536,0.944571025511943,0.2032880884857774
Digits (Low),MDS,2,2,class1,gt_class,flat,105,20,0.8720741450942794,0.8821156919143497,0.8210801902143964,0.8571985891985594,0.49564959561253213
Digits (Low),MDS,2,2,class2,gt_class,hier,95,20,0.9141330069359446,0.9276376988984089,0.8670972860956053,0.8947096710865354,0.24967151498627801
Digits (Low),MDS,2,2,class2,gt_class,flat,95,20,0.7906242350061198,0.8101754385964912,0.7321527549165326,0.7835376881390242,0.4724611281862449
Digits (Low),MDS,2,2,class3,gt_class,hier,109,20,0.8879915853444749,0.9198854671886867,0.8457128202720383,0.899924088442553,0.24277077453425713
Digits (Low),MDS,2,2,class3,gt_class,flat,109,20,0.829281832524981,0.8729328580611232,0.7853129030280434,0.8519318448383645,0.35720179055905144
Digits (Low),MDS,2,2,class4,gt_class,hier,107,20,0.9399242563068843,0.9565267851688963,0.9084503973469925,0.931660956920686,0.1737501942772304
Digits (Low),MDS,2,2,class4,gt_class,flat,107,20,0.7594221489218742,0.8049722069513163,0.7303172624371589,0.8067464765352927,0.40066364726637255
Digits (Low),MDS,2,2,class5,gt_class,hier,95,20,0.9132027743778048,0.9345246838025295,0.8802746735882848,0.90359185742491,0.26388052275129886
Digits (Low),MDS,2,2,class5,gt_class,flat,95,20,0.848984088127295,0.8813463892288864,0.7990926982429614,0.8541662522444914,0.3596399326239759
Digits (Low),MDS,2,2,class6,gt_class,hier,100,20,0.9280935251798559,0.9457697841726618,0.8807736199347167,0.9169565991531746,0.22421828423159154
Digits (Low),MDS,2,2,class6,gt_class,flat,100,20,0.7883021582733813,0.8270791366906475,0.7471379138297665,0.799150079413964,0.5320523702819339
Digits (Low),MDS,2,2,class7,gt_class,hier,89,20,0.9254105445116683,0.9409872275040815,0.8943784503038863,0.9135281742562219,0.21845734674348807
Digits (Low),MDS,2,2,class7,gt_class,flat,89,20,0.8527417651013157,0.8845385575722655,0.788777877502576,0.8486429068620236,0.46111480563307544
Digits (Low),MDS,2,2,class8,gt_class,hier,98,20,0.8845351473922902,0.9049130763416476,0.8575646971131846,0.8872684423705276,0.28802509942165755
Digits (Low),MDS,2,2,class8,gt_class,flat,98,20,0.8047694633408918,0.8487377173091458,0.758644327282414,0.8201943758989514,0.44729392577014876
Digits (Low),MDS,2,2,class9,gt_class,hier,102,20,0.8745372274784039,0.8989510489510488,0.8356821627267453,0.8712776665037992,0.2793787902852712
Digits (Low),MDS,2,2,class9,gt_class,flat,102,20,0.8390442890442891,0.8676676264911559,0.7885697709641284,0.8480403043845408,0.4491161104286933
Digits (Low),MDS,3,2,leaf0,hier_leaf,hier,21,10,0.9064935064935065,0.9428571428571425,0.8662140429031536,0.8728720006871853,0.23147746666817368
Digits (Low),MDS,3,2,leaf0,hier_leaf,flat,21,10,0.7212121212121212,0.7255411255411256,0.6593155702744744,0.6961514222949097,0.6596969948850463
Digits (Low),MDS,3,2,leaf1,hier_leaf,hier,17,8,0.8300653594771241,0.8741830065359478,0.8077844285902689,0.8020454439098269,0.27061091240817786
Digits (Low),MDS,3,2,leaf1,hier_leaf,flat,17,8,0.6911764705882354,0.7009803921568628,0.6610531823925058,0.6727544999340591,0.5688836877736653
Digits (Low),MDS,3,2,leaf2,hier_leaf,hier,28,13,0.8671016483516485,0.8777472527472528,0.7931662184194833,0.812980634860866,0.2826519745081088
Digits (Low),MDS,3,2,leaf2,hier_leaf,flat,28,13,0.7139423076923077,0.7280219780219779,0.6625692402823977,0.6779871446370177,0.6156832033131245
Digits (Low),MDS,3,2,leaf3,hier_leaf,hier,37,18,0.877825193614667,0.8868342026236764,0.783344131362596,0.8239870099414663,0.28031844501159575
Digits (Low),MDS,3,2,leaf3,hier_leaf,flat,37,18,0.6750434645171485,0.7210368262999842,0.5977369965092336,0.6862746040375984,0.6677439895418605
Digits (Low),MDS,3,2,leaf4,hier_leaf,hier,17,8,0.9689542483660131,0.9722222222222223,0.913525965821347,0.9152000136136034,0.10368941600129328
Digits (Low),MDS,3,2,leaf4,hier_leaf,flat,17,8,0.8856209150326797,0.9281045751633986,0.7980017782769433,0.8069037986207719,0.3784448753635012
Digits (Low),MDS,3,2,leaf5,hier_leaf,hier,39,19,0.912820512820513,0.9238866396761134,0.868997137698385,0.8838056248373408,0.24828139610634561
Digits (Low),MDS,3,2,leaf5,hier_leaf,flat,39,19,0.6006747638326585,0.6503373819163294,0.5443851376538905,0.6277128504466196,0.6959624714717061
Digits (Low),MDS,3,2,leaf6,hier_leaf,hier,40,19,0.9148325358851676,0.9247607655502392,0.8562436851418542,0.8749061555121868,0.24505106011726827
Digits (Low),MDS,3,2,leaf6,hier_leaf,flat,40,19,0.7503588516746411,0.748444976076555,0.7367941864234178,0.7513417677640936,0.4636527796544777
Digits (Low),MDS,3,2,leaf7,hier_leaf,hier,37,18,0.9016911648490596,0.9137031768610715,0.8166403283990473,0.8524072978768686,0.2059865874793264
Digits (Low),MDS,3,2,leaf7,hier_leaf,flat,37,18,0.8451082661608978,0.8466887940572152,0.7000893379160488,0.7441554303661484,0.3574214532524894
Digits (Low),MDS,3,2,leaf8,hier_leaf,hier,23,11,0.9505928853754942,0.950592885375494,0.8721990375286276,0.8977464278958102,0.2039612996768865
Digits (Low),MDS,3,2,leaf8,hier_leaf,flat,23,11,0.8432147562582344,0.8715415019762843,0.7586551701079529,0.8257354573429396,0.4290312438926553
Digits (Low),MDS,3,2,leaf9,hier_leaf,hier,17,8,0.8562091503267972,0.8594771241830065,0.8571422493927057,0.8506077197639741,0.25152746131229786
Digits (Low),MDS,3,2,leaf9,hier_leaf,flat,17,8,0.6241830065359477,0.619281045751634,0.576287230014592,0.6536273871666262,0.7133302909857113
Digits (Low),MDS,3,2,leaf10,hier_leaf,hier,48,20,0.9313095238095238,0.9354761904761905,0.8904478454787318,0.895736297712664,0.24458712482499434
Digits (Low),MDS,3,2,leaf10,hier_leaf,flat,48,20,0.8345238095238096,0.8329761904761904,0.7298221594757227,0.7648056521853549,0.5632254555992383
Digits (Low),MDS,3,2,leaf11,hier_leaf,hier,30,14,0.8831932773109245,0.9056022408963585,0.8186820056469727,0.845744165230883,0.26406668407211
Digits (Low),MDS,3,2,leaf11,hier_leaf,flat,30,14,0.7988795518207286,0.8106442577030815,0.7064754953527929,0.7267531289243104,0.38363606487441243
Digits (Low),MDS,3,2,leaf12,hier_leaf,hier,28,13,0.8705357142857143,0.8828983516483518,0.7929901450071023,0.823091045175595,0.28163463681841044
Digits (Low),MDS,3,2,leaf12,hier_leaf,flat,28,13,0.7311126373626372,0.7530906593406593,0.6790067326062267,0.7103349177211741,0.4778697107493094
Digits (Low),MDS,3,2,leaf13,hier_leaf,hier,20,9,0.9324074074074072,0.9351851851851853,0.866799394340147,0.8693034911690576,0.19981810769682032
Digits (Low),MDS,3,2,leaf13,hier_leaf,flat,20,9,0.8518518518518519,0.887962962962963,0.7632090388983124,0.7989865739010436,0.5247374835483266
Digits (Low),MDS,3,2,leaf14,hier_leaf,hier,103,20,0.9026314027452292,0.9289989956478071,0.8560632787348157,0.9020212804973743,0.2390015380454227
Digits (Low),MDS,3,2,leaf14,hier_leaf,flat,103,20,0.826568463341145,0.8777435554067625,0.7574972719472379,0.8573228211665848,0.3642514246532873
Digits (Low),MDS,3,2,leaf15,hier_leaf,hier,85,20,0.8661090124123045,0.8940313005936322,0.8224853331812444,0.8533529392603985,0.30766643377775676
Digits (Low),MDS,3,2,leaf15,hier_leaf,flat,85,20,0.7541716135995683,0.7947760388559094,0.7005181712078073,0.7635295063055567,0.5343940991621053
Digits (Low),MDS,3,2,leaf16,hier_leaf,hier,53,20,0.9345492662473791,0.9438993710691824,0.8930498628148564,0.9065619023959245,0.18754026985138542
Digits (Low),MDS,3,2,leaf16,hier_leaf,flat,53,20,0.8018448637316561,0.7954716981132076,0.7430113837649123,0.7588598869382176,0.49692243077709775
Digits (Low),MDS,3,2,leaf17,hier_leaf,hier,26,12,0.8773504273504275,0.8649572649572649,0.8511947770431667,0.8490222737058075,0.2670321651190404
Digits (Low),MDS,3,2,leaf17,hier_leaf,flat,26,12,0.767948717948718,0.7957264957264958,0.7025535617037874,0.7661923697260365,0.6065644213710931
Digits (Low),MDS,3,2,leaf18,hier_leaf,hier,26,12,0.9354700854700854,0.9333333333333333,0.870191811631345,0.8879572457878447,0.19926896405581496
Digits (Low),MDS,3,2,leaf18,hier_leaf,flat,26,12,0.7717948717948716,0.781196581196581,0.6939786112901571,0.7253345841263926,0.573602290196286
Digits (Low),MDS,3,2,leaf19,hier_leaf,hier,16,7,0.9178571428571429,0.8946428571428571,0.8820648302066019,0.8793140979973086,0.23361729567223882
Digits (Low),MDS,3,2,leaf19,hier_leaf,flat,16,7,0.75,0.7392857142857143,0.6817561149370697,0.6992895590912689,0.5812180544551779
Digits (Low),MDS,3,2,leaf20,hier_leaf,hier,67,20,0.9057043549376407,0.9190962993252915,0.8524445599962465,0.875393548914414,0.28924690701011124
Digits (Low),MDS,3,2,leaf20,hier_leaf,flat,67,20,0.8038437947250051,0.8404007360457985,0.7337961900046863,0.7892918928026939,0.48373145219833863
Digits (Low),MDS,3,2,leaf21,hier_leaf,hier,23,11,0.8715415019762847,0.872859025032938,0.8625401122957844,0.8581006950684964,0.2521014711329547
Digits (Low),MDS,3,2,leaf21,hier_leaf,flat,23,11,0.5408432147562582,0.6198945981554679,0.5572672703801784,0.5887040742334446,0.772973577741195
Digits (Low),MDS,3,2,leaf22,hier_leaf,hier,79,20,0.9529427117316978,0.9718387054678324,0.9179072682323776,0.9390853993555003,0.15570351086721299
Digits (Low),MDS,3,2,leaf22,hier_leaf,flat,79,20,0.7874722693462091,0.8094479968680673,0.7192817405846287,0.7757319947965974,0.4158461946572246
Digits (Low),MDS,3,2,class0,gt_class,hier,100,20,0.8607122302158274,0.8948848920863312,0.8030025796558783,0.8684845852185633,0.2919327488159339
Digits (Low),MDS,3,2,class0,gt_class,flat,100,20,0.7644676258992804,0.8168920863309351,0.7235010881411426,0.7839465786378456,0.5317612884037402
Digits (Low),MDS,3,2,class1,gt_class,hier,105,20,0.9502908277404921,0.9681623521891979,0.9232274847004666,0.9449029721161061,0.2032908174990348
Digits (Low),MDS,3,2,class1,gt_class,flat,105,20,0.8734419942473635,0.8826973473953339,0.829702367239304,0.8607478959346084,0.523589329142664
Digits (Low),MDS,3,2,class2,gt_class,hier,95,20,0.9234353325173399,0.9339861281109751,0.8757686695140994,0.9041930861984995,0.24593468635589288
Digits (Low),MDS,3,2,class2,gt_class,flat,95,20,0.7771195430436559,0.8253692370461034,0.7264151897302638,0.800606229133292,0.4543265746977008
Digits (Low),MDS,3,2,class3,gt_class,hier,109,20,0.893192309939812,0.9240986384619879,0.8527998992502501,0.899577374149657,0.24256282351536587
Digits (Low),MDS,3,2,class3,gt_class,flat,109,20,0.832355519195933,0.8816981242330392,0.7665233568005674,0.8605823697275226,0.35788040562950596
Digits (Low),MDS,3,2,class4,gt_class,hier,107,20,0.9421904587380125,0.9565756520676808,0.9090196330923325,0.9320148575608532,0.17425559975715232
Digits (Low),MDS,3,2,class4,gt_class,flat,107,20,0.7676745464540956,0.8144462769531491,0.7315652888468865,0.80613266050491,0.40970108376571357
Digits (Low),MDS,3,2,class5,gt_class,hier,95,20,0.9067809057527539,0.9321093431252548,0.8743931615890141,0.9003767664242971,0.266755944312635
Digits (Low),MDS,3,2,class5,gt_class,flat,95,20,0.856654426764586,0.8745981232150142,0.8074119756820015,0.8477887410378371,0.35329952273779847
Digits (Low),MDS,3,2,class6,gt_class,hier,100,20,0.9246546762589926,0.9446618705035972,0.8809984591269329,0.9159166361011611,0.22423495888432873
Digits (Low),MDS,3,2,class6,gt_class,flat,100,20,0.7869424460431655,0.8365395683453236,0.7506690220678253,0.8106447772026596,0.5056074439927142
Digits (Low),MDS,3,2,class7,gt_class,hier,89,20,0.9373187361951407,0.9429271103428407,0.8975455227306136,0.9228466380035889,0.21927173109077466
Digits (Low),MDS,3,2,class7,gt_class,flat,89,20,0.857485835013925,0.8830116200902718,0.7936693170988316,0.8481244200496941,0.4665737354433364
Digits (Low),MDS,3,2,class8,gt_class,hier,98,20,0.8755555555555554,0.9001662887377174,0.8429692424078923,0.879524111557652,0.2895660246764773
Digits (Low),MDS,3,2,class8,gt_class,flat,98,20,0.8006198034769465,0.843567649281935,0.757286984067736,0.8144162016646987,0.4348499823073416
Digits (Low),MDS,3,2,class9,gt_class,hier,102,20,0.8802413273001508,0.9040861099684628,0.8454489799016981,0.8787333910190904,0.27905270200573257
Digits (Low),MDS,3,2,class9,gt_class,flat,102,20,0.8466474701768819,0.8835732894556424,0.8002532488368184,0.8550225294942831,0.39874154120415317
Digits (Low),MDS,4,2,leaf0,hier_leaf,hier,35,17,0.8832866479925303,0.8864612511671335,0.7953070933314736,0.8044354355532151,0.27655333471618765
Digits (Low),MDS,4,2,leaf0,hier_leaf,flat,35,17,0.7223155929038282,0.7215686274509804,0.6553807929756106,0.656947456377346,0.6169950240967648
Digits (Low),MDS,4,2,leaf1,hier_leaf,hier,27,13,0.8998778998779,0.9055759055759056,0.8548309861753246,0.8697154611468989,0.2463208700941053
Digits (Low),MDS,4,2,leaf1,hier_leaf,flat,27,13,0.6870166870166872,0.7256817256817257,0.669077043011103,0.7043804225846271,0.6619016789233414
Digits (Low),MDS,4,2,leaf2,hier_leaf,hier,17,8,0.7745098039215685,0.8300653594771241,0.7567610684976964,0.7692515496109487,0.29344923064282097
Digits (Low),MDS,4,2,leaf2,hier_leaf,flat,17,8,0.6127450980392157,0.6552287581699346,0.545677893635215,0.6269404702649122,0.5641322718097445
Digits (Low),MDS,4,2,leaf3,hier_leaf,hier,35,17,0.8937441643323996,0.892063492063492,0.8133569016441968,0.8345421998467502,0.27778671244820935
Digits (Low),MDS,4,2,leaf3,hier_leaf,flat,35,17,0.6552754435107376,0.6664799253034548,0.6147766418703084,0.6561680178035653,0.6842047595780022
Digits (Low),MDS,4,2,leaf4,hier_leaf,hier,37,18,0.927927927927928,0.9385174648332543,0.8825771733311459,0.8920313884285573,0.24017132416067843
Digits (Low),MDS,4,2,leaf4,hier_leaf,flat,37,18,0.6024972340761815,0.6518097044412835,0.5570527629608224,0.6103090864971998,0.6711226366683736
Digits (Low),MDS,4,2,leaf5,hier_leaf,hier,16,7,0.9589285714285714,0.9607142857142856,0.923103182142009,0.9179925591704268,0.1059221938154502
Digits (Low),MDS,4,2,leaf5,hier_leaf,flat,16,7,0.8232142857142857,0.7875000000000001,0.7548385181667062,0.719608366975382,0.4990319471817244
Digits (Low),MDS,4,2,leaf6,hier_leaf,hier,40,19,0.9119617224880383,0.9230861244019138,0.8656428883995048,0.8760051281866449,0.24535632443574584
Digits (Low),MDS,4,2,leaf6,hier_leaf,flat,40,19,0.6741626794258373,0.6940191387559809,0.6924623015322877,0.6763528293574435,0.5977687465460443
Digits (Low),MDS,4,2,leaf7,hier_leaf,hier,21,10,0.9523809523809522,0.954112554112554,0.878285710883807,0.8969243356287703,0.19689189798529472
Digits (Low),MDS,4,2,leaf7,hier_leaf,flat,21,10,0.8484848484848484,0.8502164502164502,0.7493372659381482,0.7785392380237981,0.5515541817024416
Digits (Low),MDS,4,2,leaf8,hier_leaf,hier,24,11,0.9166666666666666,0.9134199134199134,0.8401841056193741,0.8484116802152487,0.18732132247358513
Digits (Low),MDS,4,2,leaf8,hier_leaf,flat,24,11,0.8760822510822509,0.8755411255411255,0.7751854711546136,0.7811642958052781,0.41402335284410446
Digits (Low),MDS,4,2,leaf9,hier_leaf,hier,51,20,0.93012912482066,0.9419416547106647,0.8768655023884339,0.8985908105517113,0.24792285069783596
Digits (Low),MDS,4,2,leaf9,hier_leaf,flat,51,20,0.7955523672883787,0.8077474892395983,0.689744782761203,0.7494924399666709,0.5789831648080417
Digits (Low),MDS,4,2,leaf10,hier_leaf,hier,19,9,0.8713450292397662,0.8994152046783626,0.8749975638540912,0.8805357355536549,0.22616738918517004
Digits (Low),MDS,4,2,leaf10,hier_leaf,flat,19,9,0.7356725146198829,0.7228070175438597,0.6608776621661127,0.7029217509934061,0.6126662240790447
Digits (Low),MDS,4,2,leaf11,hier_leaf,hier,20,9,0.8814814814814815,0.8861111111111111,0.8270328417138642,0.8308987148894575,0.25421684516004056
Digits (Low),MDS,4,2,leaf11,hier_leaf,flat,20,9,0.649074074074074,0.6601851851851853,0.5889409577475587,0.6023215363827157,0.7596638387635392
Digits (Low),MDS,4,2,leaf12,hier_leaf,hier,81,20,0.9506295073951837,0.9693069306930693,0.9108872813778293,0.9357696165768481,0.158306316344515
Digits (Low),MDS,4,2,leaf12,hier_leaf,flat,81,20,0.7430387483192764,0.7770688179929105,0.6731758117801854,0.7520823274145019,0.4314832276794343
Digits (Low),MDS,4,2,leaf13,hier_leaf,hier,53,20,0.9212159329140462,0.9344654088050315,0.890621318675967,0.8984338734037678,0.1860109014825326
Digits (Low),MDS,4,2,leaf13,hier_leaf,flat,53,20,0.819412997903564,0.8033123689727462,0.7613191624059892,0.7776600949995469,0.5012964540548666
Digits (Low),MDS,4,2,leaf14,hier_leaf,hier,53,20,0.9211740041928719,0.9392452830188678,0.8341767430893396,0.8832205014672341,0.24813541233105119
Digits (Low),MDS,4,2,leaf14,hier_leaf,flat,53,20,0.7074213836477986,0.7397064989517821,0.6397060515895547,0.7261604363529115,0.6444083058748773
Digits (Low),MDS,4,2,leaf15,hier_leaf,hier,88,20,0.8985177865612648,0.9157114624505929,0.8677357212454783,0.8887196493015527,0.2964377289524659
Digits (Low),MDS,4,2,leaf15,hier_leaf,flat,88,20,0.821916996047431,0.8635375494071146,0.7758174446725259,0.8313710977849419,0.4683006911466046
Digits (Low),MDS,4,2,leaf16,hier_leaf,hier,23,11,0.9334650856389987,0.938076416337286,0.8240567939645552,0.8390223562426777,0.20715871517650014
Digits (Low),MDS,4,2,leaf16,hier_leaf,flat,23,11,0.8557312252964426,0.8939393939393938,0.753872146275364,0.806149507963296,0.5778145840076172
Digits (Low),MDS,4,2,leaf17,hier_leaf,hier,32,15,0.8638888888888888,0.8601851851851852,0.8426541615186138,0.8437630904701954,0.28259812484547053
Digits (Low),MDS,4,2,leaf17,hier_leaf,flat,32,15,0.7597222222222223,0.7696759259259259,0.7166302491771056,0.7532456414286328,0.4482635834174672
Digits (Low),MDS,4,2,leaf18,hier_leaf,hier,26,12,0.891025641025641,0.9115384615384615,0.8400497086735499,0.8626208189835369,0.2683343578802102
Digits (Low),MDS,4,2,leaf18,hier_leaf,flat,26,12,0.7414529914529915,0.7529914529914529,0.7076707757455871,0.7205461743755351,0.4779065985808694
Digits (Low),MDS,4,2,leaf19,hier_leaf,hier,77,20,0.8652562491272171,0.8928920541823767,0.8224748809433065,0.8544518656471964,0.3026764139895434
Digits (Low),MDS,4,2,leaf19,hier_leaf,flat,77,20,0.7552716101103198,0.7865800865800866,0.6786750859808085,0.7501838453771069,0.593049786116473
Digits (Low),MDS,4,2,leaf20,hier_leaf,hier,36,17,0.8725490196078431,0.8926470588235296,0.8484301056784671,0.8645900355877644,0.26740882632425444
Digits (Low),MDS,4,2,leaf20,hier_leaf,flat,36,17,0.7854575163398693,0.7919934640522875,0.7177237975489533,0.7782874264945923,0.525655809826106
Digits (Low),MDS,4,2,leaf21,hier_leaf,hier,57,20,0.9292949354518373,0.9216153591525986,0.8791256846451059,0.8789520233571734,0.19853235450936896
Digits (Low),MDS,4,2,leaf21,hier_leaf,flat,57,20,0.8983449189010261,0.9023502151605429,0.8240098582552791,0.8464428527255824,0.31175511893547536
Digits (Low),MDS,4,2,class0,gt_class,hier,100,20,0.8590503597122301,0.8934820143884893,0.8067473457111692,0.8554133318133781,0.2932634561315482
Digits (Low),MDS,4,2,class0,gt_class,flat,100,20,0.7539712230215828,0.801978417266187,0.714478658958353,0.774557710599867,0.573481683814469
Digits (Low),MDS,4,2,class1,gt_class,hier,105,20,0.9505273250239692,0.9682134867369767,0.9236913028849764,0.945022400850693,0.20330483944884564
Digits (Low),MDS,4,2,class1,gt_class,flat,105,20,0.850789389581336,0.8486033876637904,0.8071390766835178,0.8254047227261964,0.5223861638490741
Digits (Low),MDS,4,2,class2,gt_class,hier,95,20,0.9209628722970213,0.9339779681762543,0.8693555262800606,0.9025830398728373,0.24686747278238266
Digits (Low),MDS,4,2,class2,gt_class,flat,95,20,0.8482660138718888,0.8681028151774788,0.7925864277434997,0.8369129740598024,0.4193049915828399
Digits (Low),MDS,4,2,class3,gt_class,hier,109,20,0.8903698942324548,0.9248232337988663,0.8470587598446834,0.9006784757432388,0.24268035119601097
Digits (Low),MDS,4,2,class3,gt_class,flat,109,20,0.8237071232396423,0.8692631332904809,0.7787189639395969,0.8505886338538878,0.3699356544835261
Digits (Low),MDS,4,2,class4,gt_class,hier,107,20,0.9271028037383178,0.9488058151609553,0.8947919871693027,0.9262653781166282,0.17776536644190988
Digits (Low),MDS,4,2,class4,gt_class,flat,107,20,0.7513896524341824,0.8040070857003238,0.7040892741348286,0.7994867863897088,0.4018641108084998
Digits (Low),MDS,4,2,class5,gt_class,hier,95,20,0.9081191350469193,0.9270665034679725,0.872329645035408,0.8944982110240685,0.2643907299458019
Digits (Low),MDS,4,2,class5,gt_class,flat,95,20,0.8576825785393716,0.8847735618115055,0.8152910536464694,0.8599571163376241,0.35940535772138604
Digits (Low),MDS,4,2,class6,gt_class,hier,100,20,0.9233165467625898,0.9446906474820145,0.8812990927872115,0.9157536611393949,0.22420650155404773
Digits (Low),MDS,4,2,class6,gt_class,flat,100,20,0.7868345323741006,0.8251654676258993,0.7493942411791044,0.7976632346875239,0.48987652108620444
Digits (Low),MDS,4,2,class7,gt_class,hier,89,20,0.9372034956304621,0.9430423509075194,0.9029431497561309,0.9254648006695578,0.21762821744614003
Digits (Low),MDS,4,2,class7,gt_class,flat,89,20,0.8259771439546721,0.8468644963026986,0.7627133640925576,0.801824906141842,0.4926518353402699
Digits (Low),MDS,4,2,class8,gt_class,hier,98,20,0.8868178382464096,0.9063189720332578,0.8415474739038505,0.8827555336150814,0.2884303528389868
Digits (Low),MDS,4,2,class8,gt_class,flat,98,20,0.8015948601662886,0.8474754346182916,0.7567954875823774,0.817996379177308,0.45322982279460144
Digits (Low),MDS,4,2,class9,gt_class,hier,102,20,0.8788427259015493,0.9103386809269162,0.8461922839780653,0.8862160646369354,0.27882538492652514
Digits (Low),MDS,4,2,class9,gt_class,flat,102,20,0.8328328534210888,0.8636089400795284,0.777437484287143,0.8382464640404838,0.4397208483129998
Swiss roll (Low),UMAP,0,2,leaf0,hier_leaf,hier,34,16,0.9394349845201238,0.9255030959752322,0.932640124430721,0.9346199842830673,3.2851314424696714
Swiss roll (Low),UMAP,0,2,leaf0,hier_leaf,flat,34,16,0.9551083591331269,0.9489164086687306,0.9406546322086691,0.9365903389058473,0.23570013638057083
Swiss roll (Low),UMAP,0,2,leaf1,hier_leaf,hier,15,7,0.9261904761904761,0.8952380952380952,0.8691903441903441,0.8598752598752599,3.3877583642674036
Swiss roll (Low),UMAP,0,2,leaf1,hier_leaf,flat,15,7,0.8047619047619048,0.8666666666666666,0.8447620697620698,0.8752772002772002,0.3784359351349818
Swiss roll (Low),UMAP,0,2,leaf2,hier_leaf,hier,26,12,0.9222222222222223,0.9299145299145299,0.9238137853751808,0.9249854407557933,2.845083414673027
Swiss roll (Low),UMAP,0,2,leaf2,hier_leaf,flat,26,12,0.9076923076923078,0.938034188034188,0.8905483665588585,0.9040741330212013,0.354805458411781
Swiss roll (Low),UMAP,0,2,leaf3,hier_leaf,hier,28,13,0.946771978021978,0.9725274725274725,0.912475471047448,0.9383475189462882,2.5564994582309706
Swiss roll (Low),UMAP,0,2,leaf3,hier_leaf,flat,28,13,0.9179258241758241,0.935782967032967,0.9179793391791667,0.925753785553673,0.23496470905157216
Swiss roll (Low),UMAP,0,2,leaf4,hier_leaf,hier,16,7,0.9142857142857143,0.9089285714285714,0.8544239293912768,0.8721800047494657,1.8370438396549003
Swiss roll (Low),UMAP,0,2,leaf4,hier_leaf,flat,16,7,0.9660714285714286,0.9607142857142857,0.9043774242064435,0.9038134251563366,0.46932576820689426
Swiss roll (Low),UMAP,0,2,leaf5,hier_leaf,hier,18,8,0.9494949494949494,0.9482323232323231,0.9030686664217078,0.8978632906882231,2.98613586152339
Swiss roll (Low),UMAP,0,2,leaf5,hier_leaf,flat,18,8,0.9532828282828282,0.9558080808080808,0.8767244546881785,0.8871778883804137,0.31594595503481665
Swiss roll (Low),UMAP,0,2,leaf6,hier_leaf,hier,20,9,0.9731481481481479,0.9666666666666668,0.9163973780294972,0.9160442361690098,2.4181226433153054
Swiss roll (Low),UMAP,0,2,leaf6,hier_leaf,flat,20,9,0.9287037037037036,0.9435185185185185,0.8746696183001275,0.8750941551907543,0.29311283209902034
Swiss roll (Low),UMAP,0,2,leaf7,hier_leaf,hier,20,9,0.9435185185185186,0.9435185185185183,0.9216959434206367,0.9252589866697333,2.443206724965559
Swiss roll (Low),UMAP,0,2,leaf7,hier_leaf,flat,20,9,0.8777777777777777,0.8638888888888889,0.8347593172910139,0.8613173101802604,0.4180367524305319
Swiss roll (Low),UMAP,0,2,leaf8,hier_leaf,hier,17,8,0.8366013071895424,0.8937908496732027,0.859203434031456,0.8795727881085175,3.44960646247956
Swiss roll (Low),UMAP,0,2,leaf8,hier_leaf,flat,17,8,0.9330065359477124,0.9362745098039216,0.8861222076159604,0.8907104173845716,0.30807178064828633
Swiss roll (Low),UMAP,0,2,leaf9,hier_leaf,hier,37,18,0.9170222854433382,0.9359886201991466,0.9270832191205364,0.9326877425197038,2.419607737809636
Swiss roll (Low),UMAP,0,2,leaf9,hier_leaf,flat,37,18,0.9279279279279278,0.9408882566777305,0.9255209673039912,0.9329960741396803,0.29923376464226353
Swiss roll (Low),UMAP,0,2,leaf10,hier_leaf,hier,23,11,0.9512516469038208,0.955862977602108,0.8959957059428467,0.8922029514993279,3.2223567362978773
Swiss roll (Low),UMAP,0,2,leaf10,hier_leaf,flat,23,11,0.9209486166007904,0.9156785243741765,0.903247520551143,0.8967344694661812,0.29725410571692285
Swiss roll (Low),UMAP,0,2,leaf11,hier_leaf,hier,28,13,0.961881868131868,0.9690934065934067,0.9200409349096074,0.9248152506474083,2.4282488864609064
Swiss roll (Low),UMAP,0,2,leaf11,hier_leaf,flat,28,13,0.9601648351648352,0.9684065934065934,0.9295980383458688,0.9313264889269576,0.2762135471065392
Swiss roll (Low),UMAP,0,2,leaf12,hier_leaf,hier,28,13,0.9639423076923076,0.9776785714285714,0.9379050958306108,0.9426985703814067,2.4850551687542737
Swiss roll (Low),UMAP,0,2,leaf12,hier_leaf,flat,28,13,0.9605082417582417,0.9673763736263735,0.9090375416297121,0.9023866933402678,0.3148521955227355
Swiss roll (Low),UMAP,0,2,leaf13,hier_leaf,hier,16,7,0.8892857142857143,0.8357142857142857,0.8327792290034037,0.8235771392385023,3.311350918934507
Swiss roll (Low),UMAP,0,2,leaf13,hier_leaf,flat,16,7,0.7678571428571428,0.8196428571428571,0.7566789361196865,0.8007648618697063,0.42085240120490064
Swiss roll (Low),UMAP,0,2,leaf14,hier_leaf,hier,26,12,0.9662393162393161,0.9645299145299144,0.946385081345411,0.9474770884816339,2.7931165144956633
Swiss roll (Low),UMAP,0,2,leaf14,hier_leaf,flat,26,12,0.9170940170940169,0.9222222222222223,0.9004380931931801,0.8927825555120646,0.3494899890927999
Swiss roll (Low),UMAP,0,2,leaf15,hier_leaf,hier,23,11,0.8577075098814229,0.8656126482213439,0.9047205730679538,0.898285764109249,2.7671274614333936
Swiss roll (Low),UMAP,0,2,leaf15,hier_leaf,flat,23,11,0.9611330698287222,0.9670619235836627,0.9273272961982159,0.9309276769309897,0.23376367548087862
Swiss roll (Low),UMAP,0,2,leaf16,hier_leaf,hier,35,17,0.96171802054155,0.9639589169000932,0.9391582038366195,0.9416572467916252,2.3882392222950326
Swiss roll (Low),UMAP,0,2,leaf16,hier_leaf,flat,35,17,0.9762838468720821,0.9790849673202615,0.9392518754191087,0.9408296720435683,0.15954494430797433
Swiss roll (Low),UMAP,0,2,leaf17,hier_leaf,hier,57,20,0.9682886461436611,0.9701092353525324,0.9563661009123804,0.9567681702222552,2.75892856146178
Swiss roll (Low),UMAP,0,2,leaf17,hier_leaf,flat,57,20,0.9567692816948029,0.9615028136378683,0.9512917972633985,0.9507494035556975,0.29277182271613683
Swiss roll (Low),UMAP,0,2,leaf18,hier_leaf,hier,17,8,0.934640522875817,0.9542483660130718,0.8841375994962967,0.8944626668198197,2.931458785443789
Swiss roll (Low),UMAP,0,2,leaf18,hier_leaf,flat,17,8,0.9395424836601307,0.9493464052287582,0.8940691485967354,0.9145852743353795,0.36526061424643713
Swiss roll (Low),UMAP,0,2,leaf19,hier_leaf,hier,19,9,0.9017543859649123,0.9391812865497077,0.8891050141296464,0.9043969726826838,4.121380551050961
Swiss roll (Low),UMAP,0,2,leaf19,hier_leaf,flat,19,9,0.9532163742690059,0.9660818713450292,0.9219123204019098,0.9283204668738292,0.27004611264539496
Swiss roll (Low),UMAP,0,2,leaf20,hier_leaf,hier,31,15,0.9543010752688171,0.9569892473118279,0.9122195550473579,0.9203144522507555,4.45762231771012
Swiss roll (Low),UMAP,0,2,leaf20,hier_leaf,flat,31,15,0.952956989247312,0.9260752688172044,0.9107496155976286,0.9098945556757533,0.29537031429602556
Swiss roll (Low),UMAP,0,2,leaf21,hier_leaf,hier,16,7,0.7982142857142858,0.8375,0.785002572627246,0.8065285363729913,6.03496881952486
Swiss roll (Low),UMAP,0,2,leaf21,hier_leaf,flat,16,7,0.9446428571428571,0.9321428571428572,0.8637942293991926,0.8585450803451279,0.3576397929217897
Swiss roll (Low),UMAP,0,2,leaf22,hier_leaf,hier,48,20,0.9541071428571429,0.9664880952380952,0.9444085411811539,0.9467703065442129,4.750437831341927
Swiss roll (Low),UMAP,0,2,leaf22,hier_leaf,flat,48,20,0.9832738095238094,0.9841666666666669,0.9482121803389424,0.9481717758479394,0.443427467482065
Swiss roll (Low),UMAP,0,2,leaf23,hier_leaf,hier,23,11,0.9242424242424244,0.9255599472990776,0.8968036382402272,0.9072549902815699,5.308148996559212
Swiss roll (Low),UMAP,0,2,leaf23,hier_leaf,flat,23,11,0.9446640316205533,0.9512516469038208,0.9275105654836259,0.9203146203522997,0.9557014766858027
Swiss roll (Low),UMAP,0,2,leaf24,hier_leaf,hier,22,10,0.9510489510489513,0.958041958041958,0.8997961146784483,0.9092508490144272,2.683425191657579
Swiss roll (Low),UMAP,0,2,leaf24,hier_leaf,flat,22,10,0.9552447552447553,0.9643356643356643,0.9067481700207083,0.9201370456658949,0.22194674403597225
Swiss roll (Low),UMAP,0,2,leaf25,hier_leaf,hier,20,9,0.9537037037037036,0.9601851851851851,0.9227730979693144,0.9222872284353467,3.584379844092506
Swiss roll (Low),UMAP,0,2,leaf25,hier_leaf,flat,20,9,0.9212962962962962,0.9407407407407407,0.889129747290343,0.8976367765862634,0.2811305087010873
Swiss roll (Low),UMAP,0,2,leaf26,hier_leaf,hier,28,13,0.9289148351648352,0.9457417582417583,0.9183085259579229,0.9227484663835623,3.200598846115591
Swiss roll (Low),UMAP,0,2,leaf26,hier_leaf,flat,28,13,0.8942307692307692,0.9282280219780219,0.8696984180746797,0.8787623624104054,0.49028940822452327
Swiss roll (Low),UMAP,0,2,leaf27,hier_leaf,hier,20,9,0.9101851851851851,0.9342592592592593,0.88157576977259,0.8986343903631084,3.9618621074883693
Swiss roll (Low),UMAP,0,2,leaf27,hier_leaf,flat,20,9,0.937962962962963,0.9222222222222222,0.9131064983852264,0.914424191894508,0.4046206507046172
Swiss roll (Low),UMAP,0,2,leaf28,hier_leaf,hier,18,8,0.9457070707070707,0.928030303030303,0.9164170684363088,0.9080012470632775,3.668625610325138
Swiss roll (Low),UMAP,0,2,leaf28,hier_leaf,flat,18,8,0.9217171717171717,0.9267676767676769,0.8923609951268033,0.8956530937190323,0.3932935628555157
Swiss roll (Low),UMAP,0,2,leaf29,hier_leaf,hier,20,9,0.8666666666666666,0.8962962962962966,0.8795709589933779,0.9006583675933646,4.068161668767829
Swiss roll (Low),UMAP,0,2,leaf29,hier_leaf,flat,20,9,0.9092592592592592,0.9148148148148147,0.8723729983037691,0.8872619766360963,0.3637627911719843
Swiss roll (Low),UMAP,0,2,leaf30,hier_leaf,hier,19,9,0.9005847953216374,0.9438596491228071,0.8844963674357669,0.9214570317998246,3.2448071835854884
Swiss roll (Low),UMAP,0,2,leaf30,hier_leaf,flat,19,9,0.8818713450292398,0.8842105263157896,0.9060183631264955,0.9111894888424517,0.38796943301801806
Swiss roll (Low),UMAP,0,2,leaf31,hier_leaf,hier,16,7,0.9375,0.9375,0.8943144937861158,0.8917220770996597,4.428953986807534
Swiss roll (Low),UMAP,0,2,leaf31,hier_leaf,flat,16,7,0.9178571428571429,0.925,0.8827277764584818,0.8864828227657722,0.22847455881401885
Swiss roll (Low),UMAP,0,2,leaf32,hier_leaf,hier,40,19,0.968181818181818,0.9673444976076556,0.9284038775546186,0.935258401758781,5.061755759102417
Swiss roll (Low),UMAP,0,2,leaf32,hier_leaf,flat,40,19,0.9910287081339714,0.9911483253588518,0.9549748162757863,0.9550305629886203,0.6129317419101146
Swiss roll (Low),UMAP,0,2,leaf33,hier_leaf,hier,28,13,0.9478021978021979,0.9481456043956044,0.9214358257974288,0.9227204405211221,4.351446099410073
Swiss roll (Low),UMAP,0,2,leaf33,hier_leaf,flat,28,13,0.9409340659340659,0.9399038461538464,0.9201087899119514,0.9213515925690718,0.242030494516452
Swiss roll (Low),UMAP,1,2,leaf0,hier_leaf,hier,111,20,0.9810475071344636,0.9795646578255274,0.9733476367091028,0.9726382435074722,1.8371936755218412
Swiss roll (Low),UMAP,1,2,leaf0,hier_leaf,flat,111,20,0.9869285434502826,0.989737563650607,0.9746163431292346,0.9769743242694906,0.1950826563146744
Swiss roll (Low),UMAP,1,2,leaf1,hier_leaf,hier,17,8,0.8986928104575164,0.926470588235294,0.871723694902131,0.8642574842911779,3.569732345769643
Swiss roll (Low),UMAP,1,2,leaf1,hier_leaf,flat,17,8,0.9493464052287582,0.965686274509804,0.905430126053459,0.9104565236812886,0.281458379644456
Swiss roll (Low),UMAP,1,2,leaf2,hier_leaf,hier,37,18,0.9491070017385808,0.9543227437964279,0.9375150204802015,0.942254324884183,2.551048079751465
Swiss roll (Low),UMAP,1,2,leaf2,hier_leaf,flat,37,18,0.9105421210684368,0.8947368421052633,0.9265429594128916,0.9253492193735493,0.31736979076620503
Swiss roll (Low),UMAP,1,2,leaf3,hier_leaf,hier,15,7,0.8547619047619047,0.842857142857143,0.8180411180411179,0.843774543774544,3.6273160726476315
Swiss roll (Low),UMAP,1,2,leaf3,hier_leaf,flat,15,7,0.7976190476190476,0.8380952380952382,0.8318145068145069,0.8449410949410948,0.44645935731165276
Swiss roll (Low),UMAP,1,2,leaf4,hier_leaf,hier,36,17,0.9333333333333331,0.9271241830065361,0.9355751437124611,0.938398189533927,3.206385667929982
Swiss roll (Low),UMAP,1,2,leaf4,hier_leaf,flat,36,17,0.9183006535947711,0.9261437908496732,0.9283085667808891,0.9328337571893623,0.28284095563731154
Swiss roll (Low),UMAP,1,2,leaf5,hier_leaf,hier,26,12,0.9547008547008546,0.9602564102564103,0.9252208579443392,0.9297119560230295,2.5711192556602285
Swiss roll (Low),UMAP,1,2,leaf5,hier_leaf,flat,26,12,0.8555555555555555,0.8696581196581197,0.8654712839069562,0.8703787714963812,0.36897408609846644
Swiss roll (Low),UMAP,1,2,leaf6,hier_leaf,hier,27,13,0.9560439560439561,0.9503459503459504,0.9111086878882949,0.9112935336201331,2.497341754888687
Swiss roll (Low),UMAP,1,2,leaf6,hier_leaf,flat,27,13,0.9617419617419617,0.9637769637769638,0.9097700496533092,0.9062728242923418,0.35101862135610973
Swiss roll (Low),UMAP,1,2,leaf7,hier_leaf,hier,22,10,0.9538461538461539,0.9601398601398601,0.9252105685254985,0.9313297938374386,2.7855435523694925
Swiss roll (Low),UMAP,1,2,leaf7,hier_leaf,flat,22,10,0.9594405594405596,0.967832167832168,0.9259721872089188,0.9302494377350072,0.2793603802433833
Swiss roll (Low),UMAP,1,2,leaf8,hier_leaf,hier,34,16,0.9479489164086686,0.9597523219814242,0.9172049500656354,0.922539780132652,3.007980008328762
Swiss roll (Low),UMAP,1,2,leaf8,hier_leaf,flat,34,16,0.9775541795665634,0.980263157894737,0.9337718353008966,0.9367342339089646,0.15009562944249366
Swiss roll (Low),UMAP,1,2,leaf9,hier_leaf,hier,21,10,0.9575757575757576,0.9593073593073594,0.9285527180813924,0.926540064687267,3.182576389725415
Swiss roll (Low),UMAP,1,2,leaf9,hier_leaf,flat,21,10,0.9411255411255413,0.9497835497835497,0.9106072319445898,0.9105613061963191,0.2843645373534075
Swiss roll (Low),UMAP,1,2,leaf10,hier_leaf,hier,26,12,0.9696581196581195,0.9623931623931623,0.9347003914785476,0.9384098599328067,2.780032285621441
Swiss roll (Low),UMAP,1,2,leaf10,hier_leaf,flat,26,12,0.926923076923077,0.9252136752136751,0.9106260133858252,0.9084632804187714,0.3259528481644137
Swiss roll (Low),UMAP,1,2,leaf11,hier_leaf,hier,16,7,0.9464285714285714,0.9607142857142857,0.8790617826327871,0.889208818174622,3.134088437282925
Swiss roll (Low),UMAP,1,2,leaf11,hier_leaf,flat,16,7,0.95,0.9553571428571428,0.8878334520699753,0.8884122932003482,0.31181894405090016
Swiss roll (Low),UMAP,1,2,leaf12,hier_leaf,hier,49,20,0.9838389409817981,0.9848317705460563,0.9534214334332158,0.9517256916229418,2.7790618748123337
Swiss roll (Low),UMAP,1,2,leaf12,hier_leaf,flat,49,20,0.9771649200220628,0.9738554881412024,0.9397204129683037,0.9429338515376634,0.311435754284939
Swiss roll (Low),UMAP,1,2,leaf13,hier_leaf,hier,16,7,0.7785714285714287,0.8303571428571428,0.7951446608089923,0.8448112087390168,6.465536360592857
Swiss roll (Low),UMAP,1,2,leaf13,hier_leaf,flat,16,7,0.9,0.8928571428571428,0.8268671336974591,0.7970493944431252,0.5017501936755872
Swiss roll (Low),UMAP,1,2,leaf14,hier_leaf,hier,17,8,0.9248366013071895,0.9019607843137255,0.8997209211304396,0.894477556698531,3.0325287782586843
Swiss roll (Low),UMAP,1,2,leaf14,hier_leaf,flat,17,8,0.8218954248366013,0.7810457516339869,0.8067846795910815,0.8124513420034971,0.507004419549008
Swiss roll (Low),UMAP,1,2,leaf15,hier_leaf,hier,20,9,0.8101851851851851,0.8240740740740742,0.8352902279849351,0.8636326174663868,2.9997864608752236
Swiss roll (Low),UMAP,1,2,leaf15,hier_leaf,flat,20,9,0.8453703703703702,0.8490740740740742,0.7959419831526896,0.8349097739317098,0.4412026761985369
Swiss roll (Low),UMAP,1,2,leaf16,hier_leaf,hier,29,14,0.9494252873563219,0.9599343185550083,0.8965658560382449,0.9063256991764904,2.486092063417067
Swiss roll (Low),UMAP,1,2,leaf16,hier_leaf,flat,29,14,0.9789819376026273,0.98128078817734,0.9308418370677888,0.9354618457335013,0.19469006386850046
Swiss roll (Low),UMAP,1,2,leaf17,hier_leaf,hier,27,13,0.9275539275539275,0.9377289377289377,0.9217797091959162,0.9294406277054824,3.0205837346844717
Swiss roll (Low),UMAP,1,2,leaf17,hier_leaf,flat,27,13,0.8616198616198616,0.8954008954008955,0.802327631697416,0.8433559697297215,0.36208302624439925
Swiss roll (Low),UMAP,1,2,leaf18,hier_leaf,hier,17,8,0.9248366013071896,0.9215686274509804,0.8738614560599679,0.8917612173964834,4.53018686811655
Swiss roll (Low),UMAP,1,2,leaf18,hier_leaf,flat,17,8,0.8627450980392157,0.9101307189542484,0.8962707235204778,0.9028924652959469,0.3600474422379755
Swiss roll (Low),UMAP,1,2,leaf19,hier_leaf,hier,20,9,0.9703703703703704,0.9824074074074074,0.9231636144093379,0.9253160068615894,3.0504429790457066
Swiss roll (Low),UMAP,1,2,leaf19,hier_leaf,flat,20,9,0.9055555555555556,0.9305555555555556,0.8428882883400896,0.8607049420694016,0.4523152191374892
Swiss roll (Low),UMAP,1,2,leaf20,hier_leaf,hier,45,20,0.9804597701149425,0.9849808429118775,0.949027121148377,0.9510793031484199,4.708611260222877
Swiss roll (Low),UMAP,1,2,leaf20,hier_leaf,flat,45,20,0.9908045977011494,0.9886590038314176,0.9487623602571952,0.9483322036962784,0.20696821492372536
Swiss roll (Low),UMAP,1,2,leaf21,hier_leaf,hier,18,8,0.8762626262626263,0.8131313131313131,0.8939680736955012,0.8787342307735133,3.7729825229266667
Swiss roll (Low),UMAP,1,2,leaf21,hier_leaf,flat,18,8,0.9570707070707071,0.9659090909090909,0.9197351475134821,0.9101149450883893,0.49238645815976473
Swiss roll (Low),UMAP,1,2,leaf22,hier_leaf,hier,49,20,0.9761720904578046,0.9765581908439052,0.9486946925884018,0.9506532423632589,2.7550874903688363
Swiss roll (Low),UMAP,1,2,leaf22,hier_leaf,flat,49,20,0.9370656370656371,0.9343629343629344,0.9310161819771964,0.9310354847782697,0.3443060821615293
Swiss roll (Low),UMAP,1,2,leaf23,hier_leaf,hier,16,7,0.8232142857142857,0.8553571428571429,0.795149608169081,0.8234485078761973,3.4732078207132195
Swiss roll (Low),UMAP,1,2,leaf23,hier_leaf,flat,16,7,0.8910714285714285,0.8660714285714286,0.83165123090319,0.8240768226074566,0.4404913729365609
Swiss roll (Low),UMAP,1,2,leaf24,hier_leaf,hier,30,14,0.9831932773109244,0.9873949579831933,0.9215812890849101,0.9255469335057023,3.4052683873843037
Swiss roll (Low),UMAP,1,2,leaf24,hier_leaf,flat,30,14,0.9921568627450981,0.9876750700280112,0.942307010124366,0.9406533498480049,0.3279829017403599
Swiss roll (Low),UMAP,1,2,leaf25,hier_leaf,hier,30,14,0.8661064425770308,0.858263305322129,0.9070498494369742,0.9031375258607176,6.39413490696584
Swiss roll (Low),UMAP,1,2,leaf25,hier_leaf,flat,30,14,0.9257703081232493,0.9369747899159664,0.9278489812998268,0.9290019206761843,0.5348949846082609
Swiss roll (Low),UMAP,1,2,leaf26,hier_leaf,hier,40,19,0.9443779904306219,0.9424641148325359,0.9343670533206844,0.9349178686798595,4.2425056557139795
Swiss roll (Low),UMAP,1,2,leaf26,hier_leaf,flat,40,19,0.9302631578947367,0.9450956937799043,0.9203781221809167,0.9212915548754858,0.6647710035648292
Swiss roll (Low),UMAP,1,2,leaf27,hier_leaf,hier,20,9,0.95,0.9574074074074073,0.9244789121122388,0.9266643666925413,3.9054963272305456
Swiss roll (Low),UMAP,1,2,leaf27,hier_leaf,flat,20,9,0.9111111111111111,0.9037037037037037,0.900469098889304,0.901560628276265,0.3071877651866048
Swiss roll (Low),UMAP,1,2,leaf28,hier_leaf,hier,33,16,0.9752673796791445,0.9815062388591801,0.9307819709324956,0.9358316402582704,4.965079093627874
Swiss roll (Low),UMAP,1,2,leaf28,hier_leaf,flat,33,16,0.9875222816399288,0.9875222816399288,0.9424037513189822,0.9442128336257182,0.7665107178096432
Swiss roll (Low),UMAP,2,2,leaf0,hier_leaf,hier,110,20,0.9845225843339049,0.9855974842767293,0.9738774595875681,0.9748964285061379,1.686700852136482
Swiss roll (Low),UMAP,2,2,leaf0,hier_leaf,flat,110,20,0.9830817610062893,0.987364208118925,0.9731410579779651,0.9745043850073583,0.17528926803455103
Swiss roll (Low),UMAP,2,2,leaf1,hier_leaf,hier,38,18,0.9440267335004175,0.9437482595377332,0.9367539888423009,0.9397059745210573,2.4812058362738867
Swiss roll (Low),UMAP,2,2,leaf1,hier_leaf,flat,38,18,0.9245335561125035,0.9394319131161234,0.9318173457081759,0.9357847211286751,0.2841975187530558
Swiss roll (Low),UMAP,2,2,leaf2,hier_leaf,hier,16,7,0.9571428571428571,0.9464285714285714,0.8560070846196469,0.8609148658275945,3.869645733416826
Swiss roll (Low),UMAP,2,2,leaf2,hier_leaf,flat,16,7,0.9678571428571429,0.975,0.8808428322647035,0.8933843900894483,0.320514914895432
Swiss roll (Low),UMAP,2,2,leaf3,hier_leaf,hier,56,20,0.9484243697478991,0.9514005602240897,0.9444461696025103,0.9478522081104673,2.924713302808774
Swiss roll (Low),UMAP,2,2,leaf3,hier_leaf,flat,56,20,0.9355042016806723,0.9403011204481793,0.9416663363163796,0.9421896623584074,0.41091733414267695
Swiss roll (Low),UMAP,2,2,leaf4,hier_leaf,hier,66,20,0.9855527102005973,0.9857234314980794,0.9593836949775112,0.9627120643478256,2.833307236224023
Swiss roll (Low),UMAP,2,2,leaf4,hier_leaf,flat,66,20,0.986513017498933,0.9857020913358943,0.9613958215597295,0.9605800853352573,0.37597892476525285
Swiss roll (Low),UMAP,2,2,leaf5,hier_leaf,hier,20,9,0.9425925925925925,0.924074074074074,0.9119526780323722,0.9111999156676154,2.578915804617877
Swiss roll (Low),UMAP,2,2,leaf5,hier_leaf,flat,20,9,0.8814814814814813,0.8611111111111113,0.8387071270448206,0.8601045529904454,0.4347178835830504
Swiss roll (Low),UMAP,2,2,leaf6,hier_leaf,hier,15,7,0.9214285714285713,0.9071428571428573,0.871205821205821,0.8834834834834834,3.5179802367830604
Swiss roll (Low),UMAP,2,2,leaf6,hier_leaf,flat,15,7,0.7904761904761906,0.8595238095238096,0.7842515592515593,0.872903672903673,0.4162475568074084
Swiss roll (Low),UMAP,2,2,leaf7,hier_leaf,hier,31,15,0.9435483870967742,0.9341397849462366,0.9281487697009095,0.9273691008098758,3.3436014914520222
Swiss roll (Low),UMAP,2,2,leaf7,hier_leaf,flat,31,15,0.9532258064516129,0.9435483870967742,0.9333563051041202,0.9280771504541301,0.20790262102692553
Swiss roll (Low),UMAP,2,2,leaf8,hier_leaf,hier,32,15,0.9634259259259259,0.962962962962963,0.9127959244716279,0.9165302197033136,3.4179432067847526
Swiss roll (Low),UMAP,2,2,leaf8,hier_leaf,flat,32,15,0.9273148148148147,0.9006944444444445,0.9047859136444425,0.8888886136483274,4.116848717791564
Swiss roll (Low),UMAP,2,2,leaf9,hier_leaf,hier,26,12,0.958974358974359,0.9461538461538462,0.9354287830282032,0.9344734682461341,2.68747324943257
Swiss roll (Low),UMAP,2,2,leaf9,hier_leaf,flat,26,12,0.9217948717948717,0.9277777777777777,0.9067373595892192,0.9088941978435469,0.41301366158793845
Swiss roll (Low),UMAP,2,2,leaf10,hier_leaf,hier,29,14,0.9297208538587849,0.9559934318555009,0.9253935512716996,0.9299716375471231,2.6273264697996686
Swiss roll (Low),UMAP,2,2,leaf10,hier_leaf,flat,29,14,0.9527093596059114,0.9622331691297209,0.9094799610657961,0.9135894106317873,0.26365172951626414
Swiss roll (Low),UMAP,2,2,leaf11,hier_leaf,hier,22,10,0.9524475524475524,0.958041958041958,0.921753581321454,0.9244916004883499,2.9095011270355857
Swiss roll (Low),UMAP,2,2,leaf11,hier_leaf,flat,22,10,0.9454545454545454,0.9566433566433566,0.9148963475052801,0.921258529177231,0.29833151207754993
Swiss roll (Low),UMAP,2,2,leaf12,hier_leaf,hier,36,17,0.9457516339869281,0.9501633986928104,0.9297030687951396,0.9345628427079347,2.7530020335339813
Swiss roll (Low),UMAP,2,2,leaf12,hier_leaf,flat,36,17,0.972222222222222,0.9754901960784316,0.943108148242574,0.9445959265543286,0.14203934302064736
Swiss roll (Low),UMAP,2,2,leaf13,hier_leaf,hier,21,10,0.9082251082251082,0.8961038961038962,0.8930474370455795,0.8776920780635662,3.274967943953689
Swiss roll (Low),UMAP,2,2,leaf13,hier_leaf,flat,21,10,0.9047619047619048,0.9229437229437228,0.8923606770135677,0.8866658842279926,0.31466730061387116
Swiss roll (Low),UMAP,2,2,leaf14,hier_leaf,hier,16,7,0.7696428571428571,0.7964285714285714,0.7680529169635083,0.7768097443204307,5.803993598527015
Swiss roll (Low),UMAP,2,2,leaf14,hier_leaf,flat,16,7,0.8660714285714286,0.9232142857142857,0.8602667616559804,0.8713340061743055,0.3056185553447036
Swiss roll (Low),UMAP,2,2,leaf15,hier_leaf,hier,27,13,0.9645909645909647,0.9637769637769639,0.9169536891275228,0.9166300167257804,3.0297595807073296
Swiss roll (Low),UMAP,2,2,leaf15,hier_leaf,flat,27,13,0.9511599511599513,0.9450549450549451,0.9071332623934203,0.9143425752482253,0.2643402382386083
Swiss roll (Low),UMAP,2,2,leaf16,hier_leaf,hier,20,9,0.9648148148148149,0.95,0.9248737410037471,0.9189220787932804,3.6564747322912985
Swiss roll (Low),UMAP,2,2,leaf16,hier_leaf,flat,20,9,0.8675925925925926,0.8953703703703703,0.8215550700054625,0.8611893741195413,0.4422012906162648
Swiss roll (Low),UMAP,2,2,leaf17,hier_leaf,hier,16,7,0.9375,0.9410714285714286,0.8917814454207236,0.8960955434180321,2.8728092004266497
Swiss roll (Low),UMAP,2,2,leaf17,hier_leaf,flat,16,7,0.925,0.9625,0.9047534235731813,0.9115412016148183,0.28732592167382065
Swiss roll (Low),UMAP,2,2,leaf18,hier_leaf,hier,45,20,0.9686590038314176,0.9801532567049805,0.949144220426908,0.9515896617444213,4.546034299570509
Swiss roll (Low),UMAP,2,2,leaf18,hier_leaf,flat,45,20,0.9816858237547891,0.9843678160919538,0.9443340868924436,0.9436177953397327,0.37065374237374354
Swiss roll (Low),UMAP,2,2,leaf19,hier_leaf,hier,19,9,0.9345029239766083,0.9508771929824561,0.9062424885501144,0.9158419861626913,3.558527961592183
Swiss roll (Low),UMAP,2,2,leaf19,hier_leaf,flat,19,9,0.9637426900584797,0.967251461988304,0.9305628038415313,0.9259032687664439,0.4895677959459569
Swiss roll (Low),UMAP,2,2,leaf20,hier_leaf,hier,26,12,0.9705128205128205,0.9722222222222222,0.9384632836678257,0.9418714487546862,2.5592672740889713
Swiss roll (Low),UMAP,2,2,leaf20,hier_leaf,flat,26,12,0.8769230769230768,0.894871794871795,0.8846692028784209,0.8861221335276827,0.39159605682696436
Swiss roll (Low),UMAP,2,2,leaf21,hier_leaf,hier,25,12,0.971794871794872,0.981025641025641,0.8943951692456911,0.8994244386373791,2.9433017790363483
Swiss roll (Low),UMAP,2,2,leaf21,hier_leaf,flat,25,12,0.9743589743589745,0.9794871794871794,0.9239049785332337,0.9294148794666214,0.15874137343558295
Swiss roll (Low),UMAP,2,2,leaf22,hier_leaf,hier,38,18,0.9565580618212197,0.9562795878585352,0.9399231343903062,0.9408836756504741,3.014693381247645
Swiss roll (Low),UMAP,2,2,leaf22,hier_leaf,flat,38,18,0.947089947089947,0.9537733221943749,0.8944780233329671,0.9026373838620547,0.7146811881741605
Swiss roll (Low),UMAP,2,2,leaf23,hier_leaf,hier,19,9,0.9111111111111112,0.9181286549707603,0.8899793198280621,0.888584761636657,3.9275976954259666
Swiss roll (Low),UMAP,2,2,leaf23,hier_leaf,flat,19,9,0.904093567251462,0.9286549707602338,0.880825366233935,0.8967631741357095,0.296660234384477
Swiss roll (Low),UMAP,2,2,leaf24,hier_leaf,hier,17,8,0.9101307189542484,0.8627450980392156,0.8877558400231431,0.8771840261381185,3.6524876585757333
Swiss roll (Low),UMAP,2,2,leaf24,hier_leaf,flat,17,8,0.9215686274509803,0.9362745098039216,0.9084782969382156,0.913870560157237,0.431746067288198
Swiss roll (Low),UMAP,2,2,leaf25,hier_leaf,hier,17,8,0.9607843137254901,0.9624183006535948,0.9045856572179751,0.9086165600976777,4.288865601447001
Swiss roll (Low),UMAP,2,2,leaf25,hier_leaf,flat,17,8,0.9052287581699346,0.9068627450980393,0.9077040232452278,0.9153829464091994,0.4072305967069908
Swiss roll (Low),UMAP,2,2,leaf26,hier_leaf,hier,39,19,0.9197031039136303,0.942375168690958,0.9307116868036645,0.9364187271401456,3.6898407097918082
Swiss roll (Low),UMAP,2,2,leaf26,hier_leaf,flat,39,19,0.9288798920377866,0.9395411605937921,0.9258935243809225,0.9314025072176481,0.510791882767533
Swiss roll (Low),UMAP,2,2,leaf27,hier_leaf,hier,29,14,0.9448275862068967,0.9527093596059114,0.9217354034125064,0.9248752761076263,4.069578005279985
Swiss roll (Low),UMAP,2,2,leaf27,hier_leaf,flat,29,14,0.9448275862068967,0.9494252873563219,0.9118368857568016,0.919111949788234,0.2539075918694478
Swiss roll (Low),UMAP,2,2,leaf28,hier_leaf,hier,39,19,0.966531713900135,0.975438596491228,0.9328027650733939,0.9357884928862421,5.41649884641251
Swiss roll (Low),UMAP,2,2,leaf28,hier_leaf,flat,39,19,0.9894736842105263,0.9886639676113361,0.9541409240220451,0.9552227021073515,0.809722564902092
Swiss roll (Low),UMAP,3,2,leaf0,hier_leaf,hier,111,20,0.9869845000279783,0.9814951597560293,0.9740409290215583,0.9729944366302383,1.6760205633080312
Swiss roll (Low),UMAP,3,2,leaf0,hier_leaf,flat,111,20,0.986492082144256,0.9895081416820548,0.976352010681159,0.9770934499464484,0.16988028696426571
Swiss roll (Low),UMAP,3,2,leaf1,hier_leaf,hier,17,8,0.9264705882352942,0.946078431372549,0.8804768164588465,0.8894426505685806,3.4150960051461166
Swiss roll (Low),UMAP,3,2,leaf1,hier_leaf,flat,17,8,0.926470588235294,0.9281045751633986,0.8691711442659077,0.8724490447079244,0.2579218194528832
Swiss roll (Low),UMAP,3,2,leaf2,hier_leaf,hier,37,18,0.9253990832938201,0.9364627785680416,0.92874072528991,0.9332208990836771,2.725492515097155
Swiss roll (Low),UMAP,3,2,leaf2,hier_leaf,flat,37,18,0.9214477635530266,0.8978978978978979,0.925307389091482,0.9247228994126235,0.30111403602397946
Swiss roll (Low),UMAP,3,2,leaf3,hier_leaf,hier,52,20,0.925402504472272,0.9087209302325583,0.9468620764841126,0.9395559917481577,2.977774317455049
Swiss roll (Low),UMAP,3,2,leaf3,hier_leaf,flat,52,20,0.9473166368515206,0.9447227191413237,0.9450405094249603,0.9451790883612655,0.22116559212863424
Swiss roll (Low),UMAP,3,2,leaf4,hier_leaf,hier,78,20,0.9839811066126856,0.9780971659919029,0.9630120677223167,0.9637518692567568,3.213945043053908
Swiss roll (Low),UMAP,3,2,leaf4,hier_leaf,flat,78,20,0.9887179487179488,0.9872739541160593,0.9672460675406159,0.9663876354161527,0.6734624017369133
Swiss roll (Low),UMAP,3,2,leaf5,hier_leaf,hier,47,20,0.9454545454545454,0.9284977433913606,0.9434443577317775,0.940182592931936,3.298639454709262
Swiss roll (Low),UMAP,3,2,leaf5,hier_leaf,flat,47,20,0.9466795615731787,0.9399742101869761,0.9422142931031067,0.9405019916933322,0.36935882653418056
Swiss roll (Low),UMAP,3,2,leaf6,hier_leaf,hier,18,8,0.9242424242424243,0.9128787878787877,0.8764516595962633,0.8561163628805678,2.9550766421783514
Swiss roll (Low),UMAP,3,2,leaf6,hier_leaf,flat,18,8,0.797979797979798,0.8118686868686869,0.7702972538627414,0.8120014994451311,0.4390170747077995
Swiss roll (Low),UMAP,3,2,leaf7,hier_leaf,hier,16,7,0.7785714285714286,0.8357142857142857,0.7690671257816829,0.8298899707116283,6.373737307801426
Swiss roll (Low),UMAP,3,2,leaf7,hier_leaf,flat,16,7,0.9321428571428572,0.9196428571428572,0.8477400459115016,0.8436782632787145,0.35822049582197846
Swiss roll (Low),UMAP,3,2,leaf8,hier_leaf,hier,18,8,0.922979797979798,0.9330808080808082,0.9095173939346702,0.9045718230506287,3.3801848707888724
Swiss roll (Low),UMAP,3,2,leaf8,hier_leaf,flat,18,8,0.9570707070707072,0.9646464646464649,0.9120282222296452,0.9152312448734937,0.49596271472641856
Swiss roll (Low),UMAP,3,2,leaf9,hier_leaf,hier,43,20,0.9216744186046512,0.931627906976744,0.9352425443033506,0.9433455803552677,3.3469387473303693
Swiss roll (Low),UMAP,3,2,leaf9,hier_leaf,flat,43,20,0.9331162790697675,0.9448372093023256,0.9204022282548359,0.9323545225851505,0.5423930099954088
Swiss roll (Low),UMAP,3,2,leaf10,hier_leaf,hier,26,12,0.9692307692307692,0.9670940170940171,0.9356804454880407,0.9391735037211651,2.64004747914171
Swiss roll (Low),UMAP,3,2,leaf10,hier_leaf,flat,26,12,0.9183760683760683,0.9277777777777777,0.9071811107783151,0.9097799132418967,0.2997172428458552
Swiss roll (Low),UMAP,3,2,leaf11,hier_leaf,hier,26,12,0.8611111111111112,0.829059829059829,0.9034566270518763,0.8763817009365306,3.005233694510359
Swiss roll (Low),UMAP,3,2,leaf11,hier_leaf,flat,26,12,0.8474358974358973,0.8752136752136752,0.8546454815332806,0.8631195952272507,0.4012018904475259
Swiss roll (Low),UMAP,3,2,leaf12,hier_leaf,hier,19,9,0.9333333333333333,0.8900584795321638,0.905232841412315,0.8889750863478384,2.391196751430661
Swiss roll (Low),UMAP,3,2,leaf12,hier_leaf,flat,19,9,0.8046783625730994,0.8152046783625732,0.7844730887081931,0.8056220833919812,0.5361295611651392
Swiss roll (Low),UMAP,3,2,leaf13,hier_leaf,hier,73,20,0.9723126510878323,0.9702820306204676,0.9647046989307899,0.9630031746866055,3.541051102703687
Swiss roll (Low),UMAP,3,2,leaf13,hier_leaf,flat,73,20,0.9862046736502821,0.9873650282030623,0.9705614778296665,0.9697656582908927,0.5273080525049667
Swiss roll (Low),UMAP,3,2,leaf14,hier_leaf,hier,17,8,0.9395424836601308,0.9575163398692811,0.9008015008997741,0.904128325228985,2.9475057048983597
Swiss roll (Low),UMAP,3,2,leaf14,hier_leaf,flat,17,8,0.9493464052287582,0.9428104575163397,0.9121943852394506,0.9195138241888205,0.30816593607806575
Swiss roll (Low),UMAP,3,2,leaf15,hier_leaf,hier,21,10,0.9402597402597402,0.9393939393939393,0.9112625243342679,0.9110303441624547,3.781264927424423
Swiss roll (Low),UMAP,3,2,leaf15,hier_leaf,flat,21,10,0.8935064935064936,0.90995670995671,0.8542814278825422,0.8725050199394291,0.4400738304798201
Swiss roll (Low),UMAP,3,2,leaf16,hier_leaf,hier,22,10,0.9594405594405594,0.972027972027972,0.9226519105585482,0.9220658449816562,2.8849504678069007
Swiss roll (Low),UMAP,3,2,leaf16,hier_leaf,flat,22,10,0.9727272727272728,0.9797202797202798,0.9194055109204694,0.9240235858073881,0.17607974593637135
Swiss roll (Low),UMAP,3,2,leaf17,hier_leaf,hier,23,11,0.9446640316205533,0.9393939393939396,0.8879791817526683,0.8923188853250087,3.4851267886694597
Swiss roll (Low),UMAP,3,2,leaf17,hier_leaf,flat,23,11,0.9156785243741765,0.9295125164690382,0.9007269930239594,0.9009146436198547,0.24924902087211262
Swiss roll (Low),UMAP,3,2,leaf18,hier_leaf,hier,24,11,0.9734848484848486,0.9772727272727272,0.9247125351639373,0.9295440011418797,2.8117268433683624
Swiss roll (Low),UMAP,3,2,leaf18,hier_leaf,flat,24,11,0.9756493506493507,0.975108225108225,0.9151057137815659,0.9196083835996407,0.20905718121100325
Swiss roll (Low),UMAP,3,2,leaf19,hier_leaf,hier,31,15,0.9776881720430108,0.9669354838709678,0.9437585870950483,0.9453342034741249,6.002277374359974
Swiss roll (Low),UMAP,3,2,leaf19,hier_leaf,flat,31,15,0.986021505376344,0.9803763440860216,0.9435241184276087,0.9442395729887357,0.8409819408363921
Swiss roll (Low),UMAP,3,2,leaf20,hier_leaf,hier,33,16,0.9385026737967914,0.9269162210338682,0.9314208339944319,0.9297619271636821,3.791020344895397
Swiss roll (Low),UMAP,3,2,leaf20,hier_leaf,flat,33,16,0.9594474153297683,0.9587789661319074,0.9264799291901014,0.9322514451910142,0.37228910772896795
Swiss roll (Low),UMAP,3,2,leaf21,hier_leaf,hier,16,7,0.7999999999999999,0.8,0.8412441621150955,0.8524845642365234,3.6216454969555176
Swiss roll (Low),UMAP,3,2,leaf21,hier_leaf,flat,16,7,0.9053571428571429,0.8767857142857143,0.855472769730072,0.861454128077258,0.3429000297904557
Swiss roll (Low),UMAP,3,2,leaf22,hier_leaf,hier,41,20,0.929500580720093,0.9376306620209057,0.9402130519997143,0.9415403274253232,3.4337535988753096
Swiss roll (Low),UMAP,3,2,leaf22,hier_leaf,flat,41,20,0.9225319396051103,0.9445993031358884,0.9301381052642141,0.931427289180853,0.5089815500207931
Swiss roll (Low),UMAP,3,2,leaf23,hier_leaf,hier,27,13,0.9564509564509565,0.9686609686609686,0.9334746497407813,0.9432940168039808,2.8042818508011096
Swiss roll (Low),UMAP,3,2,leaf23,hier_leaf,flat,27,13,0.9470899470899471,0.9531949531949532,0.9008185856651358,0.9151710112880252,0.30069623760360914
Swiss roll (Low),UMAP,3,2,leaf24,hier_leaf,hier,33,16,0.9282531194295901,0.9271390374331551,0.9101233979938829,0.9176460479327563,3.0372526804634155
Swiss roll (Low),UMAP,3,2,leaf24,hier_leaf,flat,33,16,0.9795008912655973,0.9757130124777185,0.9368726335812602,0.9382484238747791,0.16552020905960174
Swiss roll (Low),UMAP,3,2,leaf25,hier_leaf,hier,22,10,0.9608391608391608,0.9496503496503497,0.9182927860239924,0.9188636192272157,2.9005478349655487
Swiss roll (Low),UMAP,3,2,leaf25,hier_leaf,flat,22,10,0.9566433566433566,0.9692307692307693,0.9161850063176271,0.923897537915282,0.26063684206930515
Swiss roll (Low),UMAP,4,2,leaf0,hier_leaf,hier,108,20,0.9867204301075267,0.9818817204301075,0.9760850280854959,0.974753360397562,1.6707721181950657
Swiss roll (Low),UMAP,4,2,leaf0,hier_leaf,flat,108,20,0.9854659498207885,0.9889605734767025,0.9735335607098208,0.9753957117483324,0.18427314543923964
Swiss roll (Low),UMAP,4,2,leaf1,hier_leaf,hier,17,8,0.8839869281045752,0.9035947712418301,0.8197282384422635,0.8368345819560196,3.894229841251986
Swiss roll (Low),UMAP,4,2,leaf1,hier_leaf,flat,17,8,0.9330065359477125,0.9542483660130718,0.9046494709838807,0.9096716143606498,0.26515734586094325
Swiss roll (Low),UMAP,4,2,leaf2,hier_leaf,hier,37,18,0.8933143669985776,0.8958432116326854,0.9173344579929935,0.9247591071719825,2.6856109446988814
Swiss roll (Low),UMAP,4,2,leaf2,hier_leaf,flat,37,18,0.8929982614193143,0.883357041251778,0.9208725555922462,0.9225282621770384,0.29750030707031605
Swiss roll (Low),UMAP,4,2,leaf3,hier_leaf,hier,26,12,0.9555555555555555,0.9722222222222222,0.9259706004219778,0.935451294332707,2.546915679265613
Swiss roll (Low),UMAP,4,2,leaf3,hier_leaf,flat,26,12,0.8636752136752137,0.8841880341880343,0.8533222345639869,0.8756165022436344,0.3811416343324395
Swiss roll (Low),UMAP,4,2,leaf4,hier_leaf,hier,15,7,0.8928571428571428,0.8428571428571429,0.861128436128436,0.8485389235389235,3.5746412052540415
Swiss roll (Low),UMAP,4,2,leaf4,hier_leaf,flat,15,7,0.7523809523809526,0.8309523809523809,0.8523562023562025,0.8733483483483485,0.4009864285205054
Swiss roll (Low),UMAP,4,2,leaf5,hier_leaf,hier,36,17,0.9289215686274509,0.9245098039215686,0.9359446297253768,0.9375384184627793,3.114488727007291
Swiss roll (Low),UMAP,4,2,leaf5,hier_leaf,flat,36,17,0.9217320261437908,0.9277777777777777,0.9329628538133856,0.9323767152455288,0.2659704684700378
Swiss roll (Low),UMAP,4,2,leaf6,hier_leaf,hier,72,20,0.972640562248996,0.9672188755020079,0.964391860416725,0.9598732266435004,4.563587444093237
Swiss roll (Low),UMAP,4,2,leaf6,hier_leaf,flat,72,20,0.9829149933065595,0.9820281124497993,0.9678786857101448,0.9664251748310344,0.6370813723542509
Swiss roll (Low),UMAP,4,2,leaf7,hier_leaf,hier,21,10,0.9307359307359306,0.9290043290043288,0.9200058512805204,0.9185868307066358,3.543564189204901
Swiss roll (Low),UMAP,4,2,leaf7,hier_leaf,flat,21,10,0.9056277056277056,0.9229437229437228,0.8776100070504528,0.8962107855769338,0.4879667523129562
Swiss roll (Low),UMAP,4,2,leaf8,hier_leaf,hier,35,17,0.9712418300653594,0.9747899159663865,0.930574059458703,0.9343726580102122,5.682296658145009
Swiss roll (Low),UMAP,4,2,leaf8,hier_leaf,flat,35,17,0.9878618113912231,0.988795518207283,0.9460924506671796,0.947302781755175,0.7670338427633512
Swiss roll (Low),UMAP,4,2,leaf9,hier_leaf,hier,34,16,0.9599458204334366,0.9688467492260062,0.9378120211442783,0.9421247665027144,3.461680248978224
Swiss roll (Low),UMAP,4,2,leaf9,hier_leaf,flat,34,16,0.916795665634675,0.9226006191950463,0.9108957491126163,0.9198335159537834,0.3506201567595657
Swiss roll (Low),UMAP,4,2,leaf10,hier_leaf,hier,20,9,0.9212962962962962,0.9314814814814815,0.8969127638980728,0.9048730701779606,3.4555568920743247
Swiss roll (Low),UMAP,4,2,leaf10,hier_leaf,flat,20,9,0.9037037037037037,0.9212962962962962,0.8545117825757792,0.876732886755024,0.2755619177187505
Swiss roll (Low),UMAP,4,2,leaf11,hier_leaf,hier,18,8,0.9229797979797981,0.9494949494949496,0.9025861717013134,0.9286149061176618,3.8951101856075057
Swiss roll (Low),UMAP,4,2,leaf11,hier_leaf,flat,18,8,0.9318181818181819,0.9343434343434343,0.9013279739304392,0.913909951639183,0.3023378392257089
Swiss roll (Low),UMAP,4,2,leaf12,hier_leaf,hier,20,9,0.9546296296296296,0.9175925925925925,0.9222862701127944,0.9101467191827426,2.317004082669046
Swiss roll (Low),UMAP,4,2,leaf12,hier_leaf,flat,20,9,0.8583333333333332,0.8500000000000002,0.7652315786447402,0.832315115621616,0.4628667083294766
Swiss roll (Low),UMAP,4,2,leaf13,hier_leaf,hier,74,20,0.9768872320596458,0.9787511649580615,0.9622891041444079,0.9625476951768884,2.817072966382545
Swiss roll (Low),UMAP,4,2,leaf13,hier_leaf,flat,74,20,0.9855079217148184,0.9830382106244175,0.96578741927604,0.9642944465498328,0.49007142539285764
Swiss roll (Low),UMAP,4,2,leaf14,hier_leaf,hier,50,20,0.9654871794871795,0.9671282051282053,0.9441048498383191,0.9466079208889263,3.1082733039580503
Swiss roll (Low),UMAP,4,2,leaf14,hier_leaf,flat,50,20,0.9218974358974359,0.9276410256410257,0.9251226859453808,0.9258342279757247,0.4427402342426312
Swiss roll (Low),UMAP,4,2,leaf15,hier_leaf,hier,28,13,0.9275412087912087,0.945054945054945,0.9179462504933894,0.9326904102415777,3.1792633938012345
Swiss roll (Low),UMAP,4,2,leaf15,hier_leaf,flat,28,13,0.8863324175824175,0.9237637362637362,0.8567879432000486,0.8739203158837802,0.43652443852866324
Swiss roll (Low),UMAP,4,2,leaf16,hier_leaf,hier,16,7,0.8517857142857144,0.8803571428571428,0.8591239214755007,0.8514208818174622,4.610747496594614
Swiss roll (Low),UMAP,4,2,leaf16,hier_leaf,flat,16,7,0.9196428571428571,0.9053571428571429,0.8991826961133539,0.9049760547771708,0.3463828173647291
Swiss roll (Low),UMAP,4,2,leaf17,hier_leaf,hier,28,13,0.9629120879120879,0.9749313186813187,0.9284411106307323,0.9328948222950206,2.2805849745006035
Swiss roll (Low),UMAP,4,2,leaf17,hier_leaf,flat,28,13,0.944368131868132,0.9539835164835165,0.8843457586222186,0.8904105301122337,0.306663045447938
Swiss roll (Low),UMAP,4,2,leaf18,hier_leaf,hier,16,7,0.8375000000000001,0.9017857142857143,0.8510993034116995,0.883588617113908,5.813351222799898
Swiss roll (Low),UMAP,4,2,leaf18,hier_leaf,flat,16,7,0.9553571428571428,0.9410714285714286,0.8670545396976174,0.8777507322092932,0.431590071449236
Swiss roll (Low),UMAP,4,2,leaf19,hier_leaf,hier,20,9,0.9564814814814815,0.9305555555555554,0.8857641184870004,0.8859816577063506,3.646762240908588
Swiss roll (Low),UMAP,4,2,leaf19,hier_leaf,flat,20,9,0.9601851851851851,0.9574074074074075,0.919792235670682,0.9244367459199416,0.32819560258560043
Swiss roll (Low),UMAP,4,2,leaf20,hier_leaf,hier,23,11,0.9532279314888009,0.9380764163372857,0.903582426681721,0.9009315163261924,3.714381343530661
Swiss roll (Low),UMAP,4,2,leaf20,hier_leaf,flat,23,11,0.9328063241106719,0.924901185770751,0.9251163502055424,0.9132571681346854,0.2556105578060736
Swiss roll (Low),UMAP,4,2,leaf21,hier_leaf,hier,26,12,0.9410256410256408,0.9688034188034188,0.8967448468026824,0.9058528509824514,2.888023023292594
Swiss roll (Low),UMAP,4,2,leaf21,hier_leaf,flat,26,12,0.9739316239316239,0.9752136752136753,0.925308303918949,0.9248865302611576,0.1547558292222703
Swiss roll (Low),UMAP,4,2,leaf22,hier_leaf,hier,27,13,0.9434269434269434,0.9491249491249492,0.9236875537322435,0.9304740970229594,2.976285536741174
Swiss roll (Low),UMAP,4,2,leaf22,hier_leaf,flat,27,13,0.9084249084249085,0.9157509157509158,0.906347112113449,0.9036389356399389,0.33504872479226633
Swiss roll (Low),UMAP,4,2,leaf23,hier_leaf,hier,32,15,0.9724537037037037,0.9694444444444444,0.9220748426455891,0.9277826432455434,2.852834121756502
Swiss roll (Low),UMAP,4,2,leaf23,hier_leaf,flat,32,15,0.9152777777777779,0.9,0.9012227773195332,0.8910664093242318,4.876588714024721
Swiss roll (Low),UMAP,4,2,leaf24,hier_leaf,hier,31,15,0.9618279569892473,0.9752688172043011,0.9207990137017329,0.930880396769687,2.921280948800506
Swiss roll (Low),UMAP,4,2,leaf24,hier_leaf,flat,31,15,0.9731182795698924,0.9744623655913979,0.9265722673638322,0.9307103163337247,0.17698740697409854
Swiss roll (Low),UMAP,4,2,leaf25,hier_leaf,hier,22,10,0.9286713286713287,0.9048951048951049,0.9071438309267452,0.8946582350400955,2.9718278243524536
Swiss roll (Low),UMAP,4,2,leaf25,hier_leaf,flat,22,10,0.9440559440559441,0.955944055944056,0.9191903536424033,0.9200247069100901,0.3054501296678796
Swiss roll (Low),UMAP,4,2,leaf26,hier_leaf,hier,16,7,0.9196428571428572,0.8857142857142857,0.8841773529644581,0.8498129897886487,3.603816765997935
Swiss roll (Low),UMAP,4,2,leaf26,hier_leaf,flat,16,7,0.9178571428571429,0.9589285714285715,0.9072369983376871,0.9119320430618222,0.25663134752305883
Swiss roll (Low),UMAP,4,2,leaf27,hier_leaf,hier,30,14,0.9728291316526612,0.9756302521008404,0.9356770248544334,0.9358760453767959,2.324847325789248
Swiss roll (Low),UMAP,4,2,leaf27,hier_leaf,flat,30,14,0.9554621848739496,0.961624649859944,0.9145338945109529,0.9164141505877269,0.23892677257047004
Swiss roll (Low),UMAP,4,2,leaf28,hier_leaf,hier,21,10,0.9645021645021643,0.9645021645021645,0.9312104581433583,0.9262109301579932,3.6227369662388917
Swiss roll (Low),UMAP,4,2,leaf28,hier_leaf,flat,21,10,0.8935064935064935,0.9134199134199134,0.8459680169687134,0.8708942168426727,0.40270412592976884
Swiss roll (Low),t-SNE,0,2,leaf0,hier_leaf,hier,38,18,0.8024227234753551,0.7556390977443609,0.8302571694469624,0.7533157801979024,150.32859279267723
Swiss roll (Low),t-SNE,0,2,leaf0,hier_leaf,flat,38,18,0.976051239209134,0.9761904761904759,0.9680457491706412,0.9698767288487536,4.21455204962023
Swiss roll (Low),t-SNE,0,2,leaf1,hier_leaf,hier,17,8,0.5065359477124183,0.49509803921568624,0.4374901620444229,0.444762804232129,488.36098307893457
Swiss roll (Low),t-SNE,0,2,leaf1,hier_leaf,flat,17,8,0.9738562091503269,0.9738562091503269,0.9440587256816374,0.9419741426620549,4.268752028480758
Swiss roll (Low),t-SNE,0,2,leaf2,hier_leaf,hier,18,8,0.568181818181818,0.5404040404040403,0.4523870498417046,0.5061388174425552,154.03550574169745
Swiss roll (Low),t-SNE,0,2,leaf2,hier_leaf,flat,18,8,0.9911616161616161,0.9898989898989898,0.9590176407492772,0.9587615473976834,4.043008290433891
Swiss roll (Low),t-SNE,0,2,leaf3,hier_leaf,hier,71,20,0.9923665449487045,0.9945748565466874,0.9710695513460676,0.9710315324384717,19.496764032229652
Swiss roll (Low),t-SNE,0,2,leaf3,hier_leaf,flat,71,20,0.9908189880020865,0.9932359589636583,0.981973412423223,0.9823472223022774,4.975949853278973
Swiss roll (Low),t-SNE,0,2,leaf4,hier_leaf,hier,17,8,0.5196078431372548,0.5228758169934641,0.5078469660808562,0.4684015502490864,397.1341425098732
Swiss roll (Low),t-SNE,0,2,leaf4,hier_leaf,flat,17,8,0.9526143790849673,0.965686274509804,0.935229027605835,0.938315486750135,6.750550539844937
Swiss roll (Low),t-SNE,0,2,leaf5,hier_leaf,hier,45,20,0.9586206896551724,0.9657471264367815,0.8739169715660627,0.8521567515465546,267.8650019950984
Swiss roll (Low),t-SNE,0,2,leaf5,hier_leaf,flat,45,20,0.997088122605364,0.9962452107279692,0.975591117967514,0.9750054215838849,6.3807730710238015
Swiss roll (Low),t-SNE,0,2,leaf6,hier_leaf,hier,20,9,0.5509259259259258,0.5583333333333333,0.5014504211827617,0.5243322887617514,418.32451956016166
Swiss roll (Low),t-SNE,0,2,leaf6,hier_leaf,flat,20,9,0.9796296296296296,0.9796296296296296,0.9569670049545277,0.9567111328330888,7.262522710568821
Swiss roll (Low),t-SNE,0,2,leaf7,hier_leaf,hier,43,20,0.829395348837209,0.7776744186046513,0.8488474457769153,0.7714479807862451,217.56729244305117
Swiss roll (Low),t-SNE,0,2,leaf7,hier_leaf,flat,43,20,0.9654883720930232,0.9769302325581396,0.9638669259017767,0.9665657349185496,7.387254848594863
Swiss roll (Low),t-SNE,0,2,leaf8,hier_leaf,hier,28,13,0.5302197802197802,0.5041208791208791,0.45878069830134977,0.4801655627337267,58.215936350053866
Swiss roll (Low),t-SNE,0,2,leaf8,hier_leaf,flat,28,13,0.9587912087912088,0.9632554945054944,0.9472257790356181,0.9481820779717415,5.97595916734513
Swiss roll (Low),t-SNE,0,2,leaf9,hier_leaf,hier,18,8,0.4861111111111111,0.46212121212121215,0.45809904503160337,0.4624897469871916,963.264928965896
Swiss roll (Low),t-SNE,0,2,leaf9,hier_leaf,flat,18,8,0.9823232323232323,0.9848484848484849,0.9664239347073297,0.9684151533034187,6.828399224224755
Swiss roll (Low),t-SNE,0,2,leaf10,hier_leaf,hier,25,12,0.5502564102564103,0.5030769230769231,0.4415883497765496,0.45394582457712446,441.2350846916462
Swiss roll (Low),t-SNE,0,2,leaf10,hier_leaf,flat,25,12,0.9861538461538462,0.9856410256410257,0.9699314565452317,0.9683536969551941,7.339963154557588
Swiss roll (Low),t-SNE,0,2,leaf11,hier_leaf,hier,37,18,0.9445234708392605,0.9423107317844159,0.8276268534035751,0.7948307704054692,128.1238827298821
Swiss roll (Low),t-SNE,0,2,leaf11,hier_leaf,flat,37,18,0.994626205152521,0.9951003635214161,0.9784970153049862,0.9789041921533095,8.934826958291199
Swiss roll (Low),t-SNE,0,2,leaf12,hier_leaf,hier,20,9,0.4462962962962963,0.45740740740740754,0.5051730251368005,0.48445025826792776,627.4299601087537
Swiss roll (Low),t-SNE,0,2,leaf12,hier_leaf,flat,20,9,0.9435185185185183,0.9425925925925924,0.9361963219580446,0.935232728631803,7.88086222283662
Swiss roll (Low),t-SNE,0,2,leaf13,hier_leaf,hier,34,16,0.8279798761609909,0.7859907120743034,0.8247651880457237,0.7355498809813554,293.35335725925296
Swiss roll (Low),t-SNE,0,2,leaf13,hier_leaf,flat,34,16,0.9794891640866875,0.9765866873065017,0.9673211918802449,0.9679874542504395,6.630113981665042
Swiss roll (Low),t-SNE,0,2,leaf14,hier_leaf,hier,15,7,0.5619047619047619,0.6619047619047619,0.5348637098637099,0.6032513282513282,245.53970067094204
Swiss roll (Low),t-SNE,0,2,leaf14,hier_leaf,flat,15,7,0.9690476190476189,0.9642857142857142,0.9404770154770155,0.9409736659736658,4.697802405492963
Swiss roll (Low),t-SNE,0,2,leaf15,hier_leaf,hier,35,17,0.9090569561157796,0.8905695611577965,0.8075799815888328,0.7623715700380034,154.56184799363683
Swiss roll (Low),t-SNE,0,2,leaf15,hier_leaf,flat,35,17,0.9906629318394025,0.9915966386554621,0.9770934586939805,0.9769679784748547,4.326946710744406
Swiss roll (Low),t-SNE,0,2,leaf16,hier_leaf,hier,32,15,0.6747685185185186,0.6462962962962963,0.6551496282302101,0.6010990298902437,200.06720683761844
Swiss roll (Low),t-SNE,0,2,leaf16,hier_leaf,flat,32,15,0.9743055555555555,0.9773148148148147,0.9557511358265355,0.9565140612134776,6.5512512031975385
Swiss roll (Low),t-SNE,0,2,leaf17,hier_leaf,hier,26,12,0.5555555555555556,0.5337606837606838,0.5108777176192174,0.5163734696896425,132.88971598302552
Swiss roll (Low),t-SNE,0,2,leaf17,hier_leaf,flat,26,12,0.9794871794871796,0.979059829059829,0.9640525333084919,0.9647068000059968,3.9317183018635595
Swiss roll (Low),t-SNE,0,2,leaf18,hier_leaf,hier,28,13,0.4855769230769231,0.48042582417582425,0.4400416147616281,0.4717732468849539,77.75638118658016
Swiss roll (Low),t-SNE,0,2,leaf18,hier_leaf,flat,28,13,0.9896978021978022,0.989010989010989,0.9700151960724775,0.969932139131186,3.4650764628801443
Swiss roll (Low),t-SNE,0,2,leaf19,hier_leaf,hier,20,9,0.5194444444444444,0.48888888888888893,0.4994456104035496,0.46558184553757115,337.2049252939494
Swiss roll (Low),t-SNE,0,2,leaf19,hier_leaf,flat,20,9,0.9564814814814815,0.9388888888888889,0.9419520072065856,0.938464192277837,3.8634681355035916
Swiss roll (Low),t-SNE,0,2,leaf20,hier_leaf,hier,69,20,0.9864859777903257,0.9861660079051383,0.959767898357187,0.9586549835190932,31.070802321207886
Swiss roll (Low),t-SNE,0,2,leaf20,hier_leaf,flat,69,20,0.9947675512892903,0.9879540749105965,0.9818834139267133,0.97756655606749,7.095139772170381
Swiss roll (Low),t-SNE,0,2,leaf21,hier_leaf,hier,56,20,0.93515406162465,0.9317927170868349,0.9183846830678858,0.9030656339001732,61.35310018120639
Swiss roll (Low),t-SNE,0,2,leaf21,hier_leaf,flat,56,20,0.9862394957983194,0.9860294117647059,0.9766279432974072,0.9770770996847219,6.177307987075779
Swiss roll (Low),t-SNE,0,2,leaf22,hier_leaf,hier,28,13,0.4807692307692308,0.48695054945054933,0.485602876363687,0.4698132877445573,15.549662037469313
Swiss roll (Low),t-SNE,0,2,leaf22,hier_leaf,flat,28,13,0.9800824175824177,0.9848901098901098,0.9603902436200659,0.9608417073848061,5.98492283328848
Swiss roll (Low),t-SNE,0,2,leaf23,hier_leaf,hier,23,11,0.5665349143610012,0.5500658761528325,0.476077827237905,0.5240431404338652,205.66448157216135
Swiss roll (Low),t-SNE,0,2,leaf23,hier_leaf,flat,23,11,0.984189723320158,0.9848484848484848,0.96342413645924,0.9641170981977837,4.359973822308401
Swiss roll (Low),t-SNE,0,2,leaf24,hier_leaf,hier,34,16,0.7229102167182662,0.6644736842105264,0.7250257411042939,0.5907310831950571,247.00752694282204
Swiss roll (Low),t-SNE,0,2,leaf24,hier_leaf,flat,34,16,0.986842105263158,0.9907120743034057,0.9635291337980781,0.9634142848893679,4.696335669692487
Swiss roll (Low),t-SNE,0,2,leaf25,hier_leaf,hier,21,10,0.5341991341991342,0.5203463203463203,0.5414807311719316,0.4959700155892402,641.4366186413779
Swiss roll (Low),t-SNE,0,2,leaf25,hier_leaf,flat,21,10,0.9748917748917749,0.9774891774891773,0.9619394613590109,0.9622809278021723,4.595985645288836
Swiss roll (Low),t-SNE,0,2,leaf26,hier_leaf,hier,26,12,0.5371794871794872,0.5444444444444444,0.4837303143863806,0.488835530134955,471.1861741373175
Swiss roll (Low),t-SNE,0,2,leaf26,hier_leaf,flat,26,12,0.9854700854700855,0.9880341880341881,0.9616548473035008,0.9645093735447428,3.9975926118151386
Swiss roll (Low),t-SNE,0,2,leaf27,hier_leaf,hier,17,8,0.4689542483660131,0.4575163398692811,0.48624175207075665,0.44709413381321284,753.415358605234
Swiss roll (Low),t-SNE,0,2,leaf27,hier_leaf,flat,17,8,0.9575163398692811,0.9771241830065359,0.9543221063647851,0.9533393743698391,4.637896608020198
Swiss roll (Low),t-SNE,0,2,leaf28,hier_leaf,hier,20,9,0.48703703703703705,0.5203703703703704,0.4673489923238364,0.46851814583752593,160.797360418931
Swiss roll (Low),t-SNE,0,2,leaf28,hier_leaf,flat,20,9,0.9777777777777776,0.9740740740740741,0.9619493239034396,0.9628788967790779,6.381344109999936
Swiss roll (Low),t-SNE,0,2,leaf29,hier_leaf,hier,26,12,0.5662393162393162,0.5705128205128205,0.512202124965032,0.5228672151905726,500.3959108032012
Swiss roll (Low),t-SNE,0,2,leaf29,hier_leaf,flat,26,12,0.9871794871794871,0.9863247863247864,0.9649698109482081,0.9647477612971822,5.245741794798923
Swiss roll (Low),t-SNE,1,2,leaf0,hier_leaf,hier,38,18,0.8024227234753551,0.7556390977443609,0.8302571694469624,0.7533157801979024,150.32859279267723
Swiss roll (Low),t-SNE,1,2,leaf0,hier_leaf,flat,38,18,0.976051239209134,0.9761904761904759,0.9680457491706412,0.9698767288487536,4.21455204962023
Swiss roll (Low),t-SNE,1,2,leaf1,hier_leaf,hier,17,8,0.5065359477124183,0.49509803921568624,0.4374901620444229,0.444762804232129,488.36098307893457
Swiss roll (Low),t-SNE,1,2,leaf1,hier_leaf,flat,17,8,0.9738562091503269,0.9738562091503269,0.9440587256816374,0.9419741426620549,4.268752028480758
Swiss roll (Low),t-SNE,1,2,leaf2,hier_leaf,hier,108,20,0.9950477897252091,0.9961051373954601,0.9883654133407005,0.9888499063126562,3.6330536719725033
Swiss roll (Low),t-SNE,1,2,leaf2,hier_leaf,flat,108,20,0.9945400238948626,0.9960334528076463,0.9878254970651723,0.9881943612258728,5.099407763815582
Swiss roll (Low),t-SNE,1,2,leaf3,hier_leaf,hier,52,20,0.9731663685152057,0.9702146690518784,0.9370494742872167,0.9329297290306745,148.01910508095105
Swiss roll (Low),t-SNE,1,2,leaf3,hier_leaf,flat,52,20,0.9817531305903399,0.9815742397137746,0.9757251952183184,0.9757727573192472,4.7778632354764445
Swiss roll (Low),t-SNE,1,2,leaf4,hier_leaf,hier,20,9,0.5194444444444444,0.48888888888888893,0.4994456104035496,0.46558184553757115,337.2049252939494
Swiss roll (Low),t-SNE,1,2,leaf4,hier_leaf,flat,20,9,0.9564814814814815,0.9388888888888889,0.9419520072065856,0.938464192277837,3.8634681355035916
Swiss roll (Low),t-SNE,1,2,leaf5,hier_leaf,hier,29,14,0.483415435139573,0.48308702791461405,0.5051919220346183,0.47247598804940144,179.18919262929367
Swiss roll (Low),t-SNE,1,2,leaf5,hier_leaf,flat,29,14,0.9825944170771758,0.9786535303776683,0.966006473981625,0.9619970112908944,3.6801340710188764
Swiss roll (Low),t-SNE,1,2,leaf6,hier_leaf,hier,58,20,0.9790282131661442,0.971692789968652,0.9320568780237006,0.9184557871943525,181.02810791962662
Swiss roll (Low),t-SNE,1,2,leaf6,hier_leaf,flat,58,20,0.9949529780564262,0.9947962382445141,0.9795381036953542,0.9794538873350513,4.771096569628412
Swiss roll (Low),t-SNE,1,2,leaf7,hier_leaf,hier,90,20,0.9945284780578897,0.9938375350140055,0.9862293028670539,0.9857464858726531,3.866934572399861
Swiss roll (Low),t-SNE,1,2,leaf7,hier_leaf,flat,90,20,0.9873109243697479,0.9646778711484594,0.981101011231185,0.966874672672403,10.25144967942209
Swiss roll (Low),t-SNE,1,2,leaf8,hier_leaf,hier,56,20,0.93515406162465,0.9317927170868349,0.9183846830678858,0.9030656339001732,61.35310018120639
Swiss roll (Low),t-SNE,1,2,leaf8,hier_leaf,flat,56,20,0.9862394957983194,0.9860294117647059,0.9766279432974072,0.9770770996847219,6.177307987075779
Swiss roll (Low),t-SNE,1,2,leaf9,hier_leaf,hier,25,12,0.5276923076923077,0.5097435897435898,0.48987341417684854,0.4416386531624818,217.2457377466986
Swiss roll (Low),t-SNE,1,2,leaf9,hier_leaf,flat,25,12,0.9774358974358975,0.9825641025641026,0.9610520942984828,0.9630105914593708,3.7824384697138895
Swiss roll (Low),t-SNE,1,2,leaf10,hier_leaf,hier,26,12,0.5371794871794872,0.5444444444444444,0.4837303143863806,0.488835530134955,471.1861741373175
Swiss roll (Low),t-SNE,1,2,leaf10,hier_leaf,flat,26,12,0.9854700854700855,0.9880341880341881,0.9616548473035008,0.9645093735447428,3.9975926118151386
Swiss roll (Low),t-SNE,1,2,leaf11,hier_leaf,hier,16,7,0.4303571428571429,0.4446428571428572,0.4605546980131402,0.43262685031267323,44.84950213974715
Swiss roll (Low),t-SNE,1,2,leaf11,hier_leaf,flat,16,7,0.9571428571428572,0.9517857142857142,0.9358822132510093,0.9383459985751603,6.584799835679837
Swiss roll (Low),t-SNE,1,2,leaf12,hier_leaf,hier,20,9,0.42777777777777776,0.4583333333333335,0.4240749791564845,0.4182095659757161,364.9160032664935
Swiss roll (Low),t-SNE,1,2,leaf12,hier_leaf,flat,20,9,0.975,0.975,0.9548404872111856,0.954515615865988,7.001952573393681
Swiss roll (Low),t-SNE,1,2,leaf13,hier_leaf,hier,43,20,0.9823255813953489,0.9807441860465117,0.9272429045343472,0.9239293515717136,183.03188563157175
Swiss roll (Low),t-SNE,1,2,leaf13,hier_leaf,flat,43,20,0.9668837209302326,0.9768372093023255,0.9625723340986482,0.9651037748872753,7.442439639252842
Swiss roll (Low),t-SNE,1,2,leaf14,hier_leaf,hier,21,10,0.5341991341991342,0.5203463203463203,0.5414807311719316,0.4959700155892402,641.4366186413779
Swiss roll (Low),t-SNE,1,2,leaf14,hier_leaf,flat,21,10,0.9748917748917749,0.9774891774891773,0.9619394613590109,0.9622809278021723,4.595985645288836
Swiss roll (Low),t-SNE,1,2,leaf15,hier_leaf,hier,27,13,0.5482295482295482,0.5551485551485551,0.5322669203147109,0.4946337482932859,158.2099586204568
Swiss roll (Low),t-SNE,1,2,leaf15,hier_leaf,flat,27,13,0.984940984940985,0.9865689865689866,0.9607668602264801,0.9608707748157792,6.1483700907216665
Swiss roll (Low),t-SNE,1,2,leaf16,hier_leaf,hier,18,8,0.5063131313131313,0.4987373737373737,0.4933879665816734,0.451988063822917,289.1772554866587
Swiss roll (Low),t-SNE,1,2,leaf16,hier_leaf,flat,18,8,0.9494949494949496,0.9217171717171717,0.9453463384217969,0.9422194014838569,5.6292104054009
Swiss roll (Low),t-SNE,1,2,leaf17,hier_leaf,hier,63,20,0.9550427350427351,0.9567521367521369,0.9373190964480129,0.9224679034914186,52.31593829902984
Swiss roll (Low),t-SNE,1,2,leaf17,hier_leaf,flat,63,20,0.9976800976800978,0.9967521367521367,0.9847553977278725,0.9839640855161484,7.085324863016818
Swiss roll (Low),t-SNE,1,2,leaf18,hier_leaf,hier,17,8,0.4656862745098039,0.47058823529411764,0.42275769062235435,0.45161852981591855,503.5588722625101
Swiss roll (Low),t-SNE,1,2,leaf18,hier_leaf,flat,17,8,0.9444444444444445,0.9411764705882353,0.9347802041189658,0.9337251498559935,7.290397257291859
Swiss roll (Low),t-SNE,1,2,leaf19,hier_leaf,hier,29,14,0.5110016420361247,0.4975369458128079,0.4630561044147515,0.4524408554655252,236.9222847529797
Swiss roll (Low),t-SNE,1,2,leaf19,hier_leaf,flat,29,14,0.993431855500821,0.9947454844006568,0.9771835096532464,0.9768412290011912,8.809558320091746
Swiss roll (Low),t-SNE,1,2,leaf20,hier_leaf,hier,38,18,0.8546365914786967,0.8430799220272904,0.8422726156057109,0.7797577115651565,250.69888744407214
Swiss roll (Low),t-SNE,1,2,leaf20,hier_leaf,flat,38,18,0.9810637705374545,0.9810637705374545,0.9642998574370762,0.9621652560320294,7.001859283304057
Swiss roll (Low),t-SNE,1,2,leaf21,hier_leaf,hier,17,8,0.5245098039215687,0.4852941176470588,0.4546815905793865,0.4438226147477867,354.90943241347964
Swiss roll (Low),t-SNE,1,2,leaf21,hier_leaf,flat,17,8,0.9575163398692811,0.9771241830065359,0.9529479832722849,0.9516844707073545,4.659382609714043
Swiss roll (Low),t-SNE,1,2,leaf22,hier_leaf,hier,27,13,0.503052503052503,0.5246235246235246,0.46680712946844555,0.48242899844660064,439.085404988195
Swiss roll (Low),t-SNE,1,2,leaf22,hier_leaf,flat,27,13,0.9544159544159544,0.9572649572649574,0.9441653091956342,0.9452727549539989,5.924060638203426
Swiss roll (Low),t-SNE,1,2,leaf23,hier_leaf,hier,16,7,0.5714285714285714,0.5232142857142857,0.5215408058260111,0.4640574289559091,791.3658607278263
Swiss roll (Low),t-SNE,1,2,leaf23,hier_leaf,flat,16,7,0.9714285714285714,0.9732142857142858,0.9612275389851974,0.9633994300641178,6.680101682705986
Swiss roll (Low),t-SNE,1,2,leaf24,hier_leaf,hier,26,12,0.4837606837606838,0.4645299145299146,0.43876184854663536,0.4709242134422565,262.0573891825699
Swiss roll (Low),t-SNE,1,2,leaf24,hier_leaf,flat,26,12,0.9854700854700855,0.9833333333333335,0.9635402734896064,0.9617200140489106,5.158353509866202
Swiss roll (Low),t-SNE,1,2,leaf25,hier_leaf,hier,21,10,0.548051948051948,0.5445887445887448,0.5388995340237506,0.5183996407585914,121.18653267743416
Swiss roll (Low),t-SNE,1,2,leaf25,hier_leaf,flat,21,10,0.9679653679653678,0.9696969696969698,0.9532339806312409,0.9541308084377503,6.329789640398852
Swiss roll (Low),t-SNE,2,2,leaf0,hier_leaf,hier,16,7,0.5375000000000001,0.5642857142857143,0.5498545476133936,0.494063167893612,294.11008899671407
Swiss roll (Low),t-SNE,2,2,leaf0,hier_leaf,flat,16,7,0.9875,0.9892857142857143,0.9437633578722394,0.9420020976806776,4.236713166934762
Swiss roll (Low),t-SNE,2,2,leaf1,hier_leaf,hier,38,18,0.8024227234753551,0.7556390977443609,0.8302571694469624,0.7533157801979024,150.32859279267723
Swiss roll (Low),t-SNE,2,2,leaf1,hier_leaf,flat,38,18,0.976051239209134,0.9761904761904759,0.9680457491706412,0.9698767288487536,4.21455204962023
Swiss roll (Low),t-SNE,2,2,leaf2,hier_leaf,hier,17,8,0.573529411764706,0.5490196078431372,0.47478930821623505,0.4864672273769564,143.35886965091822
Swiss roll (Low),t-SNE,2,2,leaf2,hier_leaf,flat,17,8,0.9918300653594772,0.9918300653594772,0.9559195776379547,0.9559174505124245,4.283448890627424
Swiss roll (Low),t-SNE,2,2,leaf3,hier_leaf,hier,41,20,0.9306620209059234,0.9264808362369337,0.8757371599907462,0.8359941334000981,105.4331020325352
Swiss roll (Low),t-SNE,2,2,leaf3,hier_leaf,flat,41,20,0.9842044134727063,0.9849012775842044,0.9705879083760826,0.97097153703023,5.135398182569695
Swiss roll (Low),t-SNE,2,2,leaf4,hier_leaf,hier,40,19,0.9632775119617225,0.953468899521531,0.8857852104753695,0.8610458332926836,158.3189490950792
Swiss roll (Low),t-SNE,2,2,leaf4,hier_leaf,flat,40,19,0.9881578947368421,0.9894736842105264,0.9707776615352535,0.9717526017868551,4.482017548286344
Swiss roll (Low),t-SNE,2,2,leaf5,hier_leaf,hier,15,7,0.5619047619047619,0.6619047619047619,0.5348637098637099,0.6032513282513282,245.53970067094204
Swiss roll (Low),t-SNE,2,2,leaf5,hier_leaf,flat,15,7,0.9690476190476189,0.9642857142857142,0.9404770154770155,0.9409736659736658,4.697802405492963
Swiss roll (Low),t-SNE,2,2,leaf6,hier_leaf,hier,32,15,0.7057870370370369,0.6717592592592592,0.68120221962017,0.6216968383843153,87.40761984375929
Swiss roll (Low),t-SNE,2,2,leaf6,hier_leaf,flat,32,15,0.9837962962962963,0.9858796296296297,0.9751546158946045,0.975220239498295,4.41111327141826
Swiss roll (Low),t-SNE,2,2,leaf7,hier_leaf,hier,28,13,0.4855769230769231,0.48042582417582425,0.4400416147616281,0.4717732468849539,77.75638118658016
Swiss roll (Low),t-SNE,2,2,leaf7,hier_leaf,flat,28,13,0.9896978021978022,0.989010989010989,0.9700151960724775,0.969932139131186,3.4650764628801443
Swiss roll (Low),t-SNE,2,2,leaf8,hier_leaf,hier,24,11,0.5,0.4994588744588744,0.49364568125597774,0.4654657542868253,222.73374139598556
Swiss roll (Low),t-SNE,2,2,leaf8,hier_leaf,flat,24,11,0.9848484848484849,0.9864718614718614,0.9658446200721317,0.9666001600429778,4.453667693572743
Swiss roll (Low),t-SNE,2,2,leaf9,hier_leaf,hier,36,17,0.9158496732026143,0.9078431372549018,0.8694845502800861,0.8269989875402566,169.57585055342264
Swiss roll (Low),t-SNE,2,2,leaf9,hier_leaf,flat,36,17,0.9854575163398693,0.9882352941176469,0.9656663764993899,0.9660833945708911,4.658963901007674
Swiss roll (Low),t-SNE,2,2,leaf10,hier_leaf,hier,35,17,0.9404295051353876,0.9357609710550887,0.8939852465744692,0.8837984045850735,207.65884967261712
Swiss roll (Low),t-SNE,2,2,leaf10,hier_leaf,flat,35,17,0.9822595704948648,0.9867413632119516,0.9691075751700199,0.9715241424355731,5.537619513316232
Swiss roll (Low),t-SNE,2,2,leaf11,hier_leaf,hier,20,9,0.513888888888889,0.5064814814814815,0.516317358096388,0.49336744961619183,520.3968299057144
Swiss roll (Low),t-SNE,2,2,leaf11,hier_leaf,flat,20,9,0.9814814814814815,0.9787037037037036,0.9655152421201926,0.9638324277185214,5.906065027757149
Swiss roll (Low),t-SNE,2,2,leaf12,hier_leaf,hier,15,7,0.5500000000000002,0.4904761904761904,0.5164125664125665,0.5405520905520906,1538.3938876296718
Swiss roll (Low),t-SNE,2,2,leaf12,hier_leaf,flat,15,7,0.9690476190476189,0.9714285714285713,0.9627916377916378,0.9653095403095403,6.6187123624386714
Swiss roll (Low),t-SNE,2,2,leaf13,hier_leaf,hier,27,13,0.43386243386243384,0.4607244607244607,0.45314726073082584,0.48369657189028803,393.4623263500183
Swiss roll (Low),t-SNE,2,2,leaf13,hier_leaf,flat,27,13,0.9560439560439561,0.9592999592999595,0.9477263772831286,0.9488920054951338,6.121933480880838
Swiss roll (Low),t-SNE,2,2,leaf14,hier_leaf,hier,17,8,0.5049019607843137,0.4558823529411765,0.5331789040198418,0.5212074415359548,1076.9205337263802
Swiss roll (Low),t-SNE,2,2,leaf14,hier_leaf,flat,17,8,0.9575163398692811,0.9575163398692809,0.9343611603895192,0.9335507255625183,6.990874654020042
Swiss roll (Low),t-SNE,2,2,leaf15,hier_leaf,hier,19,9,0.47251461988304094,0.5239766081871345,0.5165679576435431,0.5478496952110785,520.1718095163195
Swiss roll (Low),t-SNE,2,2,leaf15,hier_leaf,flat,19,9,0.9754385964912281,0.9742690058479533,0.9546936411178121,0.9543233469396594,6.906263711833005
Swiss roll (Low),t-SNE,2,2,leaf16,hier_leaf,hier,20,9,0.5194444444444444,0.48888888888888893,0.4994456104035496,0.46558184553757115,337.2049252939494
Swiss roll (Low),t-SNE,2,2,leaf16,hier_leaf,flat,20,9,0.9564814814814815,0.9388888888888889,0.9419520072065856,0.938464192277837,3.8634681355035916
Swiss roll (Low),t-SNE,2,2,leaf17,hier_leaf,hier,64,20,0.9849113805970149,0.9795475746268657,0.9468850675170564,0.9386224849646585,103.16123771347128
Swiss roll (Low),t-SNE,2,2,leaf17,hier_leaf,flat,64,20,0.9977845149253731,0.9964785447761195,0.9845990441788117,0.9836690079064438,7.082424958015367
Swiss roll (Low),t-SNE,2,2,leaf18,hier_leaf,hier,15,7,0.3285714285714286,0.37380952380952387,0.47754677754677755,0.385989835989836,510.5288071886837
Swiss roll (Low),t-SNE,2,2,leaf18,hier_leaf,flat,15,7,0.969047619047619,0.9785714285714284,0.9229036729036728,0.9332698082698081,3.774454764776072
Swiss roll (Low),t-SNE,2,2,leaf19,hier_leaf,hier,35,17,0.800186741363212,0.7531279178338003,0.7531656317401789,0.6400155224759422,281.57299864103993
Swiss roll (Low),t-SNE,2,2,leaf19,hier_leaf,flat,35,17,0.996265172735761,0.9958916900093369,0.9732346697203298,0.9736285936296465,7.16177468992876
Swiss roll (Low),t-SNE,2,2,leaf20,hier_leaf,hier,31,15,0.46774193548387094,0.4779569892473119,0.4762954828042461,0.431658898875184,143.18373363128688
Swiss roll (Low),t-SNE,2,2,leaf20,hier_leaf,flat,31,15,0.9766129032258066,0.9827956989247313,0.9563266133943802,0.9576886997951102,6.54928392484407
Swiss roll (Low),t-SNE,2,2,leaf21,hier_leaf,hier,26,12,0.5555555555555556,0.5337606837606838,0.5108777176192174,0.5163734696896425,132.88971598302552
Swiss roll (Low),t-SNE,2,2,leaf21,hier_leaf,flat,26,12,0.9794871794871796,0.979059829059829,0.9640525333084919,0.9647068000059968,3.9317183018635595
Swiss roll (Low),t-SNE,2,2,leaf22,hier_leaf,hier,43,20,0.938046511627907,0.9497674418604652,0.8914010782451396,0.8780414590272747,105.75947269563476
Swiss roll (Low),t-SNE,2,2,leaf22,hier_leaf,flat,43,20,0.966046511627907,0.9786046511627905,0.9624967293193495,0.9652691228112613,7.407051891644358
Swiss roll (Low),t-SNE,2,2,leaf23,hier_leaf,hier,27,13,0.45950345950345944,0.42979242979242976,0.5351829031431384,0.4709072293207456,686.168405754852
Swiss roll (Low),t-SNE,2,2,leaf23,hier_leaf,flat,27,13,0.9816849816849818,0.9820919820919821,0.9593194035713075,0.9608277309836891,4.012173221744696
Swiss roll (Low),t-SNE,2,2,leaf24,hier_leaf,hier,23,11,0.5039525691699605,0.5289855072463767,0.4770486759244689,0.42878475000677396,471.0955576771695
Swiss roll (Low),t-SNE,2,2,leaf24,hier_leaf,flat,23,11,0.9808959156785243,0.9802371541501976,0.9631587098339479,0.9624265027397796,4.919905458802068
Swiss roll (Low),t-SNE,2,2,leaf25,hier_leaf,hier,26,12,0.532051282051282,0.5521367521367522,0.5337386667765774,0.5201825912795105,170.93109144091122
Swiss roll (Low),t-SNE,2,2,leaf25,hier_leaf,flat,26,12,0.9863247863247864,0.9863247863247864,0.9586612615400025,0.9585237105072234,6.109339702241682
Swiss roll (Low),t-SNE,2,2,leaf26,hier_leaf,hier,16,7,0.5089285714285714,0.5142857142857142,0.4657395313860524,0.44339230586559014,167.33985538291978
Swiss roll (Low),t-SNE,2,2,leaf26,hier_leaf,flat,16,7,0.9607142857142856,0.9517857142857142,0.9481269294704346,0.947978508667775,4.696386424360403
Swiss roll (Low),t-SNE,2,2,leaf27,hier_leaf,hier,17,8,0.5245098039215687,0.4852941176470588,0.4546815905793865,0.4438226147477867,354.90943241347964
Swiss roll (Low),t-SNE,2,2,leaf27,hier_leaf,flat,17,8,0.9575163398692811,0.9771241830065359,0.9529479832722849,0.9516844707073545,4.659382609714043
Swiss roll (Low),t-SNE,2,2,leaf28,hier_leaf,hier,20,9,0.5287037037037037,0.5268518518518519,0.48512970895744073,0.4811416496564414,337.1282173431273
Swiss roll (Low),t-SNE,2,2,leaf28,hier_leaf,flat,20,9,0.9722222222222221,0.9712962962962962,0.9541413909093522,0.9564859270333208,6.217773405773224
Swiss roll (Low),t-SNE,2,2,leaf29,hier_leaf,hier,43,20,0.97153488372093,0.9720930232558139,0.8828845312071103,0.8658081389933148,189.4427815837652
Swiss roll (Low),t-SNE,2,2,leaf29,hier_leaf,flat,43,20,0.9948837209302326,0.996279069767442,0.9797485599071449,0.98041527613529,8.36589899724301
Swiss roll (Low),t-SNE,2,2,leaf30,hier_leaf,hier,27,13,0.5071225071225071,0.5205535205535204,0.4953940882505796,0.4498236795651178,381.6291921028718
Swiss roll (Low),t-SNE,2,2,leaf30,hier_leaf,flat,27,13,0.9698819698819698,0.9584859584859585,0.9559311140094577,0.9462706780185918,6.711895964048786
Swiss roll (Low),t-SNE,2,2,leaf31,hier_leaf,hier,21,10,0.4900432900432901,0.46233766233766244,0.5195426816044415,0.4729688699969637,75.53756337816186
Swiss roll (Low),t-SNE,2,2,leaf31,hier_leaf,flat,21,10,0.9428571428571427,0.954112554112554,0.9430869416938608,0.9436805745141014,7.954761603068496
Swiss roll (Low),t-SNE,3,2,leaf0,hier_leaf,hier,20,9,0.5194444444444444,0.48888888888888893,0.4994456104035496,0.46558184553757115,337.2049252939494
Swiss roll (Low),t-SNE,3,2,leaf0,hier_leaf,flat,20,9,0.9564814814814815,0.9388888888888889,0.9419520072065856,0.938464192277837,3.8634681355035916
Swiss roll (Low),t-SNE,3,2,leaf1,hier_leaf,hier,19,9,0.4385964912280702,0.4596491228070175,0.49998159356424393,0.4920592470685044,546.6634295204982
Swiss roll (Low),t-SNE,3,2,leaf1,hier_leaf,flat,19,9,0.9789473684210527,0.9695906432748539,0.9479244036856184,0.9422400632315204,4.692209588050911
Swiss roll (Low),t-SNE,3,2,leaf2,hier_leaf,hier,38,18,0.8024227234753551,0.7556390977443609,0.8302571694469624,0.7533157801979024,150.32859279267723
Swiss roll (Low),t-SNE,3,2,leaf2,hier_leaf,flat,38,18,0.976051239209134,0.9761904761904759,0.9680457491706412,0.9698767288487536,4.21455204962023
Swiss roll (Low),t-SNE,3,2,leaf3,hier_leaf,hier,60,20,0.9898022598870057,0.9941242937853109,0.9830745478297632,0.9840841909437487,2.1702056770249474
Swiss roll (Low),t-SNE,3,2,leaf3,hier_leaf,flat,60,20,0.9814689265536723,0.9889830508474576,0.9759296579078128,0.9771310190740705,4.9590108108383095
Swiss roll (Low),t-SNE,3,2,leaf4,hier_leaf,hier,17,8,0.4215686274509804,0.49509803921568635,0.46268383682394626,0.47346198188539895,102.62295879188179
Swiss roll (Low),t-SNE,3,2,leaf4,hier_leaf,flat,17,8,0.9820261437908496,0.9869281045751634,0.9576914732045997,0.9584657468975875,3.9532837098416564
Swiss roll (Low),t-SNE,3,2,leaf5,hier_leaf,hier,22,10,0.5104895104895104,0.48951048951048953,0.4754960612889787,0.4455275085244171,139.17406877563772
Swiss roll (Low),t-SNE,3,2,leaf5,hier_leaf,flat,22,10,0.9867132867132867,0.9846153846153847,0.9583840127098925,0.9609506676730188,4.038257308925239
Swiss roll (Low),t-SNE,3,2,leaf6,hier_leaf,hier,62,20,0.9815412186379928,0.9613671274961597,0.9395658331848128,0.9239182738977066,99.86723941366344
Swiss roll (Low),t-SNE,3,2,leaf6,hier_leaf,flat,62,20,0.9982334869431644,0.9972862263184844,0.9847798507859485,0.9838778416542815,7.087016143207017
Swiss roll (Low),t-SNE,3,2,leaf7,hier_leaf,hier,111,20,0.9853113983548767,0.9772032902467686,0.9785411069425065,0.970668533413088,6.846455849928027
Swiss roll (Low),t-SNE,3,2,leaf7,hier_leaf,flat,111,20,0.9950366515583906,0.9950926081360865,0.9877276735774554,0.9875527212837736,8.768879024479396
Swiss roll (Low),t-SNE,3,2,leaf8,hier_leaf,hier,26,12,0.5555555555555556,0.5337606837606838,0.5108777176192174,0.5163734696896425,132.88971598302552
Swiss roll (Low),t-SNE,3,2,leaf8,hier_leaf,flat,26,12,0.9794871794871796,0.979059829059829,0.9640525333084919,0.9647068000059968,3.9317183018635595
Swiss roll (Low),t-SNE,3,2,leaf9,hier_leaf,hier,28,13,0.4855769230769231,0.48042582417582425,0.4400416147616281,0.4717732468849539,77.75638118658016
Swiss roll (Low),t-SNE,3,2,leaf9,hier_leaf,flat,28,13,0.9896978021978022,0.989010989010989,0.9700151960724775,0.969932139131186,3.4650764628801443
Swiss roll (Low),t-SNE,3,2,leaf10,hier_leaf,hier,19,9,0.47134502923976607,0.47719298245614034,0.42626273562944605,0.4799207440530971,542.6192227755995
Swiss roll (Low),t-SNE,3,2,leaf10,hier_leaf,flat,19,9,0.9730994152046785,0.9824561403508772,0.9551803289338343,0.9576522049827303,4.34278359740835
Swiss roll (Low),t-SNE,3,2,leaf11,hier_leaf,hier,28,13,0.49999999999999994,0.46874999999999994,0.4480778568425597,0.4100776293193089,198.51706465370182
Swiss roll (Low),t-SNE,3,2,leaf11,hier_leaf,flat,28,13,0.9938186813186813,0.9945054945054945,0.9611074225515684,0.9607879857858309,4.824156272363063
Swiss roll (Low),t-SNE,3,2,leaf12,hier_leaf,hier,15,7,0.5619047619047619,0.6619047619047619,0.5348637098637099,0.6032513282513282,245.53970067094204
Swiss roll (Low),t-SNE,3,2,leaf12,hier_leaf,flat,15,7,0.9690476190476189,0.9642857142857142,0.9404770154770155,0.9409736659736658,4.697802405492963
Swiss roll (Low),t-SNE,3,2,leaf13,hier_leaf,hier,36,17,0.9292483660130719,0.9094771241830065,0.8705390641026208,0.8379626069831788,120.52606026264152
Swiss roll (Low),t-SNE,3,2,leaf13,hier_leaf,flat,36,17,0.9916666666666666,0.9923202614379084,0.9778205077204066,0.977771638097044,4.327133290656639
Swiss roll (Low),t-SNE,3,2,leaf14,hier_leaf,hier,43,20,0.938046511627907,0.9497674418604652,0.8914010782451396,0.8780414590272747,105.75947269563476
Swiss roll (Low),t-SNE,3,2,leaf14,hier_leaf,flat,43,20,0.966046511627907,0.9786046511627905,0.9624967293193495,0.9652691228112613,7.407051891644358
Swiss roll (Low),t-SNE,3,2,leaf15,hier_leaf,hier,56,20,0.9826680672268908,0.9804271708683474,0.9457160831585937,0.945590352851313,85.18928264086658
Swiss roll (Low),t-SNE,3,2,leaf15,hier_leaf,flat,56,20,0.988655462184874,0.9912114845938377,0.9729519568296604,0.9737908502064584,6.766380705935982
Swiss roll (Low),t-SNE,3,2,leaf16,hier_leaf,hier,17,8,0.5196078431372548,0.5228758169934641,0.5078469660808562,0.4684015502490864,397.1341425098732
Swiss roll (Low),t-SNE,3,2,leaf16,hier_leaf,flat,17,8,0.9526143790849673,0.965686274509804,0.935229027605835,0.938315486750135,6.750550539844937
Swiss roll (Low),t-SNE,3,2,leaf17,hier_leaf,hier,18,8,0.5214646464646464,0.45580808080808083,0.45821595721385283,0.4385153266303682,363.34853992288436
Swiss roll (Low),t-SNE,3,2,leaf17,hier_leaf,flat,18,8,0.9797979797979798,0.9797979797979798,0.9581454387547181,0.9578837781563505,6.918275667294337
Swiss roll (Low),t-SNE,3,2,leaf18,hier_leaf,hier,57,20,0.9814961933134723,0.9864945382323733,0.9592269341744296,0.9599380493160357,60.5474900556803
Swiss roll (Low),t-SNE,3,2,leaf18,hier_leaf,flat,57,20,0.9866931479642502,0.9860642171466403,0.9772294452045267,0.9775739125595857,6.180670333647144
Swiss roll (Low),t-SNE,3,2,leaf19,hier_leaf,hier,15,7,0.3285714285714286,0.37380952380952387,0.47754677754677755,0.385989835989836,510.5288071886837
Swiss roll (Low),t-SNE,3,2,leaf19,hier_leaf,flat,15,7,0.969047619047619,0.9785714285714284,0.9229036729036728,0.9332698082698081,3.774454764776072
Swiss roll (Low),t-SNE,3,2,leaf20,hier_leaf,hier,69,20,0.9917937135328437,0.99279126670431,0.9663814765031811,0.9647965642602697,77.23679560394524
Swiss roll (Low),t-SNE,3,2,leaf20,hier_leaf,flat,69,20,0.9887634105025408,0.9636175418784113,0.9782520937083428,0.9648719234285331,11.91361612600125
Swiss roll (Low),t-SNE,3,2,leaf21,hier_leaf,hier,26,12,0.5371794871794872,0.5444444444444444,0.4837303143863806,0.488835530134955,471.1861741373175
Swiss roll (Low),t-SNE,3,2,leaf21,hier_leaf,flat,26,12,0.9854700854700855,0.9880341880341881,0.9616548473035008,0.9645093735447428,3.9975926118151386
Swiss roll (Low),t-SNE,3,2,leaf22,hier_leaf,hier,22,10,0.5342657342657341,0.4965034965034965,0.4556715077688915,0.40004211751319313,318.8756024904956
Swiss roll (Low),t-SNE,3,2,leaf22,hier_leaf,flat,22,10,0.9790209790209791,0.983916083916084,0.9620870027486818,0.9622499891469336,4.780604233715316
Swiss roll (Low),t-SNE,3,2,leaf23,hier_leaf,hier,26,12,0.5081196581196582,0.5085470085470084,0.46511223556237485,0.4707668895935623,192.9486608243562
Swiss roll (Low),t-SNE,3,2,leaf23,hier_leaf,flat,26,12,0.979059829059829,0.9833333333333332,0.9579352603659801,0.9580207801155652,5.998962039106997
Swiss roll (Low),t-SNE,3,2,leaf24,hier_leaf,hier,18,8,0.5063131313131313,0.4987373737373737,0.4933879665816734,0.451988063822917,289.1772554866587
Swiss roll (Low),t-SNE,3,2,leaf24,hier_leaf,flat,18,8,0.9494949494949496,0.9217171717171717,0.9453463384217969,0.9422194014838569,5.6292104054009
Swiss roll (Low),t-SNE,3,2,leaf25,hier_leaf,hier,16,7,0.5071428571428571,0.5571428571428572,0.5260626929470436,0.5483703395867965,616.9378574412116
Swiss roll (Low),t-SNE,3,2,leaf25,hier_leaf,flat,16,7,0.9625,0.9767857142857143,0.9547959708699438,0.9520947122615373,4.502580154116508
Swiss roll (Low),t-SNE,3,2,leaf26,hier_leaf,hier,22,10,0.5048951048951048,0.4629370629370629,0.4340251623580629,0.46978658682871877,84.6034006818036
Swiss roll (Low),t-SNE,3,2,leaf26,hier_leaf,flat,22,10,0.9727272727272727,0.972027972027972,0.9557781343845702,0.9571566642015608,6.417411157212328
Swiss roll (Low),t-SNE,3,2,leaf27,hier_leaf,hier,25,12,0.47282051282051285,0.5066666666666666,0.48490394369890266,0.48929069934689606,383.2806740003515
Swiss roll (Low),t-SNE,3,2,leaf27,hier_leaf,flat,25,12,0.9866666666666667,0.9856410256410257,0.9637909558279758,0.9610964916188602,5.105357049537483
Swiss roll (Low),t-SNE,4,2,leaf0,hier_leaf,hier,55,20,0.9809276437847868,0.9798886827458256,0.9456264171552429,0.9419185092180722,89.41403119984727
Swiss roll (Low),t-SNE,4,2,leaf0,hier_leaf,flat,55,20,0.9810389610389612,0.9737662337662337,0.9740113957703737,0.9696554066956651,5.605020320546009
Swiss roll (Low),t-SNE,4,2,leaf1,hier_leaf,hier,110,20,0.9951114922813035,0.9959176672384218,0.9884111429716843,0.9888212030651785,3.6834532199947176
Swiss roll (Low),t-SNE,4,2,leaf1,hier_leaf,flat,110,20,0.994774156660949,0.9960834762721554,0.9878755583095902,0.9881057597513409,5.116901542295351
Swiss roll (Low),t-SNE,4,2,leaf2,hier_leaf,hier,15,7,0.5619047619047619,0.6619047619047619,0.5348637098637099,0.6032513282513282,245.53970067094204
Swiss roll (Low),t-SNE,4,2,leaf2,hier_leaf,flat,15,7,0.9690476190476189,0.9642857142857142,0.9404770154770155,0.9409736659736658,4.697802405492963
Swiss roll (Low),t-SNE,4,2,leaf3,hier_leaf,hier,37,18,0.9065908013276432,0.9102260154891734,0.8533515528168755,0.8217115955509899,115.5931973590688
Swiss roll (Low),t-SNE,4,2,leaf3,hier_leaf,flat,37,18,0.9889363047257784,0.9881460407776198,0.9767707998971358,0.976473631251931,4.380785701170289
Swiss roll (Low),t-SNE,4,2,leaf4,hier_leaf,hier,20,9,0.5194444444444444,0.48888888888888893,0.4994456104035496,0.46558184553757115,337.2049252939494
Swiss roll (Low),t-SNE,4,2,leaf4,hier_leaf,flat,20,9,0.9564814814814815,0.9388888888888889,0.9419520072065856,0.938464192277837,3.8634681355035916
Swiss roll (Low),t-SNE,4,2,leaf5,hier_leaf,hier,63,20,0.987008547008547,0.9855433455433456,0.950945074475058,0.9450794230439709,111.73586287206224
Swiss roll (Low),t-SNE,4,2,leaf5,hier_leaf,flat,63,20,0.9974114774114774,0.9967277167277168,0.9847369472000084,0.9839155122867601,7.072556352168195
Swiss roll (Low),t-SNE,4,2,leaf6,hier_leaf,hier,18,8,0.5151515151515151,0.5454545454545454,0.5004082647634105,0.4539959841593272,252.9398144851348
Swiss roll (Low),t-SNE,4,2,leaf6,hier_leaf,flat,18,8,0.9545454545454545,0.960858585858586,0.939721563431354,0.9409370789769628,6.436129355928926
Swiss roll (Low),t-SNE,4,2,leaf7,hier_leaf,hier,18,8,0.5025252525252525,0.553030303030303,0.4917196482984638,0.5497619074129747,292.3576463125891
Swiss roll (Low),t-SNE,4,2,leaf7,hier_leaf,flat,18,8,0.9747474747474748,0.981060606060606,0.9617660049066001,0.9645032345703753,5.725850006698432
Swiss roll (Low),t-SNE,4,2,leaf8,hier_leaf,hier,21,10,0.5445887445887445,0.5298701298701299,0.5046742206017805,0.49352617044746144,430.12715761223166
Swiss roll (Low),t-SNE,4,2,leaf8,hier_leaf,flat,21,10,0.9480519480519479,0.9558441558441557,0.9412707484451159,0.9413409127827518,7.848335967631998
Swiss roll (Low),t-SNE,4,2,leaf9,hier_leaf,hier,31,15,0.5182795698924733,0.5161290322580645,0.4850309617176091,0.5027907923780878,292.3143839297604
Swiss roll (Low),t-SNE,4,2,leaf9,hier_leaf,flat,31,15,0.9938172043010752,0.9948924731182797,0.977965562986406,0.9776581943106212,8.845508415705366
Swiss roll (Low),t-SNE,4,2,leaf10,hier_leaf,hier,25,12,0.5343589743589744,0.5153846153846153,0.4923242531818292,0.4572908724557141,259.4655170349933
Swiss roll (Low),t-SNE,4,2,leaf10,hier_leaf,flat,25,12,0.9712820512820513,0.9482051282051281,0.962266758142797,0.9602412576864771,6.538478790797111
Swiss roll (Low),t-SNE,4,2,leaf11,hier_leaf,hier,34,16,0.7945046439628483,0.7997291021671827,0.7609027424787868,0.7110535188105053,181.05750031312922
Swiss roll (Low),t-SNE,4,2,leaf11,hier_leaf,flat,34,16,0.9632352941176471,0.9028637770897833,0.9528822295816671,0.9286802610153908,14.716108638915577
Swiss roll (Low),t-SNE,4,2,leaf12,hier_leaf,hier,29,14,0.483415435139573,0.48308702791461405,0.5051919220346183,0.47247598804940144,179.18919262929367
Swiss roll (Low),t-SNE,4,2,leaf12,hier_leaf,flat,29,14,0.9825944170771758,0.9786535303776683,0.966006473981625,0.9619970112908944,3.6801340710188764
Swiss roll (Low),t-SNE,4,2,leaf13,hier_leaf,hier,36,17,0.9390522875816993,0.9305555555555556,0.8894827427816404,0.8745421608483063,193.76569310103733
Swiss roll (Low),t-SNE,4,2,leaf13,hier_leaf,flat,36,17,0.9849673202614377,0.9885620915032679,0.9659538767414646,0.9661130262142036,4.643566434181371
Swiss roll (Low),t-SNE,4,2,leaf14,hier_leaf,hier,26,12,0.5555555555555556,0.5337606837606838,0.5108777176192174,0.5163734696896425,132.88971598302552
Swiss roll (Low),t-SNE,4,2,leaf14,hier_leaf,flat,26,12,0.9794871794871796,0.979059829059829,0.9640525333084919,0.9647068000059968,3.9317183018635595
Swiss roll (Low),t-SNE,4,2,leaf15,hier_leaf,hier,56,20,0.93515406162465,0.9317927170868349,0.9183846830678858,0.9030656339001732,61.35310018120639
Swiss roll (Low),t-SNE,4,2,leaf15,hier_leaf,flat,56,20,0.9862394957983194,0.9860294117647059,0.9766279432974072,0.9770770996847219,6.177307987075779
Swiss roll (Low),t-SNE,4,2,leaf16,hier_leaf,hier,16,7,0.4303571428571429,0.4446428571428572,0.4605546980131402,0.43262685031267323,44.84950213974715
Swiss roll (Low),t-SNE,4,2,leaf16,hier_leaf,flat,16,7,0.9571428571428572,0.9517857142857142,0.9358822132510093,0.9383459985751603,6.584799835679837
Swiss roll (Low),t-SNE,4,2,leaf17,hier_leaf,hier,24,11,0.49567099567099565,0.4967532467532467,0.5057421880707291,0.4789187489674193,278.39888745337765
Swiss roll (Low),t-SNE,4,2,leaf17,hier_leaf,flat,24,11,0.9875541125541126,0.9875541125541125,0.9571233735800962,0.9559719407796026,6.050549358920337
Swiss roll (Low),t-SNE,4,2,leaf18,hier_leaf,hier,23,11,0.4894598155467721,0.5079051383399209,0.4966725655885287,0.43904512662795214,499.8503843406084
Swiss roll (Low),t-SNE,4,2,leaf18,hier_leaf,flat,23,11,0.914361001317523,0.8926218708827404,0.9382861034277632,0.9179959749118081,17.96405779652663
Swiss roll (Low),t-SNE,4,2,leaf19,hier_leaf,hier,16,7,0.5696428571428571,0.5767857142857142,0.5505273885854508,0.4814721364679807,2459.807295248316
Swiss roll (Low),t-SNE,4,2,leaf19,hier_leaf,flat,16,7,0.975,0.9821428571428572,0.932903902477638,0.9419773608802343,3.8887401807871584
Swiss roll (Low),t-SNE,4,2,leaf20,hier_leaf,hier,26,12,0.49914529914529915,0.5230769230769231,0.47865603427585146,0.4806621396201233,438.68398379115814
Swiss roll (Low),t-SNE,4,2,leaf20,hier_leaf,flat,26,12,0.9965811965811966,0.9961538461538461,0.9714917535985944,0.9721467397295422,7.155509725795046
Swiss roll (Low),t-SNE,4,2,leaf21,hier_leaf,hier,27,13,0.45950345950345944,0.42979242979242976,0.5351829031431384,0.4709072293207456,686.168405754852
Swiss roll (Low),t-SNE,4,2,leaf21,hier_leaf,flat,27,13,0.9816849816849818,0.9820919820919821,0.9593194035713075,0.9608277309836891,4.012173221744696
Swiss roll (Low),t-SNE,4,2,leaf22,hier_leaf,hier,17,8,0.5081699346405228,0.4673202614379085,0.5185953313848863,0.4604418465151302,107.11676807198069
Swiss roll (Low),t-SNE,4,2,leaf22,hier_leaf,flat,17,8,0.9444444444444443,0.926470588235294,0.9423251183745359,0.9407467912311377,5.539288191058621
Swiss roll (Low),t-SNE,4,2,leaf23,hier_leaf,hier,19,9,0.47251461988304094,0.5239766081871345,0.5165679576435431,0.5478496952110785,520.1718095163195
Swiss roll (Low),t-SNE,4,2,leaf23,hier_leaf,flat,19,9,0.9754385964912281,0.9742690058479533,0.9546936411178121,0.9543233469396594,6.906263711833005
Swiss roll (Low),t-SNE,4,2,leaf24,hier_leaf,hier,15,7,0.5023809523809525,0.45238095238095244,0.4525987525987526,0.46961191961191967,1995.7498923042904
Swiss roll (Low),t-SNE,4,2,leaf24,hier_leaf,flat,15,7,0.9690476190476189,0.9714285714285713,0.9658292908292908,0.9683471933471933,6.7861505726576725
Swiss roll (Low),t-SNE,4,2,leaf25,hier_leaf,hier,22,10,0.43216783216783217,0.472027972027972,0.4341397859699176,0.46758969773639314,404.3705144000692
Swiss roll (Low),t-SNE,4,2,leaf25,hier_leaf,flat,22,10,0.9755244755244756,0.9734265734265736,0.9456055744394679,0.9489079530507777,6.021877829643745
Swiss roll (Low),t-SNE,4,2,leaf26,hier_leaf,hier,21,10,0.5341991341991342,0.5203463203463203,0.5414807311719316,0.4959700155892402,641.4366186413779
Swiss roll (Low),t-SNE,4,2,leaf26,hier_leaf,flat,21,10,0.9748917748917749,0.9774891774891773,0.9619394613590109,0.9622809278021723,4.595985645288836
Swiss roll (Low),t-SNE,4,2,leaf27,hier_leaf,hier,16,7,0.5071428571428571,0.5571428571428572,0.5260626929470436,0.5483703395867965,616.9378574412116
Swiss roll (Low),t-SNE,4,2,leaf27,hier_leaf,flat,16,7,0.9625,0.9767857142857143,0.9547959708699438,0.9520947122615373,4.502580154116508
Swiss roll (Low),t-SNE,4,2,leaf28,hier_leaf,hier,20,9,0.675,0.6111111111111112,0.540549502151434,0.5090302734094241,1465.8978414393196
Swiss roll (Low),t-SNE,4,2,leaf28,hier_leaf,flat,20,9,0.9787037037037039,0.9749999999999999,0.9620973847377549,0.9631232690298901,6.4372603856754465
Swiss roll (Low),t-SNE,4,2,leaf29,hier_leaf,hier,21,10,0.4813852813852814,0.4883116883116883,0.5075905056169742,0.47810915189601066,271.51411314531526
Swiss roll (Low),t-SNE,4,2,leaf29,hier_leaf,flat,21,10,0.9887445887445888,0.9878787878787879,0.9651682966054919,0.96662091101376,5.013009890134868
Swiss roll (Low),PCA,0,2,leaf0,hier_leaf,hier,38,18,0.9998607630186577,0.9998607630186577,0.9979849999147987,0.9981857159456453,0.006007443013119018
Swiss roll (Low),PCA,0,2,leaf0,hier_leaf,flat,38,18,0.7786131996658313,0.8415483152325257,0.8300742981866079,0.8652927880621595,0.46722848830649827
Swiss roll (Low),PCA,0,2,leaf1,hier_leaf,hier,18,8,1.0,1.0,0.998608188306555,0.998608188306555,0.0029146289959971986
Swiss roll (Low),PCA,0,2,leaf1,hier_leaf,flat,18,8,0.8219696969696969,0.8005050505050505,0.8238578793243589,0.8475168223640014,0.4425215657810921
Swiss roll (Low),PCA,0,2,leaf2,hier_leaf,hier,107,20,0.999199804532405,0.9994563557510232,0.996446992993983,0.9966321765041337,0.02441240419075515
Swiss roll (Low),PCA,0,2,leaf2,hier_leaf,flat,107,20,0.7498320200354285,0.8956569543705334,0.7291534194960664,0.9158218905973393,0.5320173609857989
Swiss roll (Low),PCA,0,2,leaf3,hier_leaf,hier,15,7,1.0,1.0,0.9974936474936474,0.9974936474936474,0.003719340140845373
Swiss roll (Low),PCA,0,2,leaf3,hier_leaf,flat,15,7,0.9738095238095237,0.9880952380952379,0.9765708015708016,0.980266805266805,0.10820757644589751
Swiss roll (Low),PCA,0,2,leaf4,hier_leaf,hier,21,10,0.9991341991341992,0.9991341991341992,0.9958705098013202,0.9958705098013202,0.010964634156175318
Swiss roll (Low),PCA,0,2,leaf4,hier_leaf,flat,21,10,0.9948051948051948,0.9956709956709956,0.9884462724026223,0.9885683158262681,0.06407420011203113
Swiss roll (Low),PCA,0,2,leaf5,hier_leaf,hier,57,20,0.9995034756703078,0.9995365772922874,0.9946501296208152,0.9948255856510881,0.01850729807059314
Swiss roll (Low),PCA,0,2,leaf5,hier_leaf,flat,57,20,0.9950347567030784,0.9967560410460112,0.9870452009967106,0.9874823914095529,0.08957183331475534
Swiss roll (Low),PCA,0,2,leaf6,hier_leaf,hier,47,20,0.9997421018697615,0.9996776273372018,0.9987768548700156,0.9987677084636267,0.004580008124509284
Swiss roll (Low),PCA,0,2,leaf6,hier_leaf,flat,47,20,0.9900064474532562,0.9918117343649259,0.9752912317477487,0.9761270519882005,0.09971532769240128
Swiss roll (Low),PCA,0,2,leaf7,hier_leaf,hier,15,7,1.0,1.0,1.0,1.0,0.005425550475095311
Swiss roll (Low),PCA,0,2,leaf7,hier_leaf,flat,15,7,0.9904761904761905,0.9928571428571428,0.9784938784938786,0.9785978285978286,0.0472642034720189
Swiss roll (Low),PCA,0,2,leaf8,hier_leaf,hier,45,20,0.9996934865900382,0.9996168582375478,0.9952262958346635,0.9952300741654935,0.009319553956283602
Swiss roll (Low),PCA,0,2,leaf8,hier_leaf,flat,45,20,0.9968582375478926,0.9972413793103448,0.9818424391741748,0.9823373074572651,0.07848147167357611
Swiss roll (Low),PCA,0,2,leaf9,hier_leaf,hier,16,7,1.0,1.0,0.9915499089685744,0.9915499089685744,0.0032463451022674526
Swiss roll (Low),PCA,0,2,leaf9,hier_leaf,flat,16,7,0.9017857142857142,0.9357142857142857,0.8531920367292014,0.8898618697063247,0.323737816257311
Swiss roll (Low),PCA,0,2,leaf10,hier_leaf,hier,21,10,1.0,1.0,0.9969476386936336,0.9969476386936336,0.003913724454620881
Swiss roll (Low),PCA,0,2,leaf10,hier_leaf,flat,21,10,0.8779220779220778,0.9134199134199131,0.8673872756761078,0.8854480014219972,0.29881182690723745
Swiss roll (Low),PCA,0,2,leaf11,hier_leaf,hier,40,19,0.9983253588516746,0.9989234449760765,0.9919972666451355,0.992139342598892,0.02622661009430386
Swiss roll (Low),PCA,0,2,leaf11,hier_leaf,flat,40,19,0.8379186602870814,0.8681818181818184,0.8315746693087224,0.8819503189580654,0.4380175754557748
Swiss roll (Low),PCA,0,2,leaf12,hier_leaf,hier,37,18,0.9962067330488382,0.9968389442073652,0.9892372728943879,0.9897072873528829,0.032999681267403866
Swiss roll (Low),PCA,0,2,leaf12,hier_leaf,flat,37,18,0.7450608503240082,0.7777777777777778,0.7749671346724586,0.8475999952323198,0.5444348005739311
Swiss roll (Low),PCA,0,2,leaf13,hier_leaf,hier,17,8,1.0,1.0,0.996158411292484,0.9963073100795969,0.004646069273035005
Swiss roll (Low),PCA,0,2,leaf13,hier_leaf,flat,17,8,0.8055555555555556,0.8611111111111112,0.8201366465440592,0.8464279180971586,0.42854969059814996
Swiss roll (Low),PCA,0,2,leaf14,hier_leaf,hier,46,20,0.9982468443197756,0.9991584852734924,0.9924406658280415,0.9926873905998852,0.0226610836929749
Swiss roll (Low),PCA,0,2,leaf14,hier_leaf,flat,46,20,0.9970546984572232,0.9975455820476856,0.9881430486756465,0.9883345529124744,0.05591614745779237
Swiss roll (Low),PCA,0,2,leaf15,hier_leaf,hier,69,20,0.9995482778091475,0.9996800301148129,0.9955633410243866,0.9956110331058726,0.017301617042541063
Swiss roll (Low),PCA,0,2,leaf15,hier_leaf,flat,69,20,0.9983625070581591,0.9987389422172032,0.9927459936808717,0.9931295845871064,0.0569631362917072
Swiss roll (Low),PCA,0,2,leaf16,hier_leaf,hier,26,12,0.9995726495726495,0.9995726495726495,0.9982640303097773,0.9982055473331275,0.003883684646081969
Swiss roll (Low),PCA,0,2,leaf16,hier_leaf,flat,26,12,0.9008547008547008,0.911111111111111,0.9023043035441008,0.9148983804903389,0.3178718305093535
Swiss roll (Low),PCA,0,2,leaf17,hier_leaf,hier,18,8,1.0,1.0,0.9982184810323902,0.9982184810323902,0.0022369549892009453
Swiss roll (Low),PCA,0,2,leaf17,hier_leaf,flat,18,8,0.9936868686868687,0.9924242424242424,0.9891587147825247,0.9891679935271477,0.05948435680665642
Swiss roll (Low),PCA,0,2,leaf18,hier_leaf,hier,20,9,0.9981481481481481,0.9981481481481481,0.9988145550029228,0.9988145550029228,0.004284227203677227
Swiss roll (Low),PCA,0,2,leaf18,hier_leaf,flat,20,9,0.9675925925925926,0.9731481481481481,0.9465073934584902,0.9499242925183757,0.19242832389073325
Swiss roll (Low),PCA,0,2,leaf19,hier_leaf,hier,23,11,1.0,1.0,0.9995026746502225,0.9995026746502225,0.002697465194177995
Swiss roll (Low),PCA,0,2,leaf19,hier_leaf,flat,23,11,0.9835309617918312,0.9894598155467719,0.973006404295151,0.9750374368998073,0.08433005004145322
Swiss roll (Low),PCA,0,2,leaf20,hier_leaf,hier,23,11,0.9993412384716732,0.9993412384716732,0.9999216957274951,0.9999216957274951,0.0014817892109347131
Swiss roll (Low),PCA,0,2,leaf20,hier_leaf,flat,23,11,0.9519104084321476,0.9565217391304348,0.8867462934113294,0.9119272695001877,0.18851815415362627
Swiss roll (Low),PCA,0,2,leaf21,hier_leaf,hier,29,14,1.0,1.0,0.9989880576980544,0.9989880576980544,0.003088061673003665
Swiss roll (Low),PCA,0,2,leaf21,hier_leaf,flat,29,14,0.9980295566502463,0.9983579638752053,0.9951819108263745,0.9952090628973308,0.017209912016853905
Swiss roll (Low),PCA,0,2,leaf22,hier_leaf,hier,35,17,1.0,1.0,0.998531376825979,0.9985578837202956,0.0029348000007568334
Swiss roll (Low),PCA,0,2,leaf22,hier_leaf,flat,35,17,0.9867413632119516,0.9908496732026143,0.9793156318910913,0.9800870846210685,0.1323372625541062
Swiss roll (Low),PCA,0,2,leaf23,hier_leaf,hier,26,12,0.9995726495726495,0.9995726495726495,0.9980914823211299,0.9981119049478965,0.005323506505488185
Swiss roll (Low),PCA,0,2,leaf23,hier_leaf,flat,26,12,0.9269230769230768,0.9636752136752137,0.8631628308564168,0.9089392436600856,0.24163554319425043
Swiss roll (Low),PCA,0,2,leaf24,hier_leaf,hier,26,12,0.9995726495726495,0.9995726495726495,0.9994541588846015,0.9995126418612514,0.0013705340856633855
Swiss roll (Low),PCA,0,2,leaf24,hier_leaf,flat,26,12,0.8978632478632479,0.9192307692307692,0.7993555825784038,0.8693433211117836,0.2787525718630158
Swiss roll (Low),PCA,0,2,leaf25,hier_leaf,hier,16,7,1.0,1.0,1.0,1.0,0.0011633391760995791
Swiss roll (Low),PCA,0,2,leaf25,hier_leaf,flat,16,7,0.9946428571428572,0.9946428571428572,0.9763021451753344,0.9760745666112562,0.03944819852193523
Swiss roll (Low),PCA,0,2,leaf26,hier_leaf,hier,17,8,1.0,1.0,0.998732233184009,0.998834335209458,0.006400786796162107
Swiss roll (Low),PCA,0,2,leaf26,hier_leaf,flat,17,8,0.9607843137254901,0.9673202614379084,0.9478832973849118,0.9478386277487779,0.21793386454539174
Swiss roll (Low),PCA,0,2,leaf27,hier_leaf,hier,31,15,0.999731182795699,0.999731182795699,0.9985754100848133,0.9985754100848133,0.003694392947046864
Swiss roll (Low),PCA,0,2,leaf27,hier_leaf,flat,31,15,0.988978494623656,0.9911290322580645,0.9714487485093579,0.9728251923647472,0.12426175273141725
Swiss roll (Low),PCA,1,2,leaf0,hier_leaf,hier,125,20,0.999737566137566,0.9998095238095237,0.9981511500803119,0.998209783747677,0.010861199262807611
Swiss roll (Low),PCA,1,2,leaf0,hier_leaf,flat,125,20,0.9964910052910053,0.9976761904761904,0.9925188683842735,0.9931758249586868,0.07883534716732046
Swiss roll (Low),PCA,1,2,leaf1,hier_leaf,hier,42,20,0.9979296066252589,0.9985507246376812,0.9916075843731924,0.9918404773225692,0.02681260683310618
Swiss roll (Low),PCA,1,2,leaf1,hier_leaf,flat,42,20,0.8216356107660454,0.8611801242236026,0.834741547808103,0.8853643800922548,0.44639304264729773
Swiss roll (Low),PCA,1,2,leaf2,hier_leaf,hier,16,7,1.0,1.0,0.9915499089685744,0.9915499089685744,0.0032463451022674526
Swiss roll (Low),PCA,1,2,leaf2,hier_leaf,flat,16,7,0.9017857142857142,0.9357142857142857,0.8531920367292014,0.8898618697063247,0.323737816257311
Swiss roll (Low),PCA,1,2,leaf3,hier_leaf,hier,20,9,1.0,1.0,0.9982893942443148,0.9982893942443148,0.006058396140729379
Swiss roll (Low),PCA,1,2,leaf3,hier_leaf,flat,20,9,0.875,0.9092592592592592,0.8645463780199139,0.8838652023498067,0.32121826577289053
Swiss roll (Low),PCA,1,2,leaf4,hier_leaf,hier,37,18,0.9962067330488382,0.9968389442073652,0.9892372728943879,0.9897072873528829,0.032999681267403866
Swiss roll (Low),PCA,1,2,leaf4,hier_leaf,flat,37,18,0.7450608503240082,0.7777777777777778,0.7749671346724586,0.8475999952323198,0.5444348005739311
Swiss roll (Low),PCA,1,2,leaf5,hier_leaf,hier,18,8,1.0,1.0,0.9968934763002305,0.996982552248611,0.0047043373928932035
Swiss roll (Low),PCA,1,2,leaf5,hier_leaf,flat,18,8,0.8143939393939396,0.8648989898989901,0.8177803015963152,0.8313977872049824,0.4656251505555805
Swiss roll (Low),PCA,1,2,leaf6,hier_leaf,hier,45,20,0.9996934865900382,0.9996168582375478,0.9952262958346635,0.9952300741654935,0.009319553956283602
Swiss roll (Low),PCA,1,2,leaf6,hier_leaf,flat,45,20,0.9968582375478926,0.9972413793103448,0.9818424391741748,0.9823373074572651,0.07848147167357611
Swiss roll (Low),PCA,1,2,leaf7,hier_leaf,hier,73,20,0.9994198227236102,0.9995004029008865,0.9952490135387173,0.9953325577276743,0.01953234006624646
Swiss roll (Low),PCA,1,2,leaf7,hier_leaf,flat,73,20,0.9983400483481063,0.9986784850926672,0.992908981099017,0.9933514797540335,0.05531074947879323
Swiss roll (Low),PCA,1,2,leaf8,hier_leaf,hier,31,15,0.9986559139784947,0.9989247311827958,0.9971225212140645,0.9971507496689901,0.012901883068587196
Swiss roll (Low),PCA,1,2,leaf8,hier_leaf,flat,31,15,0.9876344086021506,0.9932795698924732,0.9788269045150094,0.9798940397520942,0.08746378581874491
Swiss roll (Low),PCA,1,2,leaf9,hier_leaf,hier,37,18,1.0,1.0,0.9979177528617956,0.9979285538553534,0.004873283387368749
Swiss roll (Low),PCA,1,2,leaf9,hier_leaf,flat,37,18,0.7882092618934724,0.8515884305357989,0.844870219843651,0.8716357782040468,0.44291477207350827
Swiss roll (Low),PCA,1,2,leaf10,hier_leaf,hier,17,8,1.0,1.0,0.9984046558523606,0.9984046558523606,0.0034287634086980906
Swiss roll (Low),PCA,1,2,leaf10,hier_leaf,flat,17,8,0.7941176470588234,0.7450980392156863,0.8106922091900332,0.8310402920117929,0.504843385550192
Swiss roll (Low),PCA,1,2,leaf11,hier_leaf,hier,106,20,0.9992690241159564,0.9994814444583281,0.9963234240915383,0.9965033229896763,0.023815361939059865
Swiss roll (Low),PCA,1,2,leaf11,hier_leaf,flat,106,20,0.7549169061601899,0.8994127202299138,0.7359105238792515,0.918105986827317,0.5253058926949861
Swiss roll (Low),PCA,1,2,leaf12,hier_leaf,hier,26,12,0.9995726495726495,0.9995726495726495,0.9982640303097773,0.9982055473331275,0.003883684646081969
Swiss roll (Low),PCA,1,2,leaf12,hier_leaf,flat,26,12,0.9008547008547008,0.911111111111111,0.9023043035441008,0.9148983804903389,0.3178718305093535
Swiss roll (Low),PCA,1,2,leaf13,hier_leaf,hier,52,20,0.9996422182468694,0.9996422182468694,0.997638027041599,0.9976701209434118,0.008722400359468457
Swiss roll (Low),PCA,1,2,leaf13,hier_leaf,flat,52,20,0.9977638640429338,0.9982110912343471,0.9908340441589407,0.9913791215337712,0.06181582118492319
Swiss roll (Low),PCA,1,2,leaf14,hier_leaf,hier,32,15,0.9993055555555554,0.9993055555555554,0.9975004455624752,0.997532553810177,0.0052017418337748115
Swiss roll (Low),PCA,1,2,leaf14,hier_leaf,flat,32,15,0.9974537037037037,0.9981481481481481,0.9936874089873633,0.993781825953419,0.04371766626206799
Swiss roll (Low),PCA,1,2,leaf15,hier_leaf,hier,20,9,0.9981481481481481,0.9981481481481481,0.9988145550029228,0.9988145550029228,0.004284227203677227
Swiss roll (Low),PCA,1,2,leaf15,hier_leaf,flat,20,9,0.9675925925925926,0.9731481481481481,0.9465073934584902,0.9499242925183757,0.19242832389073325
Swiss roll (Low),PCA,1,2,leaf16,hier_leaf,hier,23,11,1.0,1.0,0.9995026746502225,0.9995026746502225,0.002697465194177995
Swiss roll (Low),PCA,1,2,leaf16,hier_leaf,flat,23,11,0.9835309617918312,0.9894598155467719,0.973006404295151,0.9750374368998073,0.08433005004145322
Swiss roll (Low),PCA,1,2,leaf17,hier_leaf,hier,36,17,1.0,1.0,0.9986127907682351,0.998637610941413,0.004157398420079265
Swiss roll (Low),PCA,1,2,leaf17,hier_leaf,flat,36,17,0.9892156862745097,0.9921568627450981,0.9806495743214767,0.9812181693816461,0.13099703836947413
Swiss roll (Low),PCA,1,2,leaf18,hier_leaf,hier,28,13,1.0,1.0,0.9992605883450282,0.9992605883450282,0.003048584345748525
Swiss roll (Low),PCA,1,2,leaf18,hier_leaf,flat,28,13,0.9993131868131868,0.9996565934065933,0.9949438273240758,0.9949744167739757,0.01723569500831053
Swiss roll (Low),PCA,1,2,leaf19,hier_leaf,hier,26,12,0.9995726495726495,0.9995726495726495,0.9994541588846015,0.9995126418612514,0.0013705340856633855
Swiss roll (Low),PCA,1,2,leaf19,hier_leaf,flat,26,12,0.8978632478632479,0.9192307692307692,0.7993555825784038,0.8693433211117836,0.2787525718630158
Swiss roll (Low),PCA,1,2,leaf20,hier_leaf,hier,22,10,1.0,1.0,1.0,1.0,0.0016028627231150562
Swiss roll (Low),PCA,1,2,leaf20,hier_leaf,flat,22,10,0.9482517482517483,0.9552447552447554,0.8805507721671021,0.9074865593342843,0.2046311985990297
Swiss roll (Low),PCA,1,2,leaf21,hier_leaf,hier,26,12,1.0,1.0,0.9976712635678766,0.9976916861946432,0.005420968430774088
Swiss roll (Low),PCA,1,2,leaf21,hier_leaf,flat,26,12,0.9111111111111112,0.9576923076923076,0.8556033491436955,0.903419170097784,0.25364434052159895
Swiss roll (Low),PCA,1,2,leaf22,hier_leaf,hier,17,8,1.0,1.0,1.0,1.0,0.0017952004116678882
Swiss roll (Low),PCA,1,2,leaf22,hier_leaf,flat,17,8,0.9950980392156863,0.9967320261437908,0.9770270442739909,0.9772780450865528,0.036043029526062496
Swiss roll (Low),PCA,1,2,leaf23,hier_leaf,hier,18,8,1.0,1.0,0.9988939736409423,0.9989830495893227,0.0058523108224585695
Swiss roll (Low),PCA,1,2,leaf23,hier_leaf,flat,18,8,0.9595959595959597,0.967171717171717,0.9501156131580023,0.950893171957407,0.20018665923360543
Swiss roll (Low),PCA,1,2,leaf24,hier_leaf,hier,30,14,1.0,1.0,0.9984559038686824,0.998465154077152,0.0025910565292731618
Swiss roll (Low),PCA,1,2,leaf24,hier_leaf,flat,30,14,0.9915966386554622,0.9929971988795518,0.9751656781586403,0.976250337527782,0.10613320981259161
Swiss roll (Low),PCA,2,2,leaf0,hier_leaf,hier,16,7,1.0,1.0,0.9915499089685744,0.9915499089685744,0.0032463451022674526
Swiss roll (Low),PCA,2,2,leaf0,hier_leaf,flat,16,7,0.9017857142857142,0.9357142857142857,0.8531920367292014,0.8898618697063247,0.323737816257311
Swiss roll (Low),PCA,2,2,leaf1,hier_leaf,hier,20,9,1.0,1.0,0.9982893942443148,0.9982893942443148,0.006196149112439792
Swiss roll (Low),PCA,2,2,leaf1,hier_leaf,flat,20,9,0.862037037037037,0.9027777777777777,0.8627979185234166,0.8850420224439141,0.3274916903898458
Swiss roll (Low),PCA,2,2,leaf2,hier_leaf,hier,64,20,0.9996735074626866,0.9997201492537313,0.994591948503927,0.9946842473141337,0.015911207742339263
Swiss roll (Low),PCA,2,2,leaf2,hier_leaf,flat,64,20,0.9976212686567165,0.9980410447761194,0.9894398419433039,0.9897805272674153,0.050723949030953265
Swiss roll (Low),PCA,2,2,leaf3,hier_leaf,hier,17,8,1.0,1.0,0.9959201732331033,0.9960690720202161,0.0046073100325730925
Swiss roll (Low),PCA,2,2,leaf3,hier_leaf,flat,17,8,0.8137254901960783,0.849673202614379,0.8136701849322936,0.8328355859592698,0.4244312629711988
Swiss roll (Low),PCA,2,2,leaf4,hier_leaf,hier,25,12,0.9989743589743589,0.9989743589743589,0.9939321540719394,0.9942511325262557,0.013849845553732415
Swiss roll (Low),PCA,2,2,leaf4,hier_leaf,flat,25,12,0.8123076923076923,0.8148717948717948,0.8011011248254593,0.8426849177669472,0.47903214955700596
Swiss roll (Low),PCA,2,2,leaf5,hier_leaf,hier,21,10,1.0,1.0,0.9996683140402667,0.9996683140402667,0.002282033551220047
Swiss roll (Low),PCA,2,2,leaf5,hier_leaf,flat,21,10,0.9774891774891773,0.9774891774891775,0.9654833982672384,0.9653196814794214,0.10408893973504832
Swiss roll (Low),PCA,2,2,leaf6,hier_leaf,hier,18,8,1.0,1.0,0.9981294050840097,0.9981294050840097,0.004732943963609991
Swiss roll (Low),PCA,2,2,leaf6,hier_leaf,flat,18,8,0.7664141414141414,0.8345959595959596,0.7497596805142651,0.8052781210913289,0.4205047439420521
Swiss roll (Low),PCA,2,2,leaf7,hier_leaf,hier,19,9,1.0,1.0,0.9964951980857307,0.9964951980857307,0.006217562827497195
Swiss roll (Low),PCA,2,2,leaf7,hier_leaf,flat,19,9,0.9473684210526315,0.9497076023391813,0.9313163849760174,0.9340167173745925,0.2805899237396179
Swiss roll (Low),PCA,2,2,leaf8,hier_leaf,hier,24,11,0.9994588744588745,0.9994588744588745,0.9984138156201497,0.9984138156201497,0.0041992752055226455
Swiss roll (Low),PCA,2,2,leaf8,hier_leaf,flat,24,11,0.9788961038961039,0.9761904761904763,0.9677388928037979,0.9683936753802426,0.12169941041242129
Swiss roll (Low),PCA,2,2,leaf9,hier_leaf,hier,33,16,0.999777183600713,0.999777183600713,0.9965885485022614,0.9966001465907136,0.0053328122182350725
Swiss roll (Low),PCA,2,2,leaf9,hier_leaf,flat,33,16,0.999108734402852,0.998885918003565,0.9927331340402568,0.9927843962732508,0.014200580190807716
Swiss roll (Low),PCA,2,2,leaf10,hier_leaf,hier,109,20,0.999263717641559,0.9994623970081224,0.9965018625176628,0.9966751142766845,0.024146746984251222
Swiss roll (Low),PCA,2,2,leaf10,hier_leaf,flat,109,20,0.7532986618360311,0.8985391223046807,0.7322656222442284,0.9177747686802368,0.5246804489589014
Swiss roll (Low),PCA,2,2,leaf11,hier_leaf,hier,18,8,1.0,1.0,0.998608188306555,0.998608188306555,0.003088999982797899
Swiss roll (Low),PCA,2,2,leaf11,hier_leaf,flat,18,8,0.811868686868687,0.7904040404040403,0.819643473516607,0.8431483893955083,0.46184198585693137
Swiss roll (Low),PCA,2,2,leaf12,hier_leaf,hier,37,18,1.0,1.0,0.9979177528617956,0.9979285538553534,0.004873283387368749
Swiss roll (Low),PCA,2,2,leaf12,hier_leaf,flat,37,18,0.7882092618934724,0.8515884305357989,0.844870219843651,0.8716357782040468,0.44291477207350827
Swiss roll (Low),PCA,2,2,leaf13,hier_leaf,hier,52,20,0.9996422182468694,0.9996422182468694,0.997638027041599,0.9976701209434118,0.008722400359468457
Swiss roll (Low),PCA,2,2,leaf13,hier_leaf,flat,52,20,0.9977638640429338,0.9982110912343471,0.9908340441589407,0.9913791215337712,0.06181582118492319
Swiss roll (Low),PCA,2,2,leaf14,hier_leaf,hier,26,12,0.9995726495726495,0.9995726495726495,0.9982640303097773,0.9982055473331275,0.003883684646081969
Swiss roll (Low),PCA,2,2,leaf14,hier_leaf,flat,26,12,0.9008547008547008,0.911111111111111,0.9023043035441008,0.9148983804903389,0.3178718305093535
Swiss roll (Low),PCA,2,2,leaf15,hier_leaf,hier,17,8,1.0,1.0,0.9979579594910215,0.9979579594910215,0.002268000242691201
Swiss roll (Low),PCA,2,2,leaf15,hier_leaf,flat,17,8,0.9901960784313725,0.9901960784313725,0.9873499844719837,0.987583968280304,0.05817957738726166
Swiss roll (Low),PCA,2,2,leaf16,hier_leaf,hier,19,9,0.9988304093567252,0.9988304093567252,0.9988122435279724,0.9988122435279724,0.003202778723350004
Swiss roll (Low),PCA,2,2,leaf16,hier_leaf,flat,19,9,0.9707602339181286,0.9695906432748539,0.9494288591258027,0.9519066901980318,0.16811895665947443
Swiss roll (Low),PCA,2,2,leaf17,hier_leaf,hier,23,11,0.9993412384716732,0.9993412384716732,0.9999216957274951,0.9999216957274951,0.0014817892109347131
Swiss roll (Low),PCA,2,2,leaf17,hier_leaf,flat,23,11,0.9519104084321476,0.9565217391304348,0.8867462934113294,0.9119272695001877,0.18851815415362627
Swiss roll (Low),PCA,2,2,leaf18,hier_leaf,hier,27,13,0.9995929995929996,0.9995929995929996,0.9973549277439103,0.9973735779518075,0.006546111475819005
Swiss roll (Low),PCA,2,2,leaf18,hier_leaf,flat,27,13,0.9043549043549044,0.9523809523809523,0.8451608338174074,0.8946273785299733,0.28128399033863744
Swiss roll (Low),PCA,2,2,leaf19,hier_leaf,hier,24,11,1.0,1.0,0.9995503005863373,0.9995503005863373,0.0025359258264989405
Swiss roll (Low),PCA,2,2,leaf19,hier_leaf,flat,24,11,0.9837662337662337,0.9913419913419913,0.9750241918897323,0.9768811512304989,0.0855550799720546
Swiss roll (Low),PCA,2,2,leaf20,hier_leaf,hier,15,7,1.0,1.0,0.9963617463617463,0.9963617463617463,0.0013789245006353694
Swiss roll (Low),PCA,2,2,leaf20,hier_leaf,flat,15,7,1.0,1.0,0.9963617463617463,0.9963617463617463,0.014040784523213796
Swiss roll (Low),PCA,2,2,leaf21,hier_leaf,hier,75,20,0.9999250936329588,0.9999250936329588,0.9987710746187082,0.9987812594572563,0.004822741486521849
Swiss roll (Low),PCA,2,2,leaf21,hier_leaf,flat,75,20,0.9947116104868913,0.9961498127340824,0.9854562504852402,0.9862328651051634,0.09077301951172945
Swiss roll (Low),PCA,2,2,leaf22,hier_leaf,hier,32,15,0.9997685185185186,0.9997685185185186,0.9983024558363465,0.9983352120083293,0.004402552655770608
Swiss roll (Low),PCA,2,2,leaf22,hier_leaf,flat,32,15,0.9909722222222221,0.992361111111111,0.9797570304016718,0.9802267286017705,0.1359223409083462
Swiss roll (Low),PCA,2,2,leaf23,hier_leaf,hier,28,13,1.0,1.0,0.9992605883450282,0.9992605883450282,0.003048584345748525
Swiss roll (Low),PCA,2,2,leaf23,hier_leaf,flat,28,13,0.9993131868131868,0.9996565934065933,0.9949438273240758,0.9949744167739757,0.01723569500831053
Swiss roll (Low),PCA,2,2,leaf24,hier_leaf,hier,55,20,0.9994063079777364,0.999443413729128,0.9943289797299785,0.994538026844078,0.019204123345598442
Swiss roll (Low),PCA,2,2,leaf24,hier_leaf,flat,55,20,0.9943970315398886,0.9964749536178109,0.986052506928733,0.9865562711477609,0.09330303544684042
Swiss roll (Low),PCA,2,2,leaf25,hier_leaf,hier,26,12,0.9995726495726495,0.9995726495726495,0.9994541588846015,0.9995126418612514,0.0013705340856633855
Swiss roll (Low),PCA,2,2,leaf25,hier_leaf,flat,26,12,0.8978632478632479,0.9192307692307692,0.7993555825784038,0.8693433211117836,0.2787525718630158
Swiss roll (Low),PCA,2,2,leaf26,hier_leaf,hier,17,8,1.0,1.0,1.0,1.0,0.0017952004116678882
Swiss roll (Low),PCA,2,2,leaf26,hier_leaf,flat,17,8,0.9950980392156863,0.9967320261437908,0.9770270442739909,0.9772780450865528,0.036043029526062496
Swiss roll (Low),PCA,2,2,leaf27,hier_leaf,hier,16,7,1.0,1.0,1.0,1.0,0.005475427136350281
Swiss roll (Low),PCA,2,2,leaf27,hier_leaf,flat,16,7,0.9446428571428571,0.9517857142857142,0.9453415657405209,0.9451337766167973,0.22798065708000084
Swiss roll (Low),PCA,2,2,leaf28,hier_leaf,hier,32,15,0.9997685185185186,0.9997685185185186,0.9987040707202066,0.9987040707202066,0.0037132339182518737
Swiss roll (Low),PCA,2,2,leaf28,hier_leaf,flat,32,15,0.9912037037037037,0.9937499999999999,0.9736707656669139,0.9749377041528692,0.1197031349575009
Swiss roll (Low),PCA,3,2,leaf0,hier_leaf,hier,108,20,0.9992293906810035,0.9994444444444445,0.9964584783927087,0.9966378913291392,0.024390870303583143
Swiss roll (Low),PCA,3,2,leaf0,hier_leaf,flat,108,20,0.75089605734767,0.8964157706093191,0.729179495672546,0.9163231919608107,0.5299337904554347
Swiss roll (Low),PCA,3,2,leaf1,hier_leaf,hier,16,7,1.0,1.0,0.9981447399667538,0.9981447399667538,0.003758389348936088
Swiss roll (Low),PCA,3,2,leaf1,hier_leaf,flat,16,7,0.8071428571428572,0.7625,0.836509538510251,0.8398539539301828,0.5329904993285217
Swiss roll (Low),PCA,3,2,leaf2,hier_leaf,hier,38,18,0.9998607630186577,0.9998607630186577,0.9979849999147987,0.9981857159456453,0.006007443013119018
Swiss roll (Low),PCA,3,2,leaf2,hier_leaf,flat,38,18,0.7786131996658313,0.8415483152325257,0.8300742981866079,0.8652927880621595,0.46722848830649827
Swiss roll (Low),PCA,3,2,leaf3,hier_leaf,hier,52,20,0.9996422182468694,0.9996422182468694,0.997638027041599,0.9976701209434118,0.008722400359468457
Swiss roll (Low),PCA,3,2,leaf3,hier_leaf,flat,52,20,0.9977638640429338,0.9982110912343471,0.9908340441589407,0.9913791215337712,0.06181582118492319
Swiss roll (Low),PCA,3,2,leaf4,hier_leaf,hier,20,9,0.9981481481481481,0.9981481481481481,0.9988145550029228,0.9988145550029228,0.004284227203677227
Swiss roll (Low),PCA,3,2,leaf4,hier_leaf,flat,20,9,0.9675925925925926,0.9731481481481481,0.9465073934584902,0.9499242925183757,0.19242832389073325
Swiss roll (Low),PCA,3,2,leaf5,hier_leaf,hier,26,12,0.9995726495726495,0.9995726495726495,0.9982640303097773,0.9982055473331275,0.003883684646081969
Swiss roll (Low),PCA,3,2,leaf5,hier_leaf,flat,26,12,0.9008547008547008,0.911111111111111,0.9023043035441008,0.9148983804903389,0.3178718305093535
Swiss roll (Low),PCA,3,2,leaf6,hier_leaf,hier,32,15,0.9993055555555554,0.9993055555555554,0.9975004455624752,0.997532553810177,0.0052017418337748115
Swiss roll (Low),PCA,3,2,leaf6,hier_leaf,flat,32,15,0.9974537037037037,0.9981481481481481,0.9936874089873633,0.993781825953419,0.04371766626206799
Swiss roll (Low),PCA,3,2,leaf7,hier_leaf,hier,28,13,1.0,1.0,0.9992605883450282,0.9992605883450282,0.003048584345748525
Swiss roll (Low),PCA,3,2,leaf7,hier_leaf,flat,28,13,0.9993131868131868,0.9996565934065933,0.9949438273240758,0.9949744167739757,0.01723569500831053
Swiss roll (Low),PCA,3,2,leaf8,hier_leaf,hier,30,14,0.9988795518207283,0.9994397759103641,0.9980131784721372,0.9981283486501158,0.005298354972521685
Swiss roll (Low),PCA,3,2,leaf8,hier_leaf,flat,30,14,0.9288515406162466,0.9647058823529412,0.8646294518327731,0.9086264458199727,0.22762668041424017
Swiss roll (Low),PCA,3,2,leaf9,hier_leaf,hier,21,10,1.0,1.0,1.0,1.0,0.0016389353811201955
Swiss roll (Low),PCA,3,2,leaf9,hier_leaf,flat,21,10,0.9393939393939393,0.9411255411255413,0.8775840675074481,0.9055732596480216,0.21274894831385982
Swiss roll (Low),PCA,3,2,leaf10,hier_leaf,hier,21,10,1.0,1.0,0.9992307437164646,0.9992307437164646,0.0029863516890360417
Swiss roll (Low),PCA,3,2,leaf10,hier_leaf,flat,21,10,0.9826839826839825,0.9896103896103894,0.9714631007874568,0.9737746967837518,0.08087690543985329
Swiss roll (Low),PCA,3,2,leaf11,hier_leaf,hier,36,17,0.9998366013071895,0.9998366013071895,0.9986879466765703,0.998694151719865,0.002984303815894473
Swiss roll (Low),PCA,3,2,leaf11,hier_leaf,flat,36,17,0.9852941176470588,0.9898692810457516,0.9802984348704702,0.9811056816497317,0.1320244810496676
Swiss roll (Low),PCA,3,2,leaf12,hier_leaf,hier,26,12,0.9995726495726495,0.9995726495726495,0.9994541588846015,0.9995126418612514,0.0013705340856633855
Swiss roll (Low),PCA,3,2,leaf12,hier_leaf,flat,26,12,0.8978632478632479,0.9192307692307692,0.7993555825784038,0.8693433211117836,0.2787525718630158
Swiss roll (Low),PCA,3,2,leaf13,hier_leaf,hier,15,7,1.0,1.0,0.9965407715407716,0.9968641718641719,0.009049367712390352
Swiss roll (Low),PCA,3,2,leaf13,hier_leaf,flat,15,7,0.992857142857143,0.9952380952380953,0.9727361977361978,0.9741741741741741,0.07298108580891227
Swiss roll (Low),PCA,3,2,leaf14,hier_leaf,hier,35,17,1.0,1.0,0.9991522048338481,0.9991623026983496,0.0024570496036563296
Swiss roll (Low),PCA,3,2,leaf14,hier_leaf,flat,35,17,0.9886087768440709,0.9917833800186742,0.9650455056644776,0.9665339035289205,0.07224395845265597
Swiss roll (Low),PCA,3,2,leaf15,hier_leaf,hier,56,20,0.9994747899159664,0.9995448179271708,0.9945320063761152,0.9947662472144773,0.0189549659741193
Swiss roll (Low),PCA,3,2,leaf15,hier_leaf,flat,56,20,0.9947478991596638,0.9964635854341737,0.9865416957968651,0.9869801935432881,0.09187769364942147
Swiss roll (Low),PCA,3,2,leaf16,hier_leaf,hier,49,20,0.9996138996138997,0.9996138996138997,0.9975169276043752,0.9975774950360076,0.00815685847529205
Swiss roll (Low),PCA,3,2,leaf16,hier_leaf,flat,49,20,0.9312741312741314,0.9539988968560396,0.8946044386361237,0.913902154128371,0.2719364165211718
Swiss roll (Low),PCA,3,2,leaf17,hier_leaf,hier,19,9,1.0,1.0,0.9996778873742677,0.9996778873742677,0.003637119731146829
Swiss roll (Low),PCA,3,2,leaf17,hier_leaf,flat,19,9,0.8795321637426899,0.9111111111111112,0.801400513214738,0.8501158522721121,0.28334877453888596
Swiss roll (Low),PCA,3,2,leaf18,hier_leaf,hier,16,7,1.0,1.0,0.9968633737037916,0.9968633737037916,0.005123836920840962
Swiss roll (Low),PCA,3,2,leaf18,hier_leaf,flat,16,7,0.9464285714285714,0.9553571428571428,0.9435753581888704,0.9487898757223145,0.22031515811602317
Swiss roll (Low),PCA,3,2,leaf19,hier_leaf,hier,17,8,1.0,1.0,0.9927337391888845,0.9927337391888845,0.0025912464407241145
Swiss roll (Low),PCA,3,2,leaf19,hier_leaf,flat,17,8,0.9330065359477124,0.9526143790849673,0.8647807571716037,0.8968620644178696,0.2572416441141601
Swiss roll (Low),PCA,3,2,leaf20,hier_leaf,hier,19,9,1.0,1.0,0.9980673242456068,0.9980673242456068,0.006685058058362824
Swiss roll (Low),PCA,3,2,leaf20,hier_leaf,flat,19,9,0.8421052631578949,0.8830409356725146,0.8509122013014432,0.8714624454573998,0.35569154193767755
Swiss roll (Low),PCA,3,2,leaf21,hier_leaf,hier,46,20,0.9997896213183729,0.9997896213183729,0.995467836160583,0.9954728449065711,0.009092660867858603
Swiss roll (Low),PCA,3,2,leaf21,hier_leaf,flat,46,20,0.9967040673211783,0.997054698457223,0.9821936748533627,0.9826306871722623,0.07699397600700336
Swiss roll (Low),PCA,3,2,leaf22,hier_leaf,hier,17,8,0.9983660130718954,0.9983660130718954,0.9974517036148373,0.9974517036148373,0.008213517607898358
Swiss roll (Low),PCA,3,2,leaf22,hier_leaf,flat,17,8,0.9950980392156863,0.9934640522875817,0.9891644225492323,0.9890304136408306,0.04163036562695139
Swiss roll (Low),PCA,3,2,leaf23,hier_leaf,hier,17,8,1.0,1.0,1.0,1.0,0.0010705896398735867
Swiss roll (Low),PCA,3,2,leaf23,hier_leaf,flat,17,8,0.9934640522875817,0.9950980392156863,0.9778353519754615,0.9780863527880234,0.03636604511704697
Swiss roll (Low),PCA,3,2,leaf24,hier_leaf,hier,18,8,1.0,1.0,0.997594949393727,0.9976840253421074,0.005952981816749983
Swiss roll (Low),PCA,3,2,leaf24,hier_leaf,flat,18,8,0.9558080808080809,0.967171717171717,0.9488147331618622,0.9487033882263867,0.22747827018114836
Swiss roll (Low),PCA,3,2,leaf25,hier_leaf,hier,31,15,0.999731182795699,0.999731182795699,0.9985754100848133,0.9985754100848133,0.003694392947046864
Swiss roll (Low),PCA,3,2,leaf25,hier_leaf,flat,31,15,0.988978494623656,0.9911290322580645,0.9714487485093579,0.9728251923647472,0.12426175273141725
Swiss roll (Low),PCA,3,2,leaf26,hier_leaf,hier,18,8,1.0,1.0,0.9976617563550122,0.9976617563550122,0.0032814039114488717
Swiss roll (Low),PCA,3,2,leaf26,hier_leaf,flat,18,8,0.9835858585858586,0.9797979797979798,0.9639817691225647,0.961521046048554,0.10670876214741692
Swiss roll (Low),PCA,3,2,leaf27,hier_leaf,hier,37,18,0.9992097360518413,0.9995258416311048,0.9932853495966504,0.9934902983383314,0.01696619783521587
Swiss roll (Low),PCA,3,2,leaf27,hier_leaf,flat,37,18,0.989726568673937,0.9930456772562035,0.9780835899459221,0.9791975892399837,0.08862446767616966
Swiss roll (Low),PCA,3,2,leaf28,hier_leaf,hier,33,16,0.999331550802139,0.999331550802139,0.997617368901471,0.9976340766372831,0.005008574720667426
Swiss roll (Low),PCA,3,2,leaf28,hier_leaf,flat,33,16,0.999331550802139,0.999331550802139,0.9925292920597066,0.9925670137271965,0.014684992220145238
Swiss roll (Low),PCA,4,2,leaf0,hier_leaf,hier,38,18,0.9998607630186577,0.9998607630186577,0.9979849999147987,0.9981857159456453,0.006007443013119018
Swiss roll (Low),PCA,4,2,leaf0,hier_leaf,flat,38,18,0.7786131996658313,0.8415483152325257,0.8300742981866079,0.8652927880621595,0.46722848830649827
Swiss roll (Low),PCA,4,2,leaf1,hier_leaf,hier,17,8,1.0,1.0,0.9984046558523606,0.9984046558523606,0.0034287634086980906
Swiss roll (Low),PCA,4,2,leaf1,hier_leaf,flat,17,8,0.7941176470588234,0.7450980392156863,0.8106922091900332,0.8310402920117929,0.504843385550192
Swiss roll (Low),PCA,4,2,leaf2,hier_leaf,hier,73,20,0.9992586623690572,0.9994842868654312,0.9961675842000814,0.9962851944559707,0.020330375281850565
Swiss roll (Low),PCA,4,2,leaf2,hier_leaf,flat,73,20,0.7752135374697825,0.8700564061240935,0.7495289826955073,0.8938936054584702,0.5725178739747362
Swiss roll (Low),PCA,4,2,leaf3,hier_leaf,hier,18,8,1.0,1.0,0.9963627321077967,0.9963627321077967,0.003221348495078999
Swiss roll (Low),PCA,4,2,leaf3,hier_leaf,flat,18,8,0.9646464646464646,0.9722222222222222,0.9310106779793119,0.9318476207443038,0.1821352620369316
Swiss roll (Low),PCA,4,2,leaf4,hier_leaf,hier,15,7,1.0,1.0,0.9981577731577732,0.9981577731577732,0.004103405049582502
Swiss roll (Low),PCA,4,2,leaf4,hier_leaf,flat,15,7,0.9976190476190475,0.9976190476190475,0.9955070455070455,0.9955070455070455,0.024610243380683888
Swiss roll (Low),PCA,4,2,leaf5,hier_leaf,hier,21,10,0.9991341991341992,0.9991341991341992,0.9958705098013202,0.9958705098013202,0.010964634156175318
Swiss roll (Low),PCA,4,2,leaf5,hier_leaf,flat,21,10,0.9948051948051948,0.9956709956709956,0.9884462724026223,0.9885683158262681,0.06407420011203113
Swiss roll (Low),PCA,4,2,leaf6,hier_leaf,hier,48,20,0.9997619047619049,0.9997619047619049,0.9957713170640977,0.9958522393836775,0.011275707000150468
Swiss roll (Low),PCA,4,2,leaf6,hier_leaf,flat,48,20,0.9964880952380953,0.9976190476190476,0.9893245635615843,0.9898038030287566,0.06948667386244257
Swiss roll (Low),PCA,4,2,leaf7,hier_leaf,hier,26,12,0.9995726495726495,0.9995726495726495,0.9982640303097773,0.9982055473331275,0.003883684646081969
Swiss roll (Low),PCA,4,2,leaf7,hier_leaf,flat,26,12,0.9008547008547008,0.911111111111111,0.9023043035441008,0.9148983804903389,0.3178718305093535
Swiss roll (Low),PCA,4,2,leaf8,hier_leaf,hier,20,9,0.9981481481481481,0.9981481481481481,0.9988145550029228,0.9988145550029228,0.004284227203677227
Swiss roll (Low),PCA,4,2,leaf8,hier_leaf,flat,20,9,0.9675925925925926,0.9731481481481481,0.9465073934584902,0.9499242925183757,0.19242832389073325
Swiss roll (Low),PCA,4,2,leaf9,hier_leaf,hier,16,7,1.0,1.0,0.9915499089685744,0.9915499089685744,0.0032463451022674526
Swiss roll (Low),PCA,4,2,leaf9,hier_leaf,flat,16,7,0.9017857142857142,0.9357142857142857,0.8531920367292014,0.8898618697063247,0.323737816257311
Swiss roll (Low),PCA,4,2,leaf10,hier_leaf,hier,28,13,1.0,1.0,0.9992605883450282,0.9992605883450282,0.003048584345748525
Swiss roll (Low),PCA,4,2,leaf10,hier_leaf,flat,28,13,0.9993131868131868,0.9996565934065933,0.9949438273240758,0.9949744167739757,0.01723569500831053
Swiss roll (Low),PCA,4,2,leaf11,hier_leaf,hier,27,13,0.9991859991859992,0.9991859991859992,0.998971724700212,0.9990304728550886,0.003081160580285348
Swiss roll (Low),PCA,4,2,leaf11,hier_leaf,flat,27,13,0.9185999185999186,0.9356939356939357,0.7995540702686491,0.8647965291337082,0.2792074394991737
Swiss roll (Low),PCA,4,2,leaf12,hier_leaf,hier,15,7,1.0,1.0,1.0,1.0,0.005425550475095311
Swiss roll (Low),PCA,4,2,leaf12,hier_leaf,flat,15,7,0.9904761904761905,0.9928571428571428,0.9784938784938786,0.9785978285978286,0.0472642034720189
Swiss roll (Low),PCA,4,2,leaf13,hier_leaf,hier,38,18,0.9998607630186577,0.9998607630186577,0.9991259712158168,0.9991259712158168,0.0036286961426402276
Swiss roll (Low),PCA,4,2,leaf13,hier_leaf,flat,38,18,0.9884433305485936,0.9908103592314117,0.966734948037198,0.9680080231210129,0.07257281488095756
Swiss roll (Low),PCA,4,2,leaf14,hier_leaf,hier,26,12,0.9995726495726495,0.9995726495726495,0.99511785503379,0.995229947405702,0.016428551637446512
Swiss roll (Low),PCA,4,2,leaf14,hier_leaf,flat,26,12,0.6397435897435897,0.7542735042735043,0.6467300984171026,0.7988406771010509,0.6152333406696193
Swiss roll (Low),PCA,4,2,leaf15,hier_leaf,hier,28,13,0.9989697802197802,0.9989697802197802,0.9946072550788199,0.9947680592075744,0.015370651958141515
Swiss roll (Low),PCA,4,2,leaf15,hier_leaf,flat,28,13,0.8258928571428573,0.8269230769230769,0.8290664368072038,0.862035111372745,0.4579514959497139
Swiss roll (Low),PCA,4,2,leaf16,hier_leaf,hier,19,9,1.0,1.0,0.9972812611656687,0.9973592178347535,0.004377920841244594
Swiss roll (Low),PCA,4,2,leaf16,hier_leaf,flat,19,9,0.8093567251461989,0.8538011695906432,0.819967734600851,0.829982459749456,0.43957828790192444
Swiss roll (Low),PCA,4,2,leaf17,hier_leaf,hier,15,7,1.0,1.0,1.0,1.0,0.0012682472669940177
Swiss roll (Low),PCA,4,2,leaf17,hier_leaf,flat,15,7,0.9976190476190477,0.9976190476190477,0.9987641487641488,0.9987641487641488,0.013670312241260323
Swiss roll (Low),PCA,4,2,leaf18,hier_leaf,hier,16,7,1.0,1.0,0.9993568431884746,0.9993568431884746,0.002364962522641394
Swiss roll (Low),PCA,4,2,leaf18,hier_leaf,flat,16,7,0.9928571428571429,0.9928571428571429,0.9862166547930025,0.9864887595978786,0.05510302647974881
Swiss roll (Low),PCA,4,2,leaf19,hier_leaf,hier,26,12,1.0,1.0,0.9974848838911008,0.9975053065178674,0.0034772652729149114
Swiss roll (Low),PCA,4,2,leaf19,hier_leaf,flat,26,12,0.9653846153846154,0.9730769230769231,0.897995454201772,0.9205092187041,0.17792323385907505
Swiss roll (Low),PCA,4,2,leaf20,hier_leaf,hier,22,10,1.0,1.0,1.0,1.0,0.001487233894431948
Swiss roll (Low),PCA,4,2,leaf20,hier_leaf,flat,22,10,0.9524475524475524,0.9531468531468533,0.8889057291242224,0.9142767707063175,0.19313783317262898
Swiss roll (Low),PCA,4,2,leaf21,hier_leaf,hier,64,20,0.9994636194029851,0.9995102611940299,0.9942698836888524,0.9943732688521438,0.016486188779437597
Swiss roll (Low),PCA,4,2,leaf21,hier_leaf,flat,64,20,0.9977378731343285,0.9981576492537314,0.9894705112235949,0.989798720545787,0.05152822235538113
Swiss roll (Low),PCA,4,2,leaf22,hier_leaf,hier,33,16,0.999331550802139,0.999331550802139,0.9920505926177626,0.9921801865558408,0.01823706862532704
Swiss roll (Low),PCA,4,2,leaf22,hier_leaf,flat,33,16,0.9828431372549018,0.9901960784313726,0.9764854474571774,0.9780837309579297,0.0892151218072815
Swiss roll (Low),PCA,4,2,leaf23,hier_leaf,hier,21,10,1.0,1.0,0.9989598668493491,0.9989598668493491,0.0030751068607837227
Swiss roll (Low),PCA,4,2,leaf23,hier_leaf,flat,21,10,0.9766233766233766,0.9757575757575756,0.9648846625860789,0.9641052005807056,0.09590088593355474
Swiss roll (Low),PCA,4,2,leaf24,hier_leaf,hier,36,17,0.9998366013071895,0.9998366013071895,0.996701493377249,0.9968026833140515,0.007937498601963262
Swiss roll (Low),PCA,4,2,leaf24,hier_leaf,flat,36,17,0.9952614379084967,0.9973856209150327,0.9909330193582738,0.9912886304611934,0.0410196045827952
Swiss roll (Low),PCA,4,2,leaf25,hier_leaf,hier,25,12,0.9994871794871796,0.9994871794871796,0.996560047757668,0.9966188538414247,0.006721654543610681
Swiss roll (Low),PCA,4,2,leaf25,hier_leaf,flat,25,12,0.8174358974358974,0.8369230769230768,0.8015732791265132,0.8462761620247622,0.4517303111360243
Swiss roll (Low),PCA,4,2,leaf26,hier_leaf,hier,16,7,1.0,1.0,0.9977786353201932,0.9977786353201932,0.010333848043400934
Swiss roll (Low),PCA,4,2,leaf26,hier_leaf,flat,16,7,0.9624999999999999,0.9571428571428571,0.9501009261458087,0.9561812316947678,0.3276222880082547
Swiss roll (Low),PCA,4,2,leaf27,hier_leaf,hier,24,11,1.0,1.0,0.9997589240256654,0.9997589240256654,0.002449565197877408
Swiss roll (Low),PCA,4,2,leaf27,hier_leaf,flat,24,11,0.9875541125541125,0.9929653679653679,0.9747309389824909,0.9765984629580303,0.08379037811606953
Swiss roll (Low),PCA,4,2,leaf28,hier_leaf,hier,32,15,1.0,1.0,0.9981929849931837,0.9982257411651663,0.003114663985902432
Swiss roll (Low),PCA,4,2,leaf28,hier_leaf,flat,32,15,0.9905092592592593,0.9912037037037037,0.9794044625132565,0.9797123203539396,0.13859515488783003
Swiss roll (Low),PCA,4,2,leaf29,hier_leaf,hier,17,8,1.0,1.0,0.998732233184009,0.998834335209458,0.006400786796162107
Swiss roll (Low),PCA,4,2,leaf29,hier_leaf,flat,17,8,0.9607843137254901,0.9673202614379084,0.9478832973849118,0.9478386277487779,0.21793386454539174
Swiss roll (Low),PCA,4,2,leaf30,hier_leaf,hier,17,8,1.0,1.0,1.0,1.0,0.0017952004116678882
Swiss roll (Low),PCA,4,2,leaf30,hier_leaf,flat,17,8,0.9950980392156863,0.9967320261437908,0.9770270442739909,0.9772780450865528,0.036043029526062496
Swiss roll (Low),PCA,4,2,leaf31,hier_leaf,hier,30,14,1.0,1.0,0.9984807523682472,0.9984807523682472,0.0039097448915818
Swiss roll (Low),PCA,4,2,leaf31,hier_leaf,flat,30,14,0.9845938375350141,0.9882352941176471,0.9712762920498689,0.97261572858943,0.12716284736498432
Swiss roll (Low),MDS,0,2,leaf0,hier_leaf,hier,16,7,1.0,1.0,0.9915499089685743,0.9915499089685743,0.002853113549514323
Swiss roll (Low),MDS,0,2,leaf0,hier_leaf,flat,16,7,0.8982142857142856,0.9357142857142857,0.8178678856961925,0.8718633737037917,0.33060043633897856
Swiss roll (Low),MDS,0,2,leaf1,hier_leaf,hier,67,20,0.9999591085667552,0.9999591085667552,0.9994126183915665,0.9994115983561161,0.002558761884978377
Swiss roll (Low),MDS,0,2,leaf1,hier_leaf,flat,67,20,0.9882846043753833,0.9859129012471888,0.9743892239878208,0.9734847310044752,0.35339173834559534
Swiss roll (Low),MDS,0,2,leaf2,hier_leaf,hier,37,18,0.9977872609451556,0.9974711553658921,0.9939512660234269,0.9938870820855683,0.0209675075594508
Swiss roll (Low),MDS,0,2,leaf2,hier_leaf,flat,37,18,0.7479058005373794,0.7720878773510352,0.7559194695326061,0.846305163821868,0.5259098303156212
Swiss roll (Low),MDS,0,2,leaf3,hier_leaf,hier,36,17,0.999673202614379,0.9998366013071895,0.9977569452915771,0.9977744654138205,0.0033857776992897402
Swiss roll (Low),MDS,0,2,leaf3,hier_leaf,flat,36,17,0.9683006535947712,0.9629084967320259,0.9504124006567998,0.9482837470569451,0.3650782879156113
Swiss roll (Low),MDS,0,2,leaf4,hier_leaf,hier,20,9,1.0,1.0,0.9988787626139206,0.9988787626139206,0.0026634328834318926
Swiss roll (Low),MDS,0,2,leaf4,hier_leaf,flat,20,9,0.9037037037037037,0.9027777777777777,0.9004935361143854,0.8915993445073743,0.31504331176758843
Swiss roll (Low),MDS,0,2,leaf5,hier_leaf,hier,63,20,0.9997313797313797,0.9998046398046398,0.9963753187068827,0.9964047972593115,0.01144503427155958
Swiss roll (Low),MDS,0,2,leaf5,hier_leaf,flat,63,20,0.9968009768009768,0.996947496947497,0.9860449258159301,0.9863562043092633,0.060561201944009525
Swiss roll (Low),MDS,0,2,leaf6,hier_leaf,hier,19,9,0.9988304093567252,0.9988304093567252,0.9975936292077653,0.9975936292077653,0.0031554863683221418
Swiss roll (Low),MDS,0,2,leaf6,hier_leaf,flat,19,9,0.9122807017543861,0.9216374269005849,0.8831364566528438,0.8927722257711755,0.2871460452192267
Swiss roll (Low),MDS,0,2,leaf7,hier_leaf,hier,18,8,1.0,1.0,0.9982184810323902,0.9982184810323902,0.0031059248051898336
Swiss roll (Low),MDS,0,2,leaf7,hier_leaf,flat,18,8,0.8914141414141414,0.9040404040404041,0.8723597332175347,0.864387435837481,0.3769424100539508
Swiss roll (Low),MDS,0,2,leaf8,hier_leaf,hier,42,20,0.9983436853002071,0.9985507246376812,0.9948233406366481,0.9947884519694098,0.01562825209748172
Swiss roll (Low),MDS,0,2,leaf8,hier_leaf,flat,42,20,0.8286749482401657,0.8475155279503106,0.8543144903714512,0.8875984689724928,0.4365278514974825
Swiss roll (Low),MDS,0,2,leaf9,hier_leaf,hier,30,14,0.9997198879551821,0.9997198879551821,0.9982026082563779,0.9982026082563779,0.007286909370350416
Swiss roll (Low),MDS,0,2,leaf9,hier_leaf,flat,30,14,0.9787114845938376,0.981232492997199,0.9691211065627954,0.9687754918369513,0.10116181918306096
Swiss roll (Low),MDS,0,2,leaf10,hier_leaf,hier,73,20,0.9997582594681711,0.9997743755036264,0.9969493076247715,0.9969326951574237,0.009830708404351456
Swiss roll (Low),MDS,0,2,leaf10,hier_leaf,flat,73,20,0.9974375503626108,0.9972441579371476,0.9888291334773088,0.9885712134018351,0.0518280298765093
Swiss roll (Low),MDS,0,2,leaf11,hier_leaf,hier,26,12,0.9995726495726495,0.9995726495726495,0.9991166749772833,0.9990581920006334,0.002827025343094745
Swiss roll (Low),MDS,0,2,leaf11,hier_leaf,flat,26,12,0.9538461538461538,0.9534188034188034,0.9239317028372273,0.9254612415443944,0.23505509843849925
Swiss roll (Low),MDS,0,2,leaf12,hier_leaf,hier,52,20,0.9997763864042934,0.9997763864042934,0.9985051337786377,0.9985061347698813,0.005252819716489833
Swiss roll (Low),MDS,0,2,leaf12,hier_leaf,flat,52,20,0.9721377459749554,0.9657423971377459,0.9646542363758438,0.9659589578411583,0.18715205879247027
Swiss roll (Low),MDS,0,2,leaf13,hier_leaf,hier,109,20,0.9996902939285923,0.9997136679717173,0.9976997370607917,0.9977422130477164,0.015028723317286172
Swiss roll (Low),MDS,0,2,leaf13,hier_leaf,flat,109,20,0.8405481213112839,0.8928358557821539,0.8760030177474982,0.9118353700241788,0.5025753099188707
Swiss roll (Low),MDS,0,2,leaf14,hier_leaf,hier,38,18,0.9998607630186577,0.9998607630186577,0.9988621300333528,0.9988621300333528,0.0034615287112691436
Swiss roll (Low),MDS,0,2,leaf14,hier_leaf,flat,38,18,0.745474798106377,0.8216374269005848,0.7633185303247844,0.8251675442374257,0.47747288816418765
Swiss roll (Low),MDS,0,2,leaf15,hier_leaf,hier,16,7,1.0,1.0,0.9983030554895908,0.9983030554895908,0.002953937163548539
Swiss roll (Low),MDS,0,2,leaf15,hier_leaf,flat,16,7,0.8285714285714286,0.8017857142857143,0.8476460460698172,0.8567392939127682,0.49215908370292843
Swiss roll (Low),MDS,0,2,leaf16,hier_leaf,hier,20,9,1.0,1.0,0.9993028203432711,0.9993028203432711,0.0026931391861158404
Swiss roll (Low),MDS,0,2,leaf16,hier_leaf,flat,20,9,0.9296296296296296,0.9453703703703702,0.9107562123259448,0.9197606110264592,0.20077457806228166
Swiss roll (Low),MDS,0,2,leaf17,hier_leaf,hier,29,14,1.0,1.0,0.9989449864287112,0.9989449864287112,0.0023853928288415237
Swiss roll (Low),MDS,0,2,leaf17,hier_leaf,flat,29,14,0.9911330049261085,0.9901477832512315,0.9784218141504721,0.9785470584781777,0.08471399244337098
Swiss roll (Low),MDS,0,2,leaf18,hier_leaf,hier,32,15,0.9993055555555554,0.9993055555555554,0.9985598017618723,0.9985598017618723,0.0033256879728297078
Swiss roll (Low),MDS,0,2,leaf18,hier_leaf,flat,32,15,0.961111111111111,0.9701388888888889,0.9507934090245023,0.9519039239725561,0.16449990345885537
Swiss roll (Low),MDS,0,2,leaf19,hier_leaf,hier,27,13,0.9991859991859992,0.9991859991859992,0.9989847798457403,0.9990435280006168,0.001930437116225208
Swiss roll (Low),MDS,0,2,leaf19,hier_leaf,flat,27,13,0.919006919006919,0.936100936100936,0.8516534227692967,0.8802584171502043,0.2573652063678194
Swiss roll (Low),MDS,0,2,leaf20,hier_leaf,hier,35,17,0.9996265172735761,0.9996265172735761,0.9984291268614838,0.9984064066663552,0.002943497734307618
Swiss roll (Low),MDS,0,2,leaf20,hier_leaf,flat,35,17,0.9613445378151261,0.9613445378151261,0.9473111359623048,0.9494167864335548,0.17904598953603987
Swiss roll (Low),MDS,0,2,leaf21,hier_leaf,hier,33,16,1.0,1.0,0.9976984090238018,0.9976831865327084,0.006973937082456958
Swiss roll (Low),MDS,0,2,leaf21,hier_leaf,flat,33,16,0.9329322638146168,0.9155525846702318,0.916531529420185,0.913270089666677,0.33283039154023514
Swiss roll (Low),MDS,0,2,leaf22,hier_leaf,hier,26,12,0.9995726495726495,0.9995726495726495,0.9987909572878861,0.9987909572878861,0.002612939253582282
Swiss roll (Low),MDS,0,2,leaf22,hier_leaf,flat,26,12,0.95,0.9568376068376069,0.9153695861879177,0.9245983159409139,0.19283369921389618
Swiss roll (Low),MDS,0,2,leaf23,hier_leaf,hier,21,10,1.0,1.0,1.0,1.0,0.0016928023903076113
Swiss roll (Low),MDS,0,2,leaf23,hier_leaf,flat,21,10,0.9350649350649353,0.9376623376623376,0.8444911639710805,0.8863571611423945,0.23682798451830853
Swiss roll (Low),MDS,0,2,leaf24,hier_leaf,hier,17,8,1.0,1.0,0.9972602623171203,0.9972602623171203,0.002631224722522717
Swiss roll (Low),MDS,0,2,leaf24,hier_leaf,flat,17,8,0.9950980392156862,0.9967320261437908,0.9341973717236949,0.9384728940393687,0.10238379267895134
Swiss roll (Low),MDS,0,2,leaf25,hier_leaf,hier,26,12,1.0,1.0,0.9984532180977335,0.9984532180977335,0.003234825630340366
Swiss roll (Low),MDS,0,2,leaf25,hier_leaf,flat,26,12,0.8786324786324784,0.902136752136752,0.8743818152104104,0.8870977781063965,0.2982077600244834
Swiss roll (Low),MDS,0,2,leaf26,hier_leaf,hier,20,9,0.9981481481481481,0.9981481481481481,0.9981370209585142,0.9981370209585142,0.0031685408025184368
Swiss roll (Low),MDS,0,2,leaf26,hier_leaf,flat,20,9,0.8601851851851853,0.8787037037037038,0.8590963976655261,0.8807051337339121,0.36447214339067363
Swiss roll (Low),MDS,1,2,leaf0,hier_leaf,hier,108,20,0.9996833930704899,0.9997013142174432,0.9976165587532876,0.9976682529076859,0.015099941530945217
Swiss roll (Low),MDS,1,2,leaf0,hier_leaf,flat,108,20,0.8348088410991636,0.8902270011947431,0.8697913938545067,0.9098670055770012,0.5043872735364072
Swiss roll (Low),MDS,1,2,leaf1,hier_leaf,hier,16,7,1.0,1.0,0.9976598986780654,0.9976598986780654,0.002797440760177992
Swiss roll (Low),MDS,1,2,leaf1,hier_leaf,flat,16,7,0.8482142857142857,0.8107142857142857,0.8589408691522205,0.8631955988284652,0.47958802968311626
Swiss roll (Low),MDS,1,2,leaf2,hier_leaf,hier,38,18,1.0,1.0,0.9991418889579372,0.9991418889579372,0.0035041357580827474
Swiss roll (Low),MDS,1,2,leaf2,hier_leaf,flat,38,18,0.7447786131996658,0.8203842940685048,0.7717701594572987,0.8290536620208883,0.48226136283089366
Swiss roll (Low),MDS,1,2,leaf3,hier_leaf,hier,15,7,1.0,1.0,0.9981577731577732,0.9981577731577732,0.002772566308593604
Swiss roll (Low),MDS,1,2,leaf3,hier_leaf,flat,15,7,0.9833333333333332,0.9809523809523809,0.9660949410949412,0.9658928158928161,0.06209606100966242
Swiss roll (Low),MDS,1,2,leaf4,hier_leaf,hier,36,17,0.9998366013071895,0.9998366013071895,0.9992074865856089,0.9992074865856089,0.004093259436405461
Swiss roll (Low),MDS,1,2,leaf4,hier_leaf,flat,36,17,0.977450980392157,0.9779411764705882,0.9586364572766605,0.9608647124505867,0.14016352543510674
Swiss roll (Low),MDS,1,2,leaf5,hier_leaf,hier,221,20,0.9994334984145081,0.9995130699160343,0.9973232131513549,0.9973532533261386,0.032344568643704115
Swiss roll (Low),MDS,1,2,leaf5,hier_leaf,flat,221,20,0.9958575313832376,0.9978444436526882,0.9923439610501985,0.9939347011890202,0.0904897507404729
Swiss roll (Low),MDS,1,2,leaf6,hier_leaf,hier,17,8,1.0,1.0,0.9935675723967174,0.9935675723967174,0.0026707883903709976
Swiss roll (Low),MDS,1,2,leaf6,hier_leaf,flat,17,8,0.9215686274509803,0.9444444444444445,0.8157483865752855,0.868018242228547,0.3187174102573866
Swiss roll (Low),MDS,1,2,leaf7,hier_leaf,hier,19,9,0.9976608187134502,0.9976608187134502,0.9971502506523456,0.9971502506523456,0.004068476539528915
Swiss roll (Low),MDS,1,2,leaf7,hier_leaf,flat,19,9,0.895906432748538,0.9064327485380118,0.8789278792537815,0.8913348996849253,0.32926935418893233
Swiss roll (Low),MDS,1,2,leaf8,hier_leaf,hier,65,20,0.999933110367893,0.999933110367893,0.9992962129372267,0.9992951232003048,0.002753790620415215
Swiss roll (Low),MDS,1,2,leaf8,hier_leaf,flat,65,20,0.9891861761426979,0.9885395763656634,0.9742106080470011,0.974414304164358,0.3166873806603239
Swiss roll (Low),MDS,1,2,leaf9,hier_leaf,hier,50,20,0.999948717948718,0.999948717948718,0.9974884830373344,0.9974748490560721,0.006511011034588691
Swiss roll (Low),MDS,1,2,leaf9,hier_leaf,flat,50,20,0.9694358974358975,0.9691794871794873,0.9591345553484844,0.9559939199613595,0.6373242352160527
Swiss roll (Low),MDS,1,2,leaf10,hier_leaf,hier,38,18,0.9987468671679197,0.9983291562238928,0.9942565488618181,0.9942185397865222,0.020525989671975955
Swiss roll (Low),MDS,1,2,leaf10,hier_leaf,flat,38,18,0.7609301030353661,0.8010303536619326,0.7693967100618376,0.8546791199654599,0.5142444645321681
Swiss roll (Low),MDS,1,2,leaf11,hier_leaf,hier,17,8,1.0,1.0,0.9959797327479485,0.9959797327479485,0.002853458787762371
Swiss roll (Low),MDS,1,2,leaf11,hier_leaf,flat,17,8,0.8839869281045752,0.8839869281045752,0.8734445394560515,0.8681501240114184,0.3539468203699311
Swiss roll (Low),MDS,1,2,leaf12,hier_leaf,hier,32,15,0.9993055555555554,0.9993055555555554,0.9982088427763433,0.9982088427763433,0.0032514992620809556
Swiss roll (Low),MDS,1,2,leaf12,hier_leaf,flat,32,15,0.9520833333333334,0.9541666666666666,0.9437677544342367,0.9455309167476724,0.21221707723142297
Swiss roll (Low),MDS,1,2,leaf13,hier_leaf,hier,29,14,1.0,1.0,0.9989449864287112,0.9989449864287112,0.0023971087437147354
Swiss roll (Low),MDS,1,2,leaf13,hier_leaf,flat,29,14,0.9901477832512315,0.9862068965517242,0.975116618447456,0.9747155784793847,0.11654868906021085
Swiss roll (Low),MDS,1,2,leaf14,hier_leaf,hier,20,9,1.0,1.0,0.9993028203432711,0.9993028203432711,0.0027089078226162615
Swiss roll (Low),MDS,1,2,leaf14,hier_leaf,flat,20,9,0.9333333333333332,0.9462962962962962,0.9166997287947177,0.9222484163719825,0.19351122605162988
Swiss roll (Low),MDS,1,2,leaf15,hier_leaf,hier,23,11,1.0,1.0,0.9993816759053279,0.9993816759053279,0.00198520868567714
Swiss roll (Low),MDS,1,2,leaf15,hier_leaf,flat,23,11,0.9150197628458498,0.9189723320158103,0.9109884261313539,0.9141252269270248,0.4012032164930783
Swiss roll (Low),MDS,1,2,leaf16,hier_leaf,hier,35,17,1.0,1.0,0.9980687204841422,0.9980662257176182,0.0027459932664751436
Swiss roll (Low),MDS,1,2,leaf16,hier_leaf,flat,35,17,0.9624649859943976,0.9680672268907561,0.9435719181293787,0.9465325495386275,0.21893278622524032
Swiss roll (Low),MDS,1,2,leaf17,hier_leaf,hier,21,10,1.0,1.0,0.9993748995374256,0.9993748995374256,0.0016680800173839217
Swiss roll (Low),MDS,1,2,leaf17,hier_leaf,flat,21,10,0.9307359307359307,0.9419913419913419,0.8363210584013929,0.8878841922723973,0.23196139710357241
Swiss roll (Low),MDS,1,2,leaf18,hier_leaf,hier,26,12,1.0,1.0,0.9989502305691355,0.9989502305691355,0.0016088940124061924
Swiss roll (Low),MDS,1,2,leaf18,hier_leaf,flat,26,12,0.9153846153846155,0.9273504273504274,0.8644781872653691,0.8919976304183143,0.23422030618816927
Swiss roll (Low),MDS,1,2,leaf19,hier_leaf,hier,27,13,1.0,1.0,0.9986297053194768,0.9986297053194768,0.0027473422004045647
Swiss roll (Low),MDS,1,2,leaf19,hier_leaf,flat,27,13,0.9442409442409444,0.9556369556369558,0.9217454052033831,0.924836690204468,0.2129024853009486
Swiss roll (Low),MDS,1,2,leaf20,hier_leaf,hier,25,12,0.9994871794871796,0.9994871794871796,0.997621408469349,0.9976438107869705,0.00336876932787351
Swiss roll (Low),MDS,1,2,leaf20,hier_leaf,flat,25,12,0.8928205128205129,0.9384615384615386,0.8928005824602582,0.9129344108508681,0.24677639893788628
Swiss roll (Low),MDS,1,2,leaf21,hier_leaf,hier,20,9,0.999074074074074,0.999074074074074,0.9989990320942223,0.9989990320942223,0.0018880407412371874
Swiss roll (Low),MDS,1,2,leaf21,hier_leaf,flat,20,9,0.8648148148148149,0.9037037037037038,0.8823361987177643,0.8944278335202063,0.26845997647379555
Swiss roll (Low),MDS,1,2,leaf22,hier_leaf,hier,25,12,1.0,1.0,0.9984262371870836,0.9984262371870836,0.0033770066278255096
Swiss roll (Low),MDS,1,2,leaf22,hier_leaf,flat,25,12,0.8635897435897435,0.8805128205128204,0.8624700337180338,0.8815071159179922,0.31301455263701905
Swiss roll (Low),MDS,1,2,leaf23,hier_leaf,hier,16,7,1.0,1.0,0.996052006649252,0.996052006649252,0.0026220051619823413
Swiss roll (Low),MDS,1,2,leaf23,hier_leaf,flat,16,7,0.9982142857142857,0.9964285714285714,0.9493044011715349,0.9506352410353835,0.13547916288802567
Swiss roll (Low),MDS,2,2,leaf0,hier_leaf,hier,76,20,0.9996529786003471,0.9997108155002893,0.997181019135412,0.9972038764104848,0.010540837985584606
Swiss roll (Low),MDS,2,2,leaf0,hier_leaf,flat,76,20,0.9960526315789476,0.9955754771544244,0.987544599451702,0.9875980005450066,0.06849185281448256
Swiss roll (Low),MDS,2,2,leaf1,hier_leaf,hier,144,20,0.9985713411649534,0.9986937102300537,0.9944758506713048,0.9944652356088793,0.060911865697517456
Swiss roll (Low),MDS,2,2,leaf1,hier_leaf,flat,144,20,0.9907580763582966,0.9956650758688202,0.9853619909905699,0.9890858959257618,0.16031246372525376
Swiss roll (Low),MDS,2,2,leaf2,hier_leaf,hier,17,8,1.0,1.0,0.9914234298622898,0.9914234298622898,0.002167678153947986
Swiss roll (Low),MDS,2,2,leaf2,hier_leaf,flat,17,8,0.9297385620915033,0.9509803921568626,0.8265945996537041,0.872891486818203,0.26994916485975584
Swiss roll (Low),MDS,2,2,leaf3,hier_leaf,hier,20,9,0.9981481481481481,0.9981481481481481,0.9974776950425974,0.9974776950425974,0.0038607467891093095
Swiss roll (Low),MDS,2,2,leaf3,hier_leaf,flat,20,9,0.9203703703703704,0.9268518518518519,0.8907804578865154,0.9022731410938294,0.3008386438140844
Swiss roll (Low),MDS,2,2,leaf4,hier_leaf,hier,37,18,0.9984194721036825,0.9979453137347873,0.9935584196848656,0.9935168640728768,0.020935899262404092
Swiss roll (Low),MDS,2,2,leaf4,hier_leaf,flat,37,18,0.7510668563300141,0.776513355460724,0.7584640919517672,0.8479294467370315,0.5225416849848424
Swiss roll (Low),MDS,2,2,leaf5,hier_leaf,hier,17,8,1.0,1.0,0.9970220242577396,0.9970220242577396,0.0024227243135346898
Swiss roll (Low),MDS,2,2,leaf5,hier_leaf,flat,17,8,0.8954248366013072,0.9117647058823529,0.8811170812434326,0.879683398636087,0.2869616098217162
Swiss roll (Low),MDS,2,2,leaf6,hier_leaf,hier,52,20,0.9997763864042934,0.9997763864042934,0.9984360167637463,0.9984360167637463,0.005283667835455427
Swiss roll (Low),MDS,2,2,leaf6,hier_leaf,flat,52,20,0.9750894454382828,0.968202146690519,0.9649145601681942,0.9663087141066485,0.17381366673401855
Swiss roll (Low),MDS,2,2,leaf7,hier_leaf,hier,110,20,0.9996912521440823,0.9997026872498571,0.9977833880882174,0.9978347371633588,0.01494317858918724
Swiss roll (Low),MDS,2,2,leaf7,hier_leaf,flat,110,20,0.8393596340766153,0.8910920526014865,0.874206935788197,0.9120038861753738,0.49632335325106414
Swiss roll (Low),MDS,2,2,leaf8,hier_leaf,hier,17,8,1.0,1.0,0.9986428939117414,0.9986428939117414,0.002710112987685017
Swiss roll (Low),MDS,2,2,leaf8,hier_leaf,flat,17,8,0.8300653594771241,0.80718954248366,0.8605456502410033,0.8652359620350636,0.42852536188029106
Swiss roll (Low),MDS,2,2,leaf9,hier_leaf,hier,37,18,1.0,1.0,0.9986158375180365,0.9986158375180365,0.0029297508187351765
Swiss roll (Low),MDS,2,2,leaf9,hier_leaf,flat,37,18,0.7575470207049154,0.8337284653074127,0.7691634392614601,0.8304053828109148,0.461027567810867
Swiss roll (Low),MDS,2,2,leaf10,hier_leaf,hier,20,9,0.999074074074074,0.999074074074074,0.9984053512731315,0.9984053512731315,0.002665810798877429
Swiss roll (Low),MDS,2,2,leaf10,hier_leaf,flat,20,9,0.9296296296296296,0.9444444444444443,0.9106153389107707,0.918251253006737,0.1969576536925648
Swiss roll (Low),MDS,2,2,leaf11,hier_leaf,hier,28,13,1.0,1.0,0.9984997955026433,0.9984997955026433,0.0022581283877426426
Swiss roll (Low),MDS,2,2,leaf11,hier_leaf,flat,28,13,0.9903846153846155,0.9879807692307693,0.9784034323302313,0.9784565597994802,0.10691775819376553
Swiss roll (Low),MDS,2,2,leaf12,hier_leaf,hier,19,9,1.0,1.0,0.9988387704500915,0.9988387704500915,0.0024271244786894606
Swiss roll (Low),MDS,2,2,leaf12,hier_leaf,flat,19,9,0.9169590643274855,0.9099415204678362,0.9128736777141371,0.9161142931387304,0.3277661435637386
Swiss roll (Low),MDS,2,2,leaf13,hier_leaf,hier,31,15,0.9994623655913979,0.9994623655913979,0.9974553605948705,0.9974553605948705,0.0031712849179774045
Swiss roll (Low),MDS,2,2,leaf13,hier_leaf,flat,31,15,0.9806451612903226,0.981182795698925,0.9493564657233705,0.9519215644132638,0.22091829172310634
Swiss roll (Low),MDS,2,2,leaf14,hier_leaf,hier,26,12,0.9991452991452991,0.9991452991452991,0.9989395086900829,0.9988810257134332,0.0028261311098780884
Swiss roll (Low),MDS,2,2,leaf14,hier_leaf,flat,26,12,0.947008547008547,0.95,0.9217659528912197,0.9215142208087908,0.2284925283686605
Swiss roll (Low),MDS,2,2,leaf15,hier_leaf,hier,23,11,1.0,1.0,0.9992309401807561,0.9992309401807561,0.0018812036763532958
Swiss roll (Low),MDS,2,2,leaf15,hier_leaf,flat,23,11,0.9459815546772067,0.9486166007905136,0.8398067040389343,0.8877818363420817,0.2142867074506369
Swiss roll (Low),MDS,2,2,leaf16,hier_leaf,hier,28,13,0.9996565934065933,0.9996565934065933,0.9984382275002518,0.9984382275002518,0.0028348793882705683
Swiss roll (Low),MDS,2,2,leaf16,hier_leaf,flat,28,13,0.9347527472527473,0.9625686813186813,0.9121453773603434,0.9284611479176554,0.20843587698067162
Swiss roll (Low),MDS,2,2,leaf17,hier_leaf,hier,32,15,1.0,1.0,0.9990017264804184,0.9990017264804184,0.0035322042383763453
Swiss roll (Low),MDS,2,2,leaf17,hier_leaf,flat,32,15,0.9803240740740741,0.9863425925925926,0.9554735657190341,0.9580060366734393,0.3359756373677545
Swiss roll (Low),MDS,2,2,leaf18,hier_leaf,hier,19,9,1.0,1.0,0.9992041923364264,0.9992041923364264,0.0021239495291948186
Swiss roll (Low),MDS,2,2,leaf18,hier_leaf,flat,19,9,0.9368421052631579,0.9590643274853801,0.9199265908032785,0.9238644853235742,0.16617375030170603
Swiss roll (Low),MDS,2,2,leaf19,hier_leaf,hier,56,20,0.9997549019607843,0.9996848739495798,0.9965251582851291,0.9965442663914528,0.011457237666308672
Swiss roll (Low),MDS,2,2,leaf19,hier_leaf,flat,56,20,0.9486694677871148,0.9668767507002803,0.9505979158970306,0.9533213566519967,0.5224795090776084
Swiss roll (Low),MDS,2,2,leaf20,hier_leaf,hier,15,7,1.0,1.0,1.0,1.0,0.0028643621637635206
Swiss roll (Low),MDS,2,2,leaf20,hier_leaf,flat,15,7,0.9904761904761905,0.9833333333333333,0.9637618387618389,0.9640563640563642,0.42038603502320165
Swiss roll (Low),MDS,2,2,leaf21,hier_leaf,hier,16,7,1.0,1.0,0.9966902161006886,0.9966902161006886,0.0019051513709791217
Swiss roll (Low),MDS,2,2,leaf21,hier_leaf,flat,16,7,0.9375,0.9321428571428572,0.8870962954167656,0.8950368083590596,0.3205921593420861
Swiss roll (Low),MDS,2,2,leaf22,hier_leaf,hier,27,13,0.9991859991859992,0.9991859991859992,0.9993470601341456,0.9993568514932918,0.0020565774591581173
Swiss roll (Low),MDS,2,2,leaf22,hier_leaf,flat,27,13,0.9251119251119251,0.9385429385429385,0.8523388179095234,0.8802719956101325,0.2552842435913598
Swiss roll (Low),MDS,2,2,leaf23,hier_leaf,hier,17,8,1.0,1.0,0.9987917926988542,0.9987917926988542,0.003158382290737996
Swiss roll (Low),MDS,2,2,leaf23,hier_leaf,flat,17,8,0.9967320261437908,0.9967320261437908,0.9533797897549126,0.9549070658855863,0.12529535870911465
Swiss roll (Low),MDS,2,2,leaf24,hier_leaf,hier,32,15,0.999537037037037,0.9997685185185186,0.9979073158321699,0.9979255656994173,0.0024367585567132005
Swiss roll (Low),MDS,2,2,leaf24,hier_leaf,flat,32,15,0.9537037037037037,0.9696759259259259,0.905881246003158,0.9182066408809383,0.18396488468616606
Swiss roll (Low),MDS,2,2,leaf25,hier_leaf,hier,16,7,0.9982142857142857,0.9982142857142857,0.9984910551729598,0.9984910551729598,0.0037062762626258704
Swiss roll (Low),MDS,2,2,leaf25,hier_leaf,flat,16,7,0.7571428571428571,0.8035714285714285,0.8182339903427531,0.8340507005461886,0.3657511300758172
Swiss roll (Low),MDS,3,2,leaf0,hier_leaf,hier,16,7,1.0,1.0,0.9993568431884746,0.9993568431884746,0.0029041297758835836
Swiss roll (Low),MDS,3,2,leaf0,hier_leaf,flat,16,7,0.8482142857142857,0.8107142857142857,0.8589408691522205,0.8631955988284652,0.48010590790831215
Swiss roll (Low),MDS,3,2,leaf1,hier_leaf,hier,38,18,1.0,1.0,0.9990244575871928,0.9990244575871928,0.003505959509565004
Swiss roll (Low),MDS,3,2,leaf1,hier_leaf,flat,38,18,0.7458925090504037,0.8206627680311891,0.7727133534366374,0.8295012025139885,0.48174063340926115
Swiss roll (Low),MDS,3,2,leaf2,hier_leaf,hier,30,14,1.0,1.0,1.0,1.0,0.0016982274968107554
Swiss roll (Low),MDS,3,2,leaf2,hier_leaf,flat,30,14,0.8957983193277312,0.9296918767507003,0.823162910821548,0.8717513309150392,0.2757325140036425
Swiss roll (Low),MDS,3,2,leaf3,hier_leaf,hier,17,8,0.9983660130718954,0.9983660130718954,0.99897259836892,0.99897259836892,0.002471297701854019
Swiss roll (Low),MDS,3,2,leaf3,hier_leaf,flat,17,8,0.9411764705882353,0.9607843137254901,0.853738848544408,0.8734573022092326,0.24539635074489613
Swiss roll (Low),MDS,3,2,leaf4,hier_leaf,hier,37,18,0.9992097360518413,0.9992097360518413,0.9970597825820051,0.9970541488264185,0.010853902816542152
Swiss roll (Low),MDS,3,2,leaf4,hier_leaf,flat,37,18,0.7072862336020231,0.6704599336178283,0.7615202966768191,0.7942728134916326,0.6405297847457413
Swiss roll (Low),MDS,3,2,leaf5,hier_leaf,hier,20,9,0.9981481481481481,0.9981481481481481,0.9988145550029228,0.9988145550029228,0.0027444821710254945
Swiss roll (Low),MDS,3,2,leaf5,hier_leaf,flat,20,9,0.9333333333333332,0.9444444444444444,0.9132047264468275,0.9196111127083153,0.196664055798822
Swiss roll (Low),MDS,3,2,leaf6,hier_leaf,hier,52,20,0.9997763864042934,0.9997763864042934,0.9983598714583635,0.998364663653284,0.005298094790591772
Swiss roll (Low),MDS,3,2,leaf6,hier_leaf,flat,52,20,0.9758050089445439,0.9682468694096602,0.965115114767937,0.9663995892146462,0.17244471175345405
Swiss roll (Low),MDS,3,2,leaf7,hier_leaf,hier,26,12,1.0,1.0,0.9992902905123299,0.9992902905123299,0.0021486315691520903
Swiss roll (Low),MDS,3,2,leaf7,hier_leaf,flat,26,12,0.9918803418803418,0.9910256410256412,0.9763866859140641,0.9767266298196063,0.116704641960635
Swiss roll (Low),MDS,3,2,leaf8,hier_leaf,hier,20,9,1.0,1.0,1.0,1.0,0.002307728836084015
Swiss roll (Low),MDS,3,2,leaf8,hier_leaf,flat,20,9,0.9064814814814814,0.9175925925925925,0.9171755359418874,0.9192881580082224,0.3264070015300453
Swiss roll (Low),MDS,3,2,leaf9,hier_leaf,hier,31,15,0.999731182795699,0.999731182795699,0.9974825808906914,0.9974825808906914,0.002563554981263523
Swiss roll (Low),MDS,3,2,leaf9,hier_leaf,flat,31,15,0.9806451612903226,0.981182795698925,0.9492620606708174,0.9519057546454889,0.2253698793255289
Swiss roll (Low),MDS,3,2,leaf10,hier_leaf,hier,35,17,0.9996265172735761,0.9998132586367879,0.9974336650431458,0.9974523757920751,0.0034961124332547207
Swiss roll (Low),MDS,3,2,leaf10,hier_leaf,flat,35,17,0.9583566760037346,0.9561157796451912,0.9463677670113034,0.9441397180699596,0.40731214225992185
Swiss roll (Low),MDS,3,2,leaf11,hier_leaf,hier,20,9,1.0,1.0,0.9987091395221803,0.9987091395221803,0.0026152185800609796
Swiss roll (Low),MDS,3,2,leaf11,hier_leaf,flat,20,9,0.9416666666666667,0.9148148148148149,0.9016737103374254,0.8929433918868414,0.30372625215722876
Swiss roll (Low),MDS,3,2,leaf12,hier_leaf,hier,16,7,1.0,1.0,0.9932814849996041,0.9932814849996041,0.0026739903275621196
Swiss roll (Low),MDS,3,2,leaf12,hier_leaf,flat,16,7,0.9017857142857143,0.9339285714285714,0.8108426343703,0.8639970711628275,0.33825279167694944
Swiss roll (Low),MDS,3,2,leaf13,hier_leaf,hier,15,7,1.0,1.0,1.0,1.0,0.0029322787715223455
Swiss roll (Low),MDS,3,2,leaf13,hier_leaf,flat,15,7,0.919047619047619,0.9404761904761904,0.9133229383229383,0.9206860706860707,0.21884282055693322
Swiss roll (Low),MDS,3,2,leaf14,hier_leaf,hier,31,15,0.9994623655913979,0.9994623655913979,0.9987424848436322,0.9987424848436322,0.004253683570100007
Swiss roll (Low),MDS,3,2,leaf14,hier_leaf,flat,31,15,0.9913978494623656,0.9943548387096774,0.9595170903319393,0.9623575891839163,0.3356007664378487
Swiss roll (Low),MDS,3,2,leaf15,hier_leaf,hier,51,20,0.9998565279770446,0.9999043519846964,0.9952377473027023,0.9952832489436253,0.012536651477514009
Swiss roll (Low),MDS,3,2,leaf15,hier_leaf,flat,51,20,0.9960306073648971,0.9960306073648971,0.981507961773174,0.9818625626882538,0.06414605022547115
Swiss roll (Low),MDS,3,2,leaf16,hier_leaf,hier,16,7,1.0,1.0,0.9976252671574448,0.9976252671574448,0.0018861449002829766
Swiss roll (Low),MDS,3,2,leaf16,hier_leaf,flat,16,7,0.9357142857142857,0.9303571428571429,0.8847116678540331,0.8933398638486504,0.32648085793409687
Swiss roll (Low),MDS,3,2,leaf17,hier_leaf,hier,26,12,0.999145299145299,0.999145299145299,0.9982027624294776,0.9981442794528278,0.0029206551649807165
Swiss roll (Low),MDS,3,2,leaf17,hier_leaf,flat,26,12,0.947008547008547,0.9508547008547008,0.922037202506729,0.9227829764966665,0.22742514371526096
Swiss roll (Low),MDS,3,2,leaf18,hier_leaf,hier,19,9,0.9988304093567252,0.9988304093567252,0.9987304972985849,0.9987304972985849,0.0034588778306931275
Swiss roll (Low),MDS,3,2,leaf18,hier_leaf,flat,19,9,0.913450292397661,0.9087719298245616,0.8831970896176875,0.8952917420067346,0.30349868151519355
Swiss roll (Low),MDS,3,2,leaf19,hier_leaf,hier,45,20,0.9999233716475096,0.9999233716475096,0.9981271984720295,0.9981357288968811,0.00590177395960356
Swiss roll (Low),MDS,3,2,leaf19,hier_leaf,flat,45,20,0.9325670498084291,0.951800766283525,0.9154003545519441,0.9274732401634243,0.22759290847711913
Swiss roll (Low),MDS,3,2,leaf20,hier_leaf,hier,15,7,1.0,1.0,0.9989085239085239,0.9989085239085239,0.006614125499119742
Swiss roll (Low),MDS,3,2,leaf20,hier_leaf,flat,15,7,0.9523809523809523,0.9523809523809523,0.9553938553938555,0.95504158004158,0.2850452385242753
Swiss roll (Low),MDS,3,2,leaf21,hier_leaf,hier,17,8,1.0,1.0,0.9994469473621517,0.9994469473621517,0.0032732112264794687
Swiss roll (Low),MDS,3,2,leaf21,hier_leaf,flat,17,8,0.7483660130718954,0.7990196078431373,0.6251196508110729,0.7543446538954048,0.4762044183476399
Swiss roll (Low),MDS,3,2,leaf22,hier_leaf,hier,26,12,0.9995726495726495,0.9995726495726495,0.9987909572878861,0.9987909572878861,0.002575881875182872
Swiss roll (Low),MDS,3,2,leaf22,hier_leaf,flat,26,12,0.9551282051282051,0.9615384615384616,0.9147480885233611,0.9269407912310439,0.18750809473464272
Swiss roll (Low),MDS,3,2,leaf23,hier_leaf,hier,22,10,1.0,1.0,0.9994402102676861,0.9994402102676861,0.0016849521520739485
Swiss roll (Low),MDS,3,2,leaf23,hier_leaf,flat,22,10,0.9412587412587413,0.9503496503496506,0.8345893694787404,0.8867233107868816,0.2303279865385636
Swiss roll (Low),MDS,3,2,leaf24,hier_leaf,hier,16,7,1.0,1.0,0.998026003324626,0.998026003324626,0.0028813799267200673
Swiss roll (Low),MDS,3,2,leaf24,hier_leaf,flat,16,7,0.9982142857142857,0.9964285714285714,0.9493044011715349,0.9506352410353835,0.13841467450068323
Swiss roll (Low),MDS,3,2,leaf25,hier_leaf,hier,28,13,0.9996565934065934,0.9996565934065934,0.9927518253565815,0.9927425512459637,0.013058412631391906
Swiss roll (Low),MDS,3,2,leaf25,hier_leaf,flat,28,13,0.9903846153846155,0.989010989010989,0.9705893049741159,0.970661794786946,0.06915795039895652
Swiss roll (Low),MDS,3,2,leaf26,hier_leaf,hier,19,9,0.9988304093567252,0.9988304093567252,0.9987954611894889,0.9987954611894889,0.002873284649894254
Swiss roll (Low),MDS,3,2,leaf26,hier_leaf,flat,19,9,0.9906432748538012,0.9894736842105264,0.9793295726458711,0.9794946892019187,0.05825109512582213
Swiss roll (Low),MDS,3,2,leaf27,hier_leaf,hier,33,16,0.999777183600713,0.999777183600713,0.9979879263067882,0.9979879263067882,0.006976599879131791
Swiss roll (Low),MDS,3,2,leaf27,hier_leaf,flat,33,16,0.9761586452762925,0.9783868092691623,0.9655252239622562,0.9654738861997527,0.11143112397740504
Swiss roll (Low),MDS,3,2,leaf28,hier_leaf,hier,27,13,0.9991859991859992,0.9991859991859992,0.9980289925567868,0.9980387839159329,0.001962310203627179
Swiss roll (Low),MDS,3,2,leaf28,hier_leaf,flat,27,13,0.9251119251119251,0.9385429385429385,0.8524794932975881,0.8804545703857117,0.25298759565870893
Swiss roll (Low),MDS,3,2,leaf29,hier_leaf,hier,29,14,1.0,1.0,0.9988206859705041,0.9988206859705041,0.0031036933075931808
Swiss roll (Low),MDS,3,2,leaf29,hier_leaf,flat,29,14,0.8863711001642037,0.9201970443349755,0.8810473123666895,0.8945606259280209,0.2709210576815097
Swiss roll (Low),MDS,3,2,leaf30,hier_leaf,hier,20,9,0.9981481481481481,0.9981481481481481,0.996656412615358,0.996656412615358,0.0033615372068956303
Swiss roll (Low),MDS,3,2,leaf30,hier_leaf,flat,20,9,0.8194444444444444,0.8666666666666666,0.8392854747050762,0.8652373285800534,0.4007230932419074
Swiss roll (Low),MDS,4,2,leaf0,hier_leaf,hier,108,20,0.9996833930704899,0.9997013142174432,0.9976810956309593,0.9977303086391267,0.01510538864904555
Swiss roll (Low),MDS,4,2,leaf0,hier_leaf,flat,108,20,0.8412126642771803,0.8915591397849462,0.876240198370011,0.9116334750088885,0.504039620055833
Swiss roll (Low),MDS,4,2,leaf1,hier_leaf,hier,16,7,1.0,1.0,0.9993568431884746,0.9993568431884746,0.0028954018045563106
Swiss roll (Low),MDS,4,2,leaf1,hier_leaf,flat,16,7,0.8285714285714286,0.8071428571428572,0.8515247763793239,0.8590596057943481,0.48821237023715275
Swiss roll (Low),MDS,4,2,leaf2,hier_leaf,hier,38,18,0.9998607630186577,0.9998607630186577,0.9987948352314586,0.998796892852473,0.0035916850935324004
Swiss roll (Low),MDS,4,2,leaf2,hier_leaf,flat,38,18,0.7426900584795321,0.8209412419938736,0.7654302802014455,0.8267143495721332,0.4786004857499124
Swiss roll (Low),MDS,4,2,leaf3,hier_leaf,hier,15,7,1.0,1.0,1.0,1.0,0.0026855510816113644
Swiss roll (Low),MDS,4,2,leaf3,hier_leaf,flat,15,7,0.9809523809523808,0.9809523809523808,0.9680064680064682,0.9682952182952184,0.08206799392956982
Swiss roll (Low),MDS,4,2,leaf4,hier_leaf,hier,35,17,0.9998132586367879,0.9998132586367879,0.9992130998167276,0.9992130998167276,0.004393972692230735
Swiss roll (Low),MDS,4,2,leaf4,hier_leaf,flat,35,17,0.9755368814192343,0.9781512605042016,0.9565300184056683,0.9590682176891003,0.15504342640351199
Swiss roll (Low),MDS,4,2,leaf5,hier_leaf,hier,75,20,0.9999250936329588,0.9999250936329588,0.9986511852175513,0.9986768513265875,0.005648856406816721
Swiss roll (Low),MDS,4,2,leaf5,hier_leaf,flat,75,20,0.985992509363296,0.9865318352059925,0.9711686981779399,0.9723827619674732,0.312905815761714
Swiss roll (Low),MDS,4,2,leaf6,hier_leaf,hier,37,18,0.9996838944207365,0.9996838944207365,0.9974839588537616,0.9974839588537616,0.0032529636732415794
Swiss roll (Low),MDS,4,2,leaf6,hier_leaf,flat,37,18,0.9600126442231706,0.9677572309151256,0.9482275439106455,0.9486272809707177,0.363092164659507
Swiss roll (Low),MDS,4,2,leaf7,hier_leaf,hier,20,9,1.0,1.0,0.9987091395221803,0.9987091395221803,0.0027120668565075033
Swiss roll (Low),MDS,4,2,leaf7,hier_leaf,flat,20,9,0.9148148148148149,0.9083333333333334,0.9051404421700256,0.8986257654601385,0.29961609369240244
Swiss roll (Low),MDS,4,2,leaf8,hier_leaf,hier,20,9,1.0,1.0,0.9993028203432711,0.9993028203432711,0.0026614478303837114
Swiss roll (Low),MDS,4,2,leaf8,hier_leaf,flat,20,9,0.9212962962962964,0.9425925925925924,0.9045874900574036,0.9166580417636968,0.20070530665069267
Swiss roll (Low),MDS,4,2,leaf9,hier_leaf,hier,63,20,0.9997313797313797,0.9998046398046398,0.9964917981814142,0.9965217675874734,0.011420647942836036
Swiss roll (Low),MDS,4,2,leaf9,hier_leaf,flat,63,20,0.9968253968253967,0.997020757020757,0.985626436291663,0.9860459014922368,0.062432793042028055
Swiss roll (Low),MDS,4,2,leaf10,hier_leaf,hier,41,20,0.9986062717770035,0.9988385598141695,0.9949185852323582,0.9949092348469114,0.015997480662021155
Swiss roll (Low),MDS,4,2,leaf10,hier_leaf,flat,41,20,0.8368176538908245,0.8536585365853658,0.85423697087708,0.886978591011913,0.4348345022521911
Swiss roll (Low),MDS,4,2,leaf11,hier_leaf,hier,20,9,1.0,1.0,1.0,1.0,0.002199562039288635
Swiss roll (Low),MDS,4,2,leaf11,hier_leaf,flat,20,9,0.9712962962962962,0.9685185185185186,0.9597542860976146,0.9563258871671028,0.10653457976969004
Swiss roll (Low),MDS,4,2,leaf12,hier_leaf,hier,20,9,0.999074074074074,0.999074074074074,0.9987187227477025,0.9987187227477025,0.0042189396971148594
Swiss roll (Low),MDS,4,2,leaf12,hier_leaf,flat,20,9,0.9814814814814815,0.9814814814814815,0.9633997450862012,0.9635933262417465,0.09002130834563984
Swiss roll (Low),MDS,4,2,leaf13,hier_leaf,hier,32,15,0.9997685185185186,0.9997685185185186,0.9978373803687443,0.9978373803687443,0.006501118737553784
Swiss roll (Low),MDS,4,2,leaf13,hier_leaf,flat,32,15,0.9960648148148148,0.9958333333333333,0.9838062190154755,0.9836616413659435,0.06821061429762508
Swiss roll (Low),MDS,4,2,leaf14,hier_leaf,hier,26,12,0.9987179487179488,0.9987179487179488,0.9992864380622807,0.9992279550856309,0.002825696544767268
Swiss roll (Low),MDS,4,2,leaf14,hier_leaf,flat,26,12,0.9512820512820512,0.9525641025641024,0.9221794878757129,0.923130671717368,0.23355797894201358
Swiss roll (Low),MDS,4,2,leaf15,hier_leaf,hier,19,9,1.0,1.0,0.9972227936638551,0.9972227936638551,0.0029122243779458926
Swiss roll (Low),MDS,4,2,leaf15,hier_leaf,flat,19,9,0.8631578947368422,0.8701754385964912,0.8639049794822378,0.8573826048354791,0.3579320822988613
Swiss roll (Low),MDS,4,2,leaf16,hier_leaf,hier,27,13,0.9991859991859992,0.9991859991859992,0.9965302445693708,0.9966085754425396,0.01013157936461928
Swiss roll (Low),MDS,4,2,leaf16,hier_leaf,flat,27,13,0.8583638583638583,0.8445258445258446,0.8573557857838947,0.8752189418658479,0.382475419325752
Swiss roll (Low),MDS,4,2,leaf17,hier_leaf,hier,23,11,1.0,1.0,1.0,1.0,0.0016303246357406117
Swiss roll (Low),MDS,4,2,leaf17,hier_leaf,flat,23,11,0.9433465085639,0.9472990777338601,0.8466294298777781,0.8863555488769054,0.21732251299667596
Swiss roll (Low),MDS,4,2,leaf18,hier_leaf,hier,28,13,0.9996565934065933,0.9996565934065933,0.9993610232066832,0.9993610232066832,0.0028127089246848184
Swiss roll (Low),MDS,4,2,leaf18,hier_leaf,flat,28,13,0.9313186813186815,0.9605082417582419,0.9129713344109958,0.9267304345553413,0.21115968600220045
Swiss roll (Low),MDS,4,2,leaf19,hier_leaf,hier,27,13,1.0,1.0,0.998919178065514,0.998919178065514,0.002203381536278865
Swiss roll (Low),MDS,4,2,leaf19,hier_leaf,flat,27,13,0.9902319902319903,0.989010989010989,0.9769917390077908,0.9770158049491352,0.09453696248298221
Swiss roll (Low),MDS,4,2,leaf20,hier_leaf,hier,16,7,1.0,1.0,0.9907880155149211,0.9907880155149211,0.0029288027982329475
Swiss roll (Low),MDS,4,2,leaf20,hier_leaf,flat,16,7,0.8982142857142856,0.9357142857142857,0.8178678856961925,0.8718633737037917,0.33277686121053085
Swiss roll (Low),MDS,4,2,leaf21,hier_leaf,hier,21,10,1.0,1.0,0.9984402255124336,0.9984402255124336,0.004014860843360932
Swiss roll (Low),MDS,4,2,leaf21,hier_leaf,flat,21,10,0.9047619047619048,0.9238095238095239,0.888960895926301,0.8995633652006997,0.29241883701267446
Swiss roll (Low),MDS,4,2,leaf22,hier_leaf,hier,32,15,0.9993055555555554,0.9993055555555554,0.9978229678712282,0.9978229678712282,0.003205891912112396
Swiss roll (Low),MDS,4,2,leaf22,hier_leaf,flat,32,15,0.9627314814814816,0.9680555555555556,0.9530547094871578,0.9543908209801879,0.17587163737067948
Swiss roll (Low),MDS,4,2,leaf23,hier_leaf,hier,37,18,1.0,1.0,0.9988825447388847,0.9988778920031983,0.002822334358713867
Swiss roll (Low),MDS,4,2,leaf23,hier_leaf,flat,37,18,0.9604868025920655,0.9663347558084399,0.9402368145328449,0.9433850777998696,0.2014762874217926
Swiss roll (Low),MDS,4,2,leaf24,hier_leaf,hier,22,10,1.0,1.0,0.9994859073886911,0.9994859073886911,0.0021510156710496616
Swiss roll (Low),MDS,4,2,leaf24,hier_leaf,flat,22,10,0.9174825174825176,0.918881118881119,0.912979734088453,0.9153643621862415,0.4007050159006881
Swiss roll (Low),MDS,4,2,leaf25,hier_leaf,hier,27,13,0.9987789987789988,0.9987789987789988,0.9986519306939755,0.998602973898245,0.0021215599012508884
Swiss roll (Low),MDS,4,2,leaf25,hier_leaf,flat,27,13,0.9206349206349207,0.9369149369149369,0.8511842608130629,0.8796970377411802,0.25981741857512475
Swiss roll (Low),MDS,4,2,leaf26,hier_leaf,hier,17,8,1.0,1.0,0.9989577084902088,0.9989577084902088,0.0031918335392835985
Swiss roll (Low),MDS,4,2,leaf26,hier_leaf,flat,17,8,0.9967320261437908,0.9983660130718954,0.9391280487026661,0.9421272957002285,0.10786973775840993
Swiss roll (Low),MDS,4,2,leaf27,hier_leaf,hier,22,10,0.9993006993006993,0.9993006993006993,0.999147367883911,0.999147367883911,0.0029480683483469926
Swiss roll (Low),MDS,4,2,leaf27,hier_leaf,flat,22,10,0.8391608391608393,0.8734265734265736,0.8482135852971037,0.8699555138527016,0.3646231681136892
Swiss roll (Low),MDS,4,2,leaf28,hier_leaf,hier,25,12,1.0,1.0,0.9984698962492665,0.9984698962492665,0.0025309726411882356
Swiss roll (Low),MDS,4,2,leaf28,hier_leaf,flat,25,12,0.9010256410256412,0.9302564102564103,0.8793936099934703,0.8907085114805514,0.25560908382235303
